
LoRa/LoRaNEW/out/LoRaNEW.elf:     file format elf32-littlearm
LoRa/LoRaNEW/out/LoRaNEW.elf
architecture: armv7e-m, flags 0x00000112:
EXEC_P, HAS_SYMS, D_PAGED
start address 0x1a001321

Program Header:
0x70000001 off    0x000180a8 vaddr 0x1a0080a8 paddr 0x1a0080a8 align 2**2
         filesz 0x00000008 memsz 0x00000008 flags r--
    LOAD off    0x00000000 vaddr 0x10000000 paddr 0x10000000 align 2**16
         filesz 0x000000b4 memsz 0x00000af0 flags rw-
    LOAD off    0x00010000 vaddr 0x1a000000 paddr 0x1a000000 align 2**16
         filesz 0x000080b0 memsz 0x000080b0 flags rwx
    LOAD off    0x00020000 vaddr 0x10000000 paddr 0x1a0080b0 align 2**16
         filesz 0x00000a2c memsz 0x00000a2c flags rw-
private flags = 5000400: [Version5 EABI] [hard-float ABI]

Sections:
Idx Name          Size      VMA       LMA       File off  Algn
  0 .text         000080a4  1a000000  1a000000  00010000  2**6
                  CONTENTS, ALLOC, LOAD, READONLY, CODE
  1 .data         00000a2c  10000000  1a0080b0  00020000  2**3
                  CONTENTS, ALLOC, LOAD, DATA
  2 .data_RAM2    00000000  10080000  10080000  00020a2c  2**2
                  CONTENTS
  3 .data_RAM3    00000000  20000000  20000000  00020a2c  2**2
                  CONTENTS
  4 .data_RAM4    00000000  20008000  20008000  00020a2c  2**2
                  CONTENTS
  5 .data_RAM5    00000000  2000c000  2000c000  00020a2c  2**2
                  CONTENTS
  6 .bss          000000c0  10000a30  10000a30  00000a30  2**3
                  ALLOC
  7 .bss_RAM2     00000000  10080000  10080000  00020a2c  2**2
                  CONTENTS
  8 .bss_RAM3     00000000  20000000  20000000  00020a2c  2**2
                  CONTENTS
  9 .bss_RAM4     00000000  20008000  20008000  00020a2c  2**2
                  CONTENTS
 10 .bss_RAM5     00000000  2000c000  2000c000  00020a2c  2**2
                  CONTENTS
 11 .init_array   00000004  1a0080a4  1a0080a4  000180a4  2**2
                  CONTENTS, ALLOC, LOAD, DATA
 12 .ARM.exidx    00000008  1a0080a8  1a0080a8  000180a8  2**2
                  CONTENTS, ALLOC, LOAD, READONLY, DATA
 13 .uninit_RESERVED 00000000  10000000  10000000  00020a2c  2**2
                  CONTENTS
 14 .noinit_RAM2  00000000  10080000  10080000  00020a2c  2**2
                  CONTENTS
 15 .noinit_RAM3  00000000  20000000  20000000  00020a2c  2**2
                  CONTENTS
 16 .noinit_RAM4  00000000  20008000  20008000  00020a2c  2**2
                  CONTENTS
 17 .noinit_RAM5  00000000  2000c000  2000c000  00020a2c  2**2
                  CONTENTS
 18 .noinit       00000000  10000af0  10000af0  00020a2c  2**2
                  CONTENTS
 19 .debug_info   0002928d  00000000  00000000  00020a2c  2**0
                  CONTENTS, READONLY, DEBUGGING
 20 .debug_abbrev 000052d1  00000000  00000000  00049cb9  2**0
                  CONTENTS, READONLY, DEBUGGING
 21 .debug_loc    0000b304  00000000  00000000  0004ef8a  2**0
                  CONTENTS, READONLY, DEBUGGING
 22 .debug_aranges 00000d68  00000000  00000000  0005a28e  2**0
                  CONTENTS, READONLY, DEBUGGING
 23 .debug_ranges 00000ee0  00000000  00000000  0005aff6  2**0
                  CONTENTS, READONLY, DEBUGGING
 24 .debug_macro  0000e73b  00000000  00000000  0005bed6  2**0
                  CONTENTS, READONLY, DEBUGGING
 25 .debug_line   000151c9  00000000  00000000  0006a611  2**0
                  CONTENTS, READONLY, DEBUGGING
 26 .debug_str    0002d6ef  00000000  00000000  0007f7da  2**0
                  CONTENTS, READONLY, DEBUGGING
 27 .comment      00000068  00000000  00000000  000acec9  2**0
                  CONTENTS, READONLY
 28 .ARM.attributes 00000032  00000000  00000000  000acf31  2**0
                  CONTENTS, READONLY
 29 .debug_frame  00002ee4  00000000  00000000  000acf64  2**2
                  CONTENTS, READONLY, DEBUGGING
SYMBOL TABLE:
1a000000 l    d  .text	00000000 .text
10000000 l    d  .data	00000000 .data
10080000 l    d  .data_RAM2	00000000 .data_RAM2
20000000 l    d  .data_RAM3	00000000 .data_RAM3
20008000 l    d  .data_RAM4	00000000 .data_RAM4
2000c000 l    d  .data_RAM5	00000000 .data_RAM5
10000a30 l    d  .bss	00000000 .bss
10080000 l    d  .bss_RAM2	00000000 .bss_RAM2
20000000 l    d  .bss_RAM3	00000000 .bss_RAM3
20008000 l    d  .bss_RAM4	00000000 .bss_RAM4
2000c000 l    d  .bss_RAM5	00000000 .bss_RAM5
1a0080a4 l    d  .init_array	00000000 .init_array
1a0080a8 l    d  .ARM.exidx	00000000 .ARM.exidx
10000000 l    d  .uninit_RESERVED	00000000 .uninit_RESERVED
10080000 l    d  .noinit_RAM2	00000000 .noinit_RAM2
20000000 l    d  .noinit_RAM3	00000000 .noinit_RAM3
20008000 l    d  .noinit_RAM4	00000000 .noinit_RAM4
2000c000 l    d  .noinit_RAM5	00000000 .noinit_RAM5
10000af0 l    d  .noinit	00000000 .noinit
00000000 l    d  .debug_info	00000000 .debug_info
00000000 l    d  .debug_abbrev	00000000 .debug_abbrev
00000000 l    d  .debug_loc	00000000 .debug_loc
00000000 l    d  .debug_aranges	00000000 .debug_aranges
00000000 l    d  .debug_ranges	00000000 .debug_ranges
00000000 l    d  .debug_macro	00000000 .debug_macro
00000000 l    d  .debug_line	00000000 .debug_line
00000000 l    d  .debug_str	00000000 .debug_str
00000000 l    d  .comment	00000000 .comment
00000000 l    d  .ARM.attributes	00000000 .ARM.attributes
00000000 l    d  .debug_frame	00000000 .debug_frame
00000000 l    df *ABS*	00000000 armv7m_startup.c
00000000 l    df *ABS*	00000000 vendor_interrupt.c
00000000 l    df *ABS*	00000000 crp.c
00000000 l    df *ABS*	00000000 sx126x.c
00000000 l    df *ABS*	00000000 aes.c
1a000766 l     F .text	0000001e xor_block
1a000784 l     F .text	00000018 sub_bytes
1a00079c l     F .text	00000032 shift_rows
1a0007ce l     F .text	00000036 gf_mul
1a000804 l     F .text	000000a4 mix_columns
1a0008a8 l     F .text	00000018 left_shift
1a0008c0 l     F .text	0000007c key_expansion
1a007710 l     O .text	0000000b rcon
1a00771c l     O .text	00000100 sbox
00000000 l    df *ABS*	00000000 main.c
10000a30 l     O .bss	00000001 joinSuccess
10000000 l     O .data	00000020 credentials
00000000 l    df *ABS*	00000000 radio.c
10000a34 l     O .bss	00000004 RadioEvents
10000a38 l     O .bss	00000001 RadioState
10000020 l     O .data	00000004 sx126x_context
00000000 l    df *ABS*	00000000 LoRaMac.c
1a000fc4 l     F .text	00000010 OnRadioRxError
1a000fd4 l     F .text	0000002c OnRadioRxTimeout
1a001000 l     F .text	00000080 OnRadioRxDone
1a001080 l     F .text	00000010 OnRadioTxTimeout
1a001090 l     F .text	00000024 OnRadioTxDone
10000a3c l     O .bss	00000004 DevAddr
10000a40 l     O .bss	00000002 DevNonce
10000a42 l     O .bss	00000001 IsNetworkJoined
10000a44 l     O .bss	00000020 MacCredentials
10000a64 l     O .bss	00000004 MacPrimitives
10000a68 l     O .bss	00000002 UpLinkCounter
10000a6a l     O .bss	00000001 channel_index.14374
10000024 l     O .data	00000014 RadioEvents
1a007b54 l     O .text	00000020 au915_channels.14373
00000000 l    df *ABS*	00000000 system.c
10000a6c l     O .bss	00000004 heap_end.5864
00000000 l    df *ABS*	00000000 board_sysinit.c
1a007b74 l     O .text	00000004 InitClkStates
1a007b78 l     O .text	00000074 pinmuxing
00000000 l    df *ABS*	00000000 board.c
1a00147c l     F .text	00000044 Board_LED_Init
1a0014c0 l     F .text	00000040 Board_TEC_Init
1a001500 l     F .text	00000040 Board_GPIO_Init
1a001540 l     F .text	00000030 Board_ADC_Init
1a001570 l     F .text	00000038 Board_SPI_Init
1a0015a8 l     F .text	00000024 Board_I2C_Init
1a007bf0 l     O .text	00000008 GpioButtons
1a007bf8 l     O .text	0000000c GpioLeds
1a007c04 l     O .text	00000012 GpioPorts
00000000 l    df *ABS*	00000000 ssp_18xx_43xx.c
1a001628 l     F .text	0000001a SSP_Write2BFifo
1a001642 l     F .text	00000018 SSP_Write1BFifo
1a00165a l     F .text	00000042 SSP_Read2BFifo
1a00169c l     F .text	00000040 SSP_Read1BFifo
1a0016dc l     F .text	00000014 Chip_SSP_GetClockIndex
1a0016f0 l     F .text	00000018 Chip_SSP_GetPeriphClockIndex
00000000 l    df *ABS*	00000000 i2c_18xx_43xx.c
10000038 l     O .data	00000038 i2c
00000000 l    df *ABS*	00000000 sysinit_18xx_43xx.c
1a007c1c l     O .text	00000048 InitClkStates
00000000 l    df *ABS*	00000000 gpio_18xx_43xx.c
00000000 l    df *ABS*	00000000 adc_18xx_43xx.c
1a001a10 l     F .text	00000014 Chip_ADC_GetClockIndex
1a001a24 l     F .text	00000032 getClkDiv
00000000 l    df *ABS*	00000000 chip_18xx_43xx.c
00000000 l    df *ABS*	00000000 clock_18xx_43xx.c
1a001aec l     F .text	000000a0 pll_calc_divs
1a001b8c l     F .text	0000010c pll_get_frac
1a001c98 l     F .text	0000004c Chip_Clock_FindBaseClock
1a001f0c l     F .text	00000022 Chip_Clock_GetDivRate
10000a70 l     O .bss	00000008 audio_usb_pll_freq
1a007c70 l     O .text	0000006c periph_to_base
00000000 l    df *ABS*	00000000 uart_18xx_43xx.c
1a002078 l     F .text	0000002c Chip_UART_GetIndex
1a007cdc l     O .text	00000008 UART_BClock
1a007ce4 l     O .text	00000008 UART_PClock
00000000 l    df *ABS*	00000000 sysinit.c
00000000 l    df *ABS*	00000000 sapi_cyclesCounter.c
10000070 l     O .data	00000004 ClockSpeed
00000000 l    df *ABS*	00000000 sapi_gpio.c
1a002268 l     F .text	00000034 gpioObtainPinInit
00000000 l    df *ABS*	00000000 sapi_tick.c
10000a78 l     O .bss	00000004 callBackFuncParams
10000a80 l     O .bss	00000008 tickCounter
10000a88 l     O .bss	00000004 tickHookFunction
00000000 l    df *ABS*	00000000 sapi_spi.c
00000000 l    df *ABS*	00000000 sapi_uart.c
1a007dd4 l     O .text	00000048 lpcUarts
00000000 l    df *ABS*	00000000 sapi_usb_device.c
10000a8c l     O .bss	00000004 g_hUsb
00000000 l    df *ABS*	00000000 sapi_board.c
00000000 l    df *ABS*	00000000 sapi_delay.c
00000000 l    df *ABS*	00000000 _arm_addsubdf3.o
00000000 l    df *ABS*	00000000 _arm_muldivdf3.o
00000000 l    df *ABS*	00000000 _arm_cmpdf2.o
00000000 l    df *ABS*	00000000 _arm_unorddf2.o
00000000 l    df *ABS*	00000000 _arm_fixdfsi.o
00000000 l    df *ABS*	00000000 _aeabi_uldivmod.o
00000000 l    df *ABS*	00000000 libgcc2.c
00000000 l    df *ABS*	00000000 _dvmd_tls.o
00000000 l    df *ABS*	00000000 mallocr.c
00000000 l    df *ABS*	00000000 init.c
00000000 l    df *ABS*	00000000 lock.c
00000000 l    df *ABS*	00000000 mallocr.c
00000000 l    df *ABS*	00000000 lib_a-memcpy.o
00000000 l    df *ABS*	00000000 memset.c
00000000 l    df *ABS*	00000000 mlock.c
00000000 l    df *ABS*	00000000 sprintf.c
00000000 l    df *ABS*	00000000 lib_a-strlen.o
00000000 l    df *ABS*	00000000 vfprintf.c
1a007f64 l     O .text	00000010 blanks.8678
1a007f74 l     O .text	00000010 zeroes.8679
00000000 l    df *ABS*	00000000 dtoa.c
1a005a1c l     F .text	00000124 quorem
00000000 l    df *ABS*	00000000 localeconv.c
00000000 l    df *ABS*	00000000 lib_a-memchr.o
00000000 l    df *ABS*	00000000 memmove.c
00000000 l    df *ABS*	00000000 mprec.c
1a008088 l     O .text	0000000c p05.7442
00000000 l    df *ABS*	00000000 mallocr.c
00000000 l    df *ABS*	00000000 s_frexp.c
00000000 l    df *ABS*	00000000 strncpy.c
00000000 l    df *ABS*	00000000 vfprintf.c
00000000 l    df *ABS*	00000000 mallocr.c
00000000 l    df *ABS*	00000000 mbtowc_r.c
00000000 l    df *ABS*	00000000 wctomb_r.c
00000000 l    df *ABS*	00000000 ctype_.c
00000000 l    df *ABS*	00000000 locale.c
00000000 l    df *ABS*	00000000 impure.c
10000088 l     O .data	00000428 impure_data
00000000 l    df *ABS*	00000000 
1a0080a8 l       .init_array	00000000 __init_array_end
1a0080a4 l       .bss_RAM5	00000000 __preinit_array_end
1a0080a4 l       .init_array	00000000 __init_array_start
1a0080a4 l       .bss_RAM5	00000000 __preinit_array_start
1a000b28 g     F .text	00000070 sx126x_hal_write
1a0030dc g     F .text	0000002c .hidden __aeabi_dcmpun
1a001d30 g     F .text	0000001c Chip_Clock_GetDividerSource
1a0030a0 g     F .text	00000012 .hidden __aeabi_dcmple
1a0001ba  w    F .text	00000002 TIMER2_IRQHandler
1a002fdc g     F .text	0000007a .hidden __cmpdf2
1a000184  w    F .text	00000002 DebugMon_Handler
1a0001ba  w    F .text	00000002 RIT_IRQHandler
1a080000 g       *ABS*	00000000 __top_MFlashA512
1a002fdc g     F .text	0000007a .hidden __eqdf2
1a0001ba  w    F .text	00000002 ADCHS_IRQHandler
1a000114 g       .text	00000000 __section_table_start
1a0001ba  w    F .text	00000002 FLASH_EEPROM_IRQHandler
1a002b4c g     F .text	0000005a .hidden __floatdidf
1a0001ba  w    F .text	00000002 I2C0_IRQHandler
1a000690 g     F .text	0000001e sx126x_set_tx
1a000648 g     F .text	00000030 sx126x_convert_freq_in_hz_to_pll_step
1a001620 g     F .text	00000008 __stdio_init
10000acc g     O .bss	00000001 __lock___atexit_recursive_mutex
1a00017a  w    F .text	00000002 HardFault_Handler
1a000410 g     F .text	00000048 sx126x_set_dio_irq_params
1a000000 g       *ABS*	00000000 __vectors_start__
1a001aca g     F .text	0000000c Chip_ADC_SetResolution
1a003e88 g     F .text	0000000c __malloc_unlock
1a0025bc g     F .text	0000002c SysTick_Handler
1a000e70 g     F .text	00000058 Radio_SetTxConfig
1a0020f8 g     F .text	00000040 Chip_UART_SetBaud
10000ad0 g     O .bss	00000001 __lock___arc4random_mutex
1a00131c  w    F .text	00000002 initialise_monitor_handles
1a0001ba  w    F .text	00000002 SDIO_IRQHandler
1a000370 g     F .text	00000034 sx126x_set_pa_cfg
1a0001ba  w    F .text	00000002 ATIMER_IRQHandler
1a006a40 g     F .text	000000ce memmove
1a001150 g     F .text	00000118 LoRaMac_Join
1a00048e g     F .text	00000020 sx126x_set_pkt_type
1a000186  w    F .text	00000002 PendSV_Handler
1a000178  w    F .text	00000002 NMI_Handler
1a006b10 g     F .text	0000004c _Balloc
1a0080b0 g       .ARM.exidx	00000000 __exidx_end
1a000150 g       .text	00000000 __data_section_table_end
1a0001ba  w    F .text	00000002 I2C1_IRQHandler
1a0001ba  w    F .text	00000002 UART1_IRQHandler
1a002fcc g     F .text	0000008a .hidden __gtdf2
1a0001ba  w    F .text	00000002 GPIO5_IRQHandler
1a000ac8 g     F .text	00000020 OnMacMcpsConfirm
1a0001ba  w    F .text	00000002 CAN1_IRQHandler
53ff656e g       *ABS*	00000000 __valid_user_code_checksum
1a0080b0 g       .ARM.exidx	00000000 _etext
1a003068 g     F .text	00000010 .hidden __aeabi_cdcmple
1a0001ba  w    F .text	00000002 USB1_IRQHandler
1a0001ba  w    F .text	00000002 I2S0_IRQHandler
1a0001ba  w    F .text	00000002 TIMER3_IRQHandler
1a001fae g     F .text	0000000c Chip_Clock_GetBaseClocktHz
1a0001ba  w    F .text	00000002 UART0_IRQHandler
1a0001a8 g     F .text	00000012 bss_init
1a003ca8 g     F .text	00000134 memcpy
1a003058 g     F .text	00000020 .hidden __aeabi_cdrcmple
1a0001ba  w    F .text	00000002 SGPIO_IRQHandler
1a000ec8 g     F .text	00000058 Radio_SetRxConfig
1a0003a4 g     F .text	00000024 sx126x_write_register
1a003fe0 g     F .text	00001a3c _svfprintf_r
1a002ad4 g     F .text	00000022 .hidden __floatsidf
1a002fd4 g     F .text	00000082 .hidden __ltdf2
1a003158 g     F .text	00000000 .hidden __aeabi_uldivmod
10000af0 g       .noinit	00000000 _noinit
1a002752 g     F .text	00000016 uartWriteString
10000ac4 g     O .bss	00000004 SystemCoreClock
1a0020a4 g     F .text	00000054 Chip_UART_Init
1a0001ba  w    F .text	00000002 ADC0_IRQHandler
1a007fc0 g     O .text	000000c8 __mprec_tens
1a000180  w    F .text	00000002 UsageFault_Handler
1a00202c g     F .text	0000004c Chip_Clock_GetRate
1a0001ba  w    F .text	00000002 GPIO6_IRQHandler
10000ac0 g     O .bss	00000004 __malloc_top_pad
1a001404 g     F .text	0000006c Board_SetupClocking
20008000 g       *ABS*	00000000 __top_RamAHB32
1a002ab4 g     F .text	0000001e .hidden __aeabi_ui2d
1a006994 g     F .text	00000008 _localeconv_r
1a006c9c g     F .text	00000012 __i2b
1a000350 g     F .text	00000020 sx126x_set_reg_mode
1a003188 g     F .text	000002d0 .hidden __udivmoddi4
1a002830 g     F .text	00000000 .hidden __aeabi_drsub
1a0013ac g     F .text	00000020 _sbrk_r
1a007bec g     O .text	00000004 ExtRateIn
1a0001ba  w    F .text	00000002 IntDefaultHandler
1a0010b4 g     F .text	0000009c LoRaMac_Init
1a000300 g       .text	00000000 __CRP_WORD_END__
1a002638 g     F .text	0000002c spiRead
1a0004ae g     F .text	00000024 sx126x_set_tx_params
1a00308c g     F .text	00000012 .hidden __aeabi_dcmplt
1a0001ba  w    F .text	00000002 GPIO1_IRQHandler
1a0006ae g     F .text	0000006a sx126x_tx_modulation_workaround
1a000d38 g     F .text	00000128 Radio_Init
10000ab8 g     O .bss	00000004 __malloc_max_sbrked_mem
1a001310 g     F .text	0000000c LoRaMac_IsJoined
1a002af8 g     F .text	00000042 .hidden __extendsfdf2
1a002dfc g     F .text	000001d0 .hidden __aeabi_ddiv
1a0001ba  w    F .text	00000002 SSP0_IRQHandler
1a00283c g     F .text	00000276 .hidden __adddf3
1a001268 g     F .text	000000a8 LoRaMac_Send
1a0080a8 g       .ARM.exidx	00000000 __exidx_start
10000ad4 g     O .bss	00000001 __lock___env_recursive_mutex
1a002ba8 g     F .text	00000254 .hidden __aeabi_dmul
1a0002fc g     O .text	00000004 CRP_WORD
10000ad8 g     O .bss	00000001 __lock___sinit_recursive_mutex
1a007124 g     F .text	0000036c _realloc_r
1a0036e8 g     F .text	00000048 __libc_init_array
1a007f98 g     O .text	00000028 __mprec_bigtens
1a002ab4 g     F .text	0000001e .hidden __floatunsidf
1a0001ba  w    F .text	00000002 ADC1_IRQHandler
1a006f34 g     F .text	00000038 __mcmp
1a0015f0 g     F .text	00000030 Board_Init
1a0013aa  w    F .text	00000002 _init
1a0003f2 g     F .text	0000001e sx126x_write_buffer
1a000114 g       .text	00000000 __data_section_table
1a00171a g     F .text	000000a8 Chip_SSP_RWFrames_Blocking
1a0001ba  w    F .text	00000002 RTC_IRQHandler
10000af0 g       .bss	00000000 _ebss
1a0001ba  w    F .text	00000002 TIMER0_IRQHandler
1a001320 g     F .text	00000088 Reset_Handler
1a002540 g     F .text	0000007c tickInit
20010000 g       *ABS*	00000000 __top_RamAHB_ETB16
1a0001ba  w    F .text	00000002 SPI_IRQHandler
1a006bfc g     F .text	00000040 __hi0bits
1a0009aa g     F .text	0000011c aes_cmac
1a00187c g     F .text	00000038 Chip_I2C_SetClockRate
1a003108 g     F .text	0000004e .hidden __fixdfsi
1a0001ba  w    F .text	00000002 LCD_IRQHandler
1a001ce4 g     F .text	0000004c Chip_Clock_EnableCrystal
10000adc g     O .bss	00000001 __lock___malloc_recursive_mutex
1a000af8 g     F .text	00000030 OnMacMlmeConfirm
10008000 g       *ABS*	00000000 __top_RamLoc32
1a00283c g     F .text	00000276 .hidden __aeabi_dadd
1a00018a g     F .text	0000001e data_init
1a002fd4 g     F .text	00000082 .hidden __ledf2
1a006de0 g     F .text	000000a0 __pow5mult
1a002b3c g     F .text	0000006a .hidden __aeabi_ul2d
1a0001ba  w    F .text	00000002 TIMER1_IRQHandler
1a001858 g     F .text	00000024 Chip_I2C_Init
1a003734 g     F .text	00000002 __retarget_lock_release_recursive
1a0001ba  w    F .text	00000002 UART2_IRQHandler
1a001ea0 g     F .text	0000006c Chip_Clock_GetMainPLLHz
1a007cec g     O .text	000000e6 gpioPinsInit
1a002738 g     F .text	0000001a uartWriteByte
1a001708 g     F .text	00000012 Chip_SSP_SetClockRate
1a0030c8 g     F .text	00000012 .hidden __aeabi_dcmpgt
1a0001ba  w    F .text	00000002 GPIO2_IRQHandler
1a0069a0 g     F .text	00000000 memchr
1a0034fc g     F .text	000001ec _free_r
1a001f88 g     F .text	00000026 Chip_Clock_GetBaseClock
1a00068c g     F .text	00000004 sx126x_convert_timeout_in_ms_to_rtc_step
1a0030b4 g     F .text	00000012 .hidden __aeabi_dcmpge
10000a30 g       .bss	00000000 _bss
1a001a98 g     F .text	00000032 Chip_ADC_SetSampleRate
1a002838 g     F .text	0000027a .hidden __aeabi_dsub
100008b8 g     O .data	00000004 __malloc_sbrk_base
1a002b3c g     F .text	0000006a .hidden __floatundidf
1a006e80 g     F .text	000000b2 __lshift
1a0001ba  w    F .text	00000002 I2S1_IRQHandler
1a007570 g     F .text	000000f6 __ssprint_r
1a0017c2 g     F .text	0000003e Chip_SSP_SetBitRate
1a001a0c g     F .text	00000002 Chip_GPIO_Init
1a007c18 g     O .text	00000004 OscRateIn
1a0026bc g     F .text	0000007c uartInit
1a006cb0 g     F .text	00000130 __multiply
10000af0 g       .noinit	00000000 _end_noinit
10008000 g       *ABS*	00000000 _vStackTop
1a0074fc g     F .text	00000072 strncpy
10000a90 g     O .bss	00000028 __malloc_current_mallinfo
1a007064 g     F .text	000000be __d2b
1a0001ba  w    F .text	00000002 SSP1_IRQHandler
1a002664 g     F .text	0000002c spiWrite
1a000178 g       .text	00000000 __bss_section_table_end
1a000678 g     F .text	00000014 sx126x_set_rf_freq
1a002ad4 g     F .text	00000022 .hidden __aeabi_i2d
1a00229c g     F .text	000001ac gpioInit
1a003458  w    F .text	00000002 .hidden __aeabi_ldiv0
1a002dfc g     F .text	000001d0 .hidden __divdf3
100004b0 g     O .data	00000408 __malloc_av_
1a00060e g     F .text	0000003a sx126x_get_status
1a002ba8 g     F .text	00000254 .hidden __muldf3
1a000458 g     F .text	00000036 sx126x_set_rf_freq_in_pll_steps
1a002768 g     F .text	0000001c USB0_IRQHandler
1a0001ba  w    F .text	00000002 GPIO3_IRQHandler
1a003e7c g     F .text	0000000c __malloc_lock
1a0001ba  w    F .text	00000002 SCT_IRQHandler
1a007668 g     F .text	0000005e _calloc_r
1a000300 g     F .text	00000020 sx126x_set_standby
1a001d4c g     F .text	0000001c Chip_Clock_GetDividerDivisor
1a0002fc g       .text	00000000 __CRP_WORD_START__
1a003730 g     F .text	00000002 __retarget_lock_acquire_recursive
1a003ddc g     F .text	000000a0 memset
1a00017c  w    F .text	00000002 MemManage_Handler
1a000c08 g     F .text	00000130 main
10000abc g     O .bss	00000004 __malloc_max_total_mem
1a0001ba  w    F .text	00000002 WDT_IRQHandler
1a0025e8 g     F .text	00000050 spiInit
2000c000 g       *ABS*	00000000 __top_RamAHB16
1008a000 g       *ABS*	00000000 __top_RamLoc40
1a000182  w    F .text	00000002 SVC_Handler
1a005b40 g     F .text	00000e54 _dtoa_r
1a003738 g     F .text	00000570 _malloc_r
1a0076f4 g     F .text	0000001a __ascii_wctomb
1a002b4c g     F .text	0000005a .hidden __aeabi_l2d
1a002690 g     F .text	00000018 uartTxReady
1a00059e g     F .text	00000070 sx126x_set_lora_symb_nb_timeout
1a0001ba  w    F .text	00000002 GPIO7_IRQHandler
1a001fbc g     F .text	0000003c Chip_Clock_EnableOpts
1a00345c g     F .text	000000a0 _malloc_trim_r
1a001d68 g     F .text	000000b8 Chip_Clock_GetClockInputHz
1a001e20 g     F .text	00000080 Chip_Clock_CalcMainPLLValue
1a002214 g     F .text	00000038 SystemInit
1a0001ba  w    F .text	00000002 SPIFI_IRQHandler
1a0027f8 g     F .text	00000038 delay
1a0001ba  w    F .text	00000002 QEI_IRQHandler
1a000150 g       .text	00000000 __bss_section_table
1a002fdc g     F .text	0000007a .hidden __nedf2
1a002448 g     F .text	0000006a gpioWrite
1a0013a8  w    F .text	00000002 _fini
1a003e94 g     F .text	00000044 sprintf
1a001a58 g     F .text	00000040 Chip_ADC_Init
10000ac8 g     O .bss	00000004 g_pUsbApi
1a0013cc g     F .text	00000038 Board_SetupMuxing
1a002138 g     F .text	000000dc Chip_UART_SetBaudFDR
1a00251c g     F .text	0000000c tickRead
10000078 g     O .data	00000008 tickRateMS
1a0001ba  w    F .text	00000002 ETH_IRQHandler
10000080 g     O .data	00000004 _impure_ptr
1a000f20 g     F .text	000000a4 Radio_Send
10000000 g       .uninit_RESERVED	00000000 _end_uninit_RESERVED
1a000320 g     F .text	00000030 sx126x_set_tx_with_timeout_in_rtc_step
1b000000 g       .text	00000000 __core_m0app_START__
1a0026a8 g     F .text	00000014 uartTxWrite
1a0001ba  w    F .text	00000002 CAN0_IRQHandler
1a0076c8 g     F .text	0000002a __ascii_mbtowc
10000000 g       .data	00000000 _data
10000af0 g       .bss	00000000 _pvHeapStart
1a000178 g       .text	00000000 __section_table_end
1a000e60 g     F .text	00000010 Radio_SetChannel
1a001800 g     F .text	00000038 Chip_SSP_Init
1a0003c8 g     F .text	0000002a sx126x_read_register
1a0001ba  w    F .text	00000002 GINT0_IRQHandler
1a0001ba  w    F .text	00000002 DAC_IRQHandler
1a0015cc g     F .text	00000024 Board_Debug_Init
1a003078 g     F .text	00000012 .hidden __aeabi_dcmpeq
10000a2c g       .data	00000000 _edata
1a001838 g     F .text	00000020 Chip_I2C_EventHandler
1a0001ba  w    F .text	00000002 M0SUB_IRQHandler
10000ae0 g     O .bss	00000001 __lock___at_quick_exit_mutex
1a0018b4 g     F .text	00000158 Chip_SetupCoreClock
1a0004d2 g     F .text	000000a8 sx126x_set_lora_pkt_params
1a0001ba  w    F .text	00000002 GPIO0_IRQHandler
100008bc g     O .data	00000004 __malloc_trim_threshold
1a000000 g     O .text	00000040 g_pfnVectors
1a001ad8 g     F .text	00000014 SystemCoreClockUpdate
1a006f6c g     F .text	000000f8 __mdiff
1a003108 g     F .text	0000004e .hidden __aeabi_d2iz
1a0001ba  w    F .text	00000002 DMA_IRQHandler
1a0001ba  w    F .text	00000002 EVRT_IRQHandler
1b080000 g       *ABS*	00000000 __top_MFlashB512
1a00057a g     F .text	00000024 sx126x_set_buffer_base_address
1a007e1c g     O .text	00000101 _ctype_
1a003458  w    F .text	00000002 .hidden __aeabi_idiv0
1a0030dc g     F .text	0000002c .hidden __unorddf2
1a00017e  w    F .text	00000002 BusFault_Handler
10000ae4 g     O .bss	00000001 __lock___dd_hash_mutex
10000ae8 g     O .bss	00000001 __lock___tz_mutex
1a003f00 g     F .text	000000dc strlen
1a001ff8 g     F .text	00000034 Chip_Clock_Enable
1a003068 g     F .text	00000010 .hidden __aeabi_cdcmpeq
1a002fcc g     F .text	0000008a .hidden __gedf2
1a0001ba  w    F .text	00000002 UART3_IRQHandler
1a0001ba  w    F .text	00000002 MCPWM_IRQHandler
1a000ae8 g     F .text	00000010 OnMacMcpsIndication
1a000b98 g     F .text	00000070 sx126x_hal_read
1a0001ba  w    F .text	00000002 M0APP_IRQHandler
1a0024b2 g     F .text	00000068 gpioRead
1a002af8 g     F .text	00000042 .hidden __aeabi_f2d
1a002784 g     F .text	00000074 boardInit
1a000040 g     O .text	000000d4 g_pfnVendorVectors
1a002838 g     F .text	0000027a .hidden __subdf3
1a0001ba  w    F .text	00000002 GINT1_IRQHandler
1a006c3c g     F .text	00000060 __lo0bits
1a002528 g     F .text	00000018 tickPowerSet
1a007490 g     F .text	0000006c frexp
100008c0 g     O .data	0000016c __global_locale
1a001f30 g     F .text	00000058 Chip_Clock_SetBaseClock
1a000718 g     F .text	0000004e sx126x_set_lora_mod_params
1a00224c g     F .text	0000001c cyclesCounterInit
1a0001ba  w    F .text	00000002 GPIO4_IRQHandler
10000aec g     O .bss	00000001 __lock___sfp_recursive_mutex
1a001470 g     F .text	0000000c Board_SystemInit
1a006b70 g     F .text	0000008a __multadd
1a006b5c g     F .text	00000012 _Bfree
1a00093c g     F .text	0000006e aes_encrypt



Disassembly of section .text:

1a000000 <g_pfnVectors>:
1a000000:	00 80 00 10 21 13 00 1a 79 01 00 1a 7b 01 00 1a     ....!...y...{...
1a000010:	7d 01 00 1a 7f 01 00 1a 81 01 00 1a 6e 65 ff 53     }...........ne.S
	...
1a00002c:	83 01 00 1a 85 01 00 1a 00 00 00 00 87 01 00 1a     ................
1a00003c:	bd 25 00 1a                                         .%..

1a000040 <g_pfnVendorVectors>:
1a000040:	bb 01 00 1a bb 01 00 1a bb 01 00 1a 00 00 00 00     ................
1a000050:	bb 01 00 1a bb 01 00 1a bb 01 00 1a bb 01 00 1a     ................
1a000060:	69 27 00 1a bb 01 00 1a bb 01 00 1a bb 01 00 1a     i'..............
1a000070:	bb 01 00 1a bb 01 00 1a bb 01 00 1a bb 01 00 1a     ................
1a000080:	bb 01 00 1a bb 01 00 1a bb 01 00 1a bb 01 00 1a     ................
1a000090:	bb 01 00 1a bb 01 00 1a bb 01 00 1a bb 01 00 1a     ................
1a0000a0:	bb 01 00 1a bb 01 00 1a bb 01 00 1a bb 01 00 1a     ................
1a0000b0:	bb 01 00 1a bb 01 00 1a bb 01 00 1a bb 01 00 1a     ................
1a0000c0:	bb 01 00 1a bb 01 00 1a bb 01 00 1a bb 01 00 1a     ................
1a0000d0:	bb 01 00 1a bb 01 00 1a bb 01 00 1a bb 01 00 1a     ................
1a0000e0:	bb 01 00 1a bb 01 00 1a bb 01 00 1a bb 01 00 1a     ................
1a0000f0:	00 00 00 00 bb 01 00 1a bb 01 00 1a bb 01 00 1a     ................
1a000100:	00 00 00 00 bb 01 00 1a bb 01 00 1a bb 01 00 1a     ................
1a000110:	bb 01 00 1a                                         ....

1a000114 <__data_section_table>:
1a000114:	1a0080b0 	.word	0x1a0080b0
1a000118:	10000000 	.word	0x10000000
1a00011c:	00000a2c 	.word	0x00000a2c
1a000120:	1a0080b0 	.word	0x1a0080b0
1a000124:	10080000 	.word	0x10080000
1a000128:	00000000 	.word	0x00000000
1a00012c:	1a0080b0 	.word	0x1a0080b0
1a000130:	20000000 	.word	0x20000000
1a000134:	00000000 	.word	0x00000000
1a000138:	1a0080b0 	.word	0x1a0080b0
1a00013c:	20008000 	.word	0x20008000
1a000140:	00000000 	.word	0x00000000
1a000144:	1a0080b0 	.word	0x1a0080b0
1a000148:	2000c000 	.word	0x2000c000
1a00014c:	00000000 	.word	0x00000000

1a000150 <__bss_section_table>:
1a000150:	10000a30 	.word	0x10000a30
1a000154:	000000c0 	.word	0x000000c0
1a000158:	10080000 	.word	0x10080000
1a00015c:	00000000 	.word	0x00000000
1a000160:	20000000 	.word	0x20000000
1a000164:	00000000 	.word	0x00000000
1a000168:	20008000 	.word	0x20008000
1a00016c:	00000000 	.word	0x00000000
1a000170:	2000c000 	.word	0x2000c000
1a000174:	00000000 	.word	0x00000000

1a000178 <NMI_Handler>:
}

__attribute__ ((section(".after_vectors")))
void NMI_Handler(void) {
    while (1) {
    }
1a000178:	e7fe      	b.n	1a000178 <NMI_Handler>

1a00017a <HardFault_Handler>:
}
__attribute__ ((section(".after_vectors")))
void HardFault_Handler(void) {
    while (1) {
    }
1a00017a:	e7fe      	b.n	1a00017a <HardFault_Handler>

1a00017c <MemManage_Handler>:
}
__attribute__ ((section(".after_vectors")))
void MemManage_Handler(void) {
    while (1) {
    }
1a00017c:	e7fe      	b.n	1a00017c <MemManage_Handler>

1a00017e <BusFault_Handler>:
}
__attribute__ ((section(".after_vectors")))
void BusFault_Handler(void) {
    while (1) {
    }
1a00017e:	e7fe      	b.n	1a00017e <BusFault_Handler>

1a000180 <UsageFault_Handler>:
}
__attribute__ ((section(".after_vectors")))
void UsageFault_Handler(void) {
    while (1) {
    }
1a000180:	e7fe      	b.n	1a000180 <UsageFault_Handler>

1a000182 <SVC_Handler>:
}
__attribute__ ((section(".after_vectors")))
void SVC_Handler(void) {
    while (1) {
    }
1a000182:	e7fe      	b.n	1a000182 <SVC_Handler>

1a000184 <DebugMon_Handler>:
}
__attribute__ ((section(".after_vectors")))
void DebugMon_Handler(void) {
    while (1) {
    }
1a000184:	e7fe      	b.n	1a000184 <DebugMon_Handler>

1a000186 <PendSV_Handler>:
}
__attribute__ ((section(".after_vectors")))
void PendSV_Handler(void) {
    while (1) {
    }
1a000186:	e7fe      	b.n	1a000186 <PendSV_Handler>
}
__attribute__ ((section(".after_vectors")))
void SysTick_Handler(void) {
    while (1) {
    }
1a000188:	e7fe      	b.n	1a000188 <PendSV_Handler+0x2>

1a00018a <data_init>:
    for (loop = 0; loop < len; loop = loop + 4)
1a00018a:	2300      	movs	r3, #0
1a00018c:	4293      	cmp	r3, r2
1a00018e:	d20a      	bcs.n	1a0001a6 <data_init+0x1c>
void data_init(unsigned int romstart, unsigned int start, unsigned int len) {
1a000190:	b410      	push	{r4}
        *pulDest++ = *pulSrc++;
1a000192:	f850 4b04 	ldr.w	r4, [r0], #4
1a000196:	f841 4b04 	str.w	r4, [r1], #4
    for (loop = 0; loop < len; loop = loop + 4)
1a00019a:	3304      	adds	r3, #4
1a00019c:	4293      	cmp	r3, r2
1a00019e:	d3f8      	bcc.n	1a000192 <data_init+0x8>
}
1a0001a0:	f85d 4b04 	ldr.w	r4, [sp], #4
1a0001a4:	4770      	bx	lr
1a0001a6:	4770      	bx	lr

1a0001a8 <bss_init>:
    for (loop = 0; loop < len; loop = loop + 4)
1a0001a8:	2300      	movs	r3, #0
1a0001aa:	428b      	cmp	r3, r1
1a0001ac:	d204      	bcs.n	1a0001b8 <bss_init+0x10>
        *pulDest++ = 0;
1a0001ae:	2200      	movs	r2, #0
1a0001b0:	f840 2b04 	str.w	r2, [r0], #4
    for (loop = 0; loop < len; loop = loop + 4)
1a0001b4:	3304      	adds	r3, #4
1a0001b6:	e7f8      	b.n	1a0001aa <bss_init+0x2>
}
1a0001b8:	4770      	bx	lr

1a0001ba <ADC0_IRQHandler>:
#endif

__attribute__ ((section(".after_vectors")))
void IntDefaultHandler(void) {
    while (1) {
    }
1a0001ba:	e7fe      	b.n	1a0001ba <ADC0_IRQHandler>
1a0001bc:	ffff ffff 			; <UNDEFINED> instruction: 0xffffffff
1a0001c0:	ffff ffff 			; <UNDEFINED> instruction: 0xffffffff
1a0001c4:	ffff ffff 			; <UNDEFINED> instruction: 0xffffffff
1a0001c8:	ffff ffff 			; <UNDEFINED> instruction: 0xffffffff
1a0001cc:	ffff ffff 			; <UNDEFINED> instruction: 0xffffffff
1a0001d0:	ffff ffff 			; <UNDEFINED> instruction: 0xffffffff
1a0001d4:	ffff ffff 			; <UNDEFINED> instruction: 0xffffffff
1a0001d8:	ffff ffff 			; <UNDEFINED> instruction: 0xffffffff
1a0001dc:	ffff ffff 			; <UNDEFINED> instruction: 0xffffffff
1a0001e0:	ffff ffff 			; <UNDEFINED> instruction: 0xffffffff
1a0001e4:	ffff ffff 			; <UNDEFINED> instruction: 0xffffffff
1a0001e8:	ffff ffff 			; <UNDEFINED> instruction: 0xffffffff
1a0001ec:	ffff ffff 			; <UNDEFINED> instruction: 0xffffffff
1a0001f0:	ffff ffff 			; <UNDEFINED> instruction: 0xffffffff
1a0001f4:	ffff ffff 			; <UNDEFINED> instruction: 0xffffffff
1a0001f8:	ffff ffff 			; <UNDEFINED> instruction: 0xffffffff
1a0001fc:	ffff ffff 			; <UNDEFINED> instruction: 0xffffffff
1a000200:	ffff ffff 			; <UNDEFINED> instruction: 0xffffffff
1a000204:	ffff ffff 			; <UNDEFINED> instruction: 0xffffffff
1a000208:	ffff ffff 			; <UNDEFINED> instruction: 0xffffffff
1a00020c:	ffff ffff 			; <UNDEFINED> instruction: 0xffffffff
1a000210:	ffff ffff 			; <UNDEFINED> instruction: 0xffffffff
1a000214:	ffff ffff 			; <UNDEFINED> instruction: 0xffffffff
1a000218:	ffff ffff 			; <UNDEFINED> instruction: 0xffffffff
1a00021c:	ffff ffff 			; <UNDEFINED> instruction: 0xffffffff
1a000220:	ffff ffff 			; <UNDEFINED> instruction: 0xffffffff
1a000224:	ffff ffff 			; <UNDEFINED> instruction: 0xffffffff
1a000228:	ffff ffff 			; <UNDEFINED> instruction: 0xffffffff
1a00022c:	ffff ffff 			; <UNDEFINED> instruction: 0xffffffff
1a000230:	ffff ffff 			; <UNDEFINED> instruction: 0xffffffff
1a000234:	ffff ffff 			; <UNDEFINED> instruction: 0xffffffff
1a000238:	ffff ffff 			; <UNDEFINED> instruction: 0xffffffff
1a00023c:	ffff ffff 			; <UNDEFINED> instruction: 0xffffffff
1a000240:	ffff ffff 			; <UNDEFINED> instruction: 0xffffffff
1a000244:	ffff ffff 			; <UNDEFINED> instruction: 0xffffffff
1a000248:	ffff ffff 			; <UNDEFINED> instruction: 0xffffffff
1a00024c:	ffff ffff 			; <UNDEFINED> instruction: 0xffffffff
1a000250:	ffff ffff 			; <UNDEFINED> instruction: 0xffffffff
1a000254:	ffff ffff 			; <UNDEFINED> instruction: 0xffffffff
1a000258:	ffff ffff 			; <UNDEFINED> instruction: 0xffffffff
1a00025c:	ffff ffff 			; <UNDEFINED> instruction: 0xffffffff
1a000260:	ffff ffff 			; <UNDEFINED> instruction: 0xffffffff
1a000264:	ffff ffff 			; <UNDEFINED> instruction: 0xffffffff
1a000268:	ffff ffff 			; <UNDEFINED> instruction: 0xffffffff
1a00026c:	ffff ffff 			; <UNDEFINED> instruction: 0xffffffff
1a000270:	ffff ffff 			; <UNDEFINED> instruction: 0xffffffff
1a000274:	ffff ffff 			; <UNDEFINED> instruction: 0xffffffff
1a000278:	ffff ffff 			; <UNDEFINED> instruction: 0xffffffff
1a00027c:	ffff ffff 			; <UNDEFINED> instruction: 0xffffffff
1a000280:	ffff ffff 			; <UNDEFINED> instruction: 0xffffffff
1a000284:	ffff ffff 			; <UNDEFINED> instruction: 0xffffffff
1a000288:	ffff ffff 			; <UNDEFINED> instruction: 0xffffffff
1a00028c:	ffff ffff 			; <UNDEFINED> instruction: 0xffffffff
1a000290:	ffff ffff 			; <UNDEFINED> instruction: 0xffffffff
1a000294:	ffff ffff 			; <UNDEFINED> instruction: 0xffffffff
1a000298:	ffff ffff 			; <UNDEFINED> instruction: 0xffffffff
1a00029c:	ffff ffff 			; <UNDEFINED> instruction: 0xffffffff
1a0002a0:	ffff ffff 			; <UNDEFINED> instruction: 0xffffffff
1a0002a4:	ffff ffff 			; <UNDEFINED> instruction: 0xffffffff
1a0002a8:	ffff ffff 			; <UNDEFINED> instruction: 0xffffffff
1a0002ac:	ffff ffff 			; <UNDEFINED> instruction: 0xffffffff
1a0002b0:	ffff ffff 			; <UNDEFINED> instruction: 0xffffffff
1a0002b4:	ffff ffff 			; <UNDEFINED> instruction: 0xffffffff
1a0002b8:	ffff ffff 			; <UNDEFINED> instruction: 0xffffffff
1a0002bc:	ffff ffff 			; <UNDEFINED> instruction: 0xffffffff
1a0002c0:	ffff ffff 			; <UNDEFINED> instruction: 0xffffffff
1a0002c4:	ffff ffff 			; <UNDEFINED> instruction: 0xffffffff
1a0002c8:	ffff ffff 			; <UNDEFINED> instruction: 0xffffffff
1a0002cc:	ffff ffff 			; <UNDEFINED> instruction: 0xffffffff
1a0002d0:	ffff ffff 			; <UNDEFINED> instruction: 0xffffffff
1a0002d4:	ffff ffff 			; <UNDEFINED> instruction: 0xffffffff
1a0002d8:	ffff ffff 			; <UNDEFINED> instruction: 0xffffffff
1a0002dc:	ffff ffff 			; <UNDEFINED> instruction: 0xffffffff
1a0002e0:	ffff ffff 			; <UNDEFINED> instruction: 0xffffffff
1a0002e4:	ffff ffff 			; <UNDEFINED> instruction: 0xffffffff
1a0002e8:	ffff ffff 			; <UNDEFINED> instruction: 0xffffffff
1a0002ec:	ffff ffff 			; <UNDEFINED> instruction: 0xffffffff
1a0002f0:	ffff ffff 			; <UNDEFINED> instruction: 0xffffffff
1a0002f4:	ffff ffff 			; <UNDEFINED> instruction: 0xffffffff
1a0002f8:	ffff ffff 			; <UNDEFINED> instruction: 0xffffffff

1a0002fc <CRP_WORD>:
1a0002fc:	ffff ffff                                   ....

1a000300 <sx126x_set_standby>:

    return ( sx126x_status_t ) sx126x_hal_write( context, buf, SX126X_SIZE_SET_SLEEP, 0, 0 );
}

sx126x_status_t sx126x_set_standby( const void* context, const sx126x_standby_cfg_t cfg )
{
1a000300:	b500      	push	{lr}
1a000302:	b085      	sub	sp, #20
    const uint8_t buf[SX126X_SIZE_SET_STANDBY] = {
1a000304:	2380      	movs	r3, #128	; 0x80
1a000306:	f88d 300c 	strb.w	r3, [sp, #12]
1a00030a:	f88d 100d 	strb.w	r1, [sp, #13]
        SX126X_SET_STANDBY,
        ( uint8_t ) cfg,
    };

    return ( sx126x_status_t ) sx126x_hal_write( context, buf, SX126X_SIZE_SET_STANDBY, 0, 0 );
1a00030e:	2300      	movs	r3, #0
1a000310:	9300      	str	r3, [sp, #0]
1a000312:	2202      	movs	r2, #2
1a000314:	a903      	add	r1, sp, #12
1a000316:	f000 fc07 	bl	1a000b28 <sx126x_hal_write>
}
1a00031a:	b005      	add	sp, #20
1a00031c:	f85d fb04 	ldr.w	pc, [sp], #4

1a000320 <sx126x_set_tx_with_timeout_in_rtc_step>:

    return sx126x_set_tx_with_timeout_in_rtc_step( context, timeout_in_rtc_step );
}

sx126x_status_t sx126x_set_tx_with_timeout_in_rtc_step( const void* context, const uint32_t timeout_in_rtc_step )
{
1a000320:	b500      	push	{lr}
1a000322:	b085      	sub	sp, #20
    const uint8_t buf[SX126X_SIZE_SET_TX] = {
1a000324:	2383      	movs	r3, #131	; 0x83
1a000326:	f88d 300c 	strb.w	r3, [sp, #12]
        SX126X_SET_TX,
        ( uint8_t )( timeout_in_rtc_step >> 16 ),
1a00032a:	f3c1 4307 	ubfx	r3, r1, #16, #8
    const uint8_t buf[SX126X_SIZE_SET_TX] = {
1a00032e:	f88d 300d 	strb.w	r3, [sp, #13]
        ( uint8_t )( timeout_in_rtc_step >> 8 ),
1a000332:	f3c1 2307 	ubfx	r3, r1, #8, #8
    const uint8_t buf[SX126X_SIZE_SET_TX] = {
1a000336:	f88d 300e 	strb.w	r3, [sp, #14]
1a00033a:	f88d 100f 	strb.w	r1, [sp, #15]
        ( uint8_t )( timeout_in_rtc_step >> 0 ),
    };

    return ( sx126x_status_t ) sx126x_hal_write( context, buf, SX126X_SIZE_SET_TX, 0, 0 );
1a00033e:	2300      	movs	r3, #0
1a000340:	9300      	str	r3, [sp, #0]
1a000342:	2204      	movs	r2, #4
1a000344:	a903      	add	r1, sp, #12
1a000346:	f000 fbef 	bl	1a000b28 <sx126x_hal_write>
}
1a00034a:	b005      	add	sp, #20
1a00034c:	f85d fb04 	ldr.w	pc, [sp], #4

1a000350 <sx126x_set_reg_mode>:

    return ( sx126x_status_t ) sx126x_hal_write( context, buf, SX126X_SIZE_SET_TX_INFINITE_PREAMBLE, 0, 0 );
}

sx126x_status_t sx126x_set_reg_mode( const void* context, const sx126x_reg_mod_t mode )
{
1a000350:	b500      	push	{lr}
1a000352:	b085      	sub	sp, #20
    const uint8_t buf[SX126X_SIZE_SET_REGULATOR_MODE] = {
1a000354:	2396      	movs	r3, #150	; 0x96
1a000356:	f88d 300c 	strb.w	r3, [sp, #12]
1a00035a:	f88d 100d 	strb.w	r1, [sp, #13]
        SX126X_SET_REGULATOR_MODE,
        ( uint8_t ) mode,
    };

    return ( sx126x_status_t ) sx126x_hal_write( context, buf, SX126X_SIZE_SET_REGULATOR_MODE, 0, 0 );
1a00035e:	2300      	movs	r3, #0
1a000360:	9300      	str	r3, [sp, #0]
1a000362:	2202      	movs	r2, #2
1a000364:	a903      	add	r1, sp, #12
1a000366:	f000 fbdf 	bl	1a000b28 <sx126x_hal_write>
}
1a00036a:	b005      	add	sp, #20
1a00036c:	f85d fb04 	ldr.w	pc, [sp], #4

1a000370 <sx126x_set_pa_cfg>:

    return sx126x_cal_img( context, freq1, freq2 );
}

sx126x_status_t sx126x_set_pa_cfg( const void* context, const sx126x_pa_cfg_params_t* params )
{
1a000370:	b500      	push	{lr}
1a000372:	b085      	sub	sp, #20
    const uint8_t buf[SX126X_SIZE_SET_PA_CFG] = {
1a000374:	2395      	movs	r3, #149	; 0x95
1a000376:	f88d 3008 	strb.w	r3, [sp, #8]
        SX126X_SET_PA_CFG, params->pa_duty_cycle, params->hp_max, params->device_sel, params->pa_lut,
1a00037a:	780b      	ldrb	r3, [r1, #0]
    const uint8_t buf[SX126X_SIZE_SET_PA_CFG] = {
1a00037c:	f88d 3009 	strb.w	r3, [sp, #9]
        SX126X_SET_PA_CFG, params->pa_duty_cycle, params->hp_max, params->device_sel, params->pa_lut,
1a000380:	784b      	ldrb	r3, [r1, #1]
    const uint8_t buf[SX126X_SIZE_SET_PA_CFG] = {
1a000382:	f88d 300a 	strb.w	r3, [sp, #10]
        SX126X_SET_PA_CFG, params->pa_duty_cycle, params->hp_max, params->device_sel, params->pa_lut,
1a000386:	788b      	ldrb	r3, [r1, #2]
    const uint8_t buf[SX126X_SIZE_SET_PA_CFG] = {
1a000388:	f88d 300b 	strb.w	r3, [sp, #11]
        SX126X_SET_PA_CFG, params->pa_duty_cycle, params->hp_max, params->device_sel, params->pa_lut,
1a00038c:	78cb      	ldrb	r3, [r1, #3]
    const uint8_t buf[SX126X_SIZE_SET_PA_CFG] = {
1a00038e:	f88d 300c 	strb.w	r3, [sp, #12]
    };

    return ( sx126x_status_t ) sx126x_hal_write( context, buf, SX126X_SIZE_SET_PA_CFG, 0, 0 );
1a000392:	2300      	movs	r3, #0
1a000394:	9300      	str	r3, [sp, #0]
1a000396:	2205      	movs	r2, #5
1a000398:	a902      	add	r1, sp, #8
1a00039a:	f000 fbc5 	bl	1a000b28 <sx126x_hal_write>
}
1a00039e:	b005      	add	sp, #20
1a0003a0:	f85d fb04 	ldr.w	pc, [sp], #4

1a0003a4 <sx126x_write_register>:
// Registers and buffer Access
//

sx126x_status_t sx126x_write_register( const void* context, const uint16_t address, const uint8_t* buffer,
                                       const uint8_t size )
{
1a0003a4:	b510      	push	{r4, lr}
1a0003a6:	b084      	sub	sp, #16
    const uint8_t buf[SX126X_SIZE_WRITE_REGISTER] = {
1a0003a8:	240d      	movs	r4, #13
1a0003aa:	f88d 400c 	strb.w	r4, [sp, #12]
        SX126X_WRITE_REGISTER,
        ( uint8_t )( address >> 8 ),
1a0003ae:	0a0c      	lsrs	r4, r1, #8
    const uint8_t buf[SX126X_SIZE_WRITE_REGISTER] = {
1a0003b0:	f88d 400d 	strb.w	r4, [sp, #13]
1a0003b4:	f88d 100e 	strb.w	r1, [sp, #14]
        ( uint8_t )( address >> 0 ),
    };

    return ( sx126x_status_t ) sx126x_hal_write( context, buf, SX126X_SIZE_WRITE_REGISTER, buffer, size );
1a0003b8:	9300      	str	r3, [sp, #0]
1a0003ba:	4613      	mov	r3, r2
1a0003bc:	2203      	movs	r2, #3
1a0003be:	a903      	add	r1, sp, #12
1a0003c0:	f000 fbb2 	bl	1a000b28 <sx126x_hal_write>
}
1a0003c4:	b004      	add	sp, #16
1a0003c6:	bd10      	pop	{r4, pc}

1a0003c8 <sx126x_read_register>:

sx126x_status_t sx126x_read_register( const void* context, const uint16_t address, uint8_t* buffer, const uint8_t size )
{
1a0003c8:	b510      	push	{r4, lr}
1a0003ca:	b084      	sub	sp, #16
    const uint8_t buf[SX126X_SIZE_READ_REGISTER] = {
1a0003cc:	241d      	movs	r4, #29
1a0003ce:	f88d 400c 	strb.w	r4, [sp, #12]
        SX126X_READ_REGISTER,
        ( uint8_t )( address >> 8 ),
1a0003d2:	0a0c      	lsrs	r4, r1, #8
    const uint8_t buf[SX126X_SIZE_READ_REGISTER] = {
1a0003d4:	f88d 400d 	strb.w	r4, [sp, #13]
1a0003d8:	f88d 100e 	strb.w	r1, [sp, #14]
1a0003dc:	2100      	movs	r1, #0
1a0003de:	f88d 100f 	strb.w	r1, [sp, #15]
        ( uint8_t )( address >> 0 ),
        SX126X_NOP,
    };

    return ( sx126x_status_t ) sx126x_hal_read( context, buf, SX126X_SIZE_READ_REGISTER, buffer, size );
1a0003e2:	9300      	str	r3, [sp, #0]
1a0003e4:	4613      	mov	r3, r2
1a0003e6:	2204      	movs	r2, #4
1a0003e8:	a903      	add	r1, sp, #12
1a0003ea:	f000 fbd5 	bl	1a000b98 <sx126x_hal_read>
}
1a0003ee:	b004      	add	sp, #16
1a0003f0:	bd10      	pop	{r4, pc}

1a0003f2 <sx126x_write_buffer>:

sx126x_status_t sx126x_write_buffer( const void* context, const uint8_t offset, const uint8_t* buffer,
                                     const uint8_t size )
{
1a0003f2:	b510      	push	{r4, lr}
1a0003f4:	b084      	sub	sp, #16
    const uint8_t buf[SX126X_SIZE_WRITE_BUFFER] = {
1a0003f6:	240e      	movs	r4, #14
1a0003f8:	f88d 400c 	strb.w	r4, [sp, #12]
1a0003fc:	f88d 100d 	strb.w	r1, [sp, #13]
        SX126X_WRITE_BUFFER,
        offset,
    };

    return ( sx126x_status_t ) sx126x_hal_write( context, buf, SX126X_SIZE_WRITE_BUFFER, buffer, size );
1a000400:	9300      	str	r3, [sp, #0]
1a000402:	4613      	mov	r3, r2
1a000404:	2202      	movs	r2, #2
1a000406:	a903      	add	r1, sp, #12
1a000408:	f000 fb8e 	bl	1a000b28 <sx126x_hal_write>
}
1a00040c:	b004      	add	sp, #16
1a00040e:	bd10      	pop	{r4, pc}

1a000410 <sx126x_set_dio_irq_params>:
//
// DIO and IRQ Control Functions
//
sx126x_status_t sx126x_set_dio_irq_params( const void* context, const uint16_t irq_mask, const uint16_t dio1_mask,
                                           const uint16_t dio2_mask, const uint16_t dio3_mask )
{
1a000410:	b530      	push	{r4, r5, lr}
1a000412:	b087      	sub	sp, #28
1a000414:	f8bd 4028 	ldrh.w	r4, [sp, #40]	; 0x28
    const uint8_t buf[SX126X_SIZE_SET_DIO_IRQ_PARAMS] = {
1a000418:	2508      	movs	r5, #8
1a00041a:	f88d 500c 	strb.w	r5, [sp, #12]
        SX126X_SET_DIO_IRQ_PARAMS,     ( uint8_t )( irq_mask >> 8 ),  ( uint8_t )( irq_mask >> 0 ),
1a00041e:	fa21 f505 	lsr.w	r5, r1, r5
    const uint8_t buf[SX126X_SIZE_SET_DIO_IRQ_PARAMS] = {
1a000422:	f88d 500d 	strb.w	r5, [sp, #13]
1a000426:	f88d 100e 	strb.w	r1, [sp, #14]
        ( uint8_t )( dio1_mask >> 8 ), ( uint8_t )( dio1_mask >> 0 ), ( uint8_t )( dio2_mask >> 8 ),
1a00042a:	0a11      	lsrs	r1, r2, #8
    const uint8_t buf[SX126X_SIZE_SET_DIO_IRQ_PARAMS] = {
1a00042c:	f88d 100f 	strb.w	r1, [sp, #15]
1a000430:	f88d 2010 	strb.w	r2, [sp, #16]
        ( uint8_t )( dio1_mask >> 8 ), ( uint8_t )( dio1_mask >> 0 ), ( uint8_t )( dio2_mask >> 8 ),
1a000434:	0a1a      	lsrs	r2, r3, #8
    const uint8_t buf[SX126X_SIZE_SET_DIO_IRQ_PARAMS] = {
1a000436:	f88d 2011 	strb.w	r2, [sp, #17]
1a00043a:	f88d 3012 	strb.w	r3, [sp, #18]
        ( uint8_t )( dio2_mask >> 0 ), ( uint8_t )( dio3_mask >> 8 ), ( uint8_t )( dio3_mask >> 0 ),
1a00043e:	0a23      	lsrs	r3, r4, #8
    const uint8_t buf[SX126X_SIZE_SET_DIO_IRQ_PARAMS] = {
1a000440:	f88d 3013 	strb.w	r3, [sp, #19]
1a000444:	f88d 4014 	strb.w	r4, [sp, #20]
    };

    return ( sx126x_status_t ) sx126x_hal_write( context, buf, SX126X_SIZE_SET_DIO_IRQ_PARAMS, 0, 0 );
1a000448:	2300      	movs	r3, #0
1a00044a:	9300      	str	r3, [sp, #0]
1a00044c:	2209      	movs	r2, #9
1a00044e:	a903      	add	r1, sp, #12
1a000450:	f000 fb6a 	bl	1a000b28 <sx126x_hal_write>
}
1a000454:	b007      	add	sp, #28
1a000456:	bd30      	pop	{r4, r5, pc}

1a000458 <sx126x_set_rf_freq_in_pll_steps>:

    return sx126x_set_rf_freq_in_pll_steps( context, freq );
}

sx126x_status_t sx126x_set_rf_freq_in_pll_steps( const void* context, const uint32_t freq )
{
1a000458:	b500      	push	{lr}
1a00045a:	b085      	sub	sp, #20
    const uint8_t buf[SX126X_SIZE_SET_RF_FREQUENCY] = {
1a00045c:	2386      	movs	r3, #134	; 0x86
1a00045e:	f88d 3008 	strb.w	r3, [sp, #8]
        SX126X_SET_RF_FREQUENCY,  ( uint8_t )( freq >> 24 ), ( uint8_t )( freq >> 16 ),
1a000462:	0e0b      	lsrs	r3, r1, #24
    const uint8_t buf[SX126X_SIZE_SET_RF_FREQUENCY] = {
1a000464:	f88d 3009 	strb.w	r3, [sp, #9]
        SX126X_SET_RF_FREQUENCY,  ( uint8_t )( freq >> 24 ), ( uint8_t )( freq >> 16 ),
1a000468:	f3c1 4307 	ubfx	r3, r1, #16, #8
    const uint8_t buf[SX126X_SIZE_SET_RF_FREQUENCY] = {
1a00046c:	f88d 300a 	strb.w	r3, [sp, #10]
        ( uint8_t )( freq >> 8 ), ( uint8_t )( freq >> 0 ),
1a000470:	f3c1 2307 	ubfx	r3, r1, #8, #8
    const uint8_t buf[SX126X_SIZE_SET_RF_FREQUENCY] = {
1a000474:	f88d 300b 	strb.w	r3, [sp, #11]
1a000478:	f88d 100c 	strb.w	r1, [sp, #12]
    };

    return ( sx126x_status_t ) sx126x_hal_write( context, buf, SX126X_SIZE_SET_RF_FREQUENCY, 0, 0 );
1a00047c:	2300      	movs	r3, #0
1a00047e:	9300      	str	r3, [sp, #0]
1a000480:	2205      	movs	r2, #5
1a000482:	a902      	add	r1, sp, #8
1a000484:	f000 fb50 	bl	1a000b28 <sx126x_hal_write>
}
1a000488:	b005      	add	sp, #20
1a00048a:	f85d fb04 	ldr.w	pc, [sp], #4

1a00048e <sx126x_set_pkt_type>:

sx126x_status_t sx126x_set_pkt_type( const void* context, const sx126x_pkt_type_t pkt_type )
{
1a00048e:	b500      	push	{lr}
1a000490:	b085      	sub	sp, #20
    const uint8_t buf[SX126X_SIZE_SET_PKT_TYPE] = {
1a000492:	238a      	movs	r3, #138	; 0x8a
1a000494:	f88d 300c 	strb.w	r3, [sp, #12]
1a000498:	f88d 100d 	strb.w	r1, [sp, #13]
        SX126X_SET_PKT_TYPE,
        ( uint8_t ) pkt_type,
    };

    return ( sx126x_status_t ) sx126x_hal_write( context, buf, SX126X_SIZE_SET_PKT_TYPE, 0, 0 );
1a00049c:	2300      	movs	r3, #0
1a00049e:	9300      	str	r3, [sp, #0]
1a0004a0:	2202      	movs	r2, #2
1a0004a2:	a903      	add	r1, sp, #12
1a0004a4:	f000 fb40 	bl	1a000b28 <sx126x_hal_write>
}
1a0004a8:	b005      	add	sp, #20
1a0004aa:	f85d fb04 	ldr.w	pc, [sp], #4

1a0004ae <sx126x_set_tx_params>:
    }
    return status;
}

sx126x_status_t sx126x_set_tx_params( const void* context, const int8_t pwr_in_dbm, const sx126x_ramp_time_t ramp_time )
{
1a0004ae:	b500      	push	{lr}
1a0004b0:	b085      	sub	sp, #20
    const uint8_t buf[SX126X_SIZE_SET_TX_PARAMS] = {
1a0004b2:	238e      	movs	r3, #142	; 0x8e
1a0004b4:	f88d 300c 	strb.w	r3, [sp, #12]
1a0004b8:	f88d 100d 	strb.w	r1, [sp, #13]
1a0004bc:	f88d 200e 	strb.w	r2, [sp, #14]
        SX126X_SET_TX_PARAMS,
        ( uint8_t ) pwr_in_dbm,
        ( uint8_t ) ramp_time,
    };

    return ( sx126x_status_t ) sx126x_hal_write( context, buf, SX126X_SIZE_SET_TX_PARAMS, 0, 0 );
1a0004c0:	2300      	movs	r3, #0
1a0004c2:	9300      	str	r3, [sp, #0]
1a0004c4:	2203      	movs	r2, #3
1a0004c6:	a903      	add	r1, sp, #12
1a0004c8:	f000 fb2e 	bl	1a000b28 <sx126x_hal_write>
}
1a0004cc:	b005      	add	sp, #20
1a0004ce:	f85d fb04 	ldr.w	pc, [sp], #4

1a0004d2 <sx126x_set_lora_pkt_params>:

    return ( sx126x_status_t ) sx126x_hal_write( context, buf, SX126X_SIZE_SET_PKT_PARAMS_GFSK, 0, 0 );
}

sx126x_status_t sx126x_set_lora_pkt_params( const void* context, const sx126x_pkt_params_lora_t* params )
{
1a0004d2:	b530      	push	{r4, r5, lr}
1a0004d4:	b087      	sub	sp, #28
1a0004d6:	4605      	mov	r5, r0
1a0004d8:	460c      	mov	r4, r1
    const uint8_t buf[SX126X_SIZE_SET_PKT_PARAMS_LORA] = {
1a0004da:	238c      	movs	r3, #140	; 0x8c
1a0004dc:	f88d 3010 	strb.w	r3, [sp, #16]
        SX126X_SET_PKT_PARAMS,
        ( uint8_t )( params->preamble_len_in_symb >> 8 ),
1a0004e0:	880b      	ldrh	r3, [r1, #0]
1a0004e2:	0a1a      	lsrs	r2, r3, #8
    const uint8_t buf[SX126X_SIZE_SET_PKT_PARAMS_LORA] = {
1a0004e4:	f88d 2011 	strb.w	r2, [sp, #17]
1a0004e8:	f88d 3012 	strb.w	r3, [sp, #18]
        ( uint8_t )( params->preamble_len_in_symb >> 0 ),
        ( uint8_t )( params->header_type ),
1a0004ec:	788b      	ldrb	r3, [r1, #2]
    const uint8_t buf[SX126X_SIZE_SET_PKT_PARAMS_LORA] = {
1a0004ee:	f88d 3013 	strb.w	r3, [sp, #19]
        params->pld_len_in_bytes,
1a0004f2:	78cb      	ldrb	r3, [r1, #3]
    const uint8_t buf[SX126X_SIZE_SET_PKT_PARAMS_LORA] = {
1a0004f4:	f88d 3014 	strb.w	r3, [sp, #20]
        ( uint8_t )( params->crc_is_on ? 1 : 0 ),
1a0004f8:	790b      	ldrb	r3, [r1, #4]
1a0004fa:	b19b      	cbz	r3, 1a000524 <sx126x_set_lora_pkt_params+0x52>
1a0004fc:	2301      	movs	r3, #1
    const uint8_t buf[SX126X_SIZE_SET_PKT_PARAMS_LORA] = {
1a0004fe:	f88d 3015 	strb.w	r3, [sp, #21]
        ( uint8_t )( params->invert_iq_is_on ? 1 : 0 ),
1a000502:	7963      	ldrb	r3, [r4, #5]
1a000504:	b183      	cbz	r3, 1a000528 <sx126x_set_lora_pkt_params+0x56>
1a000506:	2301      	movs	r3, #1
    const uint8_t buf[SX126X_SIZE_SET_PKT_PARAMS_LORA] = {
1a000508:	f88d 3016 	strb.w	r3, [sp, #22]
    };

    sx126x_status_t status =
        ( sx126x_status_t ) sx126x_hal_write( context, buf, SX126X_SIZE_SET_PKT_PARAMS_LORA, 0, 0 );
1a00050c:	2300      	movs	r3, #0
1a00050e:	9300      	str	r3, [sp, #0]
1a000510:	2207      	movs	r2, #7
1a000512:	a904      	add	r1, sp, #16
1a000514:	4628      	mov	r0, r5
1a000516:	f000 fb07 	bl	1a000b28 <sx126x_hal_write>

    // WORKAROUND - Optimizing the Inverted IQ Operation, see datasheet DS_SX1261-2_V1.2 �15.4
    if( status == SX126X_STATUS_OK )
1a00051a:	4603      	mov	r3, r0
1a00051c:	b130      	cbz	r0, 1a00052c <sx126x_set_lora_pkt_params+0x5a>
        }
    }
    // WORKAROUND END

    return status;
}
1a00051e:	4618      	mov	r0, r3
1a000520:	b007      	add	sp, #28
1a000522:	bd30      	pop	{r4, r5, pc}
        ( uint8_t )( params->crc_is_on ? 1 : 0 ),
1a000524:	2300      	movs	r3, #0
1a000526:	e7ea      	b.n	1a0004fe <sx126x_set_lora_pkt_params+0x2c>
        ( uint8_t )( params->invert_iq_is_on ? 1 : 0 ),
1a000528:	2300      	movs	r3, #0
1a00052a:	e7ed      	b.n	1a000508 <sx126x_set_lora_pkt_params+0x36>
        uint8_t reg_value = 0;
1a00052c:	2300      	movs	r3, #0
1a00052e:	f88d 300f 	strb.w	r3, [sp, #15]
        status = sx126x_read_register( context, SX126X_REG_IQ_POLARITY, &reg_value, 1 );
1a000532:	2301      	movs	r3, #1
1a000534:	f10d 020f 	add.w	r2, sp, #15
1a000538:	f240 7136 	movw	r1, #1846	; 0x736
1a00053c:	4628      	mov	r0, r5
1a00053e:	f7ff ff43 	bl	1a0003c8 <sx126x_read_register>
        if( status == SX126X_STATUS_OK )
1a000542:	4603      	mov	r3, r0
1a000544:	2800      	cmp	r0, #0
1a000546:	d1ea      	bne.n	1a00051e <sx126x_set_lora_pkt_params+0x4c>
            if( params->invert_iq_is_on == true )
1a000548:	7963      	ldrb	r3, [r4, #5]
1a00054a:	b17b      	cbz	r3, 1a00056c <sx126x_set_lora_pkt_params+0x9a>
                reg_value &= ~( 1 << 2 );  // Bit 2 set to 0 when using inverted IQ polarity
1a00054c:	f89d 300f 	ldrb.w	r3, [sp, #15]
1a000550:	f023 0304 	bic.w	r3, r3, #4
1a000554:	f88d 300f 	strb.w	r3, [sp, #15]
            status = sx126x_write_register( context, SX126X_REG_IQ_POLARITY, &reg_value, 1 );
1a000558:	2301      	movs	r3, #1
1a00055a:	f10d 020f 	add.w	r2, sp, #15
1a00055e:	f240 7136 	movw	r1, #1846	; 0x736
1a000562:	4628      	mov	r0, r5
1a000564:	f7ff ff1e 	bl	1a0003a4 <sx126x_write_register>
1a000568:	4603      	mov	r3, r0
1a00056a:	e7d8      	b.n	1a00051e <sx126x_set_lora_pkt_params+0x4c>
                reg_value |= ( 1 << 2 );  // Bit 2 set to 1 when using standard IQ polarity
1a00056c:	f89d 300f 	ldrb.w	r3, [sp, #15]
1a000570:	f043 0304 	orr.w	r3, r3, #4
1a000574:	f88d 300f 	strb.w	r3, [sp, #15]
1a000578:	e7ee      	b.n	1a000558 <sx126x_set_lora_pkt_params+0x86>

1a00057a <sx126x_set_buffer_base_address>:
    return ( sx126x_status_t ) sx126x_hal_write( context, buf, SX126X_SIZE_SET_CAD_PARAMS, 0, 0 );
}

sx126x_status_t sx126x_set_buffer_base_address( const void* context, const uint8_t tx_base_address,
                                                const uint8_t rx_base_address )
{
1a00057a:	b500      	push	{lr}
1a00057c:	b085      	sub	sp, #20
    const uint8_t buf[SX126X_SIZE_SET_BUFFER_BASE_ADDRESS] = {
1a00057e:	238f      	movs	r3, #143	; 0x8f
1a000580:	f88d 300c 	strb.w	r3, [sp, #12]
1a000584:	f88d 100d 	strb.w	r1, [sp, #13]
1a000588:	f88d 200e 	strb.w	r2, [sp, #14]
        SX126X_SET_BUFFER_BASE_ADDRESS,
        tx_base_address,
        rx_base_address,
    };

    return ( sx126x_status_t ) sx126x_hal_write( context, buf, SX126X_SIZE_SET_BUFFER_BASE_ADDRESS, 0, 0 );
1a00058c:	2300      	movs	r3, #0
1a00058e:	9300      	str	r3, [sp, #0]
1a000590:	2203      	movs	r2, #3
1a000592:	a903      	add	r1, sp, #12
1a000594:	f000 fac8 	bl	1a000b28 <sx126x_hal_write>
}
1a000598:	b005      	add	sp, #20
1a00059a:	f85d fb04 	ldr.w	pc, [sp], #4

1a00059e <sx126x_set_lora_symb_nb_timeout>:

sx126x_status_t sx126x_set_lora_symb_nb_timeout( const void* context, const uint8_t nb_of_symbs )
{
1a00059e:	b5f0      	push	{r4, r5, r6, r7, lr}
1a0005a0:	b085      	sub	sp, #20
1a0005a2:	4606      	mov	r6, r0
1a0005a4:	460f      	mov	r7, r1
    uint8_t exp = 0;
    uint8_t mant =
        ( ( ( nb_of_symbs > SX126X_MAX_LORA_SYMB_NUM_TIMEOUT ) ? SX126X_MAX_LORA_SYMB_NUM_TIMEOUT : nb_of_symbs ) +
1a0005a6:	460c      	mov	r4, r1
1a0005a8:	29f8      	cmp	r1, #248	; 0xf8
1a0005aa:	bf28      	it	cs
1a0005ac:	24f8      	movcs	r4, #248	; 0xf8
1a0005ae:	3401      	adds	r4, #1
    uint8_t mant =
1a0005b0:	0864      	lsrs	r4, r4, #1
    uint8_t exp = 0;
1a0005b2:	2500      	movs	r5, #0
          1 ) >>
        1;

    while( mant > 31 )
1a0005b4:	2c1f      	cmp	r4, #31
1a0005b6:	d905      	bls.n	1a0005c4 <sx126x_set_lora_symb_nb_timeout+0x26>
    {
        mant = ( mant + 3 ) >> 2;
1a0005b8:	3403      	adds	r4, #3
1a0005ba:	f3c4 0487 	ubfx	r4, r4, #2, #8
        exp++;
1a0005be:	1c6b      	adds	r3, r5, #1
1a0005c0:	b2dd      	uxtb	r5, r3
1a0005c2:	e7f7      	b.n	1a0005b4 <sx126x_set_lora_symb_nb_timeout+0x16>
    }

    const uint8_t buf[SX126X_SIZE_SET_LORA_SYMB_NUM_TIMEOUT] = {
1a0005c4:	23a0      	movs	r3, #160	; 0xa0
1a0005c6:	f88d 300c 	strb.w	r3, [sp, #12]
        SX126X_SET_LORA_SYMB_NUM_TIMEOUT,
        mant << ( 2 * exp + 1 ),
1a0005ca:	006b      	lsls	r3, r5, #1
1a0005cc:	3301      	adds	r3, #1
1a0005ce:	fa04 f303 	lsl.w	r3, r4, r3
    const uint8_t buf[SX126X_SIZE_SET_LORA_SYMB_NUM_TIMEOUT] = {
1a0005d2:	f88d 300d 	strb.w	r3, [sp, #13]
    };

    sx126x_status_t status =
        ( sx126x_status_t ) sx126x_hal_write( context, buf, SX126X_SIZE_SET_LORA_SYMB_NUM_TIMEOUT, 0, 0 );
1a0005d6:	2300      	movs	r3, #0
1a0005d8:	9300      	str	r3, [sp, #0]
1a0005da:	2202      	movs	r2, #2
1a0005dc:	a903      	add	r1, sp, #12
1a0005de:	4630      	mov	r0, r6
1a0005e0:	f000 faa2 	bl	1a000b28 <sx126x_hal_write>

    if( ( status == SX126X_STATUS_OK ) && ( nb_of_symbs > 0 ) )
1a0005e4:	4603      	mov	r3, r0
1a0005e6:	b900      	cbnz	r0, 1a0005ea <sx126x_set_lora_symb_nb_timeout+0x4c>
1a0005e8:	b917      	cbnz	r7, 1a0005f0 <sx126x_set_lora_symb_nb_timeout+0x52>
        uint8_t reg = exp + ( mant << 3 );
        status      = sx126x_write_register( context, SX126X_REG_LR_SYNCH_TIMEOUT, &reg, 1 );
    }

    return status;
}
1a0005ea:	4618      	mov	r0, r3
1a0005ec:	b005      	add	sp, #20
1a0005ee:	bdf0      	pop	{r4, r5, r6, r7, pc}
        uint8_t reg = exp + ( mant << 3 );
1a0005f0:	00e3      	lsls	r3, r4, #3
1a0005f2:	b2db      	uxtb	r3, r3
1a0005f4:	442b      	add	r3, r5
1a0005f6:	f88d 300b 	strb.w	r3, [sp, #11]
        status      = sx126x_write_register( context, SX126X_REG_LR_SYNCH_TIMEOUT, &reg, 1 );
1a0005fa:	2301      	movs	r3, #1
1a0005fc:	f10d 020b 	add.w	r2, sp, #11
1a000600:	f240 7106 	movw	r1, #1798	; 0x706
1a000604:	4630      	mov	r0, r6
1a000606:	f7ff fecd 	bl	1a0003a4 <sx126x_write_register>
1a00060a:	4603      	mov	r3, r0
1a00060c:	e7ed      	b.n	1a0005ea <sx126x_set_lora_symb_nb_timeout+0x4c>

1a00060e <sx126x_get_status>:
//
// Communication Status Information
//

sx126x_status_t sx126x_get_status( const void* context, sx126x_chip_status_t* radio_status )
{
1a00060e:	b510      	push	{r4, lr}
1a000610:	b084      	sub	sp, #16
1a000612:	460c      	mov	r4, r1
    const uint8_t buf[SX126X_SIZE_GET_STATUS] = {
1a000614:	23c0      	movs	r3, #192	; 0xc0
1a000616:	f88d 300c 	strb.w	r3, [sp, #12]
        SX126X_GET_STATUS,
    };
    uint8_t status_local = 0;
1a00061a:	2300      	movs	r3, #0
1a00061c:	f88d 300b 	strb.w	r3, [sp, #11]

    const sx126x_status_t status =
        ( sx126x_status_t ) sx126x_hal_read( context, buf, SX126X_SIZE_GET_STATUS, &status_local, 1 );
1a000620:	2201      	movs	r2, #1
1a000622:	9200      	str	r2, [sp, #0]
1a000624:	f10d 030b 	add.w	r3, sp, #11
1a000628:	a903      	add	r1, sp, #12
1a00062a:	f000 fab5 	bl	1a000b98 <sx126x_hal_read>

    if( status == SX126X_STATUS_OK )
1a00062e:	4602      	mov	r2, r0
1a000630:	b938      	cbnz	r0, 1a000642 <sx126x_get_status+0x34>
    {
        radio_status->cmd_status =
            ( sx126x_cmd_status_t )( ( status_local & SX126X_CMD_STATUS_MASK ) >> SX126X_CMD_STATUS_POS );
1a000632:	f89d 300b 	ldrb.w	r3, [sp, #11]
1a000636:	f3c3 0142 	ubfx	r1, r3, #1, #3
        radio_status->cmd_status =
1a00063a:	7021      	strb	r1, [r4, #0]
        radio_status->chip_mode =
            ( sx126x_chip_modes_t )( ( status_local & SX126X_CHIP_MODES_MASK ) >> SX126X_CHIP_MODES_POS );
1a00063c:	f3c3 1302 	ubfx	r3, r3, #4, #3
        radio_status->chip_mode =
1a000640:	7063      	strb	r3, [r4, #1]
    }

    return status;
}
1a000642:	4610      	mov	r0, r2
1a000644:	b004      	add	sp, #16
1a000646:	bd10      	pop	{r4, pc}

1a000648 <sx126x_convert_freq_in_hz_to_pll_step>:

    return status;
}

uint32_t sx126x_convert_freq_in_hz_to_pll_step( uint32_t freq_in_hz )
{
1a000648:	b410      	push	{r4}
    uint32_t steps_int;
    uint32_t steps_frac;

    // Get integer and fractional parts of the frequency computed with a PLL step scaled value
    steps_int  = freq_in_hz / SX126X_PLL_STEP_SCALED;
1a00064a:	4c0a      	ldr	r4, [pc, #40]	; (1a000674 <sx126x_convert_freq_in_hz_to_pll_step+0x2c>)
1a00064c:	fba4 3200 	umull	r3, r2, r4, r0
1a000650:	0b12      	lsrs	r2, r2, #12
    steps_frac = freq_in_hz - ( steps_int * SX126X_PLL_STEP_SCALED );

    // Apply the scaling factor to retrieve a frequency in Hz (+ ceiling)
    return ( steps_int << SX126X_PLL_STEP_SHIFT_AMOUNT ) +
           ( ( ( steps_frac << SX126X_PLL_STEP_SHIFT_AMOUNT ) + ( SX126X_PLL_STEP_SCALED >> 1 ) ) /
1a000652:	f643 5109 	movw	r1, #15625	; 0x3d09
1a000656:	fb01 0112 	mls	r1, r1, r2, r0
1a00065a:	f641 6384 	movw	r3, #7812	; 0x1e84
1a00065e:	eb03 3381 	add.w	r3, r3, r1, lsl #14
1a000662:	fba4 1303 	umull	r1, r3, r4, r3
1a000666:	0b1b      	lsrs	r3, r3, #12
             SX126X_PLL_STEP_SCALED );
}
1a000668:	eb03 3082 	add.w	r0, r3, r2, lsl #14
1a00066c:	f85d 4b04 	ldr.w	r4, [sp], #4
1a000670:	4770      	bx	lr
1a000672:	bf00      	nop
1a000674:	431bde83 	.word	0x431bde83

1a000678 <sx126x_set_rf_freq>:
{
1a000678:	b510      	push	{r4, lr}
1a00067a:	4604      	mov	r4, r0
    const uint32_t freq = sx126x_convert_freq_in_hz_to_pll_step( freq_in_hz );
1a00067c:	4608      	mov	r0, r1
1a00067e:	f7ff ffe3 	bl	1a000648 <sx126x_convert_freq_in_hz_to_pll_step>
    return sx126x_set_rf_freq_in_pll_steps( context, freq );
1a000682:	4601      	mov	r1, r0
1a000684:	4620      	mov	r0, r4
1a000686:	f7ff fee7 	bl	1a000458 <sx126x_set_rf_freq_in_pll_steps>
}
1a00068a:	bd10      	pop	{r4, pc}

1a00068c <sx126x_convert_timeout_in_ms_to_rtc_step>:

uint32_t sx126x_convert_timeout_in_ms_to_rtc_step( uint32_t timeout_in_ms )
{
    return ( uint32_t )( timeout_in_ms * ( SX126X_RTC_FREQ_IN_HZ / 1000 ) );
}
1a00068c:	0180      	lsls	r0, r0, #6
1a00068e:	4770      	bx	lr

1a000690 <sx126x_set_tx>:
    if( timeout_in_ms > SX126X_MAX_TIMEOUT_IN_MS )
1a000690:	f5b1 2f80 	cmp.w	r1, #262144	; 0x40000
1a000694:	d209      	bcs.n	1a0006aa <sx126x_set_tx+0x1a>
{
1a000696:	b510      	push	{r4, lr}
1a000698:	4604      	mov	r4, r0
    const uint32_t timeout_in_rtc_step = sx126x_convert_timeout_in_ms_to_rtc_step( timeout_in_ms );
1a00069a:	4608      	mov	r0, r1
1a00069c:	f7ff fff6 	bl	1a00068c <sx126x_convert_timeout_in_ms_to_rtc_step>
    return sx126x_set_tx_with_timeout_in_rtc_step( context, timeout_in_rtc_step );
1a0006a0:	4601      	mov	r1, r0
1a0006a2:	4620      	mov	r0, r4
1a0006a4:	f7ff fe3c 	bl	1a000320 <sx126x_set_tx_with_timeout_in_rtc_step>
}
1a0006a8:	bd10      	pop	{r4, pc}
        return SX126X_STATUS_UNKNOWN_VALUE;
1a0006aa:	2002      	movs	r0, #2
}
1a0006ac:	4770      	bx	lr

1a0006ae <sx126x_tx_modulation_workaround>:
    }
    return status;
}

sx126x_status_t sx126x_tx_modulation_workaround( const void* context, sx126x_pkt_type_t pkt_type, sx126x_lora_bw_t bw )
{
1a0006ae:	b570      	push	{r4, r5, r6, lr}
1a0006b0:	b082      	sub	sp, #8
1a0006b2:	4604      	mov	r4, r0
1a0006b4:	460d      	mov	r5, r1
1a0006b6:	4616      	mov	r6, r2
    uint8_t reg_value = 0;
1a0006b8:	2300      	movs	r3, #0
1a0006ba:	f88d 3007 	strb.w	r3, [sp, #7]

    sx126x_status_t status = sx126x_read_register( context, SX126X_REG_TX_MODULATION, &reg_value, 1 );
1a0006be:	2301      	movs	r3, #1
1a0006c0:	f10d 0207 	add.w	r2, sp, #7
1a0006c4:	f640 0189 	movw	r1, #2185	; 0x889
1a0006c8:	f7ff fe7e 	bl	1a0003c8 <sx126x_read_register>

    if( status == SX126X_STATUS_OK )
1a0006cc:	4603      	mov	r3, r0
1a0006ce:	b980      	cbnz	r0, 1a0006f2 <sx126x_tx_modulation_workaround+0x44>
    {
        if( pkt_type == SX126X_PKT_TYPE_LORA )
1a0006d0:	2d01      	cmp	r5, #1
1a0006d2:	d011      	beq.n	1a0006f8 <sx126x_tx_modulation_workaround+0x4a>
                reg_value |= ( 1 << 2 );  // Bit 2 set to 1 for any other LoRa BW
            }
        }
        else
        {
            reg_value |= ( 1 << 2 );  // Bit 2 set to 1 for any configuration other than LoRa BW 500kHz
1a0006d4:	f89d 3007 	ldrb.w	r3, [sp, #7]
1a0006d8:	f043 0304 	orr.w	r3, r3, #4
1a0006dc:	f88d 3007 	strb.w	r3, [sp, #7]
        }

        status = sx126x_write_register( context, SX126X_REG_TX_MODULATION, &reg_value, 1 );
1a0006e0:	2301      	movs	r3, #1
1a0006e2:	f10d 0207 	add.w	r2, sp, #7
1a0006e6:	f640 0189 	movw	r1, #2185	; 0x889
1a0006ea:	4620      	mov	r0, r4
1a0006ec:	f7ff fe5a 	bl	1a0003a4 <sx126x_write_register>
1a0006f0:	4603      	mov	r3, r0
    }
    return status;
}
1a0006f2:	4618      	mov	r0, r3
1a0006f4:	b002      	add	sp, #8
1a0006f6:	bd70      	pop	{r4, r5, r6, pc}
            if( bw == SX126X_LORA_BW_500 )
1a0006f8:	2e06      	cmp	r6, #6
1a0006fa:	d006      	beq.n	1a00070a <sx126x_tx_modulation_workaround+0x5c>
                reg_value |= ( 1 << 2 );  // Bit 2 set to 1 for any other LoRa BW
1a0006fc:	f89d 3007 	ldrb.w	r3, [sp, #7]
1a000700:	f043 0304 	orr.w	r3, r3, #4
1a000704:	f88d 3007 	strb.w	r3, [sp, #7]
1a000708:	e7ea      	b.n	1a0006e0 <sx126x_tx_modulation_workaround+0x32>
                reg_value &= ~( 1 << 2 );  // Bit 2 set to 0 if the LoRa BW = 500 kHz
1a00070a:	f89d 3007 	ldrb.w	r3, [sp, #7]
1a00070e:	f023 0304 	bic.w	r3, r3, #4
1a000712:	f88d 3007 	strb.w	r3, [sp, #7]
1a000716:	e7e3      	b.n	1a0006e0 <sx126x_tx_modulation_workaround+0x32>

1a000718 <sx126x_set_lora_mod_params>:
{
1a000718:	b530      	push	{r4, r5, lr}
1a00071a:	b085      	sub	sp, #20
1a00071c:	4605      	mov	r5, r0
1a00071e:	460c      	mov	r4, r1
    const uint8_t buf[SX126X_SIZE_SET_MODULATION_PARAMS_LORA] = {
1a000720:	238b      	movs	r3, #139	; 0x8b
1a000722:	f88d 3008 	strb.w	r3, [sp, #8]
        SX126X_SET_MODULATION_PARAMS, ( uint8_t )( params->sf ), ( uint8_t )( params->bw ),
1a000726:	780b      	ldrb	r3, [r1, #0]
    const uint8_t buf[SX126X_SIZE_SET_MODULATION_PARAMS_LORA] = {
1a000728:	f88d 3009 	strb.w	r3, [sp, #9]
        SX126X_SET_MODULATION_PARAMS, ( uint8_t )( params->sf ), ( uint8_t )( params->bw ),
1a00072c:	784b      	ldrb	r3, [r1, #1]
    const uint8_t buf[SX126X_SIZE_SET_MODULATION_PARAMS_LORA] = {
1a00072e:	f88d 300a 	strb.w	r3, [sp, #10]
        ( uint8_t )( params->cr ),    params->ldro & 0x01,
1a000732:	788b      	ldrb	r3, [r1, #2]
    const uint8_t buf[SX126X_SIZE_SET_MODULATION_PARAMS_LORA] = {
1a000734:	f88d 300b 	strb.w	r3, [sp, #11]
        ( uint8_t )( params->cr ),    params->ldro & 0x01,
1a000738:	78cb      	ldrb	r3, [r1, #3]
1a00073a:	f003 0301 	and.w	r3, r3, #1
    const uint8_t buf[SX126X_SIZE_SET_MODULATION_PARAMS_LORA] = {
1a00073e:	f88d 300c 	strb.w	r3, [sp, #12]
        ( sx126x_status_t ) sx126x_hal_write( context, buf, SX126X_SIZE_SET_MODULATION_PARAMS_LORA, 0, 0 );
1a000742:	2300      	movs	r3, #0
1a000744:	9300      	str	r3, [sp, #0]
1a000746:	2205      	movs	r2, #5
1a000748:	a902      	add	r1, sp, #8
1a00074a:	f000 f9ed 	bl	1a000b28 <sx126x_hal_write>
    if( status == SX126X_STATUS_OK )
1a00074e:	4603      	mov	r3, r0
1a000750:	b110      	cbz	r0, 1a000758 <sx126x_set_lora_mod_params+0x40>
}
1a000752:	4618      	mov	r0, r3
1a000754:	b005      	add	sp, #20
1a000756:	bd30      	pop	{r4, r5, pc}
        status = sx126x_tx_modulation_workaround( context, SX126X_PKT_TYPE_LORA, params->bw );
1a000758:	7862      	ldrb	r2, [r4, #1]
1a00075a:	2101      	movs	r1, #1
1a00075c:	4628      	mov	r0, r5
1a00075e:	f7ff ffa6 	bl	1a0006ae <sx126x_tx_modulation_workaround>
1a000762:	4603      	mov	r3, r0
1a000764:	e7f5      	b.n	1a000752 <sx126x_set_lora_mod_params+0x3a>

1a000766 <xor_block>:
static const uint8_t rcon[11] = {
    0x00, 0x01, 0x02, 0x04, 0x08, 0x10, 0x20, 0x40, 0x80, 0x1b, 0x36
};

static void xor_block(uint8_t* dst, const uint8_t* src) {
    for (int i = 0; i < 16; i++) {
1a000766:	2300      	movs	r3, #0
1a000768:	2b0f      	cmp	r3, #15
1a00076a:	dc0a      	bgt.n	1a000782 <xor_block+0x1c>
static void xor_block(uint8_t* dst, const uint8_t* src) {
1a00076c:	b410      	push	{r4}
        dst[i] ^= src[i];
1a00076e:	5cca      	ldrb	r2, [r1, r3]
1a000770:	5cc4      	ldrb	r4, [r0, r3]
1a000772:	4062      	eors	r2, r4
1a000774:	54c2      	strb	r2, [r0, r3]
    for (int i = 0; i < 16; i++) {
1a000776:	3301      	adds	r3, #1
1a000778:	2b0f      	cmp	r3, #15
1a00077a:	ddf8      	ble.n	1a00076e <xor_block+0x8>
    }
}
1a00077c:	f85d 4b04 	ldr.w	r4, [sp], #4
1a000780:	4770      	bx	lr
1a000782:	4770      	bx	lr

1a000784 <sub_bytes>:
        }
    }
}

static void sub_bytes(uint8_t* state) {
    for (int i = 0; i < 16; i++) {
1a000784:	2300      	movs	r3, #0
1a000786:	2b0f      	cmp	r3, #15
1a000788:	dc05      	bgt.n	1a000796 <sub_bytes+0x12>
        state[i] = sbox[state[i]];
1a00078a:	5cc2      	ldrb	r2, [r0, r3]
1a00078c:	4902      	ldr	r1, [pc, #8]	; (1a000798 <sub_bytes+0x14>)
1a00078e:	5c8a      	ldrb	r2, [r1, r2]
1a000790:	54c2      	strb	r2, [r0, r3]
    for (int i = 0; i < 16; i++) {
1a000792:	3301      	adds	r3, #1
1a000794:	e7f7      	b.n	1a000786 <sub_bytes+0x2>
    }
}
1a000796:	4770      	bx	lr
1a000798:	1a00771c 	.word	0x1a00771c

1a00079c <shift_rows>:

static void shift_rows(uint8_t* state) {
    uint8_t temp;
    
    temp = state[1];
1a00079c:	7843      	ldrb	r3, [r0, #1]
    state[1] = state[5];
1a00079e:	7942      	ldrb	r2, [r0, #5]
1a0007a0:	7042      	strb	r2, [r0, #1]
    state[5] = state[9];
1a0007a2:	7a42      	ldrb	r2, [r0, #9]
1a0007a4:	7142      	strb	r2, [r0, #5]
    state[9] = state[13];
1a0007a6:	7b42      	ldrb	r2, [r0, #13]
1a0007a8:	7242      	strb	r2, [r0, #9]
    state[13] = temp;
1a0007aa:	7343      	strb	r3, [r0, #13]
    
    temp = state[2];
1a0007ac:	7883      	ldrb	r3, [r0, #2]
    state[2] = state[10];
1a0007ae:	7a82      	ldrb	r2, [r0, #10]
1a0007b0:	7082      	strb	r2, [r0, #2]
    state[10] = temp;
1a0007b2:	7283      	strb	r3, [r0, #10]
    temp = state[6];
1a0007b4:	7983      	ldrb	r3, [r0, #6]
    state[6] = state[14];
1a0007b6:	7b82      	ldrb	r2, [r0, #14]
1a0007b8:	7182      	strb	r2, [r0, #6]
    state[14] = temp;
1a0007ba:	7383      	strb	r3, [r0, #14]
    
    temp = state[15];
1a0007bc:	7bc3      	ldrb	r3, [r0, #15]
    state[15] = state[11];
1a0007be:	7ac2      	ldrb	r2, [r0, #11]
1a0007c0:	73c2      	strb	r2, [r0, #15]
    state[11] = state[7];
1a0007c2:	79c2      	ldrb	r2, [r0, #7]
1a0007c4:	72c2      	strb	r2, [r0, #11]
    state[7] = state[3];
1a0007c6:	78c2      	ldrb	r2, [r0, #3]
1a0007c8:	71c2      	strb	r2, [r0, #7]
    state[3] = temp;
1a0007ca:	70c3      	strb	r3, [r0, #3]
}
1a0007cc:	4770      	bx	lr

1a0007ce <gf_mul>:

static uint8_t gf_mul(uint8_t a, uint8_t b) {
1a0007ce:	b410      	push	{r4}
1a0007d0:	4602      	mov	r2, r0
    uint8_t p = 0;
    for (int i = 0; i < 8; i++) {
1a0007d2:	2400      	movs	r4, #0
    uint8_t p = 0;
1a0007d4:	4620      	mov	r0, r4
    for (int i = 0; i < 8; i++) {
1a0007d6:	e007      	b.n	1a0007e8 <gf_mul+0x1a>
        if (b & 1) p ^= a;
        uint8_t hi_bit = a & 0x80;
        a <<= 1;
1a0007d8:	0053      	lsls	r3, r2, #1
1a0007da:	b2db      	uxtb	r3, r3
        if (hi_bit) a ^= 0x1b;
1a0007dc:	f012 0f80 	tst.w	r2, #128	; 0x80
1a0007e0:	d10a      	bne.n	1a0007f8 <gf_mul+0x2a>
        b >>= 1;
1a0007e2:	0849      	lsrs	r1, r1, #1
    for (int i = 0; i < 8; i++) {
1a0007e4:	3401      	adds	r4, #1
1a0007e6:	461a      	mov	r2, r3
1a0007e8:	2c07      	cmp	r4, #7
1a0007ea:	dc08      	bgt.n	1a0007fe <gf_mul+0x30>
        if (b & 1) p ^= a;
1a0007ec:	f011 0f01 	tst.w	r1, #1
1a0007f0:	d0f2      	beq.n	1a0007d8 <gf_mul+0xa>
1a0007f2:	4050      	eors	r0, r2
1a0007f4:	b2c0      	uxtb	r0, r0
1a0007f6:	e7ef      	b.n	1a0007d8 <gf_mul+0xa>
        if (hi_bit) a ^= 0x1b;
1a0007f8:	f083 031b 	eor.w	r3, r3, #27
1a0007fc:	e7f1      	b.n	1a0007e2 <gf_mul+0x14>
    }
    return p;
}
1a0007fe:	f85d 4b04 	ldr.w	r4, [sp], #4
1a000802:	4770      	bx	lr

1a000804 <mix_columns>:

static void mix_columns(uint8_t* state) {
1a000804:	e92d 4ff8 	stmdb	sp!, {r3, r4, r5, r6, r7, r8, r9, sl, fp, lr}
1a000808:	4680      	mov	r8, r0
    for (int i = 0; i < 4; i++) {
1a00080a:	2600      	movs	r6, #0
1a00080c:	e048      	b.n	1a0008a0 <mix_columns+0x9c>
        uint8_t* col = state + i * 4;
1a00080e:	eb08 0786 	add.w	r7, r8, r6, lsl #2
        uint8_t a[4];
        memcpy(a, col, 4);
1a000812:	683d      	ldr	r5, [r7, #0]
        
        col[0] = gf_mul(a[0], 2) ^ gf_mul(a[1], 3) ^ a[2] ^ a[3];
1a000814:	fa5f fb85 	uxtb.w	fp, r5
1a000818:	2102      	movs	r1, #2
1a00081a:	4658      	mov	r0, fp
1a00081c:	f7ff ffd7 	bl	1a0007ce <gf_mul>
1a000820:	4681      	mov	r9, r0
1a000822:	f3c5 2a07 	ubfx	sl, r5, #8, #8
1a000826:	2103      	movs	r1, #3
1a000828:	4650      	mov	r0, sl
1a00082a:	f7ff ffd0 	bl	1a0007ce <gf_mul>
1a00082e:	f3c5 4407 	ubfx	r4, r5, #16, #8
1a000832:	0e2d      	lsrs	r5, r5, #24
1a000834:	ea89 0000 	eor.w	r0, r9, r0
1a000838:	4060      	eors	r0, r4
1a00083a:	4068      	eors	r0, r5
1a00083c:	f808 0026 	strb.w	r0, [r8, r6, lsl #2]
        col[1] = a[0] ^ gf_mul(a[1], 2) ^ gf_mul(a[2], 3) ^ a[3];
1a000840:	2102      	movs	r1, #2
1a000842:	4650      	mov	r0, sl
1a000844:	f7ff ffc3 	bl	1a0007ce <gf_mul>
1a000848:	ea80 000b 	eor.w	r0, r0, fp
1a00084c:	fa5f f980 	uxtb.w	r9, r0
1a000850:	2103      	movs	r1, #3
1a000852:	4620      	mov	r0, r4
1a000854:	f7ff ffbb 	bl	1a0007ce <gf_mul>
1a000858:	ea89 0000 	eor.w	r0, r9, r0
1a00085c:	4068      	eors	r0, r5
1a00085e:	7078      	strb	r0, [r7, #1]
        col[2] = a[0] ^ a[1] ^ gf_mul(a[2], 2) ^ gf_mul(a[3], 3);
1a000860:	ea8a 090b 	eor.w	r9, sl, fp
1a000864:	2102      	movs	r1, #2
1a000866:	4620      	mov	r0, r4
1a000868:	f7ff ffb1 	bl	1a0007ce <gf_mul>
1a00086c:	ea89 0900 	eor.w	r9, r9, r0
1a000870:	fa5f f989 	uxtb.w	r9, r9
1a000874:	2103      	movs	r1, #3
1a000876:	4628      	mov	r0, r5
1a000878:	f7ff ffa9 	bl	1a0007ce <gf_mul>
1a00087c:	ea89 0000 	eor.w	r0, r9, r0
1a000880:	70b8      	strb	r0, [r7, #2]
        col[3] = gf_mul(a[0], 3) ^ a[1] ^ a[2] ^ gf_mul(a[3], 2);
1a000882:	2103      	movs	r1, #3
1a000884:	4658      	mov	r0, fp
1a000886:	f7ff ffa2 	bl	1a0007ce <gf_mul>
1a00088a:	ea80 000a 	eor.w	r0, r0, sl
1a00088e:	4044      	eors	r4, r0
1a000890:	b2e4      	uxtb	r4, r4
1a000892:	2102      	movs	r1, #2
1a000894:	4628      	mov	r0, r5
1a000896:	f7ff ff9a 	bl	1a0007ce <gf_mul>
1a00089a:	4060      	eors	r0, r4
1a00089c:	70f8      	strb	r0, [r7, #3]
    for (int i = 0; i < 4; i++) {
1a00089e:	3601      	adds	r6, #1
1a0008a0:	2e03      	cmp	r6, #3
1a0008a2:	ddb4      	ble.n	1a00080e <mix_columns+0xa>
    }
}
1a0008a4:	e8bd 8ff8 	ldmia.w	sp!, {r3, r4, r5, r6, r7, r8, r9, sl, fp, pc}

1a0008a8 <left_shift>:
    memcpy(output, state, 16);
}

static void left_shift(uint8_t* data) {
    uint8_t carry = 0;
    for (int i = 15; i >= 0; i--) {
1a0008a8:	230f      	movs	r3, #15
    uint8_t carry = 0;
1a0008aa:	2200      	movs	r2, #0
    for (int i = 15; i >= 0; i--) {
1a0008ac:	2b00      	cmp	r3, #0
1a0008ae:	db06      	blt.n	1a0008be <left_shift+0x16>
        uint8_t new_carry = (data[i] & 0x80) >> 7;
1a0008b0:	5cc1      	ldrb	r1, [r0, r3]
        data[i] = (data[i] << 1) | carry;
1a0008b2:	ea42 0241 	orr.w	r2, r2, r1, lsl #1
1a0008b6:	54c2      	strb	r2, [r0, r3]
    for (int i = 15; i >= 0; i--) {
1a0008b8:	3b01      	subs	r3, #1
        carry = new_carry;
1a0008ba:	09ca      	lsrs	r2, r1, #7
1a0008bc:	e7f6      	b.n	1a0008ac <left_shift+0x4>
    }
}
1a0008be:	4770      	bx	lr

1a0008c0 <key_expansion>:
static void key_expansion(const uint8_t* key, uint8_t* round_keys) {
1a0008c0:	b4f0      	push	{r4, r5, r6, r7}
    memcpy(round_keys, key, 16);
1a0008c2:	6805      	ldr	r5, [r0, #0]
1a0008c4:	6844      	ldr	r4, [r0, #4]
1a0008c6:	6882      	ldr	r2, [r0, #8]
1a0008c8:	68c3      	ldr	r3, [r0, #12]
1a0008ca:	600d      	str	r5, [r1, #0]
1a0008cc:	604c      	str	r4, [r1, #4]
1a0008ce:	608a      	str	r2, [r1, #8]
1a0008d0:	60cb      	str	r3, [r1, #12]
    for (int i = 1; i <= 10; i++) {
1a0008d2:	2601      	movs	r6, #1
1a0008d4:	e000      	b.n	1a0008d8 <key_expansion+0x18>
1a0008d6:	3601      	adds	r6, #1
1a0008d8:	2e0a      	cmp	r6, #10
1a0008da:	dc29      	bgt.n	1a000930 <key_expansion+0x70>
        uint8_t* prev = round_keys + (i - 1) * 16;
1a0008dc:	1e73      	subs	r3, r6, #1
1a0008de:	011b      	lsls	r3, r3, #4
1a0008e0:	18cd      	adds	r5, r1, r3
        uint8_t* curr = round_keys + i * 16;
1a0008e2:	0137      	lsls	r7, r6, #4
1a0008e4:	19c8      	adds	r0, r1, r7
        curr[0] = prev[0] ^ sbox[prev[13]] ^ rcon[i];
1a0008e6:	5ccc      	ldrb	r4, [r1, r3]
1a0008e8:	7b6a      	ldrb	r2, [r5, #13]
1a0008ea:	4b12      	ldr	r3, [pc, #72]	; (1a000934 <key_expansion+0x74>)
1a0008ec:	f813 c002 	ldrb.w	ip, [r3, r2]
1a0008f0:	4a11      	ldr	r2, [pc, #68]	; (1a000938 <key_expansion+0x78>)
1a0008f2:	5d92      	ldrb	r2, [r2, r6]
1a0008f4:	ea84 040c 	eor.w	r4, r4, ip
1a0008f8:	4062      	eors	r2, r4
1a0008fa:	55ca      	strb	r2, [r1, r7]
        curr[1] = prev[1] ^ sbox[prev[14]];
1a0008fc:	786a      	ldrb	r2, [r5, #1]
1a0008fe:	7bac      	ldrb	r4, [r5, #14]
1a000900:	5d1c      	ldrb	r4, [r3, r4]
1a000902:	4062      	eors	r2, r4
1a000904:	7042      	strb	r2, [r0, #1]
        curr[2] = prev[2] ^ sbox[prev[15]];
1a000906:	78aa      	ldrb	r2, [r5, #2]
1a000908:	7bec      	ldrb	r4, [r5, #15]
1a00090a:	5d1c      	ldrb	r4, [r3, r4]
1a00090c:	4062      	eors	r2, r4
1a00090e:	7082      	strb	r2, [r0, #2]
        curr[3] = prev[3] ^ sbox[prev[12]];
1a000910:	78ea      	ldrb	r2, [r5, #3]
1a000912:	7b2c      	ldrb	r4, [r5, #12]
1a000914:	5d1b      	ldrb	r3, [r3, r4]
1a000916:	4053      	eors	r3, r2
1a000918:	70c3      	strb	r3, [r0, #3]
        for (int j = 4; j < 16; j++) {
1a00091a:	2304      	movs	r3, #4
1a00091c:	2b0f      	cmp	r3, #15
1a00091e:	dcda      	bgt.n	1a0008d6 <key_expansion+0x16>
            curr[j] = prev[j] ^ curr[j - 4];
1a000920:	5cea      	ldrb	r2, [r5, r3]
1a000922:	18c4      	adds	r4, r0, r3
1a000924:	f814 4c04 	ldrb.w	r4, [r4, #-4]
1a000928:	4062      	eors	r2, r4
1a00092a:	54c2      	strb	r2, [r0, r3]
        for (int j = 4; j < 16; j++) {
1a00092c:	3301      	adds	r3, #1
1a00092e:	e7f5      	b.n	1a00091c <key_expansion+0x5c>
}
1a000930:	bcf0      	pop	{r4, r5, r6, r7}
1a000932:	4770      	bx	lr
1a000934:	1a00771c 	.word	0x1a00771c
1a000938:	1a007710 	.word	0x1a007710

1a00093c <aes_encrypt>:
void aes_encrypt(const uint8_t* key, const uint8_t* input, uint8_t* output) {
1a00093c:	b570      	push	{r4, r5, r6, lr}
1a00093e:	b0b0      	sub	sp, #192	; 0xc0
1a000940:	460e      	mov	r6, r1
1a000942:	4615      	mov	r5, r2
    key_expansion(key, round_keys);
1a000944:	a904      	add	r1, sp, #16
1a000946:	f7ff ffbb 	bl	1a0008c0 <key_expansion>
    memcpy(state, input, 16);
1a00094a:	466c      	mov	r4, sp
1a00094c:	6830      	ldr	r0, [r6, #0]
1a00094e:	6871      	ldr	r1, [r6, #4]
1a000950:	68b2      	ldr	r2, [r6, #8]
1a000952:	68f3      	ldr	r3, [r6, #12]
1a000954:	c40f      	stmia	r4!, {r0, r1, r2, r3}
    xor_block(state, round_keys);
1a000956:	4621      	mov	r1, r4
1a000958:	4668      	mov	r0, sp
1a00095a:	f7ff ff04 	bl	1a000766 <xor_block>
    for (int round = 1; round < 10; round++) {
1a00095e:	2401      	movs	r4, #1
1a000960:	e00f      	b.n	1a000982 <aes_encrypt+0x46>
        sub_bytes(state);
1a000962:	4668      	mov	r0, sp
1a000964:	f7ff ff0e 	bl	1a000784 <sub_bytes>
        shift_rows(state);
1a000968:	4668      	mov	r0, sp
1a00096a:	f7ff ff17 	bl	1a00079c <shift_rows>
        mix_columns(state);
1a00096e:	4668      	mov	r0, sp
1a000970:	f7ff ff48 	bl	1a000804 <mix_columns>
        xor_block(state, round_keys + round * 16);
1a000974:	ab04      	add	r3, sp, #16
1a000976:	eb03 1104 	add.w	r1, r3, r4, lsl #4
1a00097a:	4668      	mov	r0, sp
1a00097c:	f7ff fef3 	bl	1a000766 <xor_block>
    for (int round = 1; round < 10; round++) {
1a000980:	3401      	adds	r4, #1
1a000982:	2c09      	cmp	r4, #9
1a000984:	dded      	ble.n	1a000962 <aes_encrypt+0x26>
    sub_bytes(state);
1a000986:	4668      	mov	r0, sp
1a000988:	f7ff fefc 	bl	1a000784 <sub_bytes>
    shift_rows(state);
1a00098c:	4668      	mov	r0, sp
1a00098e:	f7ff ff05 	bl	1a00079c <shift_rows>
    xor_block(state, round_keys + 160);
1a000992:	a92c      	add	r1, sp, #176	; 0xb0
1a000994:	4668      	mov	r0, sp
1a000996:	f7ff fee6 	bl	1a000766 <xor_block>
    memcpy(output, state, 16);
1a00099a:	466c      	mov	r4, sp
1a00099c:	cc0f      	ldmia	r4!, {r0, r1, r2, r3}
1a00099e:	6028      	str	r0, [r5, #0]
1a0009a0:	6069      	str	r1, [r5, #4]
1a0009a2:	60aa      	str	r2, [r5, #8]
1a0009a4:	60eb      	str	r3, [r5, #12]
}
1a0009a6:	b030      	add	sp, #192	; 0xc0
1a0009a8:	bd70      	pop	{r4, r5, r6, pc}

1a0009aa <aes_cmac>:

void aes_cmac(const uint8_t* key, const uint8_t* input, uint16_t length, uint8_t* output) {
1a0009aa:	e92d 47f0 	stmdb	sp!, {r4, r5, r6, r7, r8, r9, sl, lr}
1a0009ae:	b098      	sub	sp, #96	; 0x60
1a0009b0:	4606      	mov	r6, r0
1a0009b2:	460f      	mov	r7, r1
1a0009b4:	4690      	mov	r8, r2
1a0009b6:	469a      	mov	sl, r3
    uint8_t zero[16] = {0};
1a0009b8:	2300      	movs	r3, #0
1a0009ba:	9314      	str	r3, [sp, #80]	; 0x50
1a0009bc:	9315      	str	r3, [sp, #84]	; 0x54
1a0009be:	9316      	str	r3, [sp, #88]	; 0x58
1a0009c0:	9317      	str	r3, [sp, #92]	; 0x5c
    uint8_t L[16], K1[16], K2[16];
    uint8_t M[16] = {0};
1a0009c2:	9304      	str	r3, [sp, #16]
1a0009c4:	9305      	str	r3, [sp, #20]
1a0009c6:	9306      	str	r3, [sp, #24]
1a0009c8:	9307      	str	r3, [sp, #28]
    uint8_t X[16] = {0};
1a0009ca:	9300      	str	r3, [sp, #0]
1a0009cc:	9301      	str	r3, [sp, #4]
1a0009ce:	9302      	str	r3, [sp, #8]
1a0009d0:	9303      	str	r3, [sp, #12]
    
    // Generate subkeys
    aes_encrypt(key, zero, L);
1a0009d2:	ad10      	add	r5, sp, #64	; 0x40
1a0009d4:	462a      	mov	r2, r5
1a0009d6:	a914      	add	r1, sp, #80	; 0x50
1a0009d8:	f7ff ffb0 	bl	1a00093c <aes_encrypt>
    
    memcpy(K1, L, 16);
1a0009dc:	ac0c      	add	r4, sp, #48	; 0x30
1a0009de:	e895 000f 	ldmia.w	r5, {r0, r1, r2, r3}
1a0009e2:	e884 000f 	stmia.w	r4, {r0, r1, r2, r3}
    left_shift(K1);
1a0009e6:	4620      	mov	r0, r4
1a0009e8:	f7ff ff5e 	bl	1a0008a8 <left_shift>
    if (L[0] & 0x80) K1[15] ^= 0x87;
1a0009ec:	f99d 3040 	ldrsb.w	r3, [sp, #64]	; 0x40
1a0009f0:	2b00      	cmp	r3, #0
1a0009f2:	db19      	blt.n	1a000a28 <aes_cmac+0x7e>
    
    memcpy(K2, K1, 16);
1a0009f4:	ac08      	add	r4, sp, #32
1a0009f6:	ab0c      	add	r3, sp, #48	; 0x30
1a0009f8:	cb0f      	ldmia	r3, {r0, r1, r2, r3}
1a0009fa:	e884 000f 	stmia.w	r4, {r0, r1, r2, r3}
    left_shift(K2);
1a0009fe:	4620      	mov	r0, r4
1a000a00:	f7ff ff52 	bl	1a0008a8 <left_shift>
    if (K1[0] & 0x80) K2[15] ^= 0x87;
1a000a04:	f99d 3030 	ldrsb.w	r3, [sp, #48]	; 0x30
1a000a08:	2b00      	cmp	r3, #0
1a000a0a:	db14      	blt.n	1a000a36 <aes_cmac+0x8c>
    
    // Process blocks
    uint16_t n = (length + 15) / 16;
1a000a0c:	f108 050f 	add.w	r5, r8, #15
    if (n == 0) n = 1;
1a000a10:	092d      	lsrs	r5, r5, #4
1a000a12:	d100      	bne.n	1a000a16 <aes_cmac+0x6c>
1a000a14:	2501      	movs	r5, #1
    
    bool complete = (length > 0) && (length % 16 == 0);
1a000a16:	f1b8 0f00 	cmp.w	r8, #0
1a000a1a:	d013      	beq.n	1a000a44 <aes_cmac+0x9a>
1a000a1c:	f018 0f0f 	tst.w	r8, #15
1a000a20:	d023      	beq.n	1a000a6a <aes_cmac+0xc0>
1a000a22:	f04f 0900 	mov.w	r9, #0
1a000a26:	e00f      	b.n	1a000a48 <aes_cmac+0x9e>
    if (L[0] & 0x80) K1[15] ^= 0x87;
1a000a28:	f89d 303f 	ldrb.w	r3, [sp, #63]	; 0x3f
1a000a2c:	f083 0387 	eor.w	r3, r3, #135	; 0x87
1a000a30:	f88d 303f 	strb.w	r3, [sp, #63]	; 0x3f
1a000a34:	e7de      	b.n	1a0009f4 <aes_cmac+0x4a>
    if (K1[0] & 0x80) K2[15] ^= 0x87;
1a000a36:	f89d 302f 	ldrb.w	r3, [sp, #47]	; 0x2f
1a000a3a:	f083 0387 	eor.w	r3, r3, #135	; 0x87
1a000a3e:	f88d 302f 	strb.w	r3, [sp, #47]	; 0x2f
1a000a42:	e7e3      	b.n	1a000a0c <aes_cmac+0x62>
    bool complete = (length > 0) && (length % 16 == 0);
1a000a44:	f04f 0900 	mov.w	r9, #0
    
    for (uint16_t i = 0; i < n - 1; i++) {
1a000a48:	2400      	movs	r4, #0
1a000a4a:	1e69      	subs	r1, r5, #1
1a000a4c:	428c      	cmp	r4, r1
1a000a4e:	da0f      	bge.n	1a000a70 <aes_cmac+0xc6>
        xor_block(X, input + i * 16);
1a000a50:	eb07 1104 	add.w	r1, r7, r4, lsl #4
1a000a54:	4668      	mov	r0, sp
1a000a56:	f7ff fe86 	bl	1a000766 <xor_block>
        aes_encrypt(key, X, X);
1a000a5a:	466a      	mov	r2, sp
1a000a5c:	4669      	mov	r1, sp
1a000a5e:	4630      	mov	r0, r6
1a000a60:	f7ff ff6c 	bl	1a00093c <aes_encrypt>
    for (uint16_t i = 0; i < n - 1; i++) {
1a000a64:	3401      	adds	r4, #1
1a000a66:	b2a4      	uxth	r4, r4
1a000a68:	e7ef      	b.n	1a000a4a <aes_cmac+0xa0>
    bool complete = (length > 0) && (length % 16 == 0);
1a000a6a:	f04f 0901 	mov.w	r9, #1
1a000a6e:	e7eb      	b.n	1a000a48 <aes_cmac+0x9e>
    }
    
    // Last block
    uint16_t last_block_len = length - (n - 1) * 16;
1a000a70:	f605 75ff 	addw	r5, r5, #4095	; 0xfff
1a000a74:	012d      	lsls	r5, r5, #4
1a000a76:	b2ad      	uxth	r5, r5
1a000a78:	eba8 0805 	sub.w	r8, r8, r5
1a000a7c:	fa1f f888 	uxth.w	r8, r8
    memcpy(M, input + (n - 1) * 16, last_block_len);
1a000a80:	4642      	mov	r2, r8
1a000a82:	eb07 1101 	add.w	r1, r7, r1, lsl #4
1a000a86:	a804      	add	r0, sp, #16
1a000a88:	f003 f90e 	bl	1a003ca8 <memcpy>
    
    if (complete) {
1a000a8c:	f1b9 0f00 	cmp.w	r9, #0
1a000a90:	d00f      	beq.n	1a000ab2 <aes_cmac+0x108>
        xor_block(M, K1);
1a000a92:	a90c      	add	r1, sp, #48	; 0x30
1a000a94:	a804      	add	r0, sp, #16
1a000a96:	f7ff fe66 	bl	1a000766 <xor_block>
    } else {
        M[last_block_len] = 0x80;
        xor_block(M, K2);
    }
    
    xor_block(X, M);
1a000a9a:	a904      	add	r1, sp, #16
1a000a9c:	4668      	mov	r0, sp
1a000a9e:	f7ff fe62 	bl	1a000766 <xor_block>
    aes_encrypt(key, X, output);
1a000aa2:	4652      	mov	r2, sl
1a000aa4:	4669      	mov	r1, sp
1a000aa6:	4630      	mov	r0, r6
1a000aa8:	f7ff ff48 	bl	1a00093c <aes_encrypt>
}
1a000aac:	b018      	add	sp, #96	; 0x60
1a000aae:	e8bd 87f0 	ldmia.w	sp!, {r4, r5, r6, r7, r8, r9, sl, pc}
        M[last_block_len] = 0x80;
1a000ab2:	ab18      	add	r3, sp, #96	; 0x60
1a000ab4:	4498      	add	r8, r3
1a000ab6:	2380      	movs	r3, #128	; 0x80
1a000ab8:	f808 3c50 	strb.w	r3, [r8, #-80]
        xor_block(M, K2);
1a000abc:	a908      	add	r1, sp, #32
1a000abe:	a804      	add	r0, sp, #16
1a000ac0:	f7ff fe51 	bl	1a000766 <xor_block>
1a000ac4:	e7e9      	b.n	1a000a9a <aes_cmac+0xf0>
1a000ac6:	Address 0x1a000ac6 is out of bounds.


1a000ac8 <OnMacMcpsConfirm>:
};

static bool joinSuccess = false;

// Callbacks de LoRaMac
void OnMacMcpsConfirm(uint8_t status) {
1a000ac8:	b508      	push	{r3, lr}
    if (status == LORAMAC_EVENT_INFO_STATUS_OK) {
1a000aca:	b920      	cbnz	r0, 1a000ad6 <OnMacMcpsConfirm+0xe>
        uartWriteString(UART_USB, "Uplink OK\r\n");
1a000acc:	4904      	ldr	r1, [pc, #16]	; (1a000ae0 <OnMacMcpsConfirm+0x18>)
1a000ace:	2003      	movs	r0, #3
1a000ad0:	f001 fe3f 	bl	1a002752 <uartWriteString>
    } else {
        uartWriteString(UART_USB, "Uplink ERROR\r\n");
    }
}
1a000ad4:	bd08      	pop	{r3, pc}
        uartWriteString(UART_USB, "Uplink ERROR\r\n");
1a000ad6:	4903      	ldr	r1, [pc, #12]	; (1a000ae4 <OnMacMcpsConfirm+0x1c>)
1a000ad8:	2003      	movs	r0, #3
1a000ada:	f001 fe3a 	bl	1a002752 <uartWriteString>
}
1a000ade:	e7f9      	b.n	1a000ad4 <OnMacMcpsConfirm+0xc>
1a000ae0:	1a007828 	.word	0x1a007828
1a000ae4:	1a007834 	.word	0x1a007834

1a000ae8 <OnMacMcpsIndication>:

void OnMacMcpsIndication(uint8_t* payload, uint8_t size, int16_t rssi, int8_t snr) {
1a000ae8:	b508      	push	{r3, lr}
    uartWriteString(UART_USB, "Downlink recibido!\r\n");
1a000aea:	4902      	ldr	r1, [pc, #8]	; (1a000af4 <OnMacMcpsIndication+0xc>)
1a000aec:	2003      	movs	r0, #3
1a000aee:	f001 fe30 	bl	1a002752 <uartWriteString>
}
1a000af2:	bd08      	pop	{r3, pc}
1a000af4:	1a007844 	.word	0x1a007844

1a000af8 <OnMacMlmeConfirm>:

void OnMacMlmeConfirm(uint8_t status) {
1a000af8:	b508      	push	{r3, lr}
    if (status == LORAMAC_EVENT_INFO_STATUS_OK) {
1a000afa:	b938      	cbnz	r0, 1a000b0c <OnMacMlmeConfirm+0x14>
        uartWriteString(UART_USB, "JOIN SUCCESS! Conectado al gateway\r\n");
1a000afc:	4907      	ldr	r1, [pc, #28]	; (1a000b1c <OnMacMlmeConfirm+0x24>)
1a000afe:	2003      	movs	r0, #3
1a000b00:	f001 fe27 	bl	1a002752 <uartWriteString>
        joinSuccess = true;
1a000b04:	4b06      	ldr	r3, [pc, #24]	; (1a000b20 <OnMacMlmeConfirm+0x28>)
1a000b06:	2201      	movs	r2, #1
1a000b08:	701a      	strb	r2, [r3, #0]
    } else {
        uartWriteString(UART_USB, "JOIN FAILED - Reintentando en 10s...\r\n");
        joinSuccess = false;
    }
}
1a000b0a:	bd08      	pop	{r3, pc}
        uartWriteString(UART_USB, "JOIN FAILED - Reintentando en 10s...\r\n");
1a000b0c:	4905      	ldr	r1, [pc, #20]	; (1a000b24 <OnMacMlmeConfirm+0x2c>)
1a000b0e:	2003      	movs	r0, #3
1a000b10:	f001 fe1f 	bl	1a002752 <uartWriteString>
        joinSuccess = false;
1a000b14:	4b02      	ldr	r3, [pc, #8]	; (1a000b20 <OnMacMlmeConfirm+0x28>)
1a000b16:	2200      	movs	r2, #0
1a000b18:	701a      	strb	r2, [r3, #0]
}
1a000b1a:	e7f6      	b.n	1a000b0a <OnMacMlmeConfirm+0x12>
1a000b1c:	1a00785c 	.word	0x1a00785c
1a000b20:	10000a30 	.word	0x10000a30
1a000b24:	1a007884 	.word	0x1a007884

1a000b28 <sx126x_hal_write>:
                                      const uint8_t* data, const uint16_t data_length) {
1a000b28:	e92d 43f8 	stmdb	sp!, {r3, r4, r5, r6, r7, r8, r9, lr}
1a000b2c:	4605      	mov	r5, r0
1a000b2e:	460f      	mov	r7, r1
1a000b30:	4690      	mov	r8, r2
1a000b32:	4699      	mov	r9, r3
1a000b34:	f8bd 6020 	ldrh.w	r6, [sp, #32]
    uint32_t timeout = 0;
1a000b38:	2400      	movs	r4, #0
    while (gpioRead(ctx->busy_pin) == HIGH) {
1a000b3a:	f995 0001 	ldrsb.w	r0, [r5, #1]
1a000b3e:	f001 fcb8 	bl	1a0024b2 <gpioRead>
1a000b42:	2801      	cmp	r0, #1
1a000b44:	d10d      	bne.n	1a000b62 <sx126x_hal_write+0x3a>
        delay(1);
1a000b46:	2001      	movs	r0, #1
1a000b48:	2100      	movs	r1, #0
1a000b4a:	f001 fe55 	bl	1a0027f8 <delay>
        timeout++;
1a000b4e:	3401      	adds	r4, #1
        if (timeout > 2000) {
1a000b50:	f5b4 6ffa 	cmp.w	r4, #2000	; 0x7d0
1a000b54:	d9f1      	bls.n	1a000b3a <sx126x_hal_write+0x12>
             uartWriteString(UART_USB, "[ERROR] BUSY PIN TRABADO (Check Cables!)\r\n");
1a000b56:	490f      	ldr	r1, [pc, #60]	; (1a000b94 <sx126x_hal_write+0x6c>)
1a000b58:	2003      	movs	r0, #3
1a000b5a:	f001 fdfa 	bl	1a002752 <uartWriteString>
             return SX126X_HAL_STATUS_ERROR; // Salir para no colgar
1a000b5e:	2003      	movs	r0, #3
1a000b60:	e010      	b.n	1a000b84 <sx126x_hal_write+0x5c>
    gpioWrite(ctx->nss_pin, LOW);
1a000b62:	2100      	movs	r1, #0
1a000b64:	f995 0000 	ldrsb.w	r0, [r5]
1a000b68:	f001 fc6e 	bl	1a002448 <gpioWrite>
    spiWrite(SPI0, (uint8_t*)command, command_length);
1a000b6c:	4642      	mov	r2, r8
1a000b6e:	4639      	mov	r1, r7
1a000b70:	2000      	movs	r0, #0
1a000b72:	f001 fd77 	bl	1a002664 <spiWrite>
    if (data_length > 0) {
1a000b76:	b93e      	cbnz	r6, 1a000b88 <sx126x_hal_write+0x60>
    gpioWrite(ctx->nss_pin, HIGH);
1a000b78:	2101      	movs	r1, #1
1a000b7a:	f995 0000 	ldrsb.w	r0, [r5]
1a000b7e:	f001 fc63 	bl	1a002448 <gpioWrite>
    return SX126X_HAL_STATUS_OK;
1a000b82:	2000      	movs	r0, #0
}
1a000b84:	e8bd 83f8 	ldmia.w	sp!, {r3, r4, r5, r6, r7, r8, r9, pc}
        spiWrite(SPI0, (uint8_t*)data, data_length);
1a000b88:	4632      	mov	r2, r6
1a000b8a:	4649      	mov	r1, r9
1a000b8c:	2000      	movs	r0, #0
1a000b8e:	f001 fd69 	bl	1a002664 <spiWrite>
1a000b92:	e7f1      	b.n	1a000b78 <sx126x_hal_write+0x50>
1a000b94:	1a0079bc 	.word	0x1a0079bc

1a000b98 <sx126x_hal_read>:
                                     uint8_t* data, const uint16_t data_length) {
1a000b98:	e92d 43f8 	stmdb	sp!, {r3, r4, r5, r6, r7, r8, r9, lr}
1a000b9c:	4605      	mov	r5, r0
1a000b9e:	460f      	mov	r7, r1
1a000ba0:	4690      	mov	r8, r2
1a000ba2:	4699      	mov	r9, r3
1a000ba4:	f8bd 6020 	ldrh.w	r6, [sp, #32]
    uint32_t timeout = 0;
1a000ba8:	2400      	movs	r4, #0
    while (gpioRead(ctx->busy_pin) == HIGH) {
1a000baa:	f995 0001 	ldrsb.w	r0, [r5, #1]
1a000bae:	f001 fc80 	bl	1a0024b2 <gpioRead>
1a000bb2:	2801      	cmp	r0, #1
1a000bb4:	d10d      	bne.n	1a000bd2 <sx126x_hal_read+0x3a>
        delay(1);
1a000bb6:	2001      	movs	r0, #1
1a000bb8:	2100      	movs	r1, #0
1a000bba:	f001 fe1d 	bl	1a0027f8 <delay>
        timeout++;
1a000bbe:	3401      	adds	r4, #1
        if (timeout > 2000) {
1a000bc0:	f5b4 6ffa 	cmp.w	r4, #2000	; 0x7d0
1a000bc4:	d9f1      	bls.n	1a000baa <sx126x_hal_read+0x12>
             uartWriteString(UART_USB, "[ERROR] BUSY PIN TRABADO EN LECTURA\r\n");
1a000bc6:	490f      	ldr	r1, [pc, #60]	; (1a000c04 <sx126x_hal_read+0x6c>)
1a000bc8:	2003      	movs	r0, #3
1a000bca:	f001 fdc2 	bl	1a002752 <uartWriteString>
             return SX126X_HAL_STATUS_ERROR;
1a000bce:	2003      	movs	r0, #3
1a000bd0:	e010      	b.n	1a000bf4 <sx126x_hal_read+0x5c>
    gpioWrite(ctx->nss_pin, LOW);
1a000bd2:	2100      	movs	r1, #0
1a000bd4:	f995 0000 	ldrsb.w	r0, [r5]
1a000bd8:	f001 fc36 	bl	1a002448 <gpioWrite>
    spiWrite(SPI0, (uint8_t*)command, command_length);
1a000bdc:	4642      	mov	r2, r8
1a000bde:	4639      	mov	r1, r7
1a000be0:	2000      	movs	r0, #0
1a000be2:	f001 fd3f 	bl	1a002664 <spiWrite>
    if (data_length > 0) {
1a000be6:	b93e      	cbnz	r6, 1a000bf8 <sx126x_hal_read+0x60>
    gpioWrite(ctx->nss_pin, HIGH);
1a000be8:	2101      	movs	r1, #1
1a000bea:	f995 0000 	ldrsb.w	r0, [r5]
1a000bee:	f001 fc2b 	bl	1a002448 <gpioWrite>
    return SX126X_HAL_STATUS_OK;
1a000bf2:	2000      	movs	r0, #0
}
1a000bf4:	e8bd 83f8 	ldmia.w	sp!, {r3, r4, r5, r6, r7, r8, r9, pc}
        spiRead(SPI0, data, data_length);
1a000bf8:	4632      	mov	r2, r6
1a000bfa:	4649      	mov	r1, r9
1a000bfc:	2000      	movs	r0, #0
1a000bfe:	f001 fd1b 	bl	1a002638 <spiRead>
1a000c02:	e7f1      	b.n	1a000be8 <sx126x_hal_read+0x50>
1a000c04:	1a007994 	.word	0x1a007994

1a000c08 <main>:

int main(void) {
1a000c08:	b530      	push	{r4, r5, lr}
1a000c0a:	b093      	sub	sp, #76	; 0x4c
    boardInit();
1a000c0c:	f001 fdba 	bl	1a002784 <boardInit>
    uartConfig(UART_USB, 115200);
1a000c10:	f44f 31e1 	mov.w	r1, #115200	; 0x1c200
1a000c14:	2003      	movs	r0, #3
1a000c16:	f001 fd51 	bl	1a0026bc <uartInit>
    spiInit(SPI0);
1a000c1a:	2000      	movs	r0, #0
1a000c1c:	f001 fce4 	bl	1a0025e8 <spiInit>
    
    uartWriteString(UART_USB, "\r\n=== LoRaWAN OTAA Test ===\r\n");
1a000c20:	4938      	ldr	r1, [pc, #224]	; (1a000d04 <main+0xfc>)
1a000c22:	2003      	movs	r0, #3
1a000c24:	f001 fd95 	bl	1a002752 <uartWriteString>
    uartWriteString(UART_USB, "DevEUI: 00:00:11:11:00:00:11:11\r\n");
1a000c28:	4937      	ldr	r1, [pc, #220]	; (1a000d08 <main+0x100>)
1a000c2a:	2003      	movs	r0, #3
1a000c2c:	f001 fd91 	bl	1a002752 <uartWriteString>
    uartWriteString(UART_USB, "Frecuencia: AU915 Sub-band 2 (916.8-918.2 MHz)\r\n\r\n");
1a000c30:	4936      	ldr	r1, [pc, #216]	; (1a000d0c <main+0x104>)
1a000c32:	2003      	movs	r0, #3
1a000c34:	f001 fd8d 	bl	1a002752 <uartWriteString>
    
    // Primitivas de LoRaMac
    LoRaMacPrimitives_t primitives = {
1a000c38:	4a35      	ldr	r2, [pc, #212]	; (1a000d10 <main+0x108>)
1a000c3a:	ab0f      	add	r3, sp, #60	; 0x3c
1a000c3c:	ca07      	ldmia	r2, {r0, r1, r2}
1a000c3e:	e883 0007 	stmia.w	r3, {r0, r1, r2}
        .MacMcpsIndication = OnMacMcpsIndication,
        .MacMlmeConfirm = OnMacMlmeConfirm
    };
    
    // Inicializar LoRaMac
    LoRaMac_Init(&primitives, &credentials);
1a000c42:	4934      	ldr	r1, [pc, #208]	; (1a000d14 <main+0x10c>)
1a000c44:	4618      	mov	r0, r3
1a000c46:	f000 fa35 	bl	1a0010b4 <LoRaMac_Init>
    
    uartWriteString(UART_USB, "LoRaMac inicializado\r\n");
1a000c4a:	4933      	ldr	r1, [pc, #204]	; (1a000d18 <main+0x110>)
1a000c4c:	2003      	movs	r0, #3
1a000c4e:	f001 fd80 	bl	1a002752 <uartWriteString>
    
    // Intentar JOIN
    int joinAttempts = 0;
1a000c52:	2400      	movs	r4, #0
    while (!joinSuccess && joinAttempts < 10) {
1a000c54:	e018      	b.n	1a000c88 <main+0x80>
        joinAttempts++;
1a000c56:	3401      	adds	r4, #1
        uartWriteString(UART_USB, "Intento de JOIN #");
1a000c58:	4930      	ldr	r1, [pc, #192]	; (1a000d1c <main+0x114>)
1a000c5a:	2003      	movs	r0, #3
1a000c5c:	f001 fd79 	bl	1a002752 <uartWriteString>
        char buffer[10];
        sprintf(buffer, "%d", joinAttempts);
1a000c60:	4622      	mov	r2, r4
1a000c62:	492f      	ldr	r1, [pc, #188]	; (1a000d20 <main+0x118>)
1a000c64:	a802      	add	r0, sp, #8
1a000c66:	f003 f915 	bl	1a003e94 <sprintf>
        uartWriteString(UART_USB, buffer);
1a000c6a:	a902      	add	r1, sp, #8
1a000c6c:	2003      	movs	r0, #3
1a000c6e:	f001 fd70 	bl	1a002752 <uartWriteString>
        uartWriteString(UART_USB, "\r\n");
1a000c72:	492c      	ldr	r1, [pc, #176]	; (1a000d24 <main+0x11c>)
1a000c74:	2003      	movs	r0, #3
1a000c76:	f001 fd6c 	bl	1a002752 <uartWriteString>
        
        LoRaMac_Join();
1a000c7a:	f000 fa69 	bl	1a001150 <LoRaMac_Join>
        delay(10000);  // Esperar 10 segundos entre intentos
1a000c7e:	f242 7010 	movw	r0, #10000	; 0x2710
1a000c82:	2100      	movs	r1, #0
1a000c84:	f001 fdb8 	bl	1a0027f8 <delay>
    while (!joinSuccess && joinAttempts < 10) {
1a000c88:	4b27      	ldr	r3, [pc, #156]	; (1a000d28 <main+0x120>)
1a000c8a:	781b      	ldrb	r3, [r3, #0]
1a000c8c:	b90b      	cbnz	r3, 1a000c92 <main+0x8a>
1a000c8e:	2c09      	cmp	r4, #9
1a000c90:	dde1      	ble.n	1a000c56 <main+0x4e>
    }
    
    if (!joinSuccess) {
1a000c92:	b10b      	cbz	r3, 1a000c98 <main+0x90>
            delay(1000);
        }
    }
    
    // Loop principal - enviar datos cada 30 segundos
    int contador = 0;
1a000c94:	2500      	movs	r5, #0
1a000c96:	e00e      	b.n	1a000cb6 <main+0xae>
        uartWriteString(UART_USB, "ERROR: No se pudo conectar al gateway\r\n");
1a000c98:	4924      	ldr	r1, [pc, #144]	; (1a000d2c <main+0x124>)
1a000c9a:	2003      	movs	r0, #3
1a000c9c:	f001 fd59 	bl	1a002752 <uartWriteString>
            delay(1000);
1a000ca0:	f44f 707a 	mov.w	r0, #1000	; 0x3e8
1a000ca4:	2100      	movs	r1, #0
1a000ca6:	f001 fda7 	bl	1a0027f8 <delay>
1a000caa:	e7f9      	b.n	1a000ca0 <main+0x98>
            uartWriteString(UART_USB, "\r\n");
            
            LoRaMac_Send(&txInfo);
        }
        
        delay(30000);  // Enviar cada 30 segundos
1a000cac:	f247 5030 	movw	r0, #30000	; 0x7530
1a000cb0:	2100      	movs	r1, #0
1a000cb2:	f001 fda1 	bl	1a0027f8 <delay>
        if (LoRaMac_IsJoined()) {
1a000cb6:	f000 fb2b 	bl	1a001310 <LoRaMac_IsJoined>
1a000cba:	2800      	cmp	r0, #0
1a000cbc:	d0f6      	beq.n	1a000cac <main+0xa4>
            contador++;
1a000cbe:	3501      	adds	r5, #1
            sprintf(payload, "Hola RAK %d", contador);
1a000cc0:	ac02      	add	r4, sp, #8
1a000cc2:	462a      	mov	r2, r5
1a000cc4:	491a      	ldr	r1, [pc, #104]	; (1a000d30 <main+0x128>)
1a000cc6:	4620      	mov	r0, r4
1a000cc8:	f003 f8e4 	bl	1a003e94 <sprintf>
            LoRaMacTxInfo_t txInfo = {
1a000ccc:	9400      	str	r4, [sp, #0]
                .BufferSize = strlen(payload),
1a000cce:	4620      	mov	r0, r4
1a000cd0:	f003 f916 	bl	1a003f00 <strlen>
            LoRaMacTxInfo_t txInfo = {
1a000cd4:	f88d 0004 	strb.w	r0, [sp, #4]
1a000cd8:	2301      	movs	r3, #1
1a000cda:	f88d 3005 	strb.w	r3, [sp, #5]
1a000cde:	2300      	movs	r3, #0
1a000ce0:	f88d 3006 	strb.w	r3, [sp, #6]
            uartWriteString(UART_USB, "Enviando: ");
1a000ce4:	4913      	ldr	r1, [pc, #76]	; (1a000d34 <main+0x12c>)
1a000ce6:	2003      	movs	r0, #3
1a000ce8:	f001 fd33 	bl	1a002752 <uartWriteString>
            uartWriteString(UART_USB, payload);
1a000cec:	4621      	mov	r1, r4
1a000cee:	2003      	movs	r0, #3
1a000cf0:	f001 fd2f 	bl	1a002752 <uartWriteString>
            uartWriteString(UART_USB, "\r\n");
1a000cf4:	490b      	ldr	r1, [pc, #44]	; (1a000d24 <main+0x11c>)
1a000cf6:	2003      	movs	r0, #3
1a000cf8:	f001 fd2b 	bl	1a002752 <uartWriteString>
            LoRaMac_Send(&txInfo);
1a000cfc:	4668      	mov	r0, sp
1a000cfe:	f000 fab3 	bl	1a001268 <LoRaMac_Send>
1a000d02:	e7d3      	b.n	1a000cac <main+0xa4>
1a000d04:	1a0078ac 	.word	0x1a0078ac
1a000d08:	1a0078cc 	.word	0x1a0078cc
1a000d0c:	1a0078f0 	.word	0x1a0078f0
1a000d10:	1a00781c 	.word	0x1a00781c
1a000d14:	10000000 	.word	0x10000000
1a000d18:	1a007924 	.word	0x1a007924
1a000d1c:	1a00793c 	.word	0x1a00793c
1a000d20:	1a007950 	.word	0x1a007950
1a000d24:	1a007920 	.word	0x1a007920
1a000d28:	10000a30 	.word	0x10000a30
1a000d2c:	1a007954 	.word	0x1a007954
1a000d30:	1a00797c 	.word	0x1a00797c
1a000d34:	1a007988 	.word	0x1a007988

1a000d38 <Radio_Init>:

// Buffer de recepción
static uint8_t RxBuffer[255];
static uint8_t RxBufferSize = 0;

void Radio_Init(RadioEvents_t* events) {
1a000d38:	b570      	push	{r4, r5, r6, lr}
1a000d3a:	b082      	sub	sp, #8
    RadioEvents = events;
1a000d3c:	4b3e      	ldr	r3, [pc, #248]	; (1a000e38 <Radio_Init+0x100>)
1a000d3e:	6018      	str	r0, [r3, #0]
    
    uartWriteString(UART_USB, "Inicializando GPIOs...\r\n");
1a000d40:	493e      	ldr	r1, [pc, #248]	; (1a000e3c <Radio_Init+0x104>)
1a000d42:	2003      	movs	r0, #3
1a000d44:	f001 fd05 	bl	1a002752 <uartWriteString>
    
    // Inicializar GPIOs
    gpioInit(GPIO5, GPIO_OUTPUT);  // NSS
1a000d48:	2100      	movs	r1, #0
1a000d4a:	200d      	movs	r0, #13
1a000d4c:	f001 faa6 	bl	1a00229c <gpioInit>
    gpioInit(GPIO1, GPIO_INPUT);   // BUSY
1a000d50:	2101      	movs	r1, #1
1a000d52:	200f      	movs	r0, #15
1a000d54:	f001 faa2 	bl	1a00229c <gpioInit>
    gpioInit(GPIO3, GPIO_OUTPUT);  // RESET
1a000d58:	2100      	movs	r1, #0
1a000d5a:	200e      	movs	r0, #14
1a000d5c:	f001 fa9e 	bl	1a00229c <gpioInit>
    
    gpioWrite(GPIO5, HIGH);  // NSS alto
1a000d60:	2101      	movs	r1, #1
1a000d62:	200d      	movs	r0, #13
1a000d64:	f001 fb70 	bl	1a002448 <gpioWrite>
    
    uartWriteString(UART_USB, "Haciendo RESET del SX1262...\r\n");
1a000d68:	4935      	ldr	r1, [pc, #212]	; (1a000e40 <Radio_Init+0x108>)
1a000d6a:	2003      	movs	r0, #3
1a000d6c:	f001 fcf1 	bl	1a002752 <uartWriteString>
    
    // Reset del SX1262
    gpioWrite(GPIO3, LOW);
1a000d70:	2100      	movs	r1, #0
1a000d72:	200e      	movs	r0, #14
1a000d74:	f001 fb68 	bl	1a002448 <gpioWrite>
    delay(20);
1a000d78:	2014      	movs	r0, #20
1a000d7a:	2100      	movs	r1, #0
1a000d7c:	f001 fd3c 	bl	1a0027f8 <delay>
    gpioWrite(GPIO3, HIGH);
1a000d80:	2101      	movs	r1, #1
1a000d82:	200e      	movs	r0, #14
1a000d84:	f001 fb60 	bl	1a002448 <gpioWrite>
    delay(100);
1a000d88:	2064      	movs	r0, #100	; 0x64
1a000d8a:	2100      	movs	r1, #0
1a000d8c:	f001 fd34 	bl	1a0027f8 <delay>
    
    uartWriteString(UART_USB, "Esperando BUSY...\r\n");
1a000d90:	492c      	ldr	r1, [pc, #176]	; (1a000e44 <Radio_Init+0x10c>)
1a000d92:	2003      	movs	r0, #3
1a000d94:	f001 fcdd 	bl	1a002752 <uartWriteString>
    
    // Verificar BUSY
    int busy_wait = 0;
1a000d98:	2400      	movs	r4, #0
    while (gpioRead(GPIO1) == HIGH && busy_wait < 1000) {
1a000d9a:	200f      	movs	r0, #15
1a000d9c:	f001 fb89 	bl	1a0024b2 <gpioRead>
1a000da0:	2801      	cmp	r0, #1
1a000da2:	d108      	bne.n	1a000db6 <Radio_Init+0x7e>
1a000da4:	f5b4 7f7a 	cmp.w	r4, #1000	; 0x3e8
1a000da8:	da05      	bge.n	1a000db6 <Radio_Init+0x7e>
        delay(1);
1a000daa:	2001      	movs	r0, #1
1a000dac:	2100      	movs	r1, #0
1a000dae:	f001 fd23 	bl	1a0027f8 <delay>
        busy_wait++;
1a000db2:	3401      	adds	r4, #1
1a000db4:	e7f1      	b.n	1a000d9a <Radio_Init+0x62>
    }
    
    if (busy_wait >= 1000) {
1a000db6:	f5b4 7f7a 	cmp.w	r4, #1000	; 0x3e8
1a000dba:	db37      	blt.n	1a000e2c <Radio_Init+0xf4>
        uartWriteString(UART_USB, "ERROR: BUSY timeout!\r\n");
1a000dbc:	4922      	ldr	r1, [pc, #136]	; (1a000e48 <Radio_Init+0x110>)
1a000dbe:	2003      	movs	r0, #3
1a000dc0:	f001 fcc7 	bl	1a002752 <uartWriteString>
    } else {
        uartWriteString(UART_USB, "BUSY OK\r\n");
    }
    
    uartWriteString(UART_USB, "Configurando SX1262...\r\n");
1a000dc4:	4921      	ldr	r1, [pc, #132]	; (1a000e4c <Radio_Init+0x114>)
1a000dc6:	2003      	movs	r0, #3
1a000dc8:	f001 fcc3 	bl	1a002752 <uartWriteString>
    
    // Configuración básica del SX1262
    sx126x_status_t status = sx126x_set_standby(&sx126x_context, SX126X_STANDBY_CFG_RC);
1a000dcc:	4c20      	ldr	r4, [pc, #128]	; (1a000e50 <Radio_Init+0x118>)
1a000dce:	2100      	movs	r1, #0
1a000dd0:	4620      	mov	r0, r4
1a000dd2:	f7ff fa95 	bl	1a000300 <sx126x_set_standby>
    
    // Configurar regulador de voltaje
    sx126x_set_reg_mode(&sx126x_context, SX126X_REG_MODE_DCDC);
1a000dd6:	2101      	movs	r1, #1
1a000dd8:	4620      	mov	r0, r4
1a000dda:	f7ff fab9 	bl	1a000350 <sx126x_set_reg_mode>
    
    // Configurar tipo de paquete
    sx126x_set_pkt_type(&sx126x_context, SX126X_PKT_TYPE_LORA);
1a000dde:	2101      	movs	r1, #1
1a000de0:	4620      	mov	r0, r4
1a000de2:	f7ff fb54 	bl	1a00048e <sx126x_set_pkt_type>
    
    // Configurar frecuencia inicial (916.8 MHz - AU915 canal 8)
    sx126x_set_rf_freq(&sx126x_context, 916800000);
1a000de6:	491b      	ldr	r1, [pc, #108]	; (1a000e54 <Radio_Init+0x11c>)
1a000de8:	4620      	mov	r0, r4
1a000dea:	f7ff fc45 	bl	1a000678 <sx126x_set_rf_freq>
    
    // Configurar PA para SX1262 (LP PA)
    sx126x_pa_cfg_params_t pa_cfg;
    pa_cfg.pa_duty_cycle = 0x04;
1a000dee:	2604      	movs	r6, #4
1a000df0:	f88d 6004 	strb.w	r6, [sp, #4]
    pa_cfg.hp_max = 0x07;
1a000df4:	2307      	movs	r3, #7
1a000df6:	f88d 3005 	strb.w	r3, [sp, #5]
    pa_cfg.device_sel = 0x00;  // SX1262
1a000dfa:	2500      	movs	r5, #0
1a000dfc:	f88d 5006 	strb.w	r5, [sp, #6]
    pa_cfg.pa_lut = 0x01;
1a000e00:	2301      	movs	r3, #1
1a000e02:	f88d 3007 	strb.w	r3, [sp, #7]
    sx126x_set_pa_cfg(&sx126x_context, &pa_cfg);
1a000e06:	eb0d 0106 	add.w	r1, sp, r6
1a000e0a:	4620      	mov	r0, r4
1a000e0c:	f7ff fab0 	bl	1a000370 <sx126x_set_pa_cfg>
    
    // Configurar potencia de TX: 22 dBm
    sx126x_set_tx_params(&sx126x_context, 22, SX126X_RAMP_200_US);
1a000e10:	4632      	mov	r2, r6
1a000e12:	2116      	movs	r1, #22
1a000e14:	4620      	mov	r0, r4
1a000e16:	f7ff fb4a 	bl	1a0004ae <sx126x_set_tx_params>
    
    // Configurar buffer base address
    sx126x_set_buffer_base_address(&sx126x_context, 0, 0);
1a000e1a:	462a      	mov	r2, r5
1a000e1c:	4629      	mov	r1, r5
1a000e1e:	4620      	mov	r0, r4
1a000e20:	f7ff fbab 	bl	1a00057a <sx126x_set_buffer_base_address>
    
    RadioState = RF_IDLE;
1a000e24:	4b0c      	ldr	r3, [pc, #48]	; (1a000e58 <Radio_Init+0x120>)
1a000e26:	701d      	strb	r5, [r3, #0]
}
1a000e28:	b002      	add	sp, #8
1a000e2a:	bd70      	pop	{r4, r5, r6, pc}
        uartWriteString(UART_USB, "BUSY OK\r\n");
1a000e2c:	490b      	ldr	r1, [pc, #44]	; (1a000e5c <Radio_Init+0x124>)
1a000e2e:	2003      	movs	r0, #3
1a000e30:	f001 fc8f 	bl	1a002752 <uartWriteString>
1a000e34:	e7c6      	b.n	1a000dc4 <Radio_Init+0x8c>
1a000e36:	bf00      	nop
1a000e38:	10000a34 	.word	0x10000a34
1a000e3c:	1a0079e8 	.word	0x1a0079e8
1a000e40:	1a007a04 	.word	0x1a007a04
1a000e44:	1a007a24 	.word	0x1a007a24
1a000e48:	1a007a38 	.word	0x1a007a38
1a000e4c:	1a007a5c 	.word	0x1a007a5c
1a000e50:	10000020 	.word	0x10000020
1a000e54:	36a54200 	.word	0x36a54200
1a000e58:	10000a38 	.word	0x10000a38
1a000e5c:	1a007a50 	.word	0x1a007a50

1a000e60 <Radio_SetChannel>:

void Radio_SetChannel(uint32_t freq) {
1a000e60:	b508      	push	{r3, lr}
    sx126x_set_rf_freq(&sx126x_context, freq);
1a000e62:	4601      	mov	r1, r0
1a000e64:	4801      	ldr	r0, [pc, #4]	; (1a000e6c <Radio_SetChannel+0xc>)
1a000e66:	f7ff fc07 	bl	1a000678 <sx126x_set_rf_freq>
}
1a000e6a:	bd08      	pop	{r3, pc}
1a000e6c:	10000020 	.word	0x10000020

1a000e70 <Radio_SetTxConfig>:

void Radio_SetTxConfig(uint8_t power, uint32_t bandwidth, uint8_t datarate, uint8_t coderate, uint16_t preambleLen, bool crcOn) {
1a000e70:	b530      	push	{r4, r5, lr}
1a000e72:	b085      	sub	sp, #20
    sx126x_mod_params_lora_t mod_params;
    mod_params.sf = (sx126x_lora_sf_t)datarate;
1a000e74:	f88d 200c 	strb.w	r2, [sp, #12]
    mod_params.bw = (sx126x_lora_bw_t)bandwidth;
1a000e78:	f88d 100d 	strb.w	r1, [sp, #13]
    mod_params.cr = (sx126x_lora_cr_t)coderate;
1a000e7c:	f88d 300e 	strb.w	r3, [sp, #14]
    mod_params.ldro = 0;
1a000e80:	2500      	movs	r5, #0
1a000e82:	f88d 500f 	strb.w	r5, [sp, #15]
    
    sx126x_set_lora_mod_params(&sx126x_context, &mod_params);
1a000e86:	4c0f      	ldr	r4, [pc, #60]	; (1a000ec4 <Radio_SetTxConfig+0x54>)
1a000e88:	a903      	add	r1, sp, #12
1a000e8a:	4620      	mov	r0, r4
1a000e8c:	f7ff fc44 	bl	1a000718 <sx126x_set_lora_mod_params>
    
    sx126x_pkt_params_lora_t pkt_params;
    pkt_params.preamble_len_in_symb = preambleLen;
1a000e90:	f8bd 3020 	ldrh.w	r3, [sp, #32]
1a000e94:	f8ad 3004 	strh.w	r3, [sp, #4]
    pkt_params.header_type = SX126X_LORA_PKT_EXPLICIT;
1a000e98:	f88d 5006 	strb.w	r5, [sp, #6]
    pkt_params.pld_len_in_bytes = 255;
1a000e9c:	23ff      	movs	r3, #255	; 0xff
1a000e9e:	f88d 3007 	strb.w	r3, [sp, #7]
    pkt_params.crc_is_on = crcOn;
1a000ea2:	f89d 3024 	ldrb.w	r3, [sp, #36]	; 0x24
1a000ea6:	f88d 3008 	strb.w	r3, [sp, #8]
    pkt_params.invert_iq_is_on = false;
1a000eaa:	f88d 5009 	strb.w	r5, [sp, #9]
    
    sx126x_set_lora_pkt_params(&sx126x_context, &pkt_params);
1a000eae:	a901      	add	r1, sp, #4
1a000eb0:	4620      	mov	r0, r4
1a000eb2:	f7ff fb0e 	bl	1a0004d2 <sx126x_set_lora_pkt_params>
    sx126x_set_tx_params(&sx126x_context, 22, SX126X_RAMP_200_US);  // Potencia máxima
1a000eb6:	2204      	movs	r2, #4
1a000eb8:	2116      	movs	r1, #22
1a000eba:	4620      	mov	r0, r4
1a000ebc:	f7ff faf7 	bl	1a0004ae <sx126x_set_tx_params>
}
1a000ec0:	b005      	add	sp, #20
1a000ec2:	bd30      	pop	{r4, r5, pc}
1a000ec4:	10000020 	.word	0x10000020

1a000ec8 <Radio_SetRxConfig>:

void Radio_SetRxConfig(uint32_t bandwidth, uint8_t datarate, uint8_t coderate, uint16_t preambleLen, uint16_t symbTimeout, bool crcOn) {
1a000ec8:	b570      	push	{r4, r5, r6, lr}
1a000eca:	b084      	sub	sp, #16
1a000ecc:	461e      	mov	r6, r3
    sx126x_mod_params_lora_t mod_params;
    mod_params.sf = (sx126x_lora_sf_t)datarate;
1a000ece:	f88d 100c 	strb.w	r1, [sp, #12]
    mod_params.bw = (sx126x_lora_bw_t)bandwidth;
1a000ed2:	f88d 000d 	strb.w	r0, [sp, #13]
    mod_params.cr = (sx126x_lora_cr_t)coderate;
1a000ed6:	f88d 200e 	strb.w	r2, [sp, #14]
    mod_params.ldro = 0;
1a000eda:	2500      	movs	r5, #0
1a000edc:	f88d 500f 	strb.w	r5, [sp, #15]
    
    sx126x_set_lora_mod_params(&sx126x_context, &mod_params);
1a000ee0:	4c0e      	ldr	r4, [pc, #56]	; (1a000f1c <Radio_SetRxConfig+0x54>)
1a000ee2:	a903      	add	r1, sp, #12
1a000ee4:	4620      	mov	r0, r4
1a000ee6:	f7ff fc17 	bl	1a000718 <sx126x_set_lora_mod_params>
    
    sx126x_pkt_params_lora_t pkt_params;
    pkt_params.preamble_len_in_symb = preambleLen;
1a000eea:	f8ad 6004 	strh.w	r6, [sp, #4]
    pkt_params.header_type = SX126X_LORA_PKT_EXPLICIT;
1a000eee:	f88d 5006 	strb.w	r5, [sp, #6]
    pkt_params.pld_len_in_bytes = 255;
1a000ef2:	23ff      	movs	r3, #255	; 0xff
1a000ef4:	f88d 3007 	strb.w	r3, [sp, #7]
    pkt_params.crc_is_on = crcOn;
1a000ef8:	f89d 3024 	ldrb.w	r3, [sp, #36]	; 0x24
1a000efc:	f88d 3008 	strb.w	r3, [sp, #8]
    pkt_params.invert_iq_is_on = true;  // Invertir IQ en RX
1a000f00:	2301      	movs	r3, #1
1a000f02:	f88d 3009 	strb.w	r3, [sp, #9]
    
    sx126x_set_lora_pkt_params(&sx126x_context, &pkt_params);
1a000f06:	a901      	add	r1, sp, #4
1a000f08:	4620      	mov	r0, r4
1a000f0a:	f7ff fae2 	bl	1a0004d2 <sx126x_set_lora_pkt_params>
    sx126x_set_lora_symb_nb_timeout(&sx126x_context, symbTimeout);
1a000f0e:	f89d 1020 	ldrb.w	r1, [sp, #32]
1a000f12:	4620      	mov	r0, r4
1a000f14:	f7ff fb43 	bl	1a00059e <sx126x_set_lora_symb_nb_timeout>
}
1a000f18:	b004      	add	sp, #16
1a000f1a:	bd70      	pop	{r4, r5, r6, pc}
1a000f1c:	10000020 	.word	0x10000020

1a000f20 <Radio_Send>:

void Radio_Send(uint8_t* buffer, uint8_t size) {
1a000f20:	e92d 41f0 	stmdb	sp!, {r4, r5, r6, r7, r8, lr}
1a000f24:	b086      	sub	sp, #24
1a000f26:	4680      	mov	r8, r0
1a000f28:	460f      	mov	r7, r1
    RadioState = RF_TX_RUNNING;
1a000f2a:	4e23      	ldr	r6, [pc, #140]	; (1a000fb8 <Radio_Send+0x98>)
1a000f2c:	2302      	movs	r3, #2
1a000f2e:	7033      	strb	r3, [r6, #0]
    
    // Poner en standby primero
    sx126x_set_standby(&sx126x_context, SX126X_STANDBY_CFG_RC);
1a000f30:	4d22      	ldr	r5, [pc, #136]	; (1a000fbc <Radio_Send+0x9c>)
1a000f32:	2100      	movs	r1, #0
1a000f34:	4628      	mov	r0, r5
1a000f36:	f7ff f9e3 	bl	1a000300 <sx126x_set_standby>
    
    // Verificar estado antes de transmitir
    sx126x_chip_status_t chip_status;
    sx126x_get_status(&sx126x_context, &chip_status);
1a000f3a:	a905      	add	r1, sp, #20
1a000f3c:	4628      	mov	r0, r5
1a000f3e:	f7ff fb66 	bl	1a00060e <sx126x_get_status>
    
    // Actualizar longitud del paquete
    sx126x_pkt_params_lora_t pkt_params;
    pkt_params.preamble_len_in_symb = 8;
1a000f42:	2308      	movs	r3, #8
1a000f44:	f8ad 300c 	strh.w	r3, [sp, #12]
    pkt_params.header_type = SX126X_LORA_PKT_EXPLICIT;
1a000f48:	2400      	movs	r4, #0
1a000f4a:	f88d 400e 	strb.w	r4, [sp, #14]
    pkt_params.pld_len_in_bytes = size;
1a000f4e:	f88d 700f 	strb.w	r7, [sp, #15]
    pkt_params.crc_is_on = true;
1a000f52:	2301      	movs	r3, #1
1a000f54:	f88d 3010 	strb.w	r3, [sp, #16]
    pkt_params.invert_iq_is_on = false;
1a000f58:	f88d 4011 	strb.w	r4, [sp, #17]
    sx126x_set_lora_pkt_params(&sx126x_context, &pkt_params);
1a000f5c:	a903      	add	r1, sp, #12
1a000f5e:	4628      	mov	r0, r5
1a000f60:	f7ff fab7 	bl	1a0004d2 <sx126x_set_lora_pkt_params>
    
    // Escribir buffer
    sx126x_write_buffer(&sx126x_context, 0, buffer, size);
1a000f64:	463b      	mov	r3, r7
1a000f66:	4642      	mov	r2, r8
1a000f68:	4621      	mov	r1, r4
1a000f6a:	4628      	mov	r0, r5
1a000f6c:	f7ff fa41 	bl	1a0003f2 <sx126x_write_buffer>
    
    // Configurar DIO1 para TX Done
    sx126x_set_dio_irq_params(&sx126x_context, 
1a000f70:	9400      	str	r4, [sp, #0]
1a000f72:	4623      	mov	r3, r4
1a000f74:	f240 2201 	movw	r2, #513	; 0x201
1a000f78:	4611      	mov	r1, r2
1a000f7a:	4628      	mov	r0, r5
1a000f7c:	f7ff fa48 	bl	1a000410 <sx126x_set_dio_irq_params>
                              SX126X_IRQ_TX_DONE | SX126X_IRQ_TIMEOUT,
                              SX126X_IRQ_NONE,
                              SX126X_IRQ_NONE);
    
    // Transmitir (timeout 5 segundos)
    sx126x_set_tx(&sx126x_context, 5000);
1a000f80:	f241 3188 	movw	r1, #5000	; 0x1388
1a000f84:	4628      	mov	r0, r5
1a000f86:	f7ff fb83 	bl	1a000690 <sx126x_set_tx>
    
    // Esperar TX done (polling de DIO1 - simplificado)
    delay(1500);  // SF12 tarda más - aprox 1.3 segundos
1a000f8a:	f240 50dc 	movw	r0, #1500	; 0x5dc
1a000f8e:	2100      	movs	r1, #0
1a000f90:	f001 fc32 	bl	1a0027f8 <delay>
    
    // Volver a standby para liberar BUSY
    sx126x_set_standby(&sx126x_context, SX126X_STANDBY_CFG_RC);
1a000f94:	4621      	mov	r1, r4
1a000f96:	4628      	mov	r0, r5
1a000f98:	f7ff f9b2 	bl	1a000300 <sx126x_set_standby>
    delay(10);  // Dar tiempo a que BUSY se libere
1a000f9c:	200a      	movs	r0, #10
1a000f9e:	2100      	movs	r1, #0
1a000fa0:	f001 fc2a 	bl	1a0027f8 <delay>
    
    RadioState = RF_IDLE;
1a000fa4:	7034      	strb	r4, [r6, #0]
    if (RadioEvents != NULL && RadioEvents->TxDone != NULL) {
1a000fa6:	4b06      	ldr	r3, [pc, #24]	; (1a000fc0 <Radio_Send+0xa0>)
1a000fa8:	681b      	ldr	r3, [r3, #0]
1a000faa:	b113      	cbz	r3, 1a000fb2 <Radio_Send+0x92>
1a000fac:	681b      	ldr	r3, [r3, #0]
1a000fae:	b103      	cbz	r3, 1a000fb2 <Radio_Send+0x92>
        RadioEvents->TxDone();
1a000fb0:	4798      	blx	r3
    }
}
1a000fb2:	b006      	add	sp, #24
1a000fb4:	e8bd 81f0 	ldmia.w	sp!, {r4, r5, r6, r7, r8, pc}
1a000fb8:	10000a38 	.word	0x10000a38
1a000fbc:	10000020 	.word	0x10000020
1a000fc0:	10000a34 	.word	0x10000a34

1a000fc4 <OnRadioRxError>:
            MacPrimitives->MacMlmeConfirm(LORAMAC_EVENT_INFO_STATUS_JOIN_FAIL);
        }
    }
}

static void OnRadioRxError(void) {
1a000fc4:	b508      	push	{r3, lr}
    uartWriteString(UART_USB, "RX Error\r\n");
1a000fc6:	4902      	ldr	r1, [pc, #8]	; (1a000fd0 <OnRadioRxError+0xc>)
1a000fc8:	2003      	movs	r0, #3
1a000fca:	f001 fbc2 	bl	1a002752 <uartWriteString>
}
1a000fce:	bd08      	pop	{r3, pc}
1a000fd0:	1a007b1c 	.word	0x1a007b1c

1a000fd4 <OnRadioRxTimeout>:
static void OnRadioRxTimeout(void) {
1a000fd4:	b508      	push	{r3, lr}
    uartWriteString(UART_USB, "RX Timeout\r\n");
1a000fd6:	4907      	ldr	r1, [pc, #28]	; (1a000ff4 <OnRadioRxTimeout+0x20>)
1a000fd8:	2003      	movs	r0, #3
1a000fda:	f001 fbba 	bl	1a002752 <uartWriteString>
    if (!IsNetworkJoined) {
1a000fde:	4b06      	ldr	r3, [pc, #24]	; (1a000ff8 <OnRadioRxTimeout+0x24>)
1a000fe0:	781b      	ldrb	r3, [r3, #0]
1a000fe2:	b933      	cbnz	r3, 1a000ff2 <OnRadioRxTimeout+0x1e>
        if (MacPrimitives != NULL && MacPrimitives->MacMlmeConfirm != NULL) {
1a000fe4:	4b05      	ldr	r3, [pc, #20]	; (1a000ffc <OnRadioRxTimeout+0x28>)
1a000fe6:	681b      	ldr	r3, [r3, #0]
1a000fe8:	b11b      	cbz	r3, 1a000ff2 <OnRadioRxTimeout+0x1e>
1a000fea:	689b      	ldr	r3, [r3, #8]
1a000fec:	b10b      	cbz	r3, 1a000ff2 <OnRadioRxTimeout+0x1e>
            MacPrimitives->MacMlmeConfirm(LORAMAC_EVENT_INFO_STATUS_JOIN_FAIL);
1a000fee:	2007      	movs	r0, #7
1a000ff0:	4798      	blx	r3
}
1a000ff2:	bd08      	pop	{r3, pc}
1a000ff4:	1a007b28 	.word	0x1a007b28
1a000ff8:	10000a42 	.word	0x10000a42
1a000ffc:	10000a64 	.word	0x10000a64

1a001000 <OnRadioRxDone>:
static void OnRadioRxDone(uint8_t* payload, uint16_t size, int16_t rssi, int8_t snr) {
1a001000:	e92d 41f0 	stmdb	sp!, {r4, r5, r6, r7, r8, lr}
1a001004:	4605      	mov	r5, r0
1a001006:	460c      	mov	r4, r1
1a001008:	4616      	mov	r6, r2
1a00100a:	461f      	mov	r7, r3
    uartWriteString(UART_USB, "RX Done\r\n");
1a00100c:	4916      	ldr	r1, [pc, #88]	; (1a001068 <OnRadioRxDone+0x68>)
1a00100e:	2003      	movs	r0, #3
1a001010:	f001 fb9f 	bl	1a002752 <uartWriteString>
    if (!IsNetworkJoined && size >= 17) {
1a001014:	4b15      	ldr	r3, [pc, #84]	; (1a00106c <OnRadioRxDone+0x6c>)
1a001016:	781b      	ldrb	r3, [r3, #0]
1a001018:	b90b      	cbnz	r3, 1a00101e <OnRadioRxDone+0x1e>
1a00101a:	2c10      	cmp	r4, #16
1a00101c:	d80f      	bhi.n	1a00103e <OnRadioRxDone+0x3e>
    } else if (IsNetworkJoined) {
1a00101e:	b163      	cbz	r3, 1a00103a <OnRadioRxDone+0x3a>
        if (MacPrimitives != NULL && MacPrimitives->MacMcpsIndication != NULL) {
1a001020:	4b13      	ldr	r3, [pc, #76]	; (1a001070 <OnRadioRxDone+0x70>)
1a001022:	681b      	ldr	r3, [r3, #0]
1a001024:	b14b      	cbz	r3, 1a00103a <OnRadioRxDone+0x3a>
1a001026:	f8d3 8004 	ldr.w	r8, [r3, #4]
1a00102a:	f1b8 0f00 	cmp.w	r8, #0
1a00102e:	d004      	beq.n	1a00103a <OnRadioRxDone+0x3a>
            MacPrimitives->MacMcpsIndication(payload, size, rssi, snr);
1a001030:	463b      	mov	r3, r7
1a001032:	4632      	mov	r2, r6
1a001034:	b2e1      	uxtb	r1, r4
1a001036:	4628      	mov	r0, r5
1a001038:	47c0      	blx	r8
}
1a00103a:	e8bd 81f0 	ldmia.w	sp!, {r4, r5, r6, r7, r8, pc}
        uartWriteString(UART_USB, "JOIN ACCEPT recibido!\r\n");
1a00103e:	490d      	ldr	r1, [pc, #52]	; (1a001074 <OnRadioRxDone+0x74>)
1a001040:	2003      	movs	r0, #3
1a001042:	f001 fb86 	bl	1a002752 <uartWriteString>
        DevAddr = 0x12345678;  // Dummy por ahora
1a001046:	4b0c      	ldr	r3, [pc, #48]	; (1a001078 <OnRadioRxDone+0x78>)
1a001048:	4a0c      	ldr	r2, [pc, #48]	; (1a00107c <OnRadioRxDone+0x7c>)
1a00104a:	601a      	str	r2, [r3, #0]
        IsNetworkJoined = true;
1a00104c:	4b07      	ldr	r3, [pc, #28]	; (1a00106c <OnRadioRxDone+0x6c>)
1a00104e:	2201      	movs	r2, #1
1a001050:	701a      	strb	r2, [r3, #0]
        if (MacPrimitives != NULL && MacPrimitives->MacMlmeConfirm != NULL) {
1a001052:	4b07      	ldr	r3, [pc, #28]	; (1a001070 <OnRadioRxDone+0x70>)
1a001054:	681b      	ldr	r3, [r3, #0]
1a001056:	2b00      	cmp	r3, #0
1a001058:	d0ef      	beq.n	1a00103a <OnRadioRxDone+0x3a>
1a00105a:	689b      	ldr	r3, [r3, #8]
1a00105c:	2b00      	cmp	r3, #0
1a00105e:	d0ec      	beq.n	1a00103a <OnRadioRxDone+0x3a>
            MacPrimitives->MacMlmeConfirm(LORAMAC_EVENT_INFO_STATUS_OK);
1a001060:	2000      	movs	r0, #0
1a001062:	4798      	blx	r3
1a001064:	e7e9      	b.n	1a00103a <OnRadioRxDone+0x3a>
1a001066:	bf00      	nop
1a001068:	1a007af8 	.word	0x1a007af8
1a00106c:	10000a42 	.word	0x10000a42
1a001070:	10000a64 	.word	0x10000a64
1a001074:	1a007b04 	.word	0x1a007b04
1a001078:	10000a3c 	.word	0x10000a3c
1a00107c:	12345678 	.word	0x12345678

1a001080 <OnRadioTxTimeout>:
static void OnRadioTxTimeout(void) {
1a001080:	b508      	push	{r3, lr}
    uartWriteString(UART_USB, "TX Timeout\r\n");
1a001082:	4902      	ldr	r1, [pc, #8]	; (1a00108c <OnRadioTxTimeout+0xc>)
1a001084:	2003      	movs	r0, #3
1a001086:	f001 fb64 	bl	1a002752 <uartWriteString>
}
1a00108a:	bd08      	pop	{r3, pc}
1a00108c:	1a007b44 	.word	0x1a007b44

1a001090 <OnRadioTxDone>:
static void OnRadioTxDone(void) {
1a001090:	b508      	push	{r3, lr}
    uartWriteString(UART_USB, "TX Done\r\n");
1a001092:	4906      	ldr	r1, [pc, #24]	; (1a0010ac <OnRadioTxDone+0x1c>)
1a001094:	2003      	movs	r0, #3
1a001096:	f001 fb5c 	bl	1a002752 <uartWriteString>
    if (MacPrimitives != NULL && MacPrimitives->MacMcpsConfirm != NULL) {
1a00109a:	4b05      	ldr	r3, [pc, #20]	; (1a0010b0 <OnRadioTxDone+0x20>)
1a00109c:	681b      	ldr	r3, [r3, #0]
1a00109e:	b11b      	cbz	r3, 1a0010a8 <OnRadioTxDone+0x18>
1a0010a0:	681b      	ldr	r3, [r3, #0]
1a0010a2:	b10b      	cbz	r3, 1a0010a8 <OnRadioTxDone+0x18>
        MacPrimitives->MacMcpsConfirm(LORAMAC_EVENT_INFO_STATUS_OK);
1a0010a4:	2000      	movs	r0, #0
1a0010a6:	4798      	blx	r3
}
1a0010a8:	bd08      	pop	{r3, pc}
1a0010aa:	bf00      	nop
1a0010ac:	1a007b38 	.word	0x1a007b38
1a0010b0:	10000a64 	.word	0x10000a64

1a0010b4 <LoRaMac_Init>:
    if (primitives == NULL || credentials == NULL) {
1a0010b4:	2800      	cmp	r0, #0
1a0010b6:	d037      	beq.n	1a001128 <LoRaMac_Init+0x74>
1a0010b8:	2900      	cmp	r1, #0
1a0010ba:	d037      	beq.n	1a00112c <LoRaMac_Init+0x78>
LoRaMacStatus_t LoRaMac_Init(LoRaMacPrimitives_t* primitives, LoRaMacCredentials_t* credentials) {
1a0010bc:	b530      	push	{r4, r5, lr}
1a0010be:	b083      	sub	sp, #12
1a0010c0:	460d      	mov	r5, r1
    MacPrimitives = primitives;
1a0010c2:	4a1b      	ldr	r2, [pc, #108]	; (1a001130 <LoRaMac_Init+0x7c>)
1a0010c4:	6010      	str	r0, [r2, #0]
    memcpy(&MacCredentials, credentials, sizeof(LoRaMacCredentials_t));
1a0010c6:	4c1b      	ldr	r4, [pc, #108]	; (1a001134 <LoRaMac_Init+0x80>)
1a0010c8:	6808      	ldr	r0, [r1, #0]
1a0010ca:	6849      	ldr	r1, [r1, #4]
1a0010cc:	68aa      	ldr	r2, [r5, #8]
1a0010ce:	68eb      	ldr	r3, [r5, #12]
1a0010d0:	c40f      	stmia	r4!, {r0, r1, r2, r3}
1a0010d2:	6928      	ldr	r0, [r5, #16]
1a0010d4:	6969      	ldr	r1, [r5, #20]
1a0010d6:	69aa      	ldr	r2, [r5, #24]
1a0010d8:	69eb      	ldr	r3, [r5, #28]
1a0010da:	c40f      	stmia	r4!, {r0, r1, r2, r3}
    Radio_Init(&RadioEvents);
1a0010dc:	4816      	ldr	r0, [pc, #88]	; (1a001138 <LoRaMac_Init+0x84>)
1a0010de:	f7ff fe2b 	bl	1a000d38 <Radio_Init>
    uartWriteString(UART_USB, "Radio inicializado OK\r\n");
1a0010e2:	4916      	ldr	r1, [pc, #88]	; (1a00113c <LoRaMac_Init+0x88>)
1a0010e4:	2003      	movs	r0, #3
1a0010e6:	f001 fb34 	bl	1a002752 <uartWriteString>
    Radio_SetChannel(916800000);
1a0010ea:	4815      	ldr	r0, [pc, #84]	; (1a001140 <LoRaMac_Init+0x8c>)
1a0010ec:	f7ff feb8 	bl	1a000e60 <Radio_SetChannel>
    Radio_SetTxConfig(14, 4, 12, 1, 8, true);  // 14dBm, BW125, SF12, CR4/5
1a0010f0:	2401      	movs	r4, #1
1a0010f2:	9401      	str	r4, [sp, #4]
1a0010f4:	2508      	movs	r5, #8
1a0010f6:	9500      	str	r5, [sp, #0]
1a0010f8:	4623      	mov	r3, r4
1a0010fa:	220c      	movs	r2, #12
1a0010fc:	2104      	movs	r1, #4
1a0010fe:	200e      	movs	r0, #14
1a001100:	f7ff feb6 	bl	1a000e70 <Radio_SetTxConfig>
    Radio_SetRxConfig(4, 12, 1, 8, 10, true);
1a001104:	9401      	str	r4, [sp, #4]
1a001106:	230a      	movs	r3, #10
1a001108:	9300      	str	r3, [sp, #0]
1a00110a:	462b      	mov	r3, r5
1a00110c:	4622      	mov	r2, r4
1a00110e:	210c      	movs	r1, #12
1a001110:	2004      	movs	r0, #4
1a001112:	f7ff fed9 	bl	1a000ec8 <Radio_SetRxConfig>
    IsNetworkJoined = false;
1a001116:	2000      	movs	r0, #0
1a001118:	4b0a      	ldr	r3, [pc, #40]	; (1a001144 <LoRaMac_Init+0x90>)
1a00111a:	7018      	strb	r0, [r3, #0]
    DevNonce = 0;
1a00111c:	4b0a      	ldr	r3, [pc, #40]	; (1a001148 <LoRaMac_Init+0x94>)
1a00111e:	8018      	strh	r0, [r3, #0]
    UpLinkCounter = 0;
1a001120:	4b0a      	ldr	r3, [pc, #40]	; (1a00114c <LoRaMac_Init+0x98>)
1a001122:	8018      	strh	r0, [r3, #0]
}
1a001124:	b003      	add	sp, #12
1a001126:	bd30      	pop	{r4, r5, pc}
        return LORAMAC_STATUS_PARAMETER_INVALID;
1a001128:	2004      	movs	r0, #4
1a00112a:	4770      	bx	lr
1a00112c:	2004      	movs	r0, #4
}
1a00112e:	4770      	bx	lr
1a001130:	10000a64 	.word	0x10000a64
1a001134:	10000a44 	.word	0x10000a44
1a001138:	10000024 	.word	0x10000024
1a00113c:	1a007a78 	.word	0x1a007a78
1a001140:	36a54200 	.word	0x36a54200
1a001144:	10000a42 	.word	0x10000a42
1a001148:	10000a40 	.word	0x10000a40
1a00114c:	10000a68 	.word	0x10000a68

1a001150 <LoRaMac_Join>:
LoRaMacStatus_t LoRaMac_Join(void) {
1a001150:	b570      	push	{r4, r5, r6, lr}
1a001152:	b09a      	sub	sp, #104	; 0x68
    uint32_t freq = au915_channels[channel_index];
1a001154:	4c3a      	ldr	r4, [pc, #232]	; (1a001240 <LoRaMac_Join+0xf0>)
1a001156:	7822      	ldrb	r2, [r4, #0]
1a001158:	4b3a      	ldr	r3, [pc, #232]	; (1a001244 <LoRaMac_Join+0xf4>)
1a00115a:	f853 6022 	ldr.w	r6, [r3, r2, lsl #2]
    Radio_SetChannel(freq);
1a00115e:	4630      	mov	r0, r6
1a001160:	f7ff fe7e 	bl	1a000e60 <Radio_SetChannel>
    sprintf(freq_str, "Canal %d: %.1f MHz\r\n", 8 + channel_index, freq / 1000000.0);
1a001164:	7825      	ldrb	r5, [r4, #0]
1a001166:	3508      	adds	r5, #8
1a001168:	4630      	mov	r0, r6
1a00116a:	f001 fca3 	bl	1a002ab4 <__aeabi_ui2d>
1a00116e:	a332      	add	r3, pc, #200	; (adr r3, 1a001238 <LoRaMac_Join+0xe8>)
1a001170:	e9d3 2300 	ldrd	r2, r3, [r3]
1a001174:	f001 fe42 	bl	1a002dfc <__aeabi_ddiv>
1a001178:	e9cd 0100 	strd	r0, r1, [sp]
1a00117c:	462a      	mov	r2, r5
1a00117e:	4932      	ldr	r1, [pc, #200]	; (1a001248 <LoRaMac_Join+0xf8>)
1a001180:	a80d      	add	r0, sp, #52	; 0x34
1a001182:	f002 fe87 	bl	1a003e94 <sprintf>
    uartWriteString(UART_USB, freq_str);
1a001186:	a90d      	add	r1, sp, #52	; 0x34
1a001188:	2003      	movs	r0, #3
1a00118a:	f001 fae2 	bl	1a002752 <uartWriteString>
    channel_index = (channel_index + 1) % 8;
1a00118e:	7823      	ldrb	r3, [r4, #0]
1a001190:	3301      	adds	r3, #1
1a001192:	425a      	negs	r2, r3
1a001194:	f003 0307 	and.w	r3, r3, #7
1a001198:	f002 0207 	and.w	r2, r2, #7
1a00119c:	bf58      	it	pl
1a00119e:	4253      	negpl	r3, r2
1a0011a0:	7023      	strb	r3, [r4, #0]
    joinReq[0] = 0x00;  // MHDR para Join Request
1a0011a2:	2300      	movs	r3, #0
1a0011a4:	f88d 301c 	strb.w	r3, [sp, #28]
    for (int i = 0; i < 8; i++) {
1a0011a8:	e009      	b.n	1a0011be <LoRaMac_Join+0x6e>
        joinReq[1 + i] = MacCredentials.JoinEui[7 - i];
1a0011aa:	f1c3 0107 	rsb	r1, r3, #7
1a0011ae:	3301      	adds	r3, #1
1a0011b0:	4a26      	ldr	r2, [pc, #152]	; (1a00124c <LoRaMac_Join+0xfc>)
1a0011b2:	440a      	add	r2, r1
1a0011b4:	7a11      	ldrb	r1, [r2, #8]
1a0011b6:	aa1a      	add	r2, sp, #104	; 0x68
1a0011b8:	441a      	add	r2, r3
1a0011ba:	f802 1c4c 	strb.w	r1, [r2, #-76]
    for (int i = 0; i < 8; i++) {
1a0011be:	2b07      	cmp	r3, #7
1a0011c0:	ddf3      	ble.n	1a0011aa <LoRaMac_Join+0x5a>
    for (int i = 0; i < 8; i++) {
1a0011c2:	2300      	movs	r3, #0
1a0011c4:	e00a      	b.n	1a0011dc <LoRaMac_Join+0x8c>
        joinReq[9 + i] = MacCredentials.DevEui[7 - i];
1a0011c6:	f1c3 0107 	rsb	r1, r3, #7
1a0011ca:	f103 0209 	add.w	r2, r3, #9
1a0011ce:	481f      	ldr	r0, [pc, #124]	; (1a00124c <LoRaMac_Join+0xfc>)
1a0011d0:	5c41      	ldrb	r1, [r0, r1]
1a0011d2:	a81a      	add	r0, sp, #104	; 0x68
1a0011d4:	4402      	add	r2, r0
1a0011d6:	f802 1c4c 	strb.w	r1, [r2, #-76]
    for (int i = 0; i < 8; i++) {
1a0011da:	3301      	adds	r3, #1
1a0011dc:	2b07      	cmp	r3, #7
1a0011de:	ddf2      	ble.n	1a0011c6 <LoRaMac_Join+0x76>
    DevNonce++;
1a0011e0:	4a1b      	ldr	r2, [pc, #108]	; (1a001250 <LoRaMac_Join+0x100>)
1a0011e2:	8813      	ldrh	r3, [r2, #0]
1a0011e4:	3301      	adds	r3, #1
1a0011e6:	b29b      	uxth	r3, r3
1a0011e8:	8013      	strh	r3, [r2, #0]
    joinReq[17] = DevNonce & 0xFF;
1a0011ea:	f88d 302d 	strb.w	r3, [sp, #45]	; 0x2d
    joinReq[18] = (DevNonce >> 8) & 0xFF;
1a0011ee:	0a1b      	lsrs	r3, r3, #8
1a0011f0:	f88d 302e 	strb.w	r3, [sp, #46]	; 0x2e
    aes_cmac(MacCredentials.AppKey, joinReq, 19, mic);
1a0011f4:	ab03      	add	r3, sp, #12
1a0011f6:	2213      	movs	r2, #19
1a0011f8:	a907      	add	r1, sp, #28
1a0011fa:	4816      	ldr	r0, [pc, #88]	; (1a001254 <LoRaMac_Join+0x104>)
1a0011fc:	f7ff fbd5 	bl	1a0009aa <aes_cmac>
    memcpy(&joinReq[19], mic, 4);
1a001200:	9b03      	ldr	r3, [sp, #12]
1a001202:	f8cd 302f 	str.w	r3, [sp, #47]	; 0x2f
    uartWriteString(UART_USB, "Enviando JOIN REQUEST...\r\n");
1a001206:	4914      	ldr	r1, [pc, #80]	; (1a001258 <LoRaMac_Join+0x108>)
1a001208:	2003      	movs	r0, #3
1a00120a:	f001 faa2 	bl	1a002752 <uartWriteString>
    uartWriteString(UART_USB, "  SF12, BW125\r\n");
1a00120e:	4913      	ldr	r1, [pc, #76]	; (1a00125c <LoRaMac_Join+0x10c>)
1a001210:	2003      	movs	r0, #3
1a001212:	f001 fa9e 	bl	1a002752 <uartWriteString>
    uartWriteString(UART_USB, "  Size: 23 bytes\r\n");
1a001216:	4912      	ldr	r1, [pc, #72]	; (1a001260 <LoRaMac_Join+0x110>)
1a001218:	2003      	movs	r0, #3
1a00121a:	f001 fa9a 	bl	1a002752 <uartWriteString>
    Radio_Send(joinReq, 23);
1a00121e:	2117      	movs	r1, #23
1a001220:	a807      	add	r0, sp, #28
1a001222:	f7ff fe7d 	bl	1a000f20 <Radio_Send>
    uartWriteString(UART_USB, "TX completado\r\n");
1a001226:	490f      	ldr	r1, [pc, #60]	; (1a001264 <LoRaMac_Join+0x114>)
1a001228:	2003      	movs	r0, #3
1a00122a:	f001 fa92 	bl	1a002752 <uartWriteString>
}
1a00122e:	2000      	movs	r0, #0
1a001230:	b01a      	add	sp, #104	; 0x68
1a001232:	bd70      	pop	{r4, r5, r6, pc}
1a001234:	f3af 8000 	nop.w
1a001238:	00000000 	.word	0x00000000
1a00123c:	412e8480 	.word	0x412e8480
1a001240:	10000a6a 	.word	0x10000a6a
1a001244:	1a007b54 	.word	0x1a007b54
1a001248:	1a007a90 	.word	0x1a007a90
1a00124c:	10000a44 	.word	0x10000a44
1a001250:	10000a40 	.word	0x10000a40
1a001254:	10000a54 	.word	0x10000a54
1a001258:	1a007aa8 	.word	0x1a007aa8
1a00125c:	1a007ac4 	.word	0x1a007ac4
1a001260:	1a007ad4 	.word	0x1a007ad4
1a001264:	1a007ae8 	.word	0x1a007ae8

1a001268 <LoRaMac_Send>:
    if (!IsNetworkJoined) {
1a001268:	4b26      	ldr	r3, [pc, #152]	; (1a001304 <LoRaMac_Send+0x9c>)
1a00126a:	781b      	ldrb	r3, [r3, #0]
1a00126c:	2b00      	cmp	r3, #0
1a00126e:	d041      	beq.n	1a0012f4 <LoRaMac_Send+0x8c>
    if (txInfo == NULL || txInfo->Buffer == NULL || txInfo->BufferSize == 0) {
1a001270:	2800      	cmp	r0, #0
1a001272:	d041      	beq.n	1a0012f8 <LoRaMac_Send+0x90>
1a001274:	6803      	ldr	r3, [r0, #0]
1a001276:	2b00      	cmp	r3, #0
1a001278:	d040      	beq.n	1a0012fc <LoRaMac_Send+0x94>
1a00127a:	7903      	ldrb	r3, [r0, #4]
1a00127c:	2b00      	cmp	r3, #0
1a00127e:	d03f      	beq.n	1a001300 <LoRaMac_Send+0x98>
LoRaMacStatus_t LoRaMac_Send(LoRaMacTxInfo_t* txInfo) {
1a001280:	b5f0      	push	{r4, r5, r6, r7, lr}
1a001282:	b0c1      	sub	sp, #260	; 0x104
    frame[frameSize++] = txInfo->Confirmed ? 0x80 : 0x40;
1a001284:	7983      	ldrb	r3, [r0, #6]
1a001286:	b39b      	cbz	r3, 1a0012f0 <LoRaMac_Send+0x88>
1a001288:	2380      	movs	r3, #128	; 0x80
1a00128a:	4604      	mov	r4, r0
1a00128c:	f88d 3000 	strb.w	r3, [sp]
    frame[frameSize++] = DevAddr & 0xFF;
1a001290:	4b1d      	ldr	r3, [pc, #116]	; (1a001308 <LoRaMac_Send+0xa0>)
1a001292:	681b      	ldr	r3, [r3, #0]
1a001294:	f88d 3001 	strb.w	r3, [sp, #1]
    frame[frameSize++] = (DevAddr >> 8) & 0xFF;
1a001298:	0a1a      	lsrs	r2, r3, #8
1a00129a:	f88d 2002 	strb.w	r2, [sp, #2]
    frame[frameSize++] = (DevAddr >> 16) & 0xFF;
1a00129e:	0c1a      	lsrs	r2, r3, #16
1a0012a0:	f88d 2003 	strb.w	r2, [sp, #3]
    frame[frameSize++] = (DevAddr >> 24) & 0xFF;
1a0012a4:	0e1b      	lsrs	r3, r3, #24
1a0012a6:	f88d 3004 	strb.w	r3, [sp, #4]
    frame[frameSize++] = 0x00;
1a0012aa:	2500      	movs	r5, #0
1a0012ac:	f88d 5005 	strb.w	r5, [sp, #5]
    frame[frameSize++] = UpLinkCounter & 0xFF;
1a0012b0:	4f16      	ldr	r7, [pc, #88]	; (1a00130c <LoRaMac_Send+0xa4>)
1a0012b2:	883e      	ldrh	r6, [r7, #0]
1a0012b4:	f88d 6006 	strb.w	r6, [sp, #6]
    frame[frameSize++] = (UpLinkCounter >> 8) & 0xFF;
1a0012b8:	0a33      	lsrs	r3, r6, #8
1a0012ba:	f88d 3007 	strb.w	r3, [sp, #7]
    frame[frameSize++] = txInfo->FPort;
1a0012be:	7943      	ldrb	r3, [r0, #5]
1a0012c0:	f88d 3008 	strb.w	r3, [sp, #8]
    memcpy(&frame[frameSize], txInfo->Buffer, txInfo->BufferSize);
1a0012c4:	7902      	ldrb	r2, [r0, #4]
1a0012c6:	6801      	ldr	r1, [r0, #0]
1a0012c8:	f10d 0009 	add.w	r0, sp, #9
1a0012cc:	f002 fcec 	bl	1a003ca8 <memcpy>
    frameSize += txInfo->BufferSize;
1a0012d0:	7921      	ldrb	r1, [r4, #4]
1a0012d2:	f101 0309 	add.w	r3, r1, #9
1a0012d6:	b2db      	uxtb	r3, r3
    memset(&frame[frameSize], 0x00, 4);
1a0012d8:	f84d 5003 	str.w	r5, [sp, r3]
    frameSize += 4;
1a0012dc:	310d      	adds	r1, #13
    UpLinkCounter++;
1a0012de:	3601      	adds	r6, #1
1a0012e0:	803e      	strh	r6, [r7, #0]
    Radio_Send(frame, frameSize);
1a0012e2:	b2c9      	uxtb	r1, r1
1a0012e4:	4668      	mov	r0, sp
1a0012e6:	f7ff fe1b 	bl	1a000f20 <Radio_Send>
    return LORAMAC_STATUS_OK;
1a0012ea:	4628      	mov	r0, r5
}
1a0012ec:	b041      	add	sp, #260	; 0x104
1a0012ee:	bdf0      	pop	{r4, r5, r6, r7, pc}
    frame[frameSize++] = txInfo->Confirmed ? 0x80 : 0x40;
1a0012f0:	2340      	movs	r3, #64	; 0x40
1a0012f2:	e7ca      	b.n	1a00128a <LoRaMac_Send+0x22>
        return LORAMAC_STATUS_NO_NETWORK_JOINED;
1a0012f4:	2005      	movs	r0, #5
1a0012f6:	4770      	bx	lr
        return LORAMAC_STATUS_PARAMETER_INVALID;
1a0012f8:	2004      	movs	r0, #4
1a0012fa:	4770      	bx	lr
1a0012fc:	2004      	movs	r0, #4
1a0012fe:	4770      	bx	lr
1a001300:	2004      	movs	r0, #4
}
1a001302:	4770      	bx	lr
1a001304:	10000a42 	.word	0x10000a42
1a001308:	10000a3c 	.word	0x10000a3c
1a00130c:	10000a68 	.word	0x10000a68

1a001310 <LoRaMac_IsJoined>:
}
1a001310:	4b01      	ldr	r3, [pc, #4]	; (1a001318 <LoRaMac_IsJoined+0x8>)
1a001312:	7818      	ldrb	r0, [r3, #0]
1a001314:	4770      	bx	lr
1a001316:	bf00      	nop
1a001318:	10000a42 	.word	0x10000a42

1a00131c <initialise_monitor_handles>:
}
1a00131c:	4770      	bx	lr
1a00131e:	Address 0x1a00131e is out of bounds.


1a001320 <Reset_Handler>:
void Reset_Handler(void) {
1a001320:	b510      	push	{r4, lr}
    __asm__ volatile("cpsid i");
1a001322:	b672      	cpsid	i
    *(RESET_CONTROL + 0) = 0x10DF1000;
1a001324:	4b19      	ldr	r3, [pc, #100]	; (1a00138c <Reset_Handler+0x6c>)
1a001326:	4a1a      	ldr	r2, [pc, #104]	; (1a001390 <Reset_Handler+0x70>)
1a001328:	601a      	str	r2, [r3, #0]
    *(RESET_CONTROL + 1) = 0x01DFF7FF;
1a00132a:	3304      	adds	r3, #4
1a00132c:	4a19      	ldr	r2, [pc, #100]	; (1a001394 <Reset_Handler+0x74>)
1a00132e:	601a      	str	r2, [r3, #0]
    for (irqpendloop = 0; irqpendloop < 8; irqpendloop++) {
1a001330:	2300      	movs	r3, #0
1a001332:	e005      	b.n	1a001340 <Reset_Handler+0x20>
        *(NVIC_ICPR + irqpendloop) = 0xFFFFFFFF;
1a001334:	4a18      	ldr	r2, [pc, #96]	; (1a001398 <Reset_Handler+0x78>)
1a001336:	f04f 31ff 	mov.w	r1, #4294967295
1a00133a:	f842 1023 	str.w	r1, [r2, r3, lsl #2]
    for (irqpendloop = 0; irqpendloop < 8; irqpendloop++) {
1a00133e:	3301      	adds	r3, #1
1a001340:	2b07      	cmp	r3, #7
1a001342:	d9f7      	bls.n	1a001334 <Reset_Handler+0x14>
    __asm__ volatile("cpsie i");
1a001344:	b662      	cpsie	i
    SectionTableAddr = &__data_section_table;
1a001346:	4b15      	ldr	r3, [pc, #84]	; (1a00139c <Reset_Handler+0x7c>)
    while (SectionTableAddr < &__data_section_table_end) {
1a001348:	e007      	b.n	1a00135a <Reset_Handler+0x3a>
        SectionLen = *SectionTableAddr++;
1a00134a:	f103 040c 	add.w	r4, r3, #12
        data_init(LoadAddr, ExeAddr, SectionLen);
1a00134e:	689a      	ldr	r2, [r3, #8]
1a001350:	6859      	ldr	r1, [r3, #4]
1a001352:	6818      	ldr	r0, [r3, #0]
1a001354:	f7fe ff19 	bl	1a00018a <data_init>
        SectionLen = *SectionTableAddr++;
1a001358:	4623      	mov	r3, r4
    while (SectionTableAddr < &__data_section_table_end) {
1a00135a:	4a11      	ldr	r2, [pc, #68]	; (1a0013a0 <Reset_Handler+0x80>)
1a00135c:	4293      	cmp	r3, r2
1a00135e:	d3f4      	bcc.n	1a00134a <Reset_Handler+0x2a>
1a001360:	e006      	b.n	1a001370 <Reset_Handler+0x50>
        ExeAddr = *SectionTableAddr++;
1a001362:	461c      	mov	r4, r3
        bss_init(ExeAddr, SectionLen);
1a001364:	6859      	ldr	r1, [r3, #4]
1a001366:	f854 0b08 	ldr.w	r0, [r4], #8
1a00136a:	f7fe ff1d 	bl	1a0001a8 <bss_init>
        SectionLen = *SectionTableAddr++;
1a00136e:	4623      	mov	r3, r4
    while (SectionTableAddr < &__bss_section_table_end) {
1a001370:	4a0c      	ldr	r2, [pc, #48]	; (1a0013a4 <Reset_Handler+0x84>)
1a001372:	4293      	cmp	r3, r2
1a001374:	d3f5      	bcc.n	1a001362 <Reset_Handler+0x42>
    SystemInit();
1a001376:	f000 ff4d 	bl	1a002214 <SystemInit>
    __libc_init_array();
1a00137a:	f002 f9b5 	bl	1a0036e8 <__libc_init_array>
    initialise_monitor_handles();
1a00137e:	f7ff ffcd 	bl	1a00131c <initialise_monitor_handles>
    main();
1a001382:	f7ff fc41 	bl	1a000c08 <main>
        __asm__ volatile("wfi");
1a001386:	bf30      	wfi
1a001388:	e7fd      	b.n	1a001386 <Reset_Handler+0x66>
1a00138a:	bf00      	nop
1a00138c:	40053100 	.word	0x40053100
1a001390:	10df1000 	.word	0x10df1000
1a001394:	01dff7ff 	.word	0x01dff7ff
1a001398:	e000e280 	.word	0xe000e280
1a00139c:	1a000114 	.word	0x1a000114
1a0013a0:	1a000150 	.word	0x1a000150
1a0013a4:	1a000178 	.word	0x1a000178

1a0013a8 <_fini>:
void _fini(void) {}
1a0013a8:	4770      	bx	lr

1a0013aa <_init>:
void _init(void) {}
1a0013aa:	4770      	bx	lr

1a0013ac <_sbrk_r>:

USED void *_sbrk_r(struct _reent *r, ptrdiff_t incr) {
   extern int _pvHeapStart;
   static void *heap_end;
   void *prev_heap_end;
   if (heap_end == 0) {
1a0013ac:	4b05      	ldr	r3, [pc, #20]	; (1a0013c4 <_sbrk_r+0x18>)
1a0013ae:	681b      	ldr	r3, [r3, #0]
1a0013b0:	b123      	cbz	r3, 1a0013bc <_sbrk_r+0x10>
       heap_end = &_pvHeapStart;
   }
   prev_heap_end = heap_end;
1a0013b2:	4b04      	ldr	r3, [pc, #16]	; (1a0013c4 <_sbrk_r+0x18>)
1a0013b4:	6818      	ldr	r0, [r3, #0]
   heap_end += incr;
1a0013b6:	4401      	add	r1, r0
1a0013b8:	6019      	str	r1, [r3, #0]
   return prev_heap_end;
}
1a0013ba:	4770      	bx	lr
       heap_end = &_pvHeapStart;
1a0013bc:	4b01      	ldr	r3, [pc, #4]	; (1a0013c4 <_sbrk_r+0x18>)
1a0013be:	4a02      	ldr	r2, [pc, #8]	; (1a0013c8 <_sbrk_r+0x1c>)
1a0013c0:	601a      	str	r2, [r3, #0]
1a0013c2:	e7f6      	b.n	1a0013b2 <_sbrk_r+0x6>
1a0013c4:	10000a6c 	.word	0x10000a6c
1a0013c8:	10000af0 	.word	0x10000af0

1a0013cc <Board_SetupMuxing>:
 * @return	Nothing
 */
STATIC INLINE void Chip_SCU_SetPinMuxing(const PINMUX_GRP_T *pinArray, uint32_t arrayLength)
{
	uint32_t ix;
	for (ix = 0; ix < arrayLength; ix++ ) {
1a0013cc:	2300      	movs	r3, #0
1a0013ce:	2b1c      	cmp	r3, #28
1a0013d0:	d812      	bhi.n	1a0013f8 <Board_SetupMuxing+0x2c>
    #endif
};


void Board_SetupMuxing(void)
{
1a0013d2:	b410      	push	{r4}
		Chip_SCU_PinMuxSet(pinArray[ix].pingrp, pinArray[ix].pinnum, pinArray[ix].modefunc);
1a0013d4:	4a09      	ldr	r2, [pc, #36]	; (1a0013fc <Board_SetupMuxing+0x30>)
1a0013d6:	eb02 0183 	add.w	r1, r2, r3, lsl #2
1a0013da:	f812 4023 	ldrb.w	r4, [r2, r3, lsl #2]
1a0013de:	784a      	ldrb	r2, [r1, #1]
1a0013e0:	8848      	ldrh	r0, [r1, #2]
	LPC_SCU->SFSP[port][pin] = modefunc;
1a0013e2:	eb02 1244 	add.w	r2, r2, r4, lsl #5
1a0013e6:	4906      	ldr	r1, [pc, #24]	; (1a001400 <Board_SetupMuxing+0x34>)
1a0013e8:	f841 0022 	str.w	r0, [r1, r2, lsl #2]
	for (ix = 0; ix < arrayLength; ix++ ) {
1a0013ec:	3301      	adds	r3, #1
1a0013ee:	2b1c      	cmp	r3, #28
1a0013f0:	d9f0      	bls.n	1a0013d4 <Board_SetupMuxing+0x8>
    Chip_SCU_SetPinMuxing(pinmuxing, sizeof(pinmuxing) / sizeof(PINMUX_GRP_T));
}
1a0013f2:	f85d 4b04 	ldr.w	r4, [sp], #4
1a0013f6:	4770      	bx	lr
1a0013f8:	4770      	bx	lr
1a0013fa:	bf00      	nop
1a0013fc:	1a007b78 	.word	0x1a007b78
1a001400:	40086000 	.word	0x40086000

1a001404 <Board_SetupClocking>:


void Board_SetupClocking(void)
{
1a001404:	b510      	push	{r4, lr}
 */
STATIC INLINE void Chip_CREG_SetFlashAcceleration(uint32_t Hz)
{
	uint32_t FAValue = Hz / 21510000;

	LPC_CREG->FLASHCFGA = (LPC_CREG->FLASHCFGA & (~(0xF << 12))) | (FAValue << 12);
1a001406:	4a17      	ldr	r2, [pc, #92]	; (1a001464 <Board_SetupClocking+0x60>)
1a001408:	f8d2 3120 	ldr.w	r3, [r2, #288]	; 0x120
1a00140c:	f423 4370 	bic.w	r3, r3, #61440	; 0xf000
1a001410:	f443 4310 	orr.w	r3, r3, #36864	; 0x9000
1a001414:	f8c2 3120 	str.w	r3, [r2, #288]	; 0x120
	LPC_CREG->FLASHCFGB = (LPC_CREG->FLASHCFGB & (~(0xF << 12))) | (FAValue << 12);
1a001418:	f8d2 3124 	ldr.w	r3, [r2, #292]	; 0x124
1a00141c:	f423 4370 	bic.w	r3, r3, #61440	; 0xf000
1a001420:	f443 4310 	orr.w	r3, r3, #36864	; 0x9000
1a001424:	f8c2 3124 	str.w	r3, [r2, #292]	; 0x124
    Chip_CREG_SetFlashAcceleration(MAX_CLOCK_FREQ);
    Chip_SetupCoreClock(CLKIN_CRYSTAL, MAX_CLOCK_FREQ, true);
1a001428:	2201      	movs	r2, #1
1a00142a:	490f      	ldr	r1, [pc, #60]	; (1a001468 <Board_SetupClocking+0x64>)
1a00142c:	2006      	movs	r0, #6
1a00142e:	f000 fa41 	bl	1a0018b4 <Chip_SetupCoreClock>

    /* Setup system base clocks and initial states. This won't enable and
       disable individual clocks, but sets up the base clock sources for
       each individual peripheral clock. */
    for (uint32_t i = 0; i < (sizeof(InitClkStates) / sizeof(InitClkStates[0])); ++i)
1a001432:	2400      	movs	r4, #0
1a001434:	b14c      	cbz	r4, 1a00144a <Board_SetupClocking+0x46>
        Chip_Clock_SetBaseClock (c->clk, c->clkin, c->autoblock_enab,
                                c->powerdn);
    }

    /* Reset and enable 32Khz oscillator */
    LPC_CREG->CREG0 &= ~((1 << 3) | (1 << 2));
1a001436:	4b0b      	ldr	r3, [pc, #44]	; (1a001464 <Board_SetupClocking+0x60>)
1a001438:	685a      	ldr	r2, [r3, #4]
1a00143a:	f022 020c 	bic.w	r2, r2, #12
1a00143e:	605a      	str	r2, [r3, #4]
    LPC_CREG->CREG0 |= (1 << 1) | (1 << 0);
1a001440:	685a      	ldr	r2, [r3, #4]
1a001442:	f042 0203 	orr.w	r2, r2, #3
1a001446:	605a      	str	r2, [r3, #4]
}
1a001448:	bd10      	pop	{r4, pc}
        Chip_Clock_SetBaseClock (c->clk, c->clkin, c->autoblock_enab,
1a00144a:	4808      	ldr	r0, [pc, #32]	; (1a00146c <Board_SetupClocking+0x68>)
1a00144c:	eb00 0184 	add.w	r1, r0, r4, lsl #2
1a001450:	2301      	movs	r3, #1
1a001452:	788a      	ldrb	r2, [r1, #2]
1a001454:	7849      	ldrb	r1, [r1, #1]
1a001456:	f810 0024 	ldrb.w	r0, [r0, r4, lsl #2]
1a00145a:	f000 fd69 	bl	1a001f30 <Chip_Clock_SetBaseClock>
    for (uint32_t i = 0; i < (sizeof(InitClkStates) / sizeof(InitClkStates[0])); ++i)
1a00145e:	3401      	adds	r4, #1
1a001460:	e7e8      	b.n	1a001434 <Board_SetupClocking+0x30>
1a001462:	bf00      	nop
1a001464:	40043000 	.word	0x40043000
1a001468:	0c28cb00 	.word	0x0c28cb00
1a00146c:	1a007b74 	.word	0x1a007b74

1a001470 <Board_SystemInit>:


/* Set up and initialize hardware prior to call to main */
void Board_SystemInit(void)
{
1a001470:	b508      	push	{r3, lr}
    /* Setup system clocking and memory. This is done early to allow the
       application and tools to clear memory and use scatter loading to
       external memory. */
    Board_SetupMuxing();
1a001472:	f7ff ffab 	bl	1a0013cc <Board_SetupMuxing>
    Board_SetupClocking();
1a001476:	f7ff ffc5 	bl	1a001404 <Board_SetupClocking>
}
1a00147a:	bd08      	pop	{r3, pc}

1a00147c <Board_LED_Init>:
#define GPIO_PORTS_SIZE     (sizeof(GpioPorts) / sizeof(struct gpio_t))


static void Board_LED_Init()
{
   for (uint32_t i = 0; i < GPIO_LEDS_SIZE; ++i) {
1a00147c:	2200      	movs	r2, #0
1a00147e:	2a05      	cmp	r2, #5
1a001480:	d819      	bhi.n	1a0014b6 <Board_LED_Init+0x3a>
{
1a001482:	b470      	push	{r4, r5, r6}
      const struct gpio_t *io = &GpioLeds[i];
      Chip_GPIO_SetPinDIROutput(LPC_GPIO_PORT, io->port, io->pin);
1a001484:	490c      	ldr	r1, [pc, #48]	; (1a0014b8 <Board_LED_Init+0x3c>)
1a001486:	f811 5012 	ldrb.w	r5, [r1, r2, lsl #1]
1a00148a:	eb01 0142 	add.w	r1, r1, r2, lsl #1
1a00148e:	784c      	ldrb	r4, [r1, #1]
 * @param	pin		: GPIO pin to set direction on as output
 * @return	Nothing
 */
STATIC INLINE void Chip_GPIO_SetPinDIROutput(LPC_GPIO_T *pGPIO, uint8_t port, uint8_t pin)
{
	pGPIO->DIR[port] |= 1UL << pin;
1a001490:	4b0a      	ldr	r3, [pc, #40]	; (1a0014bc <Board_LED_Init+0x40>)
1a001492:	f505 6600 	add.w	r6, r5, #2048	; 0x800
1a001496:	f853 1026 	ldr.w	r1, [r3, r6, lsl #2]
1a00149a:	2001      	movs	r0, #1
1a00149c:	40a0      	lsls	r0, r4
1a00149e:	4301      	orrs	r1, r0
1a0014a0:	f843 1026 	str.w	r1, [r3, r6, lsl #2]
	pGPIO->B[port][pin] = setting;
1a0014a4:	eb03 1345 	add.w	r3, r3, r5, lsl #5
1a0014a8:	2100      	movs	r1, #0
1a0014aa:	5519      	strb	r1, [r3, r4]
   for (uint32_t i = 0; i < GPIO_LEDS_SIZE; ++i) {
1a0014ac:	3201      	adds	r2, #1
1a0014ae:	2a05      	cmp	r2, #5
1a0014b0:	d9e8      	bls.n	1a001484 <Board_LED_Init+0x8>
      Chip_GPIO_SetPinState(LPC_GPIO_PORT, io->port, io->pin, false);
   }
}
1a0014b2:	bc70      	pop	{r4, r5, r6}
1a0014b4:	4770      	bx	lr
1a0014b6:	4770      	bx	lr
1a0014b8:	1a007bf8 	.word	0x1a007bf8
1a0014bc:	400f4000 	.word	0x400f4000

1a0014c0 <Board_TEC_Init>:


static void Board_TEC_Init()
{
   for (uint32_t i = 0; i < GPIO_BUTTONS_SIZE; ++i) {
1a0014c0:	2300      	movs	r3, #0
1a0014c2:	2b03      	cmp	r3, #3
1a0014c4:	d816      	bhi.n	1a0014f4 <Board_TEC_Init+0x34>
{
1a0014c6:	b430      	push	{r4, r5}
      const struct gpio_t *io = &GpioButtons[i];
      Chip_GPIO_SetPinDIRInput(LPC_GPIO_PORT, io->port, io->pin);
1a0014c8:	490b      	ldr	r1, [pc, #44]	; (1a0014f8 <Board_TEC_Init+0x38>)
1a0014ca:	f811 2013 	ldrb.w	r2, [r1, r3, lsl #1]
1a0014ce:	eb01 0143 	add.w	r1, r1, r3, lsl #1
1a0014d2:	784d      	ldrb	r5, [r1, #1]
 * @param	pin		: GPIO pin to set direction on as input
 * @return	Nothing
 */
STATIC INLINE void Chip_GPIO_SetPinDIRInput(LPC_GPIO_T *pGPIO, uint8_t port, uint8_t pin)
{
	pGPIO->DIR[port] &= ~(1UL << pin);
1a0014d4:	4c09      	ldr	r4, [pc, #36]	; (1a0014fc <Board_TEC_Init+0x3c>)
1a0014d6:	f502 6200 	add.w	r2, r2, #2048	; 0x800
1a0014da:	f854 1022 	ldr.w	r1, [r4, r2, lsl #2]
1a0014de:	2001      	movs	r0, #1
1a0014e0:	40a8      	lsls	r0, r5
1a0014e2:	ea21 0100 	bic.w	r1, r1, r0
1a0014e6:	f844 1022 	str.w	r1, [r4, r2, lsl #2]
   for (uint32_t i = 0; i < GPIO_BUTTONS_SIZE; ++i) {
1a0014ea:	3301      	adds	r3, #1
1a0014ec:	2b03      	cmp	r3, #3
1a0014ee:	d9eb      	bls.n	1a0014c8 <Board_TEC_Init+0x8>
   }
}
1a0014f0:	bc30      	pop	{r4, r5}
1a0014f2:	4770      	bx	lr
1a0014f4:	4770      	bx	lr
1a0014f6:	bf00      	nop
1a0014f8:	1a007bf0 	.word	0x1a007bf0
1a0014fc:	400f4000 	.word	0x400f4000

1a001500 <Board_GPIO_Init>:


static void Board_GPIO_Init()
{
   for (uint32_t i = 0; i < GPIO_PORTS_SIZE; ++i) {
1a001500:	2300      	movs	r3, #0
1a001502:	2b08      	cmp	r3, #8
1a001504:	d816      	bhi.n	1a001534 <Board_GPIO_Init+0x34>
{
1a001506:	b430      	push	{r4, r5}
      const struct gpio_t *io = &GpioPorts[i];
      Chip_GPIO_SetPinDIRInput(LPC_GPIO_PORT, io->port, io->pin);
1a001508:	490b      	ldr	r1, [pc, #44]	; (1a001538 <Board_GPIO_Init+0x38>)
1a00150a:	f811 2013 	ldrb.w	r2, [r1, r3, lsl #1]
1a00150e:	eb01 0143 	add.w	r1, r1, r3, lsl #1
1a001512:	784d      	ldrb	r5, [r1, #1]
1a001514:	4c09      	ldr	r4, [pc, #36]	; (1a00153c <Board_GPIO_Init+0x3c>)
1a001516:	f502 6200 	add.w	r2, r2, #2048	; 0x800
1a00151a:	f854 1022 	ldr.w	r1, [r4, r2, lsl #2]
1a00151e:	2001      	movs	r0, #1
1a001520:	40a8      	lsls	r0, r5
1a001522:	ea21 0100 	bic.w	r1, r1, r0
1a001526:	f844 1022 	str.w	r1, [r4, r2, lsl #2]
   for (uint32_t i = 0; i < GPIO_PORTS_SIZE; ++i) {
1a00152a:	3301      	adds	r3, #1
1a00152c:	2b08      	cmp	r3, #8
1a00152e:	d9eb      	bls.n	1a001508 <Board_GPIO_Init+0x8>
   }
}
1a001530:	bc30      	pop	{r4, r5}
1a001532:	4770      	bx	lr
1a001534:	4770      	bx	lr
1a001536:	bf00      	nop
1a001538:	1a007c04 	.word	0x1a007c04
1a00153c:	400f4000 	.word	0x400f4000

1a001540 <Board_ADC_Init>:
   Chip_SSP_Enable(LPC_SSP1);
}


static void Board_ADC_Init()
{
1a001540:	b510      	push	{r4, lr}
1a001542:	b082      	sub	sp, #8
   ADC_CLOCK_SETUP_T cs;

   Chip_ADC_Init(LPC_ADC0, &cs);
1a001544:	4c08      	ldr	r4, [pc, #32]	; (1a001568 <Board_ADC_Init+0x28>)
1a001546:	4669      	mov	r1, sp
1a001548:	4620      	mov	r0, r4
1a00154a:	f000 fa85 	bl	1a001a58 <Chip_ADC_Init>
   Chip_ADC_SetSampleRate(LPC_ADC0, &cs, BOARD_ADC_SAMPLE_RATE);
1a00154e:	4a07      	ldr	r2, [pc, #28]	; (1a00156c <Board_ADC_Init+0x2c>)
1a001550:	4669      	mov	r1, sp
1a001552:	4620      	mov	r0, r4
1a001554:	f000 faa0 	bl	1a001a98 <Chip_ADC_SetSampleRate>
   Chip_ADC_SetResolution(LPC_ADC0, &cs, BOARD_ADC_RESOLUTION);
1a001558:	2200      	movs	r2, #0
1a00155a:	4669      	mov	r1, sp
1a00155c:	4620      	mov	r0, r4
1a00155e:	f000 fab4 	bl	1a001aca <Chip_ADC_SetResolution>
}
1a001562:	b002      	add	sp, #8
1a001564:	bd10      	pop	{r4, pc}
1a001566:	bf00      	nop
1a001568:	400e3000 	.word	0x400e3000
1a00156c:	00061a80 	.word	0x00061a80

1a001570 <Board_SPI_Init>:
{
1a001570:	b510      	push	{r4, lr}
   Chip_SSP_Init(LPC_SSP1);
1a001572:	4c0b      	ldr	r4, [pc, #44]	; (1a0015a0 <Board_SPI_Init+0x30>)
1a001574:	4620      	mov	r0, r4
1a001576:	f000 f943 	bl	1a001800 <Chip_SSP_Init>
 *						- SSP_MODE_SLAVE
 * @return	 Nothing
 */
STATIC INLINE void Chip_SSP_Set_Mode(LPC_SSP_T *pSSP, uint32_t mode)
{
	pSSP->CR1 = (pSSP->CR1 & ~(1 << 2)) | mode;
1a00157a:	6863      	ldr	r3, [r4, #4]
1a00157c:	f023 0304 	bic.w	r3, r3, #4
1a001580:	6063      	str	r3, [r4, #4]
	pSSP->CR0 = (pSSP->CR0 & ~0xFF) | bits | frameFormat | clockMode;
1a001582:	6823      	ldr	r3, [r4, #0]
1a001584:	f023 03ff 	bic.w	r3, r3, #255	; 0xff
1a001588:	f043 0307 	orr.w	r3, r3, #7
1a00158c:	6023      	str	r3, [r4, #0]
   Chip_SSP_SetBitRate(LPC_SSP1, BOARD_SPI_SPEED);
1a00158e:	4905      	ldr	r1, [pc, #20]	; (1a0015a4 <Board_SPI_Init+0x34>)
1a001590:	4620      	mov	r0, r4
1a001592:	f000 f916 	bl	1a0017c2 <Chip_SSP_SetBitRate>
	pSSP->CR1 |= SSP_CR1_SSP_EN;
1a001596:	6863      	ldr	r3, [r4, #4]
1a001598:	f043 0302 	orr.w	r3, r3, #2
1a00159c:	6063      	str	r3, [r4, #4]
}
1a00159e:	bd10      	pop	{r4, pc}
1a0015a0:	400c5000 	.word	0x400c5000
1a0015a4:	000186a0 	.word	0x000186a0

1a0015a8 <Board_I2C_Init>:
{
1a0015a8:	b508      	push	{r3, lr}
   Chip_I2C_Init(I2C0);
1a0015aa:	2000      	movs	r0, #0
1a0015ac:	f000 f954 	bl	1a001858 <Chip_I2C_Init>
	LPC_SCU->SFSI2C0 = I2C0Mode;
1a0015b0:	4b04      	ldr	r3, [pc, #16]	; (1a0015c4 <Board_I2C_Init+0x1c>)
1a0015b2:	f640 0208 	movw	r2, #2056	; 0x808
1a0015b6:	f8c3 2c84 	str.w	r2, [r3, #3204]	; 0xc84
   Chip_I2C_SetClockRate(I2C0, BOARD_I2C_SPEED);
1a0015ba:	4903      	ldr	r1, [pc, #12]	; (1a0015c8 <Board_I2C_Init+0x20>)
1a0015bc:	2000      	movs	r0, #0
1a0015be:	f000 f95d 	bl	1a00187c <Chip_I2C_SetClockRate>
}
1a0015c2:	bd08      	pop	{r3, pc}
1a0015c4:	40086000 	.word	0x40086000
1a0015c8:	000f4240 	.word	0x000f4240

1a0015cc <Board_Debug_Init>:


void Board_Debug_Init(void)
{
1a0015cc:	b510      	push	{r4, lr}
   Chip_UART_Init(DEBUG_UART);
1a0015ce:	4c07      	ldr	r4, [pc, #28]	; (1a0015ec <Board_Debug_Init+0x20>)
1a0015d0:	4620      	mov	r0, r4
1a0015d2:	f000 fd67 	bl	1a0020a4 <Chip_UART_Init>
   Chip_UART_SetBaudFDR(DEBUG_UART, DEBUG_UART_BAUD_RATE);
1a0015d6:	f44f 31e1 	mov.w	r1, #115200	; 0x1c200
1a0015da:	4620      	mov	r0, r4
1a0015dc:	f000 fdac 	bl	1a002138 <Chip_UART_SetBaudFDR>
 *			stop bit, and even (enabled) parity would be
 *			(UART_LCR_WLEN8 | UART_LCR_SBS_1BIT | UART_LCR_PARITY_EN | UART_LCR_PARITY_EVEN)
 */
STATIC INLINE void Chip_UART_ConfigData(LPC_USART_T *pUART, uint32_t config)
{
	pUART->LCR = config;
1a0015e0:	2303      	movs	r3, #3
1a0015e2:	60e3      	str	r3, [r4, #12]
    pUART->TER2 = UART_TER2_TXEN;
1a0015e4:	2301      	movs	r3, #1
1a0015e6:	65e3      	str	r3, [r4, #92]	; 0x5c
   Chip_UART_ConfigData(DEBUG_UART, DEBUG_UART_CONFIG);
   Chip_UART_TXEnable(DEBUG_UART);
}
1a0015e8:	bd10      	pop	{r4, pc}
1a0015ea:	bf00      	nop
1a0015ec:	400c1000 	.word	0x400c1000

1a0015f0 <Board_Init>:
   Board_LED_Set(LEDNumber, !Board_LED_Test(LEDNumber));
}


void Board_Init(void)
{
1a0015f0:	b508      	push	{r3, lr}
   DEBUGINIT();
1a0015f2:	f7ff ffeb 	bl	1a0015cc <Board_Debug_Init>
   Chip_GPIO_Init (LPC_GPIO_PORT);
1a0015f6:	4809      	ldr	r0, [pc, #36]	; (1a00161c <Board_Init+0x2c>)
1a0015f8:	f000 fa08 	bl	1a001a0c <Chip_GPIO_Init>

   Board_GPIO_Init();
1a0015fc:	f7ff ff80 	bl	1a001500 <Board_GPIO_Init>
   Board_ADC_Init();
1a001600:	f7ff ff9e 	bl	1a001540 <Board_ADC_Init>
   Board_SPI_Init();
1a001604:	f7ff ffb4 	bl	1a001570 <Board_SPI_Init>
   Board_I2C_Init();
1a001608:	f7ff ffce 	bl	1a0015a8 <Board_I2C_Init>

   Board_LED_Init();
1a00160c:	f7ff ff36 	bl	1a00147c <Board_LED_Init>
   Board_TEC_Init();
1a001610:	f7ff ff56 	bl	1a0014c0 <Board_TEC_Init>
#ifdef USE_RMII
   Chip_ENET_RMIIEnable(LPC_ETHERNET);
#endif

   // Read clock settings and update SystemCoreClock variable
   SystemCoreClockUpdate(); // @Eric
1a001614:	f000 fa60 	bl	1a001ad8 <SystemCoreClockUpdate>
}
1a001618:	bd08      	pop	{r3, pc}
1a00161a:	bf00      	nop
1a00161c:	400f4000 	.word	0x400f4000

1a001620 <__stdio_init>:
{
   return Board_UARTGetChar();;
}

void __stdio_init()
{
1a001620:	b508      	push	{r3, lr}
   Board_Debug_Init();
1a001622:	f7ff ffd3 	bl	1a0015cc <Board_Debug_Init>
1a001626:	bd08      	pop	{r3, pc}

1a001628 <SSP_Write2BFifo>:
 * Private functions
 ****************************************************************************/

STATIC void SSP_Write2BFifo(LPC_SSP_T *pSSP, Chip_SSP_DATA_SETUP_T *xf_setup)
{
	if (xf_setup->tx_data) {
1a001628:	680b      	ldr	r3, [r1, #0]
1a00162a:	b133      	cbz	r3, 1a00163a <SSP_Write2BFifo+0x12>
		Chip_SSP_SendFrame(pSSP, (*(uint16_t *) ((uint32_t) xf_setup->tx_data +
												 xf_setup->tx_cnt)));
1a00162c:	684a      	ldr	r2, [r1, #4]
		Chip_SSP_SendFrame(pSSP, (*(uint16_t *) ((uint32_t) xf_setup->tx_data +
1a00162e:	5a9b      	ldrh	r3, [r3, r2]
	pSSP->DR = SSP_DR_BITMASK(tx_data);
1a001630:	6083      	str	r3, [r0, #8]
	}
	else {
		Chip_SSP_SendFrame(pSSP, 0xFFFF);
	}

	xf_setup->tx_cnt += 2;
1a001632:	684b      	ldr	r3, [r1, #4]
1a001634:	3302      	adds	r3, #2
1a001636:	604b      	str	r3, [r1, #4]
}
1a001638:	4770      	bx	lr
1a00163a:	f64f 73ff 	movw	r3, #65535	; 0xffff
1a00163e:	6083      	str	r3, [r0, #8]
1a001640:	e7f7      	b.n	1a001632 <SSP_Write2BFifo+0xa>

1a001642 <SSP_Write1BFifo>:

/** SSP macro: write 1 bytes to FIFO buffer */
STATIC void SSP_Write1BFifo(LPC_SSP_T *pSSP, Chip_SSP_DATA_SETUP_T *xf_setup)
{
	if (xf_setup->tx_data) {
1a001642:	680b      	ldr	r3, [r1, #0]
1a001644:	b133      	cbz	r3, 1a001654 <SSP_Write1BFifo+0x12>
		Chip_SSP_SendFrame(pSSP, (*(uint8_t *) ((uint32_t) xf_setup->tx_data + xf_setup->tx_cnt)));
1a001646:	684a      	ldr	r2, [r1, #4]
1a001648:	5c9b      	ldrb	r3, [r3, r2]
1a00164a:	6083      	str	r3, [r0, #8]
	}
	else {
		Chip_SSP_SendFrame(pSSP, 0xFF);
	}

	xf_setup->tx_cnt++;
1a00164c:	684b      	ldr	r3, [r1, #4]
1a00164e:	3301      	adds	r3, #1
1a001650:	604b      	str	r3, [r1, #4]
}
1a001652:	4770      	bx	lr
1a001654:	23ff      	movs	r3, #255	; 0xff
1a001656:	6083      	str	r3, [r0, #8]
1a001658:	e7f8      	b.n	1a00164c <SSP_Write1BFifo+0xa>

1a00165a <SSP_Read2BFifo>:
	return (pSSP->SR & Stat) ? SET : RESET;
1a00165a:	68c3      	ldr	r3, [r0, #12]
/** SSP macro: read 1 bytes from FIFO buffer */
STATIC void SSP_Read2BFifo(LPC_SSP_T *pSSP, Chip_SSP_DATA_SETUP_T *xf_setup)
{
	uint16_t rDat;

	while ((Chip_SSP_GetStatus(pSSP, SSP_STAT_RNE) == SET) &&
1a00165c:	f013 0f04 	tst.w	r3, #4
1a001660:	d01b      	beq.n	1a00169a <SSP_Read2BFifo+0x40>
		   (xf_setup->rx_cnt < xf_setup->length)) {
1a001662:	68ca      	ldr	r2, [r1, #12]
1a001664:	690b      	ldr	r3, [r1, #16]
	while ((Chip_SSP_GetStatus(pSSP, SSP_STAT_RNE) == SET) &&
1a001666:	429a      	cmp	r2, r3
1a001668:	d216      	bcs.n	1a001698 <SSP_Read2BFifo+0x3e>
{
1a00166a:	b410      	push	{r4}
1a00166c:	e00a      	b.n	1a001684 <SSP_Read2BFifo+0x2a>
		rDat = Chip_SSP_ReceiveFrame(pSSP);
		if (xf_setup->rx_data) {
			*(uint16_t *) ((uint32_t) xf_setup->rx_data + xf_setup->rx_cnt) = rDat;
		}

		xf_setup->rx_cnt += 2;
1a00166e:	68cb      	ldr	r3, [r1, #12]
1a001670:	3302      	adds	r3, #2
1a001672:	60cb      	str	r3, [r1, #12]
1a001674:	68c3      	ldr	r3, [r0, #12]
	while ((Chip_SSP_GetStatus(pSSP, SSP_STAT_RNE) == SET) &&
1a001676:	f013 0f04 	tst.w	r3, #4
1a00167a:	d00a      	beq.n	1a001692 <SSP_Read2BFifo+0x38>
		   (xf_setup->rx_cnt < xf_setup->length)) {
1a00167c:	68ca      	ldr	r2, [r1, #12]
1a00167e:	690b      	ldr	r3, [r1, #16]
	while ((Chip_SSP_GetStatus(pSSP, SSP_STAT_RNE) == SET) &&
1a001680:	429a      	cmp	r2, r3
1a001682:	d206      	bcs.n	1a001692 <SSP_Read2BFifo+0x38>
	return (uint16_t) (SSP_DR_BITMASK(pSSP->DR));
1a001684:	6883      	ldr	r3, [r0, #8]
1a001686:	b29b      	uxth	r3, r3
		if (xf_setup->rx_data) {
1a001688:	688c      	ldr	r4, [r1, #8]
1a00168a:	2c00      	cmp	r4, #0
1a00168c:	d0ef      	beq.n	1a00166e <SSP_Read2BFifo+0x14>
			*(uint16_t *) ((uint32_t) xf_setup->rx_data + xf_setup->rx_cnt) = rDat;
1a00168e:	52a3      	strh	r3, [r4, r2]
1a001690:	e7ed      	b.n	1a00166e <SSP_Read2BFifo+0x14>
	}
}
1a001692:	f85d 4b04 	ldr.w	r4, [sp], #4
1a001696:	4770      	bx	lr
1a001698:	4770      	bx	lr
1a00169a:	4770      	bx	lr

1a00169c <SSP_Read1BFifo>:
	return (pSSP->SR & Stat) ? SET : RESET;
1a00169c:	68c3      	ldr	r3, [r0, #12]
/** SSP macro: read 2 bytes from FIFO buffer */
STATIC void SSP_Read1BFifo(LPC_SSP_T *pSSP, Chip_SSP_DATA_SETUP_T *xf_setup)
{
	uint16_t rDat;

	while ((Chip_SSP_GetStatus(pSSP, SSP_STAT_RNE) == SET) &&
1a00169e:	f013 0f04 	tst.w	r3, #4
1a0016a2:	d01a      	beq.n	1a0016da <SSP_Read1BFifo+0x3e>
		   (xf_setup->rx_cnt < xf_setup->length)) {
1a0016a4:	68cb      	ldr	r3, [r1, #12]
1a0016a6:	690a      	ldr	r2, [r1, #16]
	while ((Chip_SSP_GetStatus(pSSP, SSP_STAT_RNE) == SET) &&
1a0016a8:	4293      	cmp	r3, r2
1a0016aa:	d215      	bcs.n	1a0016d8 <SSP_Read1BFifo+0x3c>
{
1a0016ac:	b410      	push	{r4}
1a0016ae:	e00a      	b.n	1a0016c6 <SSP_Read1BFifo+0x2a>
		rDat = Chip_SSP_ReceiveFrame(pSSP);
		if (xf_setup->rx_data) {
			*(uint8_t *) ((uint32_t) xf_setup->rx_data + xf_setup->rx_cnt) = rDat;
		}

		xf_setup->rx_cnt++;
1a0016b0:	68cb      	ldr	r3, [r1, #12]
1a0016b2:	3301      	adds	r3, #1
1a0016b4:	60cb      	str	r3, [r1, #12]
1a0016b6:	68c3      	ldr	r3, [r0, #12]
	while ((Chip_SSP_GetStatus(pSSP, SSP_STAT_RNE) == SET) &&
1a0016b8:	f013 0f04 	tst.w	r3, #4
1a0016bc:	d009      	beq.n	1a0016d2 <SSP_Read1BFifo+0x36>
		   (xf_setup->rx_cnt < xf_setup->length)) {
1a0016be:	68cb      	ldr	r3, [r1, #12]
1a0016c0:	690a      	ldr	r2, [r1, #16]
	while ((Chip_SSP_GetStatus(pSSP, SSP_STAT_RNE) == SET) &&
1a0016c2:	4293      	cmp	r3, r2
1a0016c4:	d205      	bcs.n	1a0016d2 <SSP_Read1BFifo+0x36>
	return (uint16_t) (SSP_DR_BITMASK(pSSP->DR));
1a0016c6:	6884      	ldr	r4, [r0, #8]
		if (xf_setup->rx_data) {
1a0016c8:	688a      	ldr	r2, [r1, #8]
1a0016ca:	2a00      	cmp	r2, #0
1a0016cc:	d0f0      	beq.n	1a0016b0 <SSP_Read1BFifo+0x14>
			*(uint8_t *) ((uint32_t) xf_setup->rx_data + xf_setup->rx_cnt) = rDat;
1a0016ce:	54d4      	strb	r4, [r2, r3]
1a0016d0:	e7ee      	b.n	1a0016b0 <SSP_Read1BFifo+0x14>
	}
}
1a0016d2:	f85d 4b04 	ldr.w	r4, [sp], #4
1a0016d6:	4770      	bx	lr
1a0016d8:	4770      	bx	lr
1a0016da:	4770      	bx	lr

1a0016dc <Chip_SSP_GetClockIndex>:
/* Returns clock index for the register interface */
STATIC CHIP_CCU_CLK_T Chip_SSP_GetClockIndex(LPC_SSP_T *pSSP)
{
	CHIP_CCU_CLK_T clkSSP;

	if (pSSP == LPC_SSP1) {
1a0016dc:	4b03      	ldr	r3, [pc, #12]	; (1a0016ec <Chip_SSP_GetClockIndex+0x10>)
1a0016de:	4298      	cmp	r0, r3
1a0016e0:	d001      	beq.n	1a0016e6 <Chip_SSP_GetClockIndex+0xa>
		clkSSP = CLK_MX_SSP1;
	}
	else {
		clkSSP = CLK_MX_SSP0;
1a0016e2:	2083      	movs	r0, #131	; 0x83
	}

	return clkSSP;
}
1a0016e4:	4770      	bx	lr
		clkSSP = CLK_MX_SSP1;
1a0016e6:	20a5      	movs	r0, #165	; 0xa5
1a0016e8:	4770      	bx	lr
1a0016ea:	bf00      	nop
1a0016ec:	400c5000 	.word	0x400c5000

1a0016f0 <Chip_SSP_GetPeriphClockIndex>:
/* Returns clock index for the peripheral block */
STATIC CHIP_CCU_CLK_T Chip_SSP_GetPeriphClockIndex(LPC_SSP_T *pSSP)
{
	CHIP_CCU_CLK_T clkSSP;

	if (pSSP == LPC_SSP1) {
1a0016f0:	4b04      	ldr	r3, [pc, #16]	; (1a001704 <Chip_SSP_GetPeriphClockIndex+0x14>)
1a0016f2:	4298      	cmp	r0, r3
1a0016f4:	d002      	beq.n	1a0016fc <Chip_SSP_GetPeriphClockIndex+0xc>
		clkSSP = CLK_APB2_SSP1;
	}
	else {
		clkSSP = CLK_APB0_SSP0;
1a0016f6:	f240 2002 	movw	r0, #514	; 0x202
	}

	return clkSSP;
}
1a0016fa:	4770      	bx	lr
		clkSSP = CLK_APB2_SSP1;
1a0016fc:	f44f 70f1 	mov.w	r0, #482	; 0x1e2
1a001700:	4770      	bx	lr
1a001702:	bf00      	nop
1a001704:	400c5000 	.word	0x400c5000

1a001708 <Chip_SSP_SetClockRate>:

/*Set up output clocks per bit for SSP bus*/
void Chip_SSP_SetClockRate(LPC_SSP_T *pSSP, uint32_t clk_rate, uint32_t prescale)
{
	uint32_t temp;
	temp = pSSP->CR0 & (~(SSP_CR0_SCR(0xFF)));
1a001708:	6803      	ldr	r3, [r0, #0]
1a00170a:	f423 437f 	bic.w	r3, r3, #65280	; 0xff00
	pSSP->CR0 = temp | (SSP_CR0_SCR(clk_rate));
1a00170e:	0209      	lsls	r1, r1, #8
1a001710:	b289      	uxth	r1, r1
1a001712:	4319      	orrs	r1, r3
1a001714:	6001      	str	r1, [r0, #0]
	pSSP->CPSR = prescale;
1a001716:	6102      	str	r2, [r0, #16]
}
1a001718:	4770      	bx	lr

1a00171a <Chip_SSP_RWFrames_Blocking>:

/* SSP Polling Read/Write in blocking mode */
uint32_t Chip_SSP_RWFrames_Blocking(LPC_SSP_T *pSSP, Chip_SSP_DATA_SETUP_T *xf_setup)
{
1a00171a:	b538      	push	{r3, r4, r5, lr}
1a00171c:	4604      	mov	r4, r0
1a00171e:	460d      	mov	r5, r1
	return (pSSP->SR & Stat) ? SET : RESET;
1a001720:	68e3      	ldr	r3, [r4, #12]
	/* Clear all remaining frames in RX FIFO */
	while (Chip_SSP_GetStatus(pSSP, SSP_STAT_RNE)) {
1a001722:	f013 0f04 	tst.w	r3, #4
1a001726:	d001      	beq.n	1a00172c <Chip_SSP_RWFrames_Blocking+0x12>
	return (uint16_t) (SSP_DR_BITMASK(pSSP->DR));
1a001728:	68a3      	ldr	r3, [r4, #8]
1a00172a:	e7f9      	b.n	1a001720 <Chip_SSP_RWFrames_Blocking+0x6>
	pSSP->ICR = IntClear;
1a00172c:	2303      	movs	r3, #3
1a00172e:	6223      	str	r3, [r4, #32]
	return SSP_CR0_DSS(pSSP->CR0);
1a001730:	6823      	ldr	r3, [r4, #0]
	}

	/* Clear status */
	Chip_SSP_ClearIntPending(pSSP, SSP_INT_CLEAR_BITMASK);

	if (Chip_SSP_GetDataSize(pSSP) > SSP_BITS_8) {
1a001732:	f013 0f08 	tst.w	r3, #8
1a001736:	d108      	bne.n	1a00174a <Chip_SSP_RWFrames_Blocking+0x30>
1a001738:	e022      	b.n	1a001780 <Chip_SSP_RWFrames_Blocking+0x66>
	return (pSSP->RIS & RawInt) ? SET : RESET;
1a00173a:	69a3      	ldr	r3, [r4, #24]
			if (( Chip_SSP_GetStatus(pSSP, SSP_STAT_TNF) == SET) && ( xf_setup->tx_cnt < xf_setup->length) ) {
				SSP_Write2BFifo(pSSP, xf_setup);
			}

			/* Check overrun error */
			if (Chip_SSP_GetRawIntStatus(pSSP, SSP_RORRIS) == SET) {
1a00173c:	f013 0f01 	tst.w	r3, #1
1a001740:	d139      	bne.n	1a0017b6 <Chip_SSP_RWFrames_Blocking+0x9c>
				return ERROR;
			}

			/* Check for any data available in RX FIFO */
			SSP_Read2BFifo(pSSP, xf_setup);
1a001742:	4629      	mov	r1, r5
1a001744:	4620      	mov	r0, r4
1a001746:	f7ff ff88 	bl	1a00165a <SSP_Read2BFifo>
		while (xf_setup->rx_cnt < xf_setup->length || xf_setup->tx_cnt < xf_setup->length) {
1a00174a:	68ea      	ldr	r2, [r5, #12]
1a00174c:	692b      	ldr	r3, [r5, #16]
1a00174e:	429a      	cmp	r2, r3
1a001750:	d302      	bcc.n	1a001758 <Chip_SSP_RWFrames_Blocking+0x3e>
1a001752:	686a      	ldr	r2, [r5, #4]
1a001754:	4293      	cmp	r3, r2
1a001756:	d926      	bls.n	1a0017a6 <Chip_SSP_RWFrames_Blocking+0x8c>
	return (pSSP->SR & Stat) ? SET : RESET;
1a001758:	68e2      	ldr	r2, [r4, #12]
			if (( Chip_SSP_GetStatus(pSSP, SSP_STAT_TNF) == SET) && ( xf_setup->tx_cnt < xf_setup->length) ) {
1a00175a:	f012 0f02 	tst.w	r2, #2
1a00175e:	d0ec      	beq.n	1a00173a <Chip_SSP_RWFrames_Blocking+0x20>
1a001760:	686a      	ldr	r2, [r5, #4]
1a001762:	429a      	cmp	r2, r3
1a001764:	d2e9      	bcs.n	1a00173a <Chip_SSP_RWFrames_Blocking+0x20>
				SSP_Write2BFifo(pSSP, xf_setup);
1a001766:	4629      	mov	r1, r5
1a001768:	4620      	mov	r0, r4
1a00176a:	f7ff ff5d 	bl	1a001628 <SSP_Write2BFifo>
1a00176e:	e7e4      	b.n	1a00173a <Chip_SSP_RWFrames_Blocking+0x20>
	return (pSSP->RIS & RawInt) ? SET : RESET;
1a001770:	69a3      	ldr	r3, [r4, #24]
			if (( Chip_SSP_GetStatus(pSSP, SSP_STAT_TNF) == SET) && ( xf_setup->tx_cnt < xf_setup->length) ) {
				SSP_Write1BFifo(pSSP, xf_setup);
			}

			/* Check overrun error */
			if (Chip_SSP_GetRawIntStatus(pSSP, SSP_RORRIS) == SET) {
1a001772:	f013 0f01 	tst.w	r3, #1
1a001776:	d120      	bne.n	1a0017ba <Chip_SSP_RWFrames_Blocking+0xa0>
				return ERROR;
			}

			/* Check for any data available in RX FIFO */
			SSP_Read1BFifo(pSSP, xf_setup);
1a001778:	4629      	mov	r1, r5
1a00177a:	4620      	mov	r0, r4
1a00177c:	f7ff ff8e 	bl	1a00169c <SSP_Read1BFifo>
		while (xf_setup->rx_cnt < xf_setup->length || xf_setup->tx_cnt < xf_setup->length) {
1a001780:	68ea      	ldr	r2, [r5, #12]
1a001782:	692b      	ldr	r3, [r5, #16]
1a001784:	429a      	cmp	r2, r3
1a001786:	d302      	bcc.n	1a00178e <Chip_SSP_RWFrames_Blocking+0x74>
1a001788:	686a      	ldr	r2, [r5, #4]
1a00178a:	4293      	cmp	r3, r2
1a00178c:	d90b      	bls.n	1a0017a6 <Chip_SSP_RWFrames_Blocking+0x8c>
	return (pSSP->SR & Stat) ? SET : RESET;
1a00178e:	68e2      	ldr	r2, [r4, #12]
			if (( Chip_SSP_GetStatus(pSSP, SSP_STAT_TNF) == SET) && ( xf_setup->tx_cnt < xf_setup->length) ) {
1a001790:	f012 0f02 	tst.w	r2, #2
1a001794:	d0ec      	beq.n	1a001770 <Chip_SSP_RWFrames_Blocking+0x56>
1a001796:	686a      	ldr	r2, [r5, #4]
1a001798:	429a      	cmp	r2, r3
1a00179a:	d2e9      	bcs.n	1a001770 <Chip_SSP_RWFrames_Blocking+0x56>
				SSP_Write1BFifo(pSSP, xf_setup);
1a00179c:	4629      	mov	r1, r5
1a00179e:	4620      	mov	r0, r4
1a0017a0:	f7ff ff4f 	bl	1a001642 <SSP_Write1BFifo>
1a0017a4:	e7e4      	b.n	1a001770 <Chip_SSP_RWFrames_Blocking+0x56>
		}
	}
	if (xf_setup->tx_data) {
1a0017a6:	682b      	ldr	r3, [r5, #0]
1a0017a8:	b10b      	cbz	r3, 1a0017ae <Chip_SSP_RWFrames_Blocking+0x94>
		return xf_setup->tx_cnt;
1a0017aa:	6868      	ldr	r0, [r5, #4]
1a0017ac:	e004      	b.n	1a0017b8 <Chip_SSP_RWFrames_Blocking+0x9e>
	}
	else if (xf_setup->rx_data) {
1a0017ae:	68ab      	ldr	r3, [r5, #8]
1a0017b0:	b12b      	cbz	r3, 1a0017be <Chip_SSP_RWFrames_Blocking+0xa4>
		return xf_setup->rx_cnt;
1a0017b2:	68e8      	ldr	r0, [r5, #12]
1a0017b4:	e000      	b.n	1a0017b8 <Chip_SSP_RWFrames_Blocking+0x9e>
				return ERROR;
1a0017b6:	2000      	movs	r0, #0
	}

	return 0;
}
1a0017b8:	bd38      	pop	{r3, r4, r5, pc}
				return ERROR;
1a0017ba:	2000      	movs	r0, #0
1a0017bc:	e7fc      	b.n	1a0017b8 <Chip_SSP_RWFrames_Blocking+0x9e>
	return 0;
1a0017be:	2000      	movs	r0, #0
1a0017c0:	e7fa      	b.n	1a0017b8 <Chip_SSP_RWFrames_Blocking+0x9e>

1a0017c2 <Chip_SSP_SetBitRate>:
	}
}

/* Set the clock frequency for SSP interface */
void Chip_SSP_SetBitRate(LPC_SSP_T *pSSP, uint32_t bitRate)
{
1a0017c2:	b570      	push	{r4, r5, r6, lr}
1a0017c4:	4606      	mov	r6, r0
1a0017c6:	460d      	mov	r5, r1
	uint32_t ssp_clk, cr0_div, cmp_clk, prescale;

	ssp_clk = Chip_Clock_GetRate(Chip_SSP_GetPeriphClockIndex(pSSP));
1a0017c8:	f7ff ff92 	bl	1a0016f0 <Chip_SSP_GetPeriphClockIndex>
1a0017cc:	f000 fc2e 	bl	1a00202c <Chip_Clock_GetRate>

	cr0_div = 0;
	cmp_clk = 0xFFFFFFFF;
	prescale = 2;
1a0017d0:	2202      	movs	r2, #2
	cmp_clk = 0xFFFFFFFF;
1a0017d2:	f04f 33ff 	mov.w	r3, #4294967295
	cr0_div = 0;
1a0017d6:	2100      	movs	r1, #0

	while (cmp_clk > bitRate) {
1a0017d8:	e000      	b.n	1a0017dc <Chip_SSP_SetBitRate+0x1a>
		cmp_clk = ssp_clk / ((cr0_div + 1) * prescale);
		if (cmp_clk > bitRate) {
			cr0_div++;
1a0017da:	4621      	mov	r1, r4
	while (cmp_clk > bitRate) {
1a0017dc:	42ab      	cmp	r3, r5
1a0017de:	d90b      	bls.n	1a0017f8 <Chip_SSP_SetBitRate+0x36>
		cmp_clk = ssp_clk / ((cr0_div + 1) * prescale);
1a0017e0:	1c4c      	adds	r4, r1, #1
1a0017e2:	fb02 f304 	mul.w	r3, r2, r4
1a0017e6:	fbb0 f3f3 	udiv	r3, r0, r3
		if (cmp_clk > bitRate) {
1a0017ea:	429d      	cmp	r5, r3
1a0017ec:	d2f6      	bcs.n	1a0017dc <Chip_SSP_SetBitRate+0x1a>
			if (cr0_div > 0xFF) {
1a0017ee:	2cff      	cmp	r4, #255	; 0xff
1a0017f0:	d9f3      	bls.n	1a0017da <Chip_SSP_SetBitRate+0x18>
				cr0_div = 0;
				prescale += 2;
1a0017f2:	3202      	adds	r2, #2
				cr0_div = 0;
1a0017f4:	2100      	movs	r1, #0
1a0017f6:	e7f1      	b.n	1a0017dc <Chip_SSP_SetBitRate+0x1a>
			}
		}
	}

	Chip_SSP_SetClockRate(pSSP, cr0_div, prescale);
1a0017f8:	4630      	mov	r0, r6
1a0017fa:	f7ff ff85 	bl	1a001708 <Chip_SSP_SetClockRate>
}
1a0017fe:	bd70      	pop	{r4, r5, r6, pc}

1a001800 <Chip_SSP_Init>:

/* Initialize the SSP */
void Chip_SSP_Init(LPC_SSP_T *pSSP)
{
1a001800:	b510      	push	{r4, lr}
1a001802:	4604      	mov	r4, r0
	Chip_Clock_Enable(Chip_SSP_GetClockIndex(pSSP));
1a001804:	f7ff ff6a 	bl	1a0016dc <Chip_SSP_GetClockIndex>
1a001808:	f000 fbf6 	bl	1a001ff8 <Chip_Clock_Enable>
	Chip_Clock_Enable(Chip_SSP_GetPeriphClockIndex(pSSP));
1a00180c:	4620      	mov	r0, r4
1a00180e:	f7ff ff6f 	bl	1a0016f0 <Chip_SSP_GetPeriphClockIndex>
1a001812:	f000 fbf1 	bl	1a001ff8 <Chip_Clock_Enable>
	pSSP->CR1 = (pSSP->CR1 & ~(1 << 2)) | mode;
1a001816:	6863      	ldr	r3, [r4, #4]
1a001818:	f023 0304 	bic.w	r3, r3, #4
1a00181c:	6063      	str	r3, [r4, #4]
	pSSP->CR0 = (pSSP->CR0 & ~0xFF) | bits | frameFormat | clockMode;
1a00181e:	6823      	ldr	r3, [r4, #0]
1a001820:	f023 03ff 	bic.w	r3, r3, #255	; 0xff
1a001824:	f043 0307 	orr.w	r3, r3, #7
1a001828:	6023      	str	r3, [r4, #0]

	Chip_SSP_Set_Mode(pSSP, SSP_MODE_MASTER);
	Chip_SSP_SetFormat(pSSP, SSP_BITS_8, SSP_FRAMEFORMAT_SPI, SSP_CLOCK_CPHA0_CPOL0);
	Chip_SSP_SetBitRate(pSSP, 100000);
1a00182a:	4902      	ldr	r1, [pc, #8]	; (1a001834 <Chip_SSP_Init+0x34>)
1a00182c:	4620      	mov	r0, r4
1a00182e:	f7ff ffc8 	bl	1a0017c2 <Chip_SSP_SetBitRate>
}
1a001832:	bd10      	pop	{r4, pc}
1a001834:	000186a0 	.word	0x000186a0

1a001838 <Chip_I2C_EventHandler>:
{
	struct i2c_interface *iic = &i2c[id];
	volatile I2C_STATUS_T *stat;

	/* Only WAIT event needs to be handled */
	if (event != I2C_EVENT_WAIT) {
1a001838:	2901      	cmp	r1, #1
1a00183a:	d109      	bne.n	1a001850 <Chip_I2C_EventHandler+0x18>
		return;
	}

	stat = &iic->mXfer->status;
1a00183c:	ebc0 00c0 	rsb	r0, r0, r0, lsl #3
1a001840:	0082      	lsls	r2, r0, #2
1a001842:	4b04      	ldr	r3, [pc, #16]	; (1a001854 <Chip_I2C_EventHandler+0x1c>)
1a001844:	4413      	add	r3, r2
1a001846:	691a      	ldr	r2, [r3, #16]
	/* Wait for the status to change */
	while (*stat == I2C_STATUS_BUSY) {}
1a001848:	7d13      	ldrb	r3, [r2, #20]
1a00184a:	b2db      	uxtb	r3, r3
1a00184c:	2b04      	cmp	r3, #4
1a00184e:	d0fb      	beq.n	1a001848 <Chip_I2C_EventHandler+0x10>
}
1a001850:	4770      	bx	lr
1a001852:	bf00      	nop
1a001854:	10000038 	.word	0x10000038

1a001858 <Chip_I2C_Init>:
	}
}

/* Initializes the LPC_I2C peripheral with specified parameter */
void Chip_I2C_Init(I2C_ID_T id)
{
1a001858:	b570      	push	{r4, r5, r6, lr}
1a00185a:	4605      	mov	r5, r0
	Chip_Clock_Enable(i2c[id].clk);
1a00185c:	4e06      	ldr	r6, [pc, #24]	; (1a001878 <Chip_I2C_Init+0x20>)
1a00185e:	00c4      	lsls	r4, r0, #3
1a001860:	1a22      	subs	r2, r4, r0
1a001862:	0093      	lsls	r3, r2, #2
1a001864:	4433      	add	r3, r6
1a001866:	8898      	ldrh	r0, [r3, #4]
1a001868:	f000 fbc6 	bl	1a001ff8 <Chip_Clock_Enable>
	enableClk(id);

	/* Set I2C operation to default */
	LPC_I2Cx(id)->CONCLR = (I2C_CON_AA | I2C_CON_SI | I2C_CON_STA | I2C_CON_I2EN);
1a00186c:	1b64      	subs	r4, r4, r5
1a00186e:	00a3      	lsls	r3, r4, #2
1a001870:	58f3      	ldr	r3, [r6, r3]
1a001872:	226c      	movs	r2, #108	; 0x6c
1a001874:	619a      	str	r2, [r3, #24]
}
1a001876:	bd70      	pop	{r4, r5, r6, pc}
1a001878:	10000038 	.word	0x10000038

1a00187c <Chip_I2C_SetClockRate>:
	disableClk(id);
}

/* Set up clock rate for LPC_I2C peripheral */
void Chip_I2C_SetClockRate(I2C_ID_T id, uint32_t clockrate)
{
1a00187c:	e92d 41f0 	stmdb	sp!, {r4, r5, r6, r7, r8, lr}
1a001880:	460c      	mov	r4, r1
	return Chip_Clock_GetRate(i2c[id].clk);
1a001882:	4e0b      	ldr	r6, [pc, #44]	; (1a0018b0 <Chip_I2C_SetClockRate+0x34>)
1a001884:	00c5      	lsls	r5, r0, #3
1a001886:	1a2b      	subs	r3, r5, r0
1a001888:	ea4f 0883 	mov.w	r8, r3, lsl #2
1a00188c:	eb06 0308 	add.w	r3, r6, r8
1a001890:	8898      	ldrh	r0, [r3, #4]
1a001892:	f000 fbcb 	bl	1a00202c <Chip_Clock_GetRate>
	uint32_t SCLValue;

	SCLValue = (getClkRate(id) / clockrate);
1a001896:	fbb0 f0f4 	udiv	r0, r0, r4
	LPC_I2Cx(id)->SCLH = (uint32_t) (SCLValue >> 1);
1a00189a:	f856 3008 	ldr.w	r3, [r6, r8]
1a00189e:	0842      	lsrs	r2, r0, #1
1a0018a0:	611a      	str	r2, [r3, #16]
	LPC_I2Cx(id)->SCLL = (uint32_t) (SCLValue - LPC_I2Cx(id)->SCLH);
1a0018a2:	f856 3008 	ldr.w	r3, [r6, r8]
1a0018a6:	691a      	ldr	r2, [r3, #16]
1a0018a8:	1a80      	subs	r0, r0, r2
1a0018aa:	6158      	str	r0, [r3, #20]
}
1a0018ac:	e8bd 81f0 	ldmia.w	sp!, {r4, r5, r6, r7, r8, pc}
1a0018b0:	10000038 	.word	0x10000038

1a0018b4 <Chip_SetupCoreClock>:
/*****************************************************************************
 * Public functions
 ****************************************************************************/
/* Setup Chip Core clock */
void Chip_SetupCoreClock(CHIP_CGU_CLKIN_T clkin, uint32_t core_freq, bool setbase)
{
1a0018b4:	b570      	push	{r4, r5, r6, lr}
1a0018b6:	b08a      	sub	sp, #40	; 0x28
1a0018b8:	4605      	mov	r5, r0
1a0018ba:	460e      	mov	r6, r1
1a0018bc:	4614      	mov	r4, r2
	int i;
	volatile uint32_t delay = 50000; // FIXME: original was 500, fix for horrible crystals. @Eric
1a0018be:	f24c 3350 	movw	r3, #50000	; 0xc350
1a0018c2:	9309      	str	r3, [sp, #36]	; 0x24
	uint32_t direct = 0, pdivide = 0;
	PLL_PARAM_T ppll;

	if (clkin == CLKIN_CRYSTAL) {
1a0018c4:	2806      	cmp	r0, #6
1a0018c6:	d018      	beq.n	1a0018fa <Chip_SetupCoreClock+0x46>
		/* Switch main system clocking to crystal */
		Chip_Clock_EnableCrystal();
	}
	Chip_Clock_SetBaseClock(CLK_BASE_MX, clkin, true, false);
1a0018c8:	2300      	movs	r3, #0
1a0018ca:	2201      	movs	r2, #1
1a0018cc:	4629      	mov	r1, r5
1a0018ce:	2004      	movs	r0, #4
1a0018d0:	f000 fb2e 	bl	1a001f30 <Chip_Clock_SetBaseClock>
 * Saves power if the main PLL is not needed.
 */
__STATIC_INLINE void Chip_Clock_DisableMainPLL(void)
{
	/* power down main PLL */
	LPC_CGU->PLL1_CTRL |= 1;
1a0018d4:	4a4a      	ldr	r2, [pc, #296]	; (1a001a00 <Chip_SetupCoreClock+0x14c>)
1a0018d6:	6c53      	ldr	r3, [r2, #68]	; 0x44
1a0018d8:	f043 0301 	orr.w	r3, r3, #1
1a0018dc:	6453      	str	r3, [r2, #68]	; 0x44
	Chip_Clock_DisableMainPLL(); /* Disable PLL */

	/* Calculate the PLL Parameters */
	ppll.srcin = clkin;
1a0018de:	f88d 5008 	strb.w	r5, [sp, #8]
	Chip_Clock_CalcMainPLLValue(core_freq, &ppll);
1a0018e2:	a901      	add	r1, sp, #4
1a0018e4:	4630      	mov	r0, r6
1a0018e6:	f000 fa9b 	bl	1a001e20 <Chip_Clock_CalcMainPLLValue>

	if (core_freq > 110000000UL) {
1a0018ea:	4b46      	ldr	r3, [pc, #280]	; (1a001a04 <Chip_SetupCoreClock+0x150>)
1a0018ec:	429e      	cmp	r6, r3
1a0018ee:	d916      	bls.n	1a00191e <Chip_SetupCoreClock+0x6a>
		if (ppll.ctrl & (1 << 6)) {
1a0018f0:	9b01      	ldr	r3, [sp, #4]
1a0018f2:	f013 0f40 	tst.w	r3, #64	; 0x40
1a0018f6:	d003      	beq.n	1a001900 <Chip_SetupCoreClock+0x4c>
			while(1);		// to run in integer mode above 110 MHz, you need to use IDIV clock to boot strap CPU to that freq
1a0018f8:	e7fe      	b.n	1a0018f8 <Chip_SetupCoreClock+0x44>
		Chip_Clock_EnableCrystal();
1a0018fa:	f000 f9f3 	bl	1a001ce4 <Chip_Clock_EnableCrystal>
1a0018fe:	e7e3      	b.n	1a0018c8 <Chip_SetupCoreClock+0x14>
		} else if (ppll.ctrl & (1 << 7)){
1a001900:	f013 0f80 	tst.w	r3, #128	; 0x80
1a001904:	d005      	beq.n	1a001912 <Chip_SetupCoreClock+0x5e>
			direct = 1;
			ppll.ctrl &= ~(1 << 7);
1a001906:	f023 0380 	bic.w	r3, r3, #128	; 0x80
1a00190a:	9301      	str	r3, [sp, #4]
	uint32_t direct = 0, pdivide = 0;
1a00190c:	2500      	movs	r5, #0
			direct = 1;
1a00190e:	2601      	movs	r6, #1
1a001910:	e007      	b.n	1a001922 <Chip_SetupCoreClock+0x6e>
		} else {
			pdivide = 1;
			ppll.psel++;
1a001912:	9b04      	ldr	r3, [sp, #16]
1a001914:	3301      	adds	r3, #1
1a001916:	9304      	str	r3, [sp, #16]
			pdivide = 1;
1a001918:	2501      	movs	r5, #1
	uint32_t direct = 0, pdivide = 0;
1a00191a:	2600      	movs	r6, #0
1a00191c:	e001      	b.n	1a001922 <Chip_SetupCoreClock+0x6e>
1a00191e:	2500      	movs	r5, #0
1a001920:	462e      	mov	r6, r5
 * Make sure the main PLL is enabled.
 */
__STATIC_INLINE void Chip_Clock_SetupMainPLL(const PLL_PARAM_T *ppll)
{
	/* power up main PLL */
    LPC_CGU->PLL1_CTRL = ppll->ctrl | ((uint32_t) ppll->srcin << 24) | (ppll->msel << 16) | (ppll->nsel << 12) | (ppll->psel << 8) | ( 1 << 11);	
1a001922:	f89d 2008 	ldrb.w	r2, [sp, #8]
1a001926:	9b01      	ldr	r3, [sp, #4]
1a001928:	ea43 6302 	orr.w	r3, r3, r2, lsl #24
1a00192c:	9a05      	ldr	r2, [sp, #20]
1a00192e:	ea43 4302 	orr.w	r3, r3, r2, lsl #16
1a001932:	9a03      	ldr	r2, [sp, #12]
1a001934:	ea43 3302 	orr.w	r3, r3, r2, lsl #12
1a001938:	9a04      	ldr	r2, [sp, #16]
1a00193a:	ea43 2302 	orr.w	r3, r3, r2, lsl #8
1a00193e:	f443 6300 	orr.w	r3, r3, #2048	; 0x800
1a001942:	4a2f      	ldr	r2, [pc, #188]	; (1a001a00 <Chip_SetupCoreClock+0x14c>)
1a001944:	6453      	str	r3, [r2, #68]	; 0x44
 * @note	The main PLL should be locked prior to using it as a clock input for a base clock.
 */
__STATIC_INLINE int Chip_Clock_MainPLLLocked(void)
{
	/* Return true if locked */
	return (LPC_CGU->PLL1_STAT & 1) != 0;
1a001946:	4b2e      	ldr	r3, [pc, #184]	; (1a001a00 <Chip_SetupCoreClock+0x14c>)
1a001948:	6c1b      	ldr	r3, [r3, #64]	; 0x40

	/* Setup and start the PLL */
	Chip_Clock_SetupMainPLL(&ppll);

	/* Wait for the PLL to lock */
	while(!Chip_Clock_MainPLLLocked()) {}
1a00194a:	f013 0f01 	tst.w	r3, #1
1a00194e:	d0fa      	beq.n	1a001946 <Chip_SetupCoreClock+0x92>

	/* Set core clock base as PLL1 */
	Chip_Clock_SetBaseClock(CLK_BASE_MX, CLKIN_MAINPLL, true, false);
1a001950:	2300      	movs	r3, #0
1a001952:	2201      	movs	r2, #1
1a001954:	2109      	movs	r1, #9
1a001956:	2004      	movs	r0, #4
1a001958:	f000 faea 	bl	1a001f30 <Chip_Clock_SetBaseClock>

	if (direct) {
1a00195c:	b306      	cbz	r6, 1a0019a0 <Chip_SetupCoreClock+0xec>
		delay = 50000; // FIXME: original was 1000, fix for horrible crystals. @Eric
1a00195e:	f24c 3350 	movw	r3, #50000	; 0xc350
1a001962:	9309      	str	r3, [sp, #36]	; 0x24
		while(delay --){} /* Wait for approx 50 uSec -- for power supply to stabilize*/
1a001964:	9b09      	ldr	r3, [sp, #36]	; 0x24
1a001966:	1e5a      	subs	r2, r3, #1
1a001968:	9209      	str	r2, [sp, #36]	; 0x24
1a00196a:	2b00      	cmp	r3, #0
1a00196c:	d1fa      	bne.n	1a001964 <Chip_SetupCoreClock+0xb0>
		ppll.ctrl |= 1 << 7;
1a00196e:	9b01      	ldr	r3, [sp, #4]
1a001970:	f043 0380 	orr.w	r3, r3, #128	; 0x80
1a001974:	9301      	str	r3, [sp, #4]
    LPC_CGU->PLL1_CTRL = ppll->ctrl | ((uint32_t) ppll->srcin << 24) | (ppll->msel << 16) | (ppll->nsel << 12) | (ppll->psel << 8) | ( 1 << 11);	
1a001976:	f89d 2008 	ldrb.w	r2, [sp, #8]
1a00197a:	ea43 6302 	orr.w	r3, r3, r2, lsl #24
1a00197e:	9a05      	ldr	r2, [sp, #20]
1a001980:	ea43 4302 	orr.w	r3, r3, r2, lsl #16
1a001984:	9a03      	ldr	r2, [sp, #12]
1a001986:	ea43 3302 	orr.w	r3, r3, r2, lsl #12
1a00198a:	9a04      	ldr	r2, [sp, #16]
1a00198c:	ea43 2302 	orr.w	r3, r3, r2, lsl #8
1a001990:	f443 6300 	orr.w	r3, r3, #2048	; 0x800
1a001994:	4a1a      	ldr	r2, [pc, #104]	; (1a001a00 <Chip_SetupCoreClock+0x14c>)
1a001996:	6453      	str	r3, [r2, #68]	; 0x44
		while(delay --){} /* Wait for approx 50 uSec -- for power supply to stabilize */
		ppll.psel--;
		Chip_Clock_SetupMainPLL(&ppll); /* Set PDIV to operate at full frequency */
	}

	if (setbase) {
1a001998:	2c00      	cmp	r4, #0
1a00199a:	d12e      	bne.n	1a0019fa <Chip_SetupCoreClock+0x146>
		for (i = 0; i < (sizeof(InitClkStates) / sizeof(InitClkStates[0])); i++) {
			Chip_Clock_SetBaseClock(InitClkStates[i].clk, InitClkStates[i].clkin,
									InitClkStates[i].autoblock_enab, InitClkStates[i].powerdn);
		}
	}
}
1a00199c:	b00a      	add	sp, #40	; 0x28
1a00199e:	bd70      	pop	{r4, r5, r6, pc}
	} else if (pdivide) {
1a0019a0:	2d00      	cmp	r5, #0
1a0019a2:	d0f9      	beq.n	1a001998 <Chip_SetupCoreClock+0xe4>
		delay = 50000; // FIXME: original was 1000, fix for horrible crystals. @Eric
1a0019a4:	f24c 3350 	movw	r3, #50000	; 0xc350
1a0019a8:	9309      	str	r3, [sp, #36]	; 0x24
		while(delay --){} /* Wait for approx 50 uSec -- for power supply to stabilize */
1a0019aa:	9b09      	ldr	r3, [sp, #36]	; 0x24
1a0019ac:	1e5a      	subs	r2, r3, #1
1a0019ae:	9209      	str	r2, [sp, #36]	; 0x24
1a0019b0:	2b00      	cmp	r3, #0
1a0019b2:	d1fa      	bne.n	1a0019aa <Chip_SetupCoreClock+0xf6>
		ppll.psel--;
1a0019b4:	9b04      	ldr	r3, [sp, #16]
1a0019b6:	1e5a      	subs	r2, r3, #1
1a0019b8:	9204      	str	r2, [sp, #16]
1a0019ba:	f89d 1008 	ldrb.w	r1, [sp, #8]
1a0019be:	9b01      	ldr	r3, [sp, #4]
1a0019c0:	ea43 6301 	orr.w	r3, r3, r1, lsl #24
1a0019c4:	9905      	ldr	r1, [sp, #20]
1a0019c6:	ea43 4301 	orr.w	r3, r3, r1, lsl #16
1a0019ca:	9903      	ldr	r1, [sp, #12]
1a0019cc:	ea43 3301 	orr.w	r3, r3, r1, lsl #12
1a0019d0:	ea43 2302 	orr.w	r3, r3, r2, lsl #8
1a0019d4:	f443 6300 	orr.w	r3, r3, #2048	; 0x800
1a0019d8:	4a09      	ldr	r2, [pc, #36]	; (1a001a00 <Chip_SetupCoreClock+0x14c>)
1a0019da:	6453      	str	r3, [r2, #68]	; 0x44
1a0019dc:	e7dc      	b.n	1a001998 <Chip_SetupCoreClock+0xe4>
			Chip_Clock_SetBaseClock(InitClkStates[i].clk, InitClkStates[i].clkin,
1a0019de:	480a      	ldr	r0, [pc, #40]	; (1a001a08 <Chip_SetupCoreClock+0x154>)
1a0019e0:	eb00 0184 	add.w	r1, r0, r4, lsl #2
1a0019e4:	78cb      	ldrb	r3, [r1, #3]
1a0019e6:	788a      	ldrb	r2, [r1, #2]
1a0019e8:	7849      	ldrb	r1, [r1, #1]
1a0019ea:	f810 0024 	ldrb.w	r0, [r0, r4, lsl #2]
1a0019ee:	f000 fa9f 	bl	1a001f30 <Chip_Clock_SetBaseClock>
		for (i = 0; i < (sizeof(InitClkStates) / sizeof(InitClkStates[0])); i++) {
1a0019f2:	3401      	adds	r4, #1
1a0019f4:	2c11      	cmp	r4, #17
1a0019f6:	d9f2      	bls.n	1a0019de <Chip_SetupCoreClock+0x12a>
1a0019f8:	e7d0      	b.n	1a00199c <Chip_SetupCoreClock+0xe8>
1a0019fa:	2400      	movs	r4, #0
1a0019fc:	e7fa      	b.n	1a0019f4 <Chip_SetupCoreClock+0x140>
1a0019fe:	bf00      	nop
1a001a00:	40050000 	.word	0x40050000
1a001a04:	068e7780 	.word	0x068e7780
1a001a08:	1a007c1c 	.word	0x1a007c1c

1a001a0c <Chip_GPIO_Init>:
 ****************************************************************************/

/* Initialize GPIO block */
void Chip_GPIO_Init(LPC_GPIO_T *pGPIO)
{
}
1a001a0c:	4770      	bx	lr
1a001a0e:	Address 0x1a001a0e is out of bounds.


1a001a10 <Chip_ADC_GetClockIndex>:
/* Returns clock index for the peripheral block */
STATIC CHIP_CCU_CLK_T Chip_ADC_GetClockIndex(LPC_ADC_T *pADC)
{
	CHIP_CCU_CLK_T clkADC;

	if (pADC == LPC_ADC1) {
1a001a10:	4b03      	ldr	r3, [pc, #12]	; (1a001a20 <Chip_ADC_GetClockIndex+0x10>)
1a001a12:	4298      	cmp	r0, r3
1a001a14:	d001      	beq.n	1a001a1a <Chip_ADC_GetClockIndex+0xa>
		clkADC = CLK_APB3_ADC1;
	}
	else {
		clkADC = CLK_APB3_ADC0;
1a001a16:	2003      	movs	r0, #3
	}

	return clkADC;
}
1a001a18:	4770      	bx	lr
		clkADC = CLK_APB3_ADC1;
1a001a1a:	2004      	movs	r0, #4
1a001a1c:	4770      	bx	lr
1a001a1e:	bf00      	nop
1a001a20:	400e4000 	.word	0x400e4000

1a001a24 <getClkDiv>:

/* Get divider value */
STATIC uint8_t getClkDiv(LPC_ADC_T *pADC, bool burstMode, uint32_t adcRate, uint8_t clks)
{
1a001a24:	b570      	push	{r4, r5, r6, lr}
1a001a26:	460d      	mov	r5, r1
1a001a28:	4614      	mov	r4, r2
1a001a2a:	461e      	mov	r6, r3
	   A/D converter, which should be less than or equal to 4.5MHz.
	   A fully conversion requires (bits_accuracy+1) of these clocks.
	   ADC Clock = PCLK_ADC0 / (CLKDIV + 1);
	   ADC rate = ADC clock / (the number of clocks required for each conversion);
	 */
	adcBlockFreq = Chip_Clock_GetRate(Chip_ADC_GetClockIndex(pADC));
1a001a2c:	f7ff fff0 	bl	1a001a10 <Chip_ADC_GetClockIndex>
1a001a30:	f000 fafc 	bl	1a00202c <Chip_Clock_GetRate>
	if (burstMode) {
1a001a34:	b155      	cbz	r5, 1a001a4c <getClkDiv+0x28>
		fullAdcRate = adcRate * clks;
1a001a36:	fb04 f406 	mul.w	r4, r4, r6
	else {
		fullAdcRate = adcRate * getFullConvClk();
	}

	/* Get the round value by fomular: (2*A + B)/(2*B) */
	div = ((adcBlockFreq * 2 + fullAdcRate) / (fullAdcRate * 2)) - 1;
1a001a3a:	eb04 0040 	add.w	r0, r4, r0, lsl #1
1a001a3e:	0064      	lsls	r4, r4, #1
1a001a40:	fbb0 f0f4 	udiv	r0, r0, r4
1a001a44:	b2c0      	uxtb	r0, r0
1a001a46:	3801      	subs	r0, #1
	return div;
}
1a001a48:	b2c0      	uxtb	r0, r0
1a001a4a:	bd70      	pop	{r4, r5, r6, pc}
		fullAdcRate = adcRate * getFullConvClk();
1a001a4c:	eb04 0384 	add.w	r3, r4, r4, lsl #2
1a001a50:	eb04 0443 	add.w	r4, r4, r3, lsl #1
1a001a54:	e7f1      	b.n	1a001a3a <getClkDiv+0x16>
1a001a56:	Address 0x1a001a56 is out of bounds.


1a001a58 <Chip_ADC_Init>:
 * Public functions
 ****************************************************************************/

/* Initialize the ADC peripheral and the ADC setup structure to default value */
void Chip_ADC_Init(LPC_ADC_T *pADC, ADC_CLOCK_SETUP_T *ADCSetup)
{
1a001a58:	b538      	push	{r3, r4, r5, lr}
1a001a5a:	4605      	mov	r5, r0
1a001a5c:	460c      	mov	r4, r1
	uint8_t div;
	uint32_t cr = 0;
	uint32_t clk;

	Chip_Clock_EnableOpts(Chip_ADC_GetClockIndex(pADC), true, true, 1);
1a001a5e:	f7ff ffd7 	bl	1a001a10 <Chip_ADC_GetClockIndex>
1a001a62:	2301      	movs	r3, #1
1a001a64:	461a      	mov	r2, r3
1a001a66:	4619      	mov	r1, r3
1a001a68:	f000 faa8 	bl	1a001fbc <Chip_Clock_EnableOpts>

	pADC->INTEN = 0;		/* Disable all interrupts */
1a001a6c:	2100      	movs	r1, #0
1a001a6e:	60e9      	str	r1, [r5, #12]

	cr |= ADC_CR_PDN;
	ADCSetup->adcRate = ADC_MAX_SAMPLE_RATE;
1a001a70:	4a08      	ldr	r2, [pc, #32]	; (1a001a94 <Chip_ADC_Init+0x3c>)
1a001a72:	6022      	str	r2, [r4, #0]
	ADCSetup->bitsAccuracy = ADC_10BITS;
1a001a74:	7121      	strb	r1, [r4, #4]
	clk = 11;
	ADCSetup->burstMode = false;
1a001a76:	7161      	strb	r1, [r4, #5]
	div = getClkDiv(pADC, false, ADCSetup->adcRate, clk);
1a001a78:	230b      	movs	r3, #11
1a001a7a:	4628      	mov	r0, r5
1a001a7c:	f7ff ffd2 	bl	1a001a24 <getClkDiv>
	cr |= ADC_CR_CLKDIV(div);
1a001a80:	0200      	lsls	r0, r0, #8
1a001a82:	f440 1300 	orr.w	r3, r0, #2097152	; 0x200000
	cr |= ADC_CR_BITACC(ADCSetup->bitsAccuracy);
1a001a86:	7920      	ldrb	r0, [r4, #4]
1a001a88:	0440      	lsls	r0, r0, #17
1a001a8a:	f400 2060 	and.w	r0, r0, #917504	; 0xe0000
1a001a8e:	4318      	orrs	r0, r3
	pADC->CR = cr;
1a001a90:	6028      	str	r0, [r5, #0]
}
1a001a92:	bd38      	pop	{r3, r4, r5, pc}
1a001a94:	00061a80 	.word	0x00061a80

1a001a98 <Chip_ADC_SetSampleRate>:
	setStartMode(pADC, (uint8_t) mode);
}

/* Set the ADC Sample rate */
void Chip_ADC_SetSampleRate(LPC_ADC_T *pADC, ADC_CLOCK_SETUP_T *ADCSetup, uint32_t rate)
{
1a001a98:	b570      	push	{r4, r5, r6, lr}
1a001a9a:	4605      	mov	r5, r0
1a001a9c:	460e      	mov	r6, r1
	uint8_t div;
	uint32_t cr;

	cr = pADC->CR & (~ADC_SAMPLE_RATE_CONFIG_MASK);
1a001a9e:	6804      	ldr	r4, [r0, #0]
1a001aa0:	f424 246f 	bic.w	r4, r4, #978944	; 0xef000
1a001aa4:	f424 6470 	bic.w	r4, r4, #3840	; 0xf00
	ADCSetup->adcRate = rate;
1a001aa8:	600a      	str	r2, [r1, #0]
	div = getClkDiv(pADC, ADCSetup->burstMode, rate, (11 - ADCSetup->bitsAccuracy));
1a001aaa:	790b      	ldrb	r3, [r1, #4]
1a001aac:	f1c3 030b 	rsb	r3, r3, #11
1a001ab0:	b2db      	uxtb	r3, r3
1a001ab2:	7949      	ldrb	r1, [r1, #5]
1a001ab4:	f7ff ffb6 	bl	1a001a24 <getClkDiv>
	cr |= ADC_CR_CLKDIV(div);
1a001ab8:	ea44 2000 	orr.w	r0, r4, r0, lsl #8
	cr |= ADC_CR_BITACC(ADCSetup->bitsAccuracy);
1a001abc:	7933      	ldrb	r3, [r6, #4]
1a001abe:	045b      	lsls	r3, r3, #17
1a001ac0:	f403 2360 	and.w	r3, r3, #917504	; 0xe0000
1a001ac4:	4303      	orrs	r3, r0
	pADC->CR = cr;
1a001ac6:	602b      	str	r3, [r5, #0]
}
1a001ac8:	bd70      	pop	{r4, r5, r6, pc}

1a001aca <Chip_ADC_SetResolution>:

/* Set the ADC accuracy bits */
void Chip_ADC_SetResolution(LPC_ADC_T *pADC, ADC_CLOCK_SETUP_T *ADCSetup, ADC_RESOLUTION_T resolution)
{
1a001aca:	b508      	push	{r3, lr}
	ADCSetup->bitsAccuracy = resolution;
1a001acc:	710a      	strb	r2, [r1, #4]
	Chip_ADC_SetSampleRate(pADC, ADCSetup, ADCSetup->adcRate);
1a001ace:	680a      	ldr	r2, [r1, #0]
1a001ad0:	f7ff ffe2 	bl	1a001a98 <Chip_ADC_SetSampleRate>
}
1a001ad4:	bd08      	pop	{r3, pc}
1a001ad6:	Address 0x1a001ad6 is out of bounds.


1a001ad8 <SystemCoreClockUpdate>:


/* Update system core clock rate, should be called if the system has
   a clock rate change */
void SystemCoreClockUpdate(void)
{
1a001ad8:	b508      	push	{r3, lr}
	/* CPU core speed */
	SystemCoreClock = Chip_Clock_GetRate(CLK_MX_MXCORE);
1a001ada:	2069      	movs	r0, #105	; 0x69
1a001adc:	f000 faa6 	bl	1a00202c <Chip_Clock_GetRate>
1a001ae0:	4b01      	ldr	r3, [pc, #4]	; (1a001ae8 <SystemCoreClockUpdate+0x10>)
1a001ae2:	6018      	str	r0, [r3, #0]
}
1a001ae4:	bd08      	pop	{r3, pc}
1a001ae6:	bf00      	nop
1a001ae8:	10000ac4 	.word	0x10000ac4

1a001aec <pll_calc_divs>:
		return -val;
	return val;
}

static void pll_calc_divs(uint32_t freq, PLL_PARAM_T *ppll)
{
1a001aec:	b4f0      	push	{r4, r5, r6, r7}

	uint32_t prev = freq;
	int n, m, p;

	/* When direct mode is set FBSEL should be a don't care */
	if (ppll->ctrl & (1 << 7)) {
1a001aee:	680b      	ldr	r3, [r1, #0]
1a001af0:	f013 0f80 	tst.w	r3, #128	; 0x80
1a001af4:	d002      	beq.n	1a001afc <pll_calc_divs+0x10>
		ppll->ctrl &= ~(1 << 6);
1a001af6:	f023 0340 	bic.w	r3, r3, #64	; 0x40
1a001afa:	600b      	str	r3, [r1, #0]
	}
	for (n = 1; n <= 4; n++) {
		for (p = 0; p < 4; p ++) {
1a001afc:	4607      	mov	r7, r0
1a001afe:	2501      	movs	r5, #1
1a001b00:	e03a      	b.n	1a001b78 <pll_calc_divs+0x8c>
			for (m = 1; m <= 256; m++) {
				uint32_t fcco, fout;
				if (ppll->ctrl & (1 << 6)) {
					fcco = ((m << (p + 1)) * ppll->fin) / n;
				} else {
					fcco = (m * ppll->fin) / n;
1a001b02:	694b      	ldr	r3, [r1, #20]
1a001b04:	fb03 f302 	mul.w	r3, r3, r2
1a001b08:	fbb3 f3f5 	udiv	r3, r3, r5
1a001b0c:	e01c      	b.n	1a001b48 <pll_calc_divs+0x5c>
				}
				if (fcco < PLL_MIN_CCO_FREQ) continue;
				if (fcco > PLL_MAX_CCO_FREQ) break;
				if (ppll->ctrl & (1 << 7)) {
					fout = fcco;
1a001b0e:	461c      	mov	r4, r3
	if (val < 0)
1a001b10:	ebb0 0c04 	subs.w	ip, r0, r4
1a001b14:	d427      	bmi.n	1a001b66 <pll_calc_divs+0x7a>
				} else {
					fout = fcco >> (p + 1);
				}

				if (ABS(freq - fout) < prev) {
1a001b16:	4567      	cmp	r7, ip
1a001b18:	d906      	bls.n	1a001b28 <pll_calc_divs+0x3c>
					ppll->nsel = n;
1a001b1a:	608d      	str	r5, [r1, #8]
					ppll->psel = p + 1;
1a001b1c:	1c77      	adds	r7, r6, #1
1a001b1e:	60cf      	str	r7, [r1, #12]
					ppll->msel = m;
1a001b20:	610a      	str	r2, [r1, #16]
					ppll->fout = fout;
1a001b22:	618c      	str	r4, [r1, #24]
					ppll->fcco = fcco;
1a001b24:	61cb      	str	r3, [r1, #28]
					prev = ABS(freq - fout);
1a001b26:	4667      	mov	r7, ip
			for (m = 1; m <= 256; m++) {
1a001b28:	3201      	adds	r2, #1
1a001b2a:	f5b2 7f80 	cmp.w	r2, #256	; 0x100
1a001b2e:	dc1d      	bgt.n	1a001b6c <pll_calc_divs+0x80>
				if (ppll->ctrl & (1 << 6)) {
1a001b30:	680c      	ldr	r4, [r1, #0]
1a001b32:	f014 0f40 	tst.w	r4, #64	; 0x40
1a001b36:	d0e4      	beq.n	1a001b02 <pll_calc_divs+0x16>
					fcco = ((m << (p + 1)) * ppll->fin) / n;
1a001b38:	1c73      	adds	r3, r6, #1
1a001b3a:	fa02 fc03 	lsl.w	ip, r2, r3
1a001b3e:	694b      	ldr	r3, [r1, #20]
1a001b40:	fb03 f30c 	mul.w	r3, r3, ip
1a001b44:	fbb3 f3f5 	udiv	r3, r3, r5
				if (fcco < PLL_MIN_CCO_FREQ) continue;
1a001b48:	f8df c038 	ldr.w	ip, [pc, #56]	; 1a001b84 <pll_calc_divs+0x98>
1a001b4c:	4563      	cmp	r3, ip
1a001b4e:	d9eb      	bls.n	1a001b28 <pll_calc_divs+0x3c>
				if (fcco > PLL_MAX_CCO_FREQ) break;
1a001b50:	f8df c034 	ldr.w	ip, [pc, #52]	; 1a001b88 <pll_calc_divs+0x9c>
1a001b54:	4563      	cmp	r3, ip
1a001b56:	d809      	bhi.n	1a001b6c <pll_calc_divs+0x80>
				if (ppll->ctrl & (1 << 7)) {
1a001b58:	f014 0f80 	tst.w	r4, #128	; 0x80
1a001b5c:	d1d7      	bne.n	1a001b0e <pll_calc_divs+0x22>
					fout = fcco >> (p + 1);
1a001b5e:	1c74      	adds	r4, r6, #1
1a001b60:	fa23 f404 	lsr.w	r4, r3, r4
1a001b64:	e7d4      	b.n	1a001b10 <pll_calc_divs+0x24>
		return -val;
1a001b66:	f1cc 0c00 	rsb	ip, ip, #0
1a001b6a:	e7d4      	b.n	1a001b16 <pll_calc_divs+0x2a>
		for (p = 0; p < 4; p ++) {
1a001b6c:	3601      	adds	r6, #1
1a001b6e:	2e03      	cmp	r6, #3
1a001b70:	dc01      	bgt.n	1a001b76 <pll_calc_divs+0x8a>
			for (m = 1; m <= 256; m++) {
1a001b72:	2201      	movs	r2, #1
1a001b74:	e7d9      	b.n	1a001b2a <pll_calc_divs+0x3e>
	for (n = 1; n <= 4; n++) {
1a001b76:	3501      	adds	r5, #1
1a001b78:	2d04      	cmp	r5, #4
1a001b7a:	dc01      	bgt.n	1a001b80 <pll_calc_divs+0x94>
		for (p = 0; p < 4; p ++) {
1a001b7c:	2600      	movs	r6, #0
1a001b7e:	e7f6      	b.n	1a001b6e <pll_calc_divs+0x82>
				}
			}
		}
	}
}
1a001b80:	bcf0      	pop	{r4, r5, r6, r7}
1a001b82:	4770      	bx	lr
1a001b84:	094c5eff 	.word	0x094c5eff
1a001b88:	1312d000 	.word	0x1312d000

1a001b8c <pll_get_frac>:

static void pll_get_frac(uint32_t freq, PLL_PARAM_T *ppll)
{
1a001b8c:	b5f0      	push	{r4, r5, r6, r7, lr}
1a001b8e:	b099      	sub	sp, #100	; 0x64
1a001b90:	4605      	mov	r5, r0
1a001b92:	460c      	mov	r4, r1
	int diff[3];
	PLL_PARAM_T pll[3] = {{0},{0},{0}};
1a001b94:	225c      	movs	r2, #92	; 0x5c
1a001b96:	2100      	movs	r1, #0
1a001b98:	a801      	add	r0, sp, #4
1a001b9a:	f002 f91f 	bl	1a003ddc <memset>

	/* Try direct mode */
	pll[0].ctrl |= (1 << 7);
1a001b9e:	2380      	movs	r3, #128	; 0x80
1a001ba0:	9300      	str	r3, [sp, #0]
	pll[0].fin = ppll->fin;
1a001ba2:	6963      	ldr	r3, [r4, #20]
1a001ba4:	9305      	str	r3, [sp, #20]
	pll[0].srcin = ppll->srcin;
1a001ba6:	7923      	ldrb	r3, [r4, #4]
1a001ba8:	f88d 3004 	strb.w	r3, [sp, #4]
	pll_calc_divs(freq, &pll[0]);
1a001bac:	4669      	mov	r1, sp
1a001bae:	4628      	mov	r0, r5
1a001bb0:	f7ff ff9c 	bl	1a001aec <pll_calc_divs>
	if (pll[0].fout == freq) {
1a001bb4:	9b06      	ldr	r3, [sp, #24]
1a001bb6:	42ab      	cmp	r3, r5
1a001bb8:	d027      	beq.n	1a001c0a <pll_get_frac+0x7e>
	if (val < 0)
1a001bba:	1aeb      	subs	r3, r5, r3
1a001bbc:	d42e      	bmi.n	1a001c1c <pll_get_frac+0x90>
		*ppll = pll[0];
		return ;
	}
	diff[0] = ABS(freq - pll[0].fout);
1a001bbe:	461e      	mov	r6, r3

	/* Try non-Integer mode */
	pll[2].ctrl &= ~(1 << 6);			// need to set FBSEL to 0
1a001bc0:	9b10      	ldr	r3, [sp, #64]	; 0x40
1a001bc2:	f023 0340 	bic.w	r3, r3, #64	; 0x40
1a001bc6:	9310      	str	r3, [sp, #64]	; 0x40
	pll[2].fin = ppll->fin;
1a001bc8:	6963      	ldr	r3, [r4, #20]
1a001bca:	9315      	str	r3, [sp, #84]	; 0x54
	pll[2].srcin = ppll->srcin;
1a001bcc:	7923      	ldrb	r3, [r4, #4]
1a001bce:	f88d 3044 	strb.w	r3, [sp, #68]	; 0x44
	pll_calc_divs(freq, &pll[2]);
1a001bd2:	a910      	add	r1, sp, #64	; 0x40
1a001bd4:	4628      	mov	r0, r5
1a001bd6:	f7ff ff89 	bl	1a001aec <pll_calc_divs>
	if (pll[2].fout == freq) {
1a001bda:	9b16      	ldr	r3, [sp, #88]	; 0x58
1a001bdc:	42ab      	cmp	r3, r5
1a001bde:	d01f      	beq.n	1a001c20 <pll_get_frac+0x94>
	if (val < 0)
1a001be0:	1aeb      	subs	r3, r5, r3
1a001be2:	d425      	bmi.n	1a001c30 <pll_get_frac+0xa4>
		*ppll = pll[2];
		return ;
	}
	diff[2] = ABS(freq - pll[2].fout);
1a001be4:	461f      	mov	r7, r3
	
	if (freq <= 110000000) {
1a001be6:	4b2b      	ldr	r3, [pc, #172]	; (1a001c94 <pll_get_frac+0x108>)
1a001be8:	429d      	cmp	r5, r3
1a001bea:	d923      	bls.n	1a001c34 <pll_get_frac+0xa8>
		if (pll[1].fout == freq) {
			*ppll = pll[1];
			return ;
		}
	}
	diff[1] = ABS(freq - pll[1].fout);
1a001bec:	9b0e      	ldr	r3, [sp, #56]	; 0x38
	if (val < 0)
1a001bee:	1aed      	subs	r5, r5, r3
1a001bf0:	d433      	bmi.n	1a001c5a <pll_get_frac+0xce>

	/* Find the min of 3 and return */
	if (diff[0] <= diff[1]) {
1a001bf2:	42ae      	cmp	r6, r5
1a001bf4:	dc3b      	bgt.n	1a001c6e <pll_get_frac+0xe2>
		if (diff[0] <= diff[2]) {
1a001bf6:	42be      	cmp	r6, r7
1a001bf8:	dc31      	bgt.n	1a001c5e <pll_get_frac+0xd2>
			*ppll = pll[0];
1a001bfa:	466d      	mov	r5, sp
1a001bfc:	cd0f      	ldmia	r5!, {r0, r1, r2, r3}
1a001bfe:	c40f      	stmia	r4!, {r0, r1, r2, r3}
1a001c00:	e895 000f 	ldmia.w	r5, {r0, r1, r2, r3}
1a001c04:	e884 000f 	stmia.w	r4, {r0, r1, r2, r3}
1a001c08:	e006      	b.n	1a001c18 <pll_get_frac+0x8c>
		*ppll = pll[0];
1a001c0a:	466d      	mov	r5, sp
1a001c0c:	cd0f      	ldmia	r5!, {r0, r1, r2, r3}
1a001c0e:	c40f      	stmia	r4!, {r0, r1, r2, r3}
1a001c10:	e895 000f 	ldmia.w	r5, {r0, r1, r2, r3}
1a001c14:	e884 000f 	stmia.w	r4, {r0, r1, r2, r3}
			*ppll = pll[1];
		} else {
			*ppll = pll[2];
		}
	}
}
1a001c18:	b019      	add	sp, #100	; 0x64
1a001c1a:	bdf0      	pop	{r4, r5, r6, r7, pc}
		return -val;
1a001c1c:	425b      	negs	r3, r3
1a001c1e:	e7ce      	b.n	1a001bbe <pll_get_frac+0x32>
		*ppll = pll[2];
1a001c20:	ad10      	add	r5, sp, #64	; 0x40
1a001c22:	cd0f      	ldmia	r5!, {r0, r1, r2, r3}
1a001c24:	c40f      	stmia	r4!, {r0, r1, r2, r3}
1a001c26:	e895 000f 	ldmia.w	r5, {r0, r1, r2, r3}
1a001c2a:	e884 000f 	stmia.w	r4, {r0, r1, r2, r3}
		return ;
1a001c2e:	e7f3      	b.n	1a001c18 <pll_get_frac+0x8c>
		return -val;
1a001c30:	425b      	negs	r3, r3
1a001c32:	e7d7      	b.n	1a001be4 <pll_get_frac+0x58>
		pll[1].ctrl = (1 << 6);
1a001c34:	2340      	movs	r3, #64	; 0x40
1a001c36:	9308      	str	r3, [sp, #32]
		pll[1].fin = ppll->fin;
1a001c38:	6963      	ldr	r3, [r4, #20]
1a001c3a:	930d      	str	r3, [sp, #52]	; 0x34
		pll_calc_divs(freq, &pll[1]);
1a001c3c:	a908      	add	r1, sp, #32
1a001c3e:	4628      	mov	r0, r5
1a001c40:	f7ff ff54 	bl	1a001aec <pll_calc_divs>
		if (pll[1].fout == freq) {
1a001c44:	9b0e      	ldr	r3, [sp, #56]	; 0x38
1a001c46:	42ab      	cmp	r3, r5
1a001c48:	d1d0      	bne.n	1a001bec <pll_get_frac+0x60>
			*ppll = pll[1];
1a001c4a:	ad08      	add	r5, sp, #32
1a001c4c:	cd0f      	ldmia	r5!, {r0, r1, r2, r3}
1a001c4e:	c40f      	stmia	r4!, {r0, r1, r2, r3}
1a001c50:	e895 000f 	ldmia.w	r5, {r0, r1, r2, r3}
1a001c54:	e884 000f 	stmia.w	r4, {r0, r1, r2, r3}
			return ;
1a001c58:	e7de      	b.n	1a001c18 <pll_get_frac+0x8c>
		return -val;
1a001c5a:	426d      	negs	r5, r5
1a001c5c:	e7c9      	b.n	1a001bf2 <pll_get_frac+0x66>
			*ppll = pll[2];
1a001c5e:	ad10      	add	r5, sp, #64	; 0x40
1a001c60:	cd0f      	ldmia	r5!, {r0, r1, r2, r3}
1a001c62:	c40f      	stmia	r4!, {r0, r1, r2, r3}
1a001c64:	e895 000f 	ldmia.w	r5, {r0, r1, r2, r3}
1a001c68:	e884 000f 	stmia.w	r4, {r0, r1, r2, r3}
1a001c6c:	e7d4      	b.n	1a001c18 <pll_get_frac+0x8c>
		if (diff[1] <= diff[2]) {
1a001c6e:	42af      	cmp	r7, r5
1a001c70:	db07      	blt.n	1a001c82 <pll_get_frac+0xf6>
			*ppll = pll[1];
1a001c72:	ad08      	add	r5, sp, #32
1a001c74:	cd0f      	ldmia	r5!, {r0, r1, r2, r3}
1a001c76:	c40f      	stmia	r4!, {r0, r1, r2, r3}
1a001c78:	e895 000f 	ldmia.w	r5, {r0, r1, r2, r3}
1a001c7c:	e884 000f 	stmia.w	r4, {r0, r1, r2, r3}
1a001c80:	e7ca      	b.n	1a001c18 <pll_get_frac+0x8c>
			*ppll = pll[2];
1a001c82:	ad10      	add	r5, sp, #64	; 0x40
1a001c84:	cd0f      	ldmia	r5!, {r0, r1, r2, r3}
1a001c86:	c40f      	stmia	r4!, {r0, r1, r2, r3}
1a001c88:	e895 000f 	ldmia.w	r5, {r0, r1, r2, r3}
1a001c8c:	e884 000f 	stmia.w	r4, {r0, r1, r2, r3}
1a001c90:	e7c2      	b.n	1a001c18 <pll_get_frac+0x8c>
1a001c92:	bf00      	nop
1a001c94:	068e7780 	.word	0x068e7780

1a001c98 <Chip_Clock_FindBaseClock>:
	return Chip_Clock_GetClockInputHz(input) / (div + 1);
}

/* Finds the base clock for the peripheral clock */
static CHIP_CGU_BASE_CLK_T Chip_Clock_FindBaseClock(CHIP_CCU_CLK_T clk)
{
1a001c98:	b430      	push	{r4, r5}
1a001c9a:	4605      	mov	r5, r0
	CHIP_CGU_BASE_CLK_T baseclk = CLK_BASE_NONE;
	int i = 0;
1a001c9c:	2300      	movs	r3, #0
	CHIP_CGU_BASE_CLK_T baseclk = CLK_BASE_NONE;
1a001c9e:	201c      	movs	r0, #28

	while ((baseclk == CLK_BASE_NONE) && (periph_to_base[i].clkbase != baseclk)) {
1a001ca0:	e000      	b.n	1a001ca4 <Chip_Clock_FindBaseClock+0xc>
		if ((clk >= periph_to_base[i].clkstart) && (clk <= periph_to_base[i].clkend)) {
			baseclk = periph_to_base[i].clkbase;
		}
		else {
			i++;
1a001ca2:	3301      	adds	r3, #1
	while ((baseclk == CLK_BASE_NONE) && (periph_to_base[i].clkbase != baseclk)) {
1a001ca4:	281c      	cmp	r0, #28
1a001ca6:	d118      	bne.n	1a001cda <Chip_Clock_FindBaseClock+0x42>
1a001ca8:	eb03 0243 	add.w	r2, r3, r3, lsl #1
1a001cac:	0051      	lsls	r1, r2, #1
1a001cae:	4a0c      	ldr	r2, [pc, #48]	; (1a001ce0 <Chip_Clock_FindBaseClock+0x48>)
1a001cb0:	440a      	add	r2, r1
1a001cb2:	7914      	ldrb	r4, [r2, #4]
1a001cb4:	4284      	cmp	r4, r0
1a001cb6:	d010      	beq.n	1a001cda <Chip_Clock_FindBaseClock+0x42>
		if ((clk >= periph_to_base[i].clkstart) && (clk <= periph_to_base[i].clkend)) {
1a001cb8:	eb03 0143 	add.w	r1, r3, r3, lsl #1
1a001cbc:	004a      	lsls	r2, r1, #1
1a001cbe:	4908      	ldr	r1, [pc, #32]	; (1a001ce0 <Chip_Clock_FindBaseClock+0x48>)
1a001cc0:	5a8a      	ldrh	r2, [r1, r2]
1a001cc2:	42aa      	cmp	r2, r5
1a001cc4:	d8ed      	bhi.n	1a001ca2 <Chip_Clock_FindBaseClock+0xa>
1a001cc6:	eb03 0243 	add.w	r2, r3, r3, lsl #1
1a001cca:	0051      	lsls	r1, r2, #1
1a001ccc:	4a04      	ldr	r2, [pc, #16]	; (1a001ce0 <Chip_Clock_FindBaseClock+0x48>)
1a001cce:	440a      	add	r2, r1
1a001cd0:	8852      	ldrh	r2, [r2, #2]
1a001cd2:	42aa      	cmp	r2, r5
1a001cd4:	d3e5      	bcc.n	1a001ca2 <Chip_Clock_FindBaseClock+0xa>
			baseclk = periph_to_base[i].clkbase;
1a001cd6:	4620      	mov	r0, r4
1a001cd8:	e7e4      	b.n	1a001ca4 <Chip_Clock_FindBaseClock+0xc>
		}
	}

	return baseclk;
}
1a001cda:	bc30      	pop	{r4, r5}
1a001cdc:	4770      	bx	lr
1a001cde:	bf00      	nop
1a001ce0:	1a007c70 	.word	0x1a007c70

1a001ce4 <Chip_Clock_EnableCrystal>:
 * Public functions
 ****************************************************************************/

/* Enables the crystal oscillator */
void Chip_Clock_EnableCrystal(void)
{
1a001ce4:	b082      	sub	sp, #8
	volatile uint32_t delay = 1000;
1a001ce6:	f44f 737a 	mov.w	r3, #1000	; 0x3e8
1a001cea:	9301      	str	r3, [sp, #4]

	uint32_t OldCrystalConfig = LPC_CGU->XTAL_OSC_CTRL;
1a001cec:	4a0d      	ldr	r2, [pc, #52]	; (1a001d24 <Chip_Clock_EnableCrystal+0x40>)
1a001cee:	6993      	ldr	r3, [r2, #24]

	/* Clear bypass mode */
	OldCrystalConfig &= (~2);
1a001cf0:	f023 0102 	bic.w	r1, r3, #2
	if (OldCrystalConfig != LPC_CGU->XTAL_OSC_CTRL) {
1a001cf4:	6992      	ldr	r2, [r2, #24]
1a001cf6:	428a      	cmp	r2, r1
1a001cf8:	d001      	beq.n	1a001cfe <Chip_Clock_EnableCrystal+0x1a>
		LPC_CGU->XTAL_OSC_CTRL = OldCrystalConfig;
1a001cfa:	4a0a      	ldr	r2, [pc, #40]	; (1a001d24 <Chip_Clock_EnableCrystal+0x40>)
1a001cfc:	6191      	str	r1, [r2, #24]
	}

	/* Enable crystal oscillator */
	OldCrystalConfig &= (~1);
1a001cfe:	f023 0303 	bic.w	r3, r3, #3
	if (OscRateIn >= 20000000) {
1a001d02:	4a09      	ldr	r2, [pc, #36]	; (1a001d28 <Chip_Clock_EnableCrystal+0x44>)
1a001d04:	6811      	ldr	r1, [r2, #0]
1a001d06:	4a09      	ldr	r2, [pc, #36]	; (1a001d2c <Chip_Clock_EnableCrystal+0x48>)
1a001d08:	4291      	cmp	r1, r2
1a001d0a:	d901      	bls.n	1a001d10 <Chip_Clock_EnableCrystal+0x2c>
		OldCrystalConfig |= 4;	/* Set high frequency mode */
1a001d0c:	f043 0304 	orr.w	r3, r3, #4

	}
	LPC_CGU->XTAL_OSC_CTRL = OldCrystalConfig;
1a001d10:	4a04      	ldr	r2, [pc, #16]	; (1a001d24 <Chip_Clock_EnableCrystal+0x40>)
1a001d12:	6193      	str	r3, [r2, #24]

	/* Delay for 250uSec */
	while(delay--) {}
1a001d14:	9b01      	ldr	r3, [sp, #4]
1a001d16:	1e5a      	subs	r2, r3, #1
1a001d18:	9201      	str	r2, [sp, #4]
1a001d1a:	2b00      	cmp	r3, #0
1a001d1c:	d1fa      	bne.n	1a001d14 <Chip_Clock_EnableCrystal+0x30>
}
1a001d1e:	b002      	add	sp, #8
1a001d20:	4770      	bx	lr
1a001d22:	bf00      	nop
1a001d24:	40050000 	.word	0x40050000
1a001d28:	1a007c18 	.word	0x1a007c18
1a001d2c:	01312cff 	.word	0x01312cff

1a001d30 <Chip_Clock_GetDividerSource>:
}

/* Gets a CGU clock divider source */
CHIP_CGU_CLKIN_T Chip_Clock_GetDividerSource(CHIP_CGU_IDIV_T Divider)
{
	uint32_t reg = LPC_CGU->IDIV_CTRL[Divider];
1a001d30:	3012      	adds	r0, #18
1a001d32:	4b05      	ldr	r3, [pc, #20]	; (1a001d48 <Chip_Clock_GetDividerSource+0x18>)
1a001d34:	f853 0020 	ldr.w	r0, [r3, r0, lsl #2]

	if (reg & 1) {	/* divider is powered down */
1a001d38:	f010 0f01 	tst.w	r0, #1
1a001d3c:	d102      	bne.n	1a001d44 <Chip_Clock_GetDividerSource+0x14>
		return CLKINPUT_PD;
	}

	return (CHIP_CGU_CLKIN_T) ((reg >> 24) & 0x1F);
1a001d3e:	f3c0 6004 	ubfx	r0, r0, #24, #5
1a001d42:	4770      	bx	lr
		return CLKINPUT_PD;
1a001d44:	2011      	movs	r0, #17
}
1a001d46:	4770      	bx	lr
1a001d48:	40050000 	.word	0x40050000

1a001d4c <Chip_Clock_GetDividerDivisor>:

/* Gets a CGU clock divider divisor */
uint32_t Chip_Clock_GetDividerDivisor(CHIP_CGU_IDIV_T Divider)
{
	return (CHIP_CGU_CLKIN_T) ((LPC_CGU->IDIV_CTRL[Divider] >> 2) & CHIP_CGU_IDIV_MASK(Divider));
1a001d4c:	f100 0212 	add.w	r2, r0, #18
1a001d50:	4b03      	ldr	r3, [pc, #12]	; (1a001d60 <Chip_Clock_GetDividerDivisor+0x14>)
1a001d52:	f853 2022 	ldr.w	r2, [r3, r2, lsl #2]
1a001d56:	4b03      	ldr	r3, [pc, #12]	; (1a001d64 <Chip_Clock_GetDividerDivisor+0x18>)
1a001d58:	5c18      	ldrb	r0, [r3, r0]
}
1a001d5a:	ea00 0092 	and.w	r0, r0, r2, lsr #2
1a001d5e:	4770      	bx	lr
1a001d60:	40050000 	.word	0x40050000
1a001d64:	1a007c68 	.word	0x1a007c68

1a001d68 <Chip_Clock_GetClockInputHz>:

/* Returns the frequency of the specified input clock source */
uint32_t Chip_Clock_GetClockInputHz(CHIP_CGU_CLKIN_T input)
{
1a001d68:	b508      	push	{r3, lr}
	uint32_t rate = 0;

	switch (input) {
1a001d6a:	2810      	cmp	r0, #16
1a001d6c:	d80a      	bhi.n	1a001d84 <Chip_Clock_GetClockInputHz+0x1c>
1a001d6e:	e8df f000 	tbb	[pc, r0]
1a001d72:	0b44      	.short	0x0b44
1a001d74:	0921180d 	.word	0x0921180d
1a001d78:	2d2a2724 	.word	0x2d2a2724
1a001d7c:	34300909 	.word	0x34300909
1a001d80:	3c38      	.short	0x3c38
1a001d82:	40          	.byte	0x40
1a001d83:	00          	.byte	0x00
	uint32_t rate = 0;
1a001d84:	2000      	movs	r0, #0
1a001d86:	e03a      	b.n	1a001dfe <Chip_Clock_GetClockInputHz+0x96>
	case CLKIN_32K:
		rate = CRYSTAL_32K_FREQ_IN;
		break;

	case CLKIN_IRC:
		rate = CGU_IRC_FREQ;
1a001d88:	481e      	ldr	r0, [pc, #120]	; (1a001e04 <Chip_Clock_GetClockInputHz+0x9c>)
		break;
1a001d8a:	e038      	b.n	1a001dfe <Chip_Clock_GetClockInputHz+0x96>

	case CLKIN_ENET_RX:
		if ((LPC_CREG->CREG6 & 0x07) != 0x4) {
1a001d8c:	4b1e      	ldr	r3, [pc, #120]	; (1a001e08 <Chip_Clock_GetClockInputHz+0xa0>)
1a001d8e:	f8d3 312c 	ldr.w	r3, [r3, #300]	; 0x12c
1a001d92:	f003 0307 	and.w	r3, r3, #7
1a001d96:	2b04      	cmp	r3, #4
1a001d98:	d001      	beq.n	1a001d9e <Chip_Clock_GetClockInputHz+0x36>
			/* MII mode requires 25MHz clock */
			rate = 25000000;
1a001d9a:	481c      	ldr	r0, [pc, #112]	; (1a001e0c <Chip_Clock_GetClockInputHz+0xa4>)
1a001d9c:	e02f      	b.n	1a001dfe <Chip_Clock_GetClockInputHz+0x96>
	uint32_t rate = 0;
1a001d9e:	2000      	movs	r0, #0
1a001da0:	e02d      	b.n	1a001dfe <Chip_Clock_GetClockInputHz+0x96>
		}
		break;

	case CLKIN_ENET_TX:
		if ((LPC_CREG->CREG6 & 0x07) != 0x4) {
1a001da2:	4b19      	ldr	r3, [pc, #100]	; (1a001e08 <Chip_Clock_GetClockInputHz+0xa0>)
1a001da4:	f8d3 312c 	ldr.w	r3, [r3, #300]	; 0x12c
1a001da8:	f003 0307 	and.w	r3, r3, #7
1a001dac:	2b04      	cmp	r3, #4
1a001dae:	d027      	beq.n	1a001e00 <Chip_Clock_GetClockInputHz+0x98>
			rate = 25000000; /* MII uses 25 MHz */
1a001db0:	4816      	ldr	r0, [pc, #88]	; (1a001e0c <Chip_Clock_GetClockInputHz+0xa4>)
1a001db2:	e024      	b.n	1a001dfe <Chip_Clock_GetClockInputHz+0x96>
			rate = 50000000; /* RMII uses 50 MHz */
		}
		break;

	case CLKIN_CLKIN:
		rate = ExtRateIn;
1a001db4:	4b16      	ldr	r3, [pc, #88]	; (1a001e10 <Chip_Clock_GetClockInputHz+0xa8>)
1a001db6:	6818      	ldr	r0, [r3, #0]
		break;
1a001db8:	e021      	b.n	1a001dfe <Chip_Clock_GetClockInputHz+0x96>

	case CLKIN_CRYSTAL:
		rate = OscRateIn;
1a001dba:	4b16      	ldr	r3, [pc, #88]	; (1a001e14 <Chip_Clock_GetClockInputHz+0xac>)
1a001dbc:	6818      	ldr	r0, [r3, #0]
		break;
1a001dbe:	e01e      	b.n	1a001dfe <Chip_Clock_GetClockInputHz+0x96>

	case CLKIN_USBPLL:
		rate = audio_usb_pll_freq[CGU_USB_PLL];
1a001dc0:	4b15      	ldr	r3, [pc, #84]	; (1a001e18 <Chip_Clock_GetClockInputHz+0xb0>)
1a001dc2:	6818      	ldr	r0, [r3, #0]
		break;
1a001dc4:	e01b      	b.n	1a001dfe <Chip_Clock_GetClockInputHz+0x96>

	case CLKIN_AUDIOPLL:
		rate = audio_usb_pll_freq[CGU_AUDIO_PLL];
1a001dc6:	4b14      	ldr	r3, [pc, #80]	; (1a001e18 <Chip_Clock_GetClockInputHz+0xb0>)
1a001dc8:	6858      	ldr	r0, [r3, #4]
		break;
1a001dca:	e018      	b.n	1a001dfe <Chip_Clock_GetClockInputHz+0x96>

	case CLKIN_MAINPLL:
		rate = Chip_Clock_GetMainPLLHz();
1a001dcc:	f000 f868 	bl	1a001ea0 <Chip_Clock_GetMainPLLHz>
		break;
1a001dd0:	e015      	b.n	1a001dfe <Chip_Clock_GetClockInputHz+0x96>

	case CLKIN_IDIVA:
		rate = Chip_Clock_GetDivRate(input, CLK_IDIV_A);
1a001dd2:	2100      	movs	r1, #0
1a001dd4:	f000 f89a 	bl	1a001f0c <Chip_Clock_GetDivRate>
		break;
1a001dd8:	e011      	b.n	1a001dfe <Chip_Clock_GetClockInputHz+0x96>

	case CLKIN_IDIVB:
		rate = Chip_Clock_GetDivRate(input, CLK_IDIV_B);
1a001dda:	2101      	movs	r1, #1
1a001ddc:	f000 f896 	bl	1a001f0c <Chip_Clock_GetDivRate>
		break;
1a001de0:	e00d      	b.n	1a001dfe <Chip_Clock_GetClockInputHz+0x96>

	case CLKIN_IDIVC:
		rate = Chip_Clock_GetDivRate(input, CLK_IDIV_C);
1a001de2:	2102      	movs	r1, #2
1a001de4:	f000 f892 	bl	1a001f0c <Chip_Clock_GetDivRate>
		break;
1a001de8:	e009      	b.n	1a001dfe <Chip_Clock_GetClockInputHz+0x96>

	case CLKIN_IDIVD:
		rate = Chip_Clock_GetDivRate(input, CLK_IDIV_D);
1a001dea:	2103      	movs	r1, #3
1a001dec:	f000 f88e 	bl	1a001f0c <Chip_Clock_GetDivRate>
		break;
1a001df0:	e005      	b.n	1a001dfe <Chip_Clock_GetClockInputHz+0x96>

	case CLKIN_IDIVE:
		rate = Chip_Clock_GetDivRate(input, CLK_IDIV_E);
1a001df2:	2104      	movs	r1, #4
1a001df4:	f000 f88a 	bl	1a001f0c <Chip_Clock_GetDivRate>
		break;
1a001df8:	e001      	b.n	1a001dfe <Chip_Clock_GetClockInputHz+0x96>
		rate = CRYSTAL_32K_FREQ_IN;
1a001dfa:	f44f 4000 	mov.w	r0, #32768	; 0x8000
	default:
		break;
	}

	return rate;
}
1a001dfe:	bd08      	pop	{r3, pc}
			rate = 50000000; /* RMII uses 50 MHz */
1a001e00:	4806      	ldr	r0, [pc, #24]	; (1a001e1c <Chip_Clock_GetClockInputHz+0xb4>)
	return rate;
1a001e02:	e7fc      	b.n	1a001dfe <Chip_Clock_GetClockInputHz+0x96>
1a001e04:	00b71b00 	.word	0x00b71b00
1a001e08:	40043000 	.word	0x40043000
1a001e0c:	017d7840 	.word	0x017d7840
1a001e10:	1a007bec 	.word	0x1a007bec
1a001e14:	1a007c18 	.word	0x1a007c18
1a001e18:	10000a70 	.word	0x10000a70
1a001e1c:	02faf080 	.word	0x02faf080

1a001e20 <Chip_Clock_CalcMainPLLValue>:
{
1a001e20:	b538      	push	{r3, r4, r5, lr}
1a001e22:	4605      	mov	r5, r0
1a001e24:	460c      	mov	r4, r1
	ppll->fin = Chip_Clock_GetClockInputHz(ppll->srcin);
1a001e26:	7908      	ldrb	r0, [r1, #4]
1a001e28:	f7ff ff9e 	bl	1a001d68 <Chip_Clock_GetClockInputHz>
1a001e2c:	6160      	str	r0, [r4, #20]
	if (freq > MAX_CLOCK_FREQ || freq < (PLL_MIN_CCO_FREQ / 16) || !ppll->fin) {
1a001e2e:	4b19      	ldr	r3, [pc, #100]	; (1a001e94 <Chip_Clock_CalcMainPLLValue+0x74>)
1a001e30:	442b      	add	r3, r5
1a001e32:	4a19      	ldr	r2, [pc, #100]	; (1a001e98 <Chip_Clock_CalcMainPLLValue+0x78>)
1a001e34:	4293      	cmp	r3, r2
1a001e36:	d821      	bhi.n	1a001e7c <Chip_Clock_CalcMainPLLValue+0x5c>
1a001e38:	b318      	cbz	r0, 1a001e82 <Chip_Clock_CalcMainPLLValue+0x62>
	ppll->ctrl = 1 << 7; /* Enable direct mode [If possible] */
1a001e3a:	2380      	movs	r3, #128	; 0x80
1a001e3c:	6023      	str	r3, [r4, #0]
	ppll->nsel = 0;
1a001e3e:	2300      	movs	r3, #0
1a001e40:	60a3      	str	r3, [r4, #8]
	ppll->psel = 0;
1a001e42:	60e3      	str	r3, [r4, #12]
	ppll->msel = freq / ppll->fin;
1a001e44:	fbb5 f3f0 	udiv	r3, r5, r0
1a001e48:	6123      	str	r3, [r4, #16]
	if (freq < PLL_MIN_CCO_FREQ || ppll->msel * ppll->fin != freq) {
1a001e4a:	4a14      	ldr	r2, [pc, #80]	; (1a001e9c <Chip_Clock_CalcMainPLLValue+0x7c>)
1a001e4c:	4295      	cmp	r5, r2
1a001e4e:	d903      	bls.n	1a001e58 <Chip_Clock_CalcMainPLLValue+0x38>
1a001e50:	fb03 f000 	mul.w	r0, r3, r0
1a001e54:	42a8      	cmp	r0, r5
1a001e56:	d007      	beq.n	1a001e68 <Chip_Clock_CalcMainPLLValue+0x48>
		pll_get_frac(freq, ppll);
1a001e58:	4621      	mov	r1, r4
1a001e5a:	4628      	mov	r0, r5
1a001e5c:	f7ff fe96 	bl	1a001b8c <pll_get_frac>
		if (!ppll->nsel) {
1a001e60:	68a3      	ldr	r3, [r4, #8]
1a001e62:	b18b      	cbz	r3, 1a001e88 <Chip_Clock_CalcMainPLLValue+0x68>
		ppll->nsel --;
1a001e64:	3b01      	subs	r3, #1
1a001e66:	60a3      	str	r3, [r4, #8]
	if (ppll->msel == 0) {
1a001e68:	6923      	ldr	r3, [r4, #16]
1a001e6a:	b183      	cbz	r3, 1a001e8e <Chip_Clock_CalcMainPLLValue+0x6e>
	if (ppll->psel) {
1a001e6c:	68e2      	ldr	r2, [r4, #12]
1a001e6e:	b10a      	cbz	r2, 1a001e74 <Chip_Clock_CalcMainPLLValue+0x54>
		ppll->psel --;
1a001e70:	3a01      	subs	r2, #1
1a001e72:	60e2      	str	r2, [r4, #12]
	ppll->msel --;
1a001e74:	3b01      	subs	r3, #1
1a001e76:	6123      	str	r3, [r4, #16]
	return 0;
1a001e78:	2000      	movs	r0, #0
}
1a001e7a:	bd38      	pop	{r3, r4, r5, pc}
		return -1;
1a001e7c:	f04f 30ff 	mov.w	r0, #4294967295
1a001e80:	e7fb      	b.n	1a001e7a <Chip_Clock_CalcMainPLLValue+0x5a>
1a001e82:	f04f 30ff 	mov.w	r0, #4294967295
1a001e86:	e7f8      	b.n	1a001e7a <Chip_Clock_CalcMainPLLValue+0x5a>
			return -1;
1a001e88:	f04f 30ff 	mov.w	r0, #4294967295
1a001e8c:	e7f5      	b.n	1a001e7a <Chip_Clock_CalcMainPLLValue+0x5a>
		return - 1;
1a001e8e:	f04f 30ff 	mov.w	r0, #4294967295
1a001e92:	e7f2      	b.n	1a001e7a <Chip_Clock_CalcMainPLLValue+0x5a>
1a001e94:	ff6b3a10 	.word	0xff6b3a10
1a001e98:	0b940510 	.word	0x0b940510
1a001e9c:	094c5eff 	.word	0x094c5eff

1a001ea0 <Chip_Clock_GetMainPLLHz>:
{
1a001ea0:	b530      	push	{r4, r5, lr}
1a001ea2:	b083      	sub	sp, #12
	uint32_t PLLReg = LPC_CGU->PLL1_CTRL;
1a001ea4:	4d17      	ldr	r5, [pc, #92]	; (1a001f04 <Chip_Clock_GetMainPLLHz+0x64>)
1a001ea6:	6c6c      	ldr	r4, [r5, #68]	; 0x44
	uint32_t freq = Chip_Clock_GetClockInputHz((CHIP_CGU_CLKIN_T) ((PLLReg >> 24) & 0xF));
1a001ea8:	f3c4 6003 	ubfx	r0, r4, #24, #4
1a001eac:	f7ff ff5c 	bl	1a001d68 <Chip_Clock_GetClockInputHz>
	const uint8_t ptab[] = {1, 2, 4, 8};
1a001eb0:	4b15      	ldr	r3, [pc, #84]	; (1a001f08 <Chip_Clock_GetMainPLLHz+0x68>)
1a001eb2:	681b      	ldr	r3, [r3, #0]
1a001eb4:	9301      	str	r3, [sp, #4]
	if (!(LPC_CGU->PLL1_STAT & 1)) {
1a001eb6:	6c2b      	ldr	r3, [r5, #64]	; 0x40
1a001eb8:	f013 0f01 	tst.w	r3, #1
1a001ebc:	d020      	beq.n	1a001f00 <Chip_Clock_GetMainPLLHz+0x60>
	msel = (PLLReg >> 16) & 0xFF;
1a001ebe:	f3c4 4307 	ubfx	r3, r4, #16, #8
	nsel = (PLLReg >> 12) & 0x3;
1a001ec2:	f3c4 3201 	ubfx	r2, r4, #12, #2
	psel = (PLLReg >> 8) & 0x3;
1a001ec6:	f3c4 2101 	ubfx	r1, r4, #8, #2
	fbsel = (PLLReg >> 6) & 0x1;
1a001eca:	f3c4 1580 	ubfx	r5, r4, #6, #1
	m = msel + 1;
1a001ece:	3301      	adds	r3, #1
	n = nsel + 1;
1a001ed0:	3201      	adds	r2, #1
	p = ptab[psel];
1a001ed2:	f10d 0c08 	add.w	ip, sp, #8
1a001ed6:	4461      	add	r1, ip
1a001ed8:	f811 1c04 	ldrb.w	r1, [r1, #-4]
	if (direct || fbsel) {
1a001edc:	f014 0f80 	tst.w	r4, #128	; 0x80
1a001ee0:	d108      	bne.n	1a001ef4 <Chip_Clock_GetMainPLLHz+0x54>
1a001ee2:	b93d      	cbnz	r5, 1a001ef4 <Chip_Clock_GetMainPLLHz+0x54>
	return (m / (2 * p)) * (freq / n);
1a001ee4:	0049      	lsls	r1, r1, #1
1a001ee6:	fbb3 f3f1 	udiv	r3, r3, r1
1a001eea:	fbb0 f0f2 	udiv	r0, r0, r2
1a001eee:	fb00 f003 	mul.w	r0, r0, r3
1a001ef2:	e003      	b.n	1a001efc <Chip_Clock_GetMainPLLHz+0x5c>
		return m * (freq / n);
1a001ef4:	fbb0 f0f2 	udiv	r0, r0, r2
1a001ef8:	fb03 f000 	mul.w	r0, r3, r0
}
1a001efc:	b003      	add	sp, #12
1a001efe:	bd30      	pop	{r4, r5, pc}
		return 0;
1a001f00:	2000      	movs	r0, #0
1a001f02:	e7fb      	b.n	1a001efc <Chip_Clock_GetMainPLLHz+0x5c>
1a001f04:	40050000 	.word	0x40050000
1a001f08:	1a007c64 	.word	0x1a007c64

1a001f0c <Chip_Clock_GetDivRate>:
{
1a001f0c:	b538      	push	{r3, r4, r5, lr}
1a001f0e:	460c      	mov	r4, r1
	input = Chip_Clock_GetDividerSource(divider);
1a001f10:	4608      	mov	r0, r1
1a001f12:	f7ff ff0d 	bl	1a001d30 <Chip_Clock_GetDividerSource>
1a001f16:	4605      	mov	r5, r0
	div = Chip_Clock_GetDividerDivisor(divider);
1a001f18:	4620      	mov	r0, r4
1a001f1a:	f7ff ff17 	bl	1a001d4c <Chip_Clock_GetDividerDivisor>
1a001f1e:	4604      	mov	r4, r0
	return Chip_Clock_GetClockInputHz(input) / (div + 1);
1a001f20:	4628      	mov	r0, r5
1a001f22:	f7ff ff21 	bl	1a001d68 <Chip_Clock_GetClockInputHz>
1a001f26:	3401      	adds	r4, #1
}
1a001f28:	fbb0 f0f4 	udiv	r0, r0, r4
1a001f2c:	bd38      	pop	{r3, r4, r5, pc}
1a001f2e:	Address 0x1a001f2e is out of bounds.


1a001f30 <Chip_Clock_SetBaseClock>:
	return Chip_Clock_GetClockInputHz(Chip_Clock_GetBaseClock(clock));
}

/* Sets a CGU Base Clock clock source */
void Chip_Clock_SetBaseClock(CHIP_CGU_BASE_CLK_T BaseClock, CHIP_CGU_CLKIN_T Input, bool autoblocken, bool powerdn)
{
1a001f30:	b430      	push	{r4, r5}
	uint32_t reg = LPC_CGU->BASE_CLK[BaseClock];
1a001f32:	f100 0416 	add.w	r4, r0, #22
1a001f36:	00a4      	lsls	r4, r4, #2
1a001f38:	f104 4480 	add.w	r4, r4, #1073741824	; 0x40000000
1a001f3c:	f504 24a0 	add.w	r4, r4, #327680	; 0x50000
1a001f40:	6864      	ldr	r4, [r4, #4]

	if (BaseClock < CLK_BASE_NONE) {
1a001f42:	281b      	cmp	r0, #27
1a001f44:	d813      	bhi.n	1a001f6e <Chip_Clock_SetBaseClock+0x3e>
		if (Input != CLKINPUT_PD) {
1a001f46:	2911      	cmp	r1, #17
1a001f48:	d01a      	beq.n	1a001f80 <Chip_Clock_SetBaseClock+0x50>
			/* Mask off fields we plan to update */
			reg &= ~((0x1F << 24) | 1 | (1 << 11));
1a001f4a:	4d0e      	ldr	r5, [pc, #56]	; (1a001f84 <Chip_Clock_SetBaseClock+0x54>)
1a001f4c:	4025      	ands	r5, r4

			if (autoblocken) {
1a001f4e:	b10a      	cbz	r2, 1a001f54 <Chip_Clock_SetBaseClock+0x24>
				reg |= (1 << 11);
1a001f50:	f445 6500 	orr.w	r5, r5, #2048	; 0x800
			}
			if (powerdn) {
1a001f54:	b10b      	cbz	r3, 1a001f5a <Chip_Clock_SetBaseClock+0x2a>
				reg |= (1 << 0);
1a001f56:	f045 0501 	orr.w	r5, r5, #1
			}

			/* Set clock source */
			reg |= (Input << 24);
1a001f5a:	ea45 6501 	orr.w	r5, r5, r1, lsl #24

			LPC_CGU->BASE_CLK[BaseClock] = reg;
1a001f5e:	3016      	adds	r0, #22
1a001f60:	0080      	lsls	r0, r0, #2
1a001f62:	f100 4080 	add.w	r0, r0, #1073741824	; 0x40000000
1a001f66:	f500 20a0 	add.w	r0, r0, #327680	; 0x50000
1a001f6a:	6045      	str	r5, [r0, #4]
1a001f6c:	e008      	b.n	1a001f80 <Chip_Clock_SetBaseClock+0x50>
		}
	}
	else {
		LPC_CGU->BASE_CLK[BaseClock] = reg | 1;	/* Power down this base clock */
1a001f6e:	f044 0401 	orr.w	r4, r4, #1
1a001f72:	3016      	adds	r0, #22
1a001f74:	0080      	lsls	r0, r0, #2
1a001f76:	f100 4080 	add.w	r0, r0, #1073741824	; 0x40000000
1a001f7a:	f500 20a0 	add.w	r0, r0, #327680	; 0x50000
1a001f7e:	6044      	str	r4, [r0, #4]
	}
}
1a001f80:	bc30      	pop	{r4, r5}
1a001f82:	4770      	bx	lr
1a001f84:	e0fff7fe 	.word	0xe0fff7fe

1a001f88 <Chip_Clock_GetBaseClock>:
/* Gets a CGU Base Clock clock source */
CHIP_CGU_CLKIN_T Chip_Clock_GetBaseClock(CHIP_CGU_BASE_CLK_T BaseClock)
{
	uint32_t reg;

	if (BaseClock >= CLK_BASE_NONE) {
1a001f88:	281b      	cmp	r0, #27
1a001f8a:	d80c      	bhi.n	1a001fa6 <Chip_Clock_GetBaseClock+0x1e>
		return CLKINPUT_PD;
	}

	reg = LPC_CGU->BASE_CLK[BaseClock];
1a001f8c:	3016      	adds	r0, #22
1a001f8e:	0080      	lsls	r0, r0, #2
1a001f90:	f100 4080 	add.w	r0, r0, #1073741824	; 0x40000000
1a001f94:	f500 20a0 	add.w	r0, r0, #327680	; 0x50000
1a001f98:	6840      	ldr	r0, [r0, #4]

	/* base clock is powered down? */
	if (reg & 1) {
1a001f9a:	f010 0f01 	tst.w	r0, #1
1a001f9e:	d104      	bne.n	1a001faa <Chip_Clock_GetBaseClock+0x22>
		return CLKINPUT_PD;
	}

	return (CHIP_CGU_CLKIN_T) ((reg >> 24) & 0x1F);
1a001fa0:	f3c0 6004 	ubfx	r0, r0, #24, #5
1a001fa4:	4770      	bx	lr
		return CLKINPUT_PD;
1a001fa6:	2011      	movs	r0, #17
1a001fa8:	4770      	bx	lr
		return CLKINPUT_PD;
1a001faa:	2011      	movs	r0, #17
}
1a001fac:	4770      	bx	lr

1a001fae <Chip_Clock_GetBaseClocktHz>:
{
1a001fae:	b508      	push	{r3, lr}
	return Chip_Clock_GetClockInputHz(Chip_Clock_GetBaseClock(clock));
1a001fb0:	f7ff ffea 	bl	1a001f88 <Chip_Clock_GetBaseClock>
1a001fb4:	f7ff fed8 	bl	1a001d68 <Chip_Clock_GetClockInputHz>
}
1a001fb8:	bd08      	pop	{r3, pc}
1a001fba:	Address 0x1a001fba is out of bounds.


1a001fbc <Chip_Clock_EnableOpts>:
/* Enables a peripheral clock and sets clock states */
void Chip_Clock_EnableOpts(CHIP_CCU_CLK_T clk, bool autoen, bool wakeupen, int div)
{
	uint32_t reg = 1;

	if (autoen) {
1a001fbc:	b971      	cbnz	r1, 1a001fdc <Chip_Clock_EnableOpts+0x20>
	uint32_t reg = 1;
1a001fbe:	2101      	movs	r1, #1
		reg |= (1 << 1);
	}
	if (wakeupen) {
1a001fc0:	b10a      	cbz	r2, 1a001fc6 <Chip_Clock_EnableOpts+0xa>
		reg |= (1 << 2);
1a001fc2:	f041 0104 	orr.w	r1, r1, #4
	}

	/* Not all clocks support a divider, but we won't check that here. Only
	   dividers of 1 and 2 are allowed. Assume 1 if not 2 */
	if (div == 2) {
1a001fc6:	2b02      	cmp	r3, #2
1a001fc8:	d00a      	beq.n	1a001fe0 <Chip_Clock_EnableOpts+0x24>
		reg |= (1 << 5);
	}

	/* Setup peripheral clock and start running */
	if (clk >= CLK_CCU2_START) {
1a001fca:	f5b0 7fa1 	cmp.w	r0, #322	; 0x142
1a001fce:	d30a      	bcc.n	1a001fe6 <Chip_Clock_EnableOpts+0x2a>
		LPC_CCU2->CLKCCU[clk - CLK_CCU2_START].CFG = reg;
1a001fd0:	f5a0 7091 	sub.w	r0, r0, #290	; 0x122
1a001fd4:	4b06      	ldr	r3, [pc, #24]	; (1a001ff0 <Chip_Clock_EnableOpts+0x34>)
1a001fd6:	f843 1030 	str.w	r1, [r3, r0, lsl #3]
1a001fda:	4770      	bx	lr
		reg |= (1 << 1);
1a001fdc:	2103      	movs	r1, #3
1a001fde:	e7ef      	b.n	1a001fc0 <Chip_Clock_EnableOpts+0x4>
		reg |= (1 << 5);
1a001fe0:	f041 0120 	orr.w	r1, r1, #32
1a001fe4:	e7f1      	b.n	1a001fca <Chip_Clock_EnableOpts+0xe>
	}
	else {
		LPC_CCU1->CLKCCU[clk].CFG = reg;
1a001fe6:	3020      	adds	r0, #32
1a001fe8:	4b02      	ldr	r3, [pc, #8]	; (1a001ff4 <Chip_Clock_EnableOpts+0x38>)
1a001fea:	f843 1030 	str.w	r1, [r3, r0, lsl #3]
	}
}
1a001fee:	4770      	bx	lr
1a001ff0:	40052000 	.word	0x40052000
1a001ff4:	40051000 	.word	0x40051000

1a001ff8 <Chip_Clock_Enable>:

/* Enables a peripheral clock */
void Chip_Clock_Enable(CHIP_CCU_CLK_T clk)
{
	/* Start peripheral clock running */
	if (clk >= CLK_CCU2_START) {
1a001ff8:	f5b0 7fa1 	cmp.w	r0, #322	; 0x142
1a001ffc:	d309      	bcc.n	1a002012 <Chip_Clock_Enable+0x1a>
		LPC_CCU2->CLKCCU[clk - CLK_CCU2_START].CFG |= 1;
1a001ffe:	4a09      	ldr	r2, [pc, #36]	; (1a002024 <Chip_Clock_Enable+0x2c>)
1a002000:	f5a0 7091 	sub.w	r0, r0, #290	; 0x122
1a002004:	f852 3030 	ldr.w	r3, [r2, r0, lsl #3]
1a002008:	f043 0301 	orr.w	r3, r3, #1
1a00200c:	f842 3030 	str.w	r3, [r2, r0, lsl #3]
1a002010:	4770      	bx	lr
	}
	else {
		LPC_CCU1->CLKCCU[clk].CFG |= 1;
1a002012:	4a05      	ldr	r2, [pc, #20]	; (1a002028 <Chip_Clock_Enable+0x30>)
1a002014:	3020      	adds	r0, #32
1a002016:	f852 3030 	ldr.w	r3, [r2, r0, lsl #3]
1a00201a:	f043 0301 	orr.w	r3, r3, #1
1a00201e:	f842 3030 	str.w	r3, [r2, r0, lsl #3]
	}
}
1a002022:	4770      	bx	lr
1a002024:	40052000 	.word	0x40052000
1a002028:	40051000 	.word	0x40051000

1a00202c <Chip_Clock_GetRate>:
	LPC_CCU2->PM = 0;
}

/* Returns a peripheral clock rate */
uint32_t Chip_Clock_GetRate(CHIP_CCU_CLK_T clk)
{
1a00202c:	b510      	push	{r4, lr}
	CHIP_CGU_BASE_CLK_T baseclk;
	uint32_t reg, div, rate;

	/* Get CCU config register for clock */
	if (clk >= CLK_CCU2_START) {
1a00202e:	f5b0 7fa1 	cmp.w	r0, #322	; 0x142
1a002032:	d309      	bcc.n	1a002048 <Chip_Clock_GetRate+0x1c>
		reg = LPC_CCU2->CLKCCU[clk - CLK_CCU2_START].CFG;
1a002034:	f5a0 7391 	sub.w	r3, r0, #290	; 0x122
1a002038:	4a0d      	ldr	r2, [pc, #52]	; (1a002070 <Chip_Clock_GetRate+0x44>)
1a00203a:	f852 4033 	ldr.w	r4, [r2, r3, lsl #3]
	else {
		reg = LPC_CCU1->CLKCCU[clk].CFG;
	}

	/* Is the clock enabled? */
	if (reg & 1) {
1a00203e:	f014 0f01 	tst.w	r4, #1
1a002042:	d107      	bne.n	1a002054 <Chip_Clock_GetRate+0x28>

		}
		rate = rate / div;
	}
	else {
		rate = 0;
1a002044:	2000      	movs	r0, #0
	}

	return rate;
}
1a002046:	bd10      	pop	{r4, pc}
		reg = LPC_CCU1->CLKCCU[clk].CFG;
1a002048:	f100 0320 	add.w	r3, r0, #32
1a00204c:	4a09      	ldr	r2, [pc, #36]	; (1a002074 <Chip_Clock_GetRate+0x48>)
1a00204e:	f852 4033 	ldr.w	r4, [r2, r3, lsl #3]
1a002052:	e7f4      	b.n	1a00203e <Chip_Clock_GetRate+0x12>
		baseclk = Chip_Clock_FindBaseClock(clk);
1a002054:	f7ff fe20 	bl	1a001c98 <Chip_Clock_FindBaseClock>
		rate = Chip_Clock_GetBaseClocktHz(baseclk);
1a002058:	f7ff ffa9 	bl	1a001fae <Chip_Clock_GetBaseClocktHz>
		if (((reg >> 5) & 0x7) == 0) {
1a00205c:	f014 0fe0 	tst.w	r4, #224	; 0xe0
1a002060:	d103      	bne.n	1a00206a <Chip_Clock_GetRate+0x3e>
			div = 1;
1a002062:	2301      	movs	r3, #1
		rate = rate / div;
1a002064:	fbb0 f0f3 	udiv	r0, r0, r3
1a002068:	e7ed      	b.n	1a002046 <Chip_Clock_GetRate+0x1a>
			div = 2;/* No other dividers supported */
1a00206a:	2302      	movs	r3, #2
1a00206c:	e7fa      	b.n	1a002064 <Chip_Clock_GetRate+0x38>
1a00206e:	bf00      	nop
1a002070:	40052000 	.word	0x40052000
1a002074:	40051000 	.word	0x40051000

1a002078 <Chip_UART_GetIndex>:

/* Returns clock index for the peripheral block */
static int Chip_UART_GetIndex(LPC_USART_T *pUART)
{
	uint32_t base = (uint32_t) pUART;
	switch(base) {
1a002078:	4b09      	ldr	r3, [pc, #36]	; (1a0020a0 <Chip_UART_GetIndex+0x28>)
1a00207a:	4298      	cmp	r0, r3
1a00207c:	d009      	beq.n	1a002092 <Chip_UART_GetIndex+0x1a>
1a00207e:	f503 5380 	add.w	r3, r3, #4096	; 0x1000
1a002082:	4298      	cmp	r0, r3
1a002084:	d007      	beq.n	1a002096 <Chip_UART_GetIndex+0x1e>
1a002086:	f5a3 2380 	sub.w	r3, r3, #262144	; 0x40000
1a00208a:	4298      	cmp	r0, r3
1a00208c:	d005      	beq.n	1a00209a <Chip_UART_GetIndex+0x22>
		case LPC_USART0_BASE:
			return 0;
1a00208e:	2000      	movs	r0, #0
1a002090:	4770      	bx	lr
		case LPC_UART1_BASE:
			return 1;
		case LPC_USART2_BASE:
			return 2;
1a002092:	2002      	movs	r0, #2
1a002094:	4770      	bx	lr
		case LPC_USART3_BASE:
			return 3;
1a002096:	2003      	movs	r0, #3
1a002098:	4770      	bx	lr
			return 1;
1a00209a:	2001      	movs	r0, #1
		default:
			return 0; /* Should never come here */
	}
}
1a00209c:	4770      	bx	lr
1a00209e:	bf00      	nop
1a0020a0:	400c1000 	.word	0x400c1000

1a0020a4 <Chip_UART_Init>:
 * Public functions
 ****************************************************************************/

/* Initializes the pUART peripheral */
void Chip_UART_Init(LPC_USART_T *pUART)
{
1a0020a4:	b530      	push	{r4, r5, lr}
1a0020a6:	b083      	sub	sp, #12
1a0020a8:	4604      	mov	r4, r0
    volatile uint32_t tmp;

	/* Enable UART clocking. UART base clock(s) must already be enabled */
	Chip_Clock_EnableOpts(UART_PClock[Chip_UART_GetIndex(pUART)], true, true, 1);
1a0020aa:	f7ff ffe5 	bl	1a002078 <Chip_UART_GetIndex>
1a0020ae:	2301      	movs	r3, #1
1a0020b0:	461a      	mov	r2, r3
1a0020b2:	4619      	mov	r1, r3
1a0020b4:	4d0e      	ldr	r5, [pc, #56]	; (1a0020f0 <Chip_UART_Init+0x4c>)
1a0020b6:	f835 0010 	ldrh.w	r0, [r5, r0, lsl #1]
1a0020ba:	f7ff ff7f 	bl	1a001fbc <Chip_Clock_EnableOpts>
	pUART->FCR = fcr;
1a0020be:	2307      	movs	r3, #7
1a0020c0:	60a3      	str	r3, [r4, #8]
    pUART->TER2 = 0;
1a0020c2:	2300      	movs	r3, #0
1a0020c4:	65e3      	str	r3, [r4, #92]	; 0x5c

    /* Disable Tx */
    Chip_UART_TXDisable(pUART);

    /* Disable interrupts */
	pUART->IER = 0;
1a0020c6:	6063      	str	r3, [r4, #4]
	/* Set LCR to default state */
	pUART->LCR = 0;
1a0020c8:	60e3      	str	r3, [r4, #12]
	/* Set ACR to default state */
	pUART->ACR = 0;
1a0020ca:	6223      	str	r3, [r4, #32]
    /* Set RS485 control to default state */
	pUART->RS485CTRL = 0;
1a0020cc:	64e3      	str	r3, [r4, #76]	; 0x4c
	/* Set RS485 delay timer to default state */
	pUART->RS485DLY = 0;
1a0020ce:	6563      	str	r3, [r4, #84]	; 0x54
	/* Set RS485 addr match to default state */
	pUART->RS485ADRMATCH = 0;
1a0020d0:	6523      	str	r3, [r4, #80]	; 0x50

    /* Clear MCR */
    if (pUART == LPC_UART1) {
1a0020d2:	4b08      	ldr	r3, [pc, #32]	; (1a0020f4 <Chip_UART_Init+0x50>)
1a0020d4:	429c      	cmp	r4, r3
1a0020d6:	d006      	beq.n	1a0020e6 <Chip_UART_Init+0x42>
	pUART->LCR = config;
1a0020d8:	2303      	movs	r3, #3
1a0020da:	60e3      	str	r3, [r4, #12]

	/* Default 8N1, with DLAB disabled */
	Chip_UART_ConfigData(pUART, (UART_LCR_WLEN8 | UART_LCR_SBS_1BIT | UART_LCR_PARITY_DIS));

	/* Disable fractional divider */
	pUART->FDR = 0x10;
1a0020dc:	2310      	movs	r3, #16
1a0020de:	62a3      	str	r3, [r4, #40]	; 0x28

    (void) tmp;
1a0020e0:	9b01      	ldr	r3, [sp, #4]
}
1a0020e2:	b003      	add	sp, #12
1a0020e4:	bd30      	pop	{r4, r5, pc}
		pUART->MCR = 0;
1a0020e6:	2300      	movs	r3, #0
1a0020e8:	6123      	str	r3, [r4, #16]
		tmp = pUART->MSR;
1a0020ea:	69a3      	ldr	r3, [r4, #24]
1a0020ec:	9301      	str	r3, [sp, #4]
1a0020ee:	e7f3      	b.n	1a0020d8 <Chip_UART_Init+0x34>
1a0020f0:	1a007ce4 	.word	0x1a007ce4
1a0020f4:	40082000 	.word	0x40082000

1a0020f8 <Chip_UART_SetBaud>:
	return readBytes;
}

/* Determines and sets best dividers to get a target bit rate */
uint32_t Chip_UART_SetBaud(LPC_USART_T *pUART, uint32_t baudrate)
{
1a0020f8:	b538      	push	{r3, r4, r5, lr}
1a0020fa:	4605      	mov	r5, r0
1a0020fc:	460c      	mov	r4, r1
	uint32_t div, divh, divl, clkin;

	/* Determine UART clock in rate without FDR */
	clkin = Chip_Clock_GetRate(UART_BClock[Chip_UART_GetIndex(pUART)]);
1a0020fe:	f7ff ffbb 	bl	1a002078 <Chip_UART_GetIndex>
1a002102:	4b0c      	ldr	r3, [pc, #48]	; (1a002134 <Chip_UART_SetBaud+0x3c>)
1a002104:	f833 0010 	ldrh.w	r0, [r3, r0, lsl #1]
1a002108:	f7ff ff90 	bl	1a00202c <Chip_Clock_GetRate>
	div = clkin / (baudrate * 16);
1a00210c:	0123      	lsls	r3, r4, #4
1a00210e:	fbb0 f3f3 	udiv	r3, r0, r3

	/* High and low halves of the divider */
	divh = div / 256;
	divl = div - (divh * 256);
1a002112:	b2d9      	uxtb	r1, r3
 * @param	pUART	: Pointer to selected UART peripheral
 * @return	Nothing
 */
STATIC INLINE void Chip_UART_EnableDivisorAccess(LPC_USART_T *pUART)
{
	pUART->LCR |= UART_LCR_DLAB_EN;
1a002114:	68ea      	ldr	r2, [r5, #12]
1a002116:	f042 0280 	orr.w	r2, r2, #128	; 0x80
1a00211a:	60ea      	str	r2, [r5, #12]
 *			order to access the USART Divisor Latches. This function
 *			doesn't alter the DLAB state.
 */
STATIC INLINE void Chip_UART_SetDivisorLatches(LPC_USART_T *pUART, uint8_t dll, uint8_t dlm)
{
	pUART->DLL = (uint32_t) dll;
1a00211c:	6029      	str	r1, [r5, #0]
	pUART->DLM = (uint32_t) dlm;
1a00211e:	f3c3 2207 	ubfx	r2, r3, #8, #8
1a002122:	606a      	str	r2, [r5, #4]
	pUART->LCR &= ~UART_LCR_DLAB_EN;
1a002124:	68ea      	ldr	r2, [r5, #12]
1a002126:	f022 0280 	bic.w	r2, r2, #128	; 0x80
1a00212a:	60ea      	str	r2, [r5, #12]
	Chip_UART_SetDivisorLatches(pUART, divl, divh);
	Chip_UART_DisableDivisorAccess(pUART);

	/* Fractional FDR alreadt setup for 1 in UART init */

	return (clkin / div) >> 4;
1a00212c:	fbb0 f0f3 	udiv	r0, r0, r3
}
1a002130:	0900      	lsrs	r0, r0, #4
1a002132:	bd38      	pop	{r3, r4, r5, pc}
1a002134:	1a007cdc 	.word	0x1a007cdc

1a002138 <Chip_UART_SetBaudFDR>:
    Chip_UART_ABIntHandler(pUART);
}

/* Determines and sets best dividers to get a target baud rate */
uint32_t Chip_UART_SetBaudFDR(LPC_USART_T *pUART, uint32_t baud)
{
1a002138:	e92d 4ff0 	stmdb	sp!, {r4, r5, r6, r7, r8, r9, sl, fp, lr}
1a00213c:	b083      	sub	sp, #12
1a00213e:	9001      	str	r0, [sp, #4]
1a002140:	4688      	mov	r8, r1
	uint32_t sdiv = 0, sm = 1, sd = 0;
	uint32_t pclk, m, d;
	uint32_t odiff = -1UL; /* old best diff */

	/* Get base clock for the corresponding UART */
	pclk = Chip_Clock_GetRate(UART_BClock[Chip_UART_GetIndex(pUART)]);
1a002142:	f7ff ff99 	bl	1a002078 <Chip_UART_GetIndex>
1a002146:	4b32      	ldr	r3, [pc, #200]	; (1a002210 <Chip_UART_SetBaudFDR+0xd8>)
1a002148:	f833 0010 	ldrh.w	r0, [r3, r0, lsl #1]
1a00214c:	f7ff ff6e 	bl	1a00202c <Chip_Clock_GetRate>
1a002150:	4606      	mov	r6, r0
	uint32_t odiff = -1UL; /* old best diff */
1a002152:	f04f 37ff 	mov.w	r7, #4294967295

	/* Loop through all possible fractional divider values */
	for (m = 1; odiff && m < 16; m++) {
1a002156:	2401      	movs	r4, #1
	uint32_t sdiv = 0, sm = 1, sd = 0;
1a002158:	f04f 0b00 	mov.w	fp, #0
1a00215c:	46a2      	mov	sl, r4
1a00215e:	46d9      	mov	r9, fp
	for (m = 1; odiff && m < 16; m++) {
1a002160:	e02a      	b.n	1a0021b8 <Chip_UART_SetBaudFDR+0x80>
			/* Upper 32-bit of dval has div */
			div = (uint32_t) (dval >> 32);

			/* Closer to next div */
			if ((int)diff < 0) {
				diff = -diff;
1a002162:	4242      	negs	r2, r0
				div ++;
1a002164:	1c4b      	adds	r3, r1, #1
1a002166:	e017      	b.n	1a002198 <Chip_UART_SetBaudFDR+0x60>
			sd = d;
			sm = m;
			odiff = diff;

			/* On perfect match, break loop */
			if(!diff) {
1a002168:	b30a      	cbz	r2, 1a0021ae <Chip_UART_SetBaudFDR+0x76>
			odiff = diff;
1a00216a:	4617      	mov	r7, r2
			sd = d;
1a00216c:	46ab      	mov	fp, r5
			sm = m;
1a00216e:	46a2      	mov	sl, r4
			sdiv = div;
1a002170:	4699      	mov	r9, r3
		for (d = 0; d < m; d++) {
1a002172:	3501      	adds	r5, #1
1a002174:	42ac      	cmp	r4, r5
1a002176:	d91e      	bls.n	1a0021b6 <Chip_UART_SetBaudFDR+0x7e>
			uint64_t dval = (((uint64_t) pclk << 28) * m) / (baud * (m + d));
1a002178:	0933      	lsrs	r3, r6, #4
1a00217a:	0730      	lsls	r0, r6, #28
1a00217c:	fba4 0100 	umull	r0, r1, r4, r0
1a002180:	fb04 1103 	mla	r1, r4, r3, r1
1a002184:	1962      	adds	r2, r4, r5
1a002186:	fb08 f202 	mul.w	r2, r8, r2
1a00218a:	2300      	movs	r3, #0
1a00218c:	f000 ffe4 	bl	1a003158 <__aeabi_uldivmod>
			diff = (uint32_t) dval;
1a002190:	4602      	mov	r2, r0
			div = (uint32_t) (dval >> 32);
1a002192:	460b      	mov	r3, r1
			if ((int)diff < 0) {
1a002194:	2800      	cmp	r0, #0
1a002196:	dbe4      	blt.n	1a002162 <Chip_UART_SetBaudFDR+0x2a>
			if (odiff < diff || !div || (div >> 16) || (div < 3 && d)) {
1a002198:	4297      	cmp	r7, r2
1a00219a:	d3ea      	bcc.n	1a002172 <Chip_UART_SetBaudFDR+0x3a>
1a00219c:	2b00      	cmp	r3, #0
1a00219e:	d0e8      	beq.n	1a002172 <Chip_UART_SetBaudFDR+0x3a>
1a0021a0:	0c19      	lsrs	r1, r3, #16
1a0021a2:	d1e6      	bne.n	1a002172 <Chip_UART_SetBaudFDR+0x3a>
1a0021a4:	2b02      	cmp	r3, #2
1a0021a6:	d8df      	bhi.n	1a002168 <Chip_UART_SetBaudFDR+0x30>
1a0021a8:	2d00      	cmp	r5, #0
1a0021aa:	d0dd      	beq.n	1a002168 <Chip_UART_SetBaudFDR+0x30>
1a0021ac:	e7e1      	b.n	1a002172 <Chip_UART_SetBaudFDR+0x3a>
			odiff = diff;
1a0021ae:	4617      	mov	r7, r2
			sd = d;
1a0021b0:	46ab      	mov	fp, r5
			sm = m;
1a0021b2:	46a2      	mov	sl, r4
			sdiv = div;
1a0021b4:	4699      	mov	r9, r3
	for (m = 1; odiff && m < 16; m++) {
1a0021b6:	3401      	adds	r4, #1
1a0021b8:	b11f      	cbz	r7, 1a0021c2 <Chip_UART_SetBaudFDR+0x8a>
1a0021ba:	2c0f      	cmp	r4, #15
1a0021bc:	d801      	bhi.n	1a0021c2 <Chip_UART_SetBaudFDR+0x8a>
		for (d = 0; d < m; d++) {
1a0021be:	2500      	movs	r5, #0
1a0021c0:	e7d8      	b.n	1a002174 <Chip_UART_SetBaudFDR+0x3c>
			}
		}
	}

	/* Return 0 if a vaild divisor is not possible */
	if (!sdiv) {
1a0021c2:	f1b9 0f00 	cmp.w	r9, #0
1a0021c6:	d01e      	beq.n	1a002206 <Chip_UART_SetBaudFDR+0xce>
	pUART->LCR |= UART_LCR_DLAB_EN;
1a0021c8:	9a01      	ldr	r2, [sp, #4]
1a0021ca:	4611      	mov	r1, r2
1a0021cc:	68d3      	ldr	r3, [r2, #12]
1a0021ce:	f043 0380 	orr.w	r3, r3, #128	; 0x80
1a0021d2:	60d3      	str	r3, [r2, #12]
	pUART->DLL = (uint32_t) dll;
1a0021d4:	fa5f f389 	uxtb.w	r3, r9
1a0021d8:	6013      	str	r3, [r2, #0]
	pUART->DLM = (uint32_t) dlm;
1a0021da:	f3c9 2307 	ubfx	r3, r9, #8, #8
1a0021de:	6053      	str	r3, [r2, #4]
	pUART->LCR &= ~UART_LCR_DLAB_EN;
1a0021e0:	68d3      	ldr	r3, [r2, #12]
1a0021e2:	f023 0380 	bic.w	r3, r3, #128	; 0x80
1a0021e6:	60d3      	str	r3, [r2, #12]
	Chip_UART_EnableDivisorAccess(pUART);
	Chip_UART_SetDivisorLatches(pUART, UART_LOAD_DLL(sdiv), UART_LOAD_DLM(sdiv));
	Chip_UART_DisableDivisorAccess(pUART);

	/* Set best fractional divider */
	pUART->FDR = (UART_FDR_MULVAL(sm) | UART_FDR_DIVADDVAL(sd));
1a0021e8:	ea4f 130a 	mov.w	r3, sl, lsl #4
1a0021ec:	b2db      	uxtb	r3, r3
1a0021ee:	f00b 020f 	and.w	r2, fp, #15
1a0021f2:	4313      	orrs	r3, r2
1a0021f4:	628b      	str	r3, [r1, #40]	; 0x28

	/* Return actual baud rate */
	return (pclk >> 4) * sm / (sdiv * (sm + sd));
1a0021f6:	0933      	lsrs	r3, r6, #4
1a0021f8:	fb0a f303 	mul.w	r3, sl, r3
1a0021fc:	44da      	add	sl, fp
1a0021fe:	fb09 f90a 	mul.w	r9, r9, sl
1a002202:	fbb3 f9f9 	udiv	r9, r3, r9
}
1a002206:	4648      	mov	r0, r9
1a002208:	b003      	add	sp, #12
1a00220a:	e8bd 8ff0 	ldmia.w	sp!, {r4, r5, r6, r7, r8, r9, sl, fp, pc}
1a00220e:	bf00      	nop
1a002210:	1a007cdc 	.word	0x1a007cdc

1a002214 <SystemInit>:
 */

#include <board.h>

void SystemInit(void)
{
1a002214:	b508      	push	{r3, lr}
   // to use CMSIS.
   volatile unsigned int *pCREG_M0APPMAP = (volatile unsigned int *) 0x40043404;
   // CMSIS : CREG->M0APPMAP = <address of vector table>
   *pCREG_M0APPMAP = (unsigned int)g_pfnVectors;
#else
   SCB->VTOR = (unsigned int) &g_pfnVectors;
1a002216:	4a0b      	ldr	r2, [pc, #44]	; (1a002244 <SystemInit+0x30>)
1a002218:	4b0b      	ldr	r3, [pc, #44]	; (1a002248 <SystemInit+0x34>)
1a00221a:	609a      	str	r2, [r3, #8]
 */
__STATIC_INLINE uint32_t SCB_GetFPUType(void)
{
  uint32_t mvfr0;

  mvfr0 = FPU->MVFR0;
1a00221c:	f503 730c 	add.w	r3, r3, #560	; 0x230
1a002220:	691b      	ldr	r3, [r3, #16]
  if      ((mvfr0 & (FPU_MVFR0_Single_precision_Msk | FPU_MVFR0_Double_precision_Msk)) == 0x020U)
1a002222:	f403 637f 	and.w	r3, r3, #4080	; 0xff0
1a002226:	2b20      	cmp	r3, #32
1a002228:	d004      	beq.n	1a002234 <SystemInit+0x20>

   if (SCB_GetFPUType() > 0)
      SCB->CPACR |= ((3UL << 10*2)|(3UL << 11*2));  /* set CP10 and CP11 Full Access */

   /* Board specific SystemInit only in M4 */
   Board_SystemInit();
1a00222a:	f7ff f921 	bl	1a001470 <Board_SystemInit>
   Board_Init();
1a00222e:	f7ff f9df 	bl	1a0015f0 <Board_Init>
#endif
}
1a002232:	bd08      	pop	{r3, pc}
      SCB->CPACR |= ((3UL << 10*2)|(3UL << 11*2));  /* set CP10 and CP11 Full Access */
1a002234:	4a04      	ldr	r2, [pc, #16]	; (1a002248 <SystemInit+0x34>)
1a002236:	f8d2 3088 	ldr.w	r3, [r2, #136]	; 0x88
1a00223a:	f443 0370 	orr.w	r3, r3, #15728640	; 0xf00000
1a00223e:	f8c2 3088 	str.w	r3, [r2, #136]	; 0x88
1a002242:	e7f2      	b.n	1a00222a <SystemInit+0x16>
1a002244:	1a000000 	.word	0x1a000000
1a002248:	e000ed00 	.word	0xe000ed00

1a00224c <cyclesCounterInit>:
 * @return TRUE si esta OK, FALSE en caso de error.
 */
bool_t cyclesCounterInit( uint32_t clockSpeed )
{
   //Asigna  a la variable local ClockSpeed el valor recibido como argumento.
   ClockSpeed = clockSpeed;
1a00224c:	4b04      	ldr	r3, [pc, #16]	; (1a002260 <cyclesCounterInit+0x14>)
1a00224e:	6018      	str	r0, [r3, #0]
   //Iniciar el contador de ciclos de clock.
   DWT_CTRL  |= 1; // *DWT_CTRL  |= 1;
1a002250:	4a04      	ldr	r2, [pc, #16]	; (1a002264 <cyclesCounterInit+0x18>)
1a002252:	6813      	ldr	r3, [r2, #0]
1a002254:	f043 0301 	orr.w	r3, r3, #1
1a002258:	6013      	str	r3, [r2, #0]
   return TRUE;
}
1a00225a:	2001      	movs	r0, #1
1a00225c:	4770      	bx	lr
1a00225e:	bf00      	nop
1a002260:	10000070 	.word	0x10000070
1a002264:	e0001000 	.word	0xe0001000

1a002268 <gpioObtainPinInit>:

static void gpioObtainPinInit( gpioMap_t pin,
                               int8_t *pinNamePort, int8_t *pinNamePin,
                               int8_t *func, int8_t *gpioPort,
                               int8_t *gpioPin )
{
1a002268:	b430      	push	{r4, r5}

   *pinNamePort = gpioPinsInit[pin].pinName.port;
1a00226a:	4d0b      	ldr	r5, [pc, #44]	; (1a002298 <gpioObtainPinInit+0x30>)
1a00226c:	eb00 0080 	add.w	r0, r0, r0, lsl #2
1a002270:	182c      	adds	r4, r5, r0
1a002272:	5628      	ldrsb	r0, [r5, r0]
1a002274:	7008      	strb	r0, [r1, #0]
   *pinNamePin  = gpioPinsInit[pin].pinName.pin;
1a002276:	f994 1001 	ldrsb.w	r1, [r4, #1]
1a00227a:	7011      	strb	r1, [r2, #0]
   *func        = gpioPinsInit[pin].func;
1a00227c:	f994 2002 	ldrsb.w	r2, [r4, #2]
1a002280:	701a      	strb	r2, [r3, #0]
   *gpioPort    = gpioPinsInit[pin].gpio.port;
1a002282:	f994 2003 	ldrsb.w	r2, [r4, #3]
1a002286:	9b02      	ldr	r3, [sp, #8]
1a002288:	701a      	strb	r2, [r3, #0]
   *gpioPin     = gpioPinsInit[pin].gpio.pin;
1a00228a:	f994 2004 	ldrsb.w	r2, [r4, #4]
1a00228e:	9b03      	ldr	r3, [sp, #12]
1a002290:	701a      	strb	r2, [r3, #0]
}
1a002292:	bc30      	pop	{r4, r5}
1a002294:	4770      	bx	lr
1a002296:	bf00      	nop
1a002298:	1a007cec 	.word	0x1a007cec

1a00229c <gpioInit>:

/*==================[external functions definition]==========================*/

bool_t gpioInit( gpioMap_t pin, gpioInit_t config )
{
   if( pin == VCC ){
1a00229c:	f110 0f02 	cmn.w	r0, #2
1a0022a0:	f000 80c7 	beq.w	1a002432 <gpioInit+0x196>
	  return FALSE;
   }
   if( pin == GND ){
1a0022a4:	f1b0 3fff 	cmp.w	r0, #4294967295
1a0022a8:	f000 80c5 	beq.w	1a002436 <gpioInit+0x19a>
{
1a0022ac:	b570      	push	{r4, r5, r6, lr}
1a0022ae:	b084      	sub	sp, #16
1a0022b0:	460c      	mov	r4, r1
	  return FALSE;
   }

   bool_t ret_val     = 1;

   int8_t pinNamePort = 0;
1a0022b2:	2300      	movs	r3, #0
1a0022b4:	f88d 300f 	strb.w	r3, [sp, #15]
   int8_t pinNamePin  = 0;
1a0022b8:	f88d 300e 	strb.w	r3, [sp, #14]

   int8_t func        = 0;
1a0022bc:	f88d 300d 	strb.w	r3, [sp, #13]

   int8_t gpioPort    = 0;
1a0022c0:	f88d 300c 	strb.w	r3, [sp, #12]
   int8_t gpioPin     = 0;
1a0022c4:	f88d 300b 	strb.w	r3, [sp, #11]

   gpioObtainPinInit( pin, &pinNamePort, &pinNamePin, &func,
1a0022c8:	f10d 030b 	add.w	r3, sp, #11
1a0022cc:	9301      	str	r3, [sp, #4]
1a0022ce:	ab03      	add	r3, sp, #12
1a0022d0:	9300      	str	r3, [sp, #0]
1a0022d2:	f10d 030d 	add.w	r3, sp, #13
1a0022d6:	f10d 020e 	add.w	r2, sp, #14
1a0022da:	f10d 010f 	add.w	r1, sp, #15
1a0022de:	f7ff ffc3 	bl	1a002268 <gpioObtainPinInit>
                      &gpioPort, &gpioPin );

   switch(config) {
1a0022e2:	2c05      	cmp	r4, #5
1a0022e4:	f200 80a9 	bhi.w	1a00243a <gpioInit+0x19e>
1a0022e8:	e8df f004 	tbb	[pc, r4]
1a0022ec:	45270981 	.word	0x45270981
1a0022f0:	0363      	.short	0x0363

   case GPIO_ENABLE:
      /* Initializes GPIO */
      Chip_GPIO_Init(LPC_GPIO_PORT);
1a0022f2:	4853      	ldr	r0, [pc, #332]	; (1a002440 <gpioInit+0x1a4>)
1a0022f4:	f7ff fb8a 	bl	1a001a0c <Chip_GPIO_Init>
   bool_t ret_val     = 1;
1a0022f8:	2001      	movs	r0, #1
      break;
   }

   return ret_val;

}
1a0022fa:	b004      	add	sp, #16
1a0022fc:	bd70      	pop	{r4, r5, r6, pc}
      Chip_SCU_PinMux(
1a0022fe:	f89d 100f 	ldrb.w	r1, [sp, #15]
1a002302:	f89d 300e 	ldrb.w	r3, [sp, #14]
1a002306:	f89d 200d 	ldrb.w	r2, [sp, #13]
	LPC_SCU->SFSP[port][pin] = modefunc;
1a00230a:	f042 02d0 	orr.w	r2, r2, #208	; 0xd0
1a00230e:	eb03 1341 	add.w	r3, r3, r1, lsl #5
1a002312:	494c      	ldr	r1, [pc, #304]	; (1a002444 <gpioInit+0x1a8>)
1a002314:	f841 2023 	str.w	r2, [r1, r3, lsl #2]
      Chip_GPIO_SetDir( LPC_GPIO_PORT, gpioPort, ( 1 << gpioPin ), 0 );
1a002318:	f89d 300c 	ldrb.w	r3, [sp, #12]
1a00231c:	f99d 200b 	ldrsb.w	r2, [sp, #11]
1a002320:	2001      	movs	r0, #1
1a002322:	fa00 f102 	lsl.w	r1, r0, r2
{
	if (out) {
		pGPIO->DIR[portNum] |= bitValue;
	}
	else {
		pGPIO->DIR[portNum] &= ~bitValue;
1a002326:	4c46      	ldr	r4, [pc, #280]	; (1a002440 <gpioInit+0x1a4>)
1a002328:	f503 6300 	add.w	r3, r3, #2048	; 0x800
1a00232c:	f854 2023 	ldr.w	r2, [r4, r3, lsl #2]
1a002330:	ea22 0201 	bic.w	r2, r2, r1
1a002334:	f844 2023 	str.w	r2, [r4, r3, lsl #2]
1a002338:	e7df      	b.n	1a0022fa <gpioInit+0x5e>
      Chip_SCU_PinMux(
1a00233a:	f89d 100f 	ldrb.w	r1, [sp, #15]
1a00233e:	f89d 300e 	ldrb.w	r3, [sp, #14]
1a002342:	f89d 200d 	ldrb.w	r2, [sp, #13]
1a002346:	f042 02c0 	orr.w	r2, r2, #192	; 0xc0
1a00234a:	eb03 1341 	add.w	r3, r3, r1, lsl #5
1a00234e:	493d      	ldr	r1, [pc, #244]	; (1a002444 <gpioInit+0x1a8>)
1a002350:	f841 2023 	str.w	r2, [r1, r3, lsl #2]
      Chip_GPIO_SetDir( LPC_GPIO_PORT, gpioPort, ( 1 << gpioPin ), 0 );
1a002354:	f89d 300c 	ldrb.w	r3, [sp, #12]
1a002358:	f99d 200b 	ldrsb.w	r2, [sp, #11]
1a00235c:	2001      	movs	r0, #1
1a00235e:	fa00 f102 	lsl.w	r1, r0, r2
1a002362:	4c37      	ldr	r4, [pc, #220]	; (1a002440 <gpioInit+0x1a4>)
1a002364:	f503 6300 	add.w	r3, r3, #2048	; 0x800
1a002368:	f854 2023 	ldr.w	r2, [r4, r3, lsl #2]
1a00236c:	ea22 0201 	bic.w	r2, r2, r1
1a002370:	f844 2023 	str.w	r2, [r4, r3, lsl #2]
1a002374:	e7c1      	b.n	1a0022fa <gpioInit+0x5e>
      Chip_SCU_PinMux(
1a002376:	f89d 100f 	ldrb.w	r1, [sp, #15]
1a00237a:	f89d 300e 	ldrb.w	r3, [sp, #14]
1a00237e:	f89d 200d 	ldrb.w	r2, [sp, #13]
1a002382:	f042 02d8 	orr.w	r2, r2, #216	; 0xd8
1a002386:	eb03 1341 	add.w	r3, r3, r1, lsl #5
1a00238a:	492e      	ldr	r1, [pc, #184]	; (1a002444 <gpioInit+0x1a8>)
1a00238c:	f841 2023 	str.w	r2, [r1, r3, lsl #2]
      Chip_GPIO_SetDir( LPC_GPIO_PORT, gpioPort, ( 1 << gpioPin ), 0 );
1a002390:	f89d 300c 	ldrb.w	r3, [sp, #12]
1a002394:	f99d 200b 	ldrsb.w	r2, [sp, #11]
1a002398:	2001      	movs	r0, #1
1a00239a:	fa00 f102 	lsl.w	r1, r0, r2
1a00239e:	4c28      	ldr	r4, [pc, #160]	; (1a002440 <gpioInit+0x1a4>)
1a0023a0:	f503 6300 	add.w	r3, r3, #2048	; 0x800
1a0023a4:	f854 2023 	ldr.w	r2, [r4, r3, lsl #2]
1a0023a8:	ea22 0201 	bic.w	r2, r2, r1
1a0023ac:	f844 2023 	str.w	r2, [r4, r3, lsl #2]
1a0023b0:	e7a3      	b.n	1a0022fa <gpioInit+0x5e>
      Chip_SCU_PinMux(
1a0023b2:	f89d 100f 	ldrb.w	r1, [sp, #15]
1a0023b6:	f89d 300e 	ldrb.w	r3, [sp, #14]
1a0023ba:	f89d 200d 	ldrb.w	r2, [sp, #13]
1a0023be:	f042 02c8 	orr.w	r2, r2, #200	; 0xc8
1a0023c2:	eb03 1341 	add.w	r3, r3, r1, lsl #5
1a0023c6:	491f      	ldr	r1, [pc, #124]	; (1a002444 <gpioInit+0x1a8>)
1a0023c8:	f841 2023 	str.w	r2, [r1, r3, lsl #2]
      Chip_GPIO_SetDir( LPC_GPIO_PORT, gpioPort, ( 1 << gpioPin ), 0 );
1a0023cc:	f89d 300c 	ldrb.w	r3, [sp, #12]
1a0023d0:	f99d 200b 	ldrsb.w	r2, [sp, #11]
1a0023d4:	2001      	movs	r0, #1
1a0023d6:	fa00 f102 	lsl.w	r1, r0, r2
1a0023da:	4c19      	ldr	r4, [pc, #100]	; (1a002440 <gpioInit+0x1a4>)
1a0023dc:	f503 6300 	add.w	r3, r3, #2048	; 0x800
1a0023e0:	f854 2023 	ldr.w	r2, [r4, r3, lsl #2]
1a0023e4:	ea22 0201 	bic.w	r2, r2, r1
1a0023e8:	f844 2023 	str.w	r2, [r4, r3, lsl #2]
1a0023ec:	e785      	b.n	1a0022fa <gpioInit+0x5e>
      Chip_SCU_PinMux(
1a0023ee:	f89d 100f 	ldrb.w	r1, [sp, #15]
1a0023f2:	f89d 300e 	ldrb.w	r3, [sp, #14]
1a0023f6:	f89d 200d 	ldrb.w	r2, [sp, #13]
1a0023fa:	f042 02d0 	orr.w	r2, r2, #208	; 0xd0
1a0023fe:	eb03 1341 	add.w	r3, r3, r1, lsl #5
1a002402:	4910      	ldr	r1, [pc, #64]	; (1a002444 <gpioInit+0x1a8>)
1a002404:	f841 2023 	str.w	r2, [r1, r3, lsl #2]
      Chip_GPIO_SetDir( LPC_GPIO_PORT, gpioPort, ( 1 << gpioPin ), 1 );
1a002408:	f89d 400c 	ldrb.w	r4, [sp, #12]
1a00240c:	f99d 200b 	ldrsb.w	r2, [sp, #11]
1a002410:	2001      	movs	r0, #1
1a002412:	fa00 f102 	lsl.w	r1, r0, r2
		pGPIO->DIR[portNum] |= bitValue;
1a002416:	4b0a      	ldr	r3, [pc, #40]	; (1a002440 <gpioInit+0x1a4>)
1a002418:	f504 6500 	add.w	r5, r4, #2048	; 0x800
1a00241c:	f853 6025 	ldr.w	r6, [r3, r5, lsl #2]
1a002420:	4331      	orrs	r1, r6
1a002422:	f843 1025 	str.w	r1, [r3, r5, lsl #2]
      Chip_GPIO_SetPinState( LPC_GPIO_PORT, gpioPort, gpioPin, 0);
1a002426:	b2d2      	uxtb	r2, r2
	pGPIO->B[port][pin] = setting;
1a002428:	eb03 1344 	add.w	r3, r3, r4, lsl #5
1a00242c:	2100      	movs	r1, #0
1a00242e:	5499      	strb	r1, [r3, r2]
1a002430:	e763      	b.n	1a0022fa <gpioInit+0x5e>
	  return FALSE;
1a002432:	2000      	movs	r0, #0
1a002434:	4770      	bx	lr
	  return FALSE;
1a002436:	2000      	movs	r0, #0
}
1a002438:	4770      	bx	lr
      ret_val = 0;
1a00243a:	2000      	movs	r0, #0
1a00243c:	e75d      	b.n	1a0022fa <gpioInit+0x5e>
1a00243e:	bf00      	nop
1a002440:	400f4000 	.word	0x400f4000
1a002444:	40086000 	.word	0x40086000

1a002448 <gpioWrite>:


bool_t gpioWrite( gpioMap_t pin, bool_t value )
{
   if( pin == VCC ){
1a002448:	f110 0f02 	cmn.w	r0, #2
1a00244c:	d02d      	beq.n	1a0024aa <gpioWrite+0x62>
	  return FALSE;
   }
   if( pin == GND ){
1a00244e:	f1b0 3fff 	cmp.w	r0, #4294967295
1a002452:	d02c      	beq.n	1a0024ae <gpioWrite+0x66>
{
1a002454:	b510      	push	{r4, lr}
1a002456:	b084      	sub	sp, #16
1a002458:	460c      	mov	r4, r1
	  return FALSE;
   }

   bool_t ret_val     = 1;

   int8_t pinNamePort = 0;
1a00245a:	2300      	movs	r3, #0
1a00245c:	f88d 300f 	strb.w	r3, [sp, #15]
   int8_t pinNamePin  = 0;
1a002460:	f88d 300e 	strb.w	r3, [sp, #14]

   int8_t func        = 0;
1a002464:	f88d 300d 	strb.w	r3, [sp, #13]

   int8_t gpioPort    = 0;
1a002468:	f88d 300c 	strb.w	r3, [sp, #12]
   int8_t gpioPin     = 0;
1a00246c:	f88d 300b 	strb.w	r3, [sp, #11]

   gpioObtainPinInit( pin, &pinNamePort, &pinNamePin, &func,
1a002470:	f10d 030b 	add.w	r3, sp, #11
1a002474:	9301      	str	r3, [sp, #4]
1a002476:	ab03      	add	r3, sp, #12
1a002478:	9300      	str	r3, [sp, #0]
1a00247a:	f10d 030d 	add.w	r3, sp, #13
1a00247e:	f10d 020e 	add.w	r2, sp, #14
1a002482:	f10d 010f 	add.w	r1, sp, #15
1a002486:	f7ff feef 	bl	1a002268 <gpioObtainPinInit>
                      &gpioPort, &gpioPin );

   Chip_GPIO_SetPinState( LPC_GPIO_PORT, gpioPort, gpioPin, value);
1a00248a:	f89d 300c 	ldrb.w	r3, [sp, #12]
1a00248e:	f89d 200b 	ldrb.w	r2, [sp, #11]
1a002492:	1c21      	adds	r1, r4, #0
1a002494:	bf18      	it	ne
1a002496:	2101      	movne	r1, #1
1a002498:	015b      	lsls	r3, r3, #5
1a00249a:	f103 2340 	add.w	r3, r3, #1073758208	; 0x40004000
1a00249e:	f503 2370 	add.w	r3, r3, #983040	; 0xf0000
1a0024a2:	5499      	strb	r1, [r3, r2]

   return ret_val;
1a0024a4:	2001      	movs	r0, #1
}
1a0024a6:	b004      	add	sp, #16
1a0024a8:	bd10      	pop	{r4, pc}
	  return FALSE;
1a0024aa:	2000      	movs	r0, #0
1a0024ac:	4770      	bx	lr
	  return FALSE;
1a0024ae:	2000      	movs	r0, #0
}
1a0024b0:	4770      	bx	lr

1a0024b2 <gpioRead>:
}


bool_t gpioRead( gpioMap_t pin )
{
   if( pin == VCC ){
1a0024b2:	f110 0f02 	cmn.w	r0, #2
1a0024b6:	d02c      	beq.n	1a002512 <gpioRead+0x60>
      return TRUE;
   }
   if( pin == GND ){
1a0024b8:	f1b0 3fff 	cmp.w	r0, #4294967295
1a0024bc:	d02b      	beq.n	1a002516 <gpioRead+0x64>
{
1a0024be:	b500      	push	{lr}
1a0024c0:	b085      	sub	sp, #20
      return FALSE;
   }

   bool_t ret_val     = OFF;

   int8_t pinNamePort = 0;
1a0024c2:	2300      	movs	r3, #0
1a0024c4:	f88d 300f 	strb.w	r3, [sp, #15]
   int8_t pinNamePin  = 0;
1a0024c8:	f88d 300e 	strb.w	r3, [sp, #14]

   int8_t func        = 0;
1a0024cc:	f88d 300d 	strb.w	r3, [sp, #13]

   int8_t gpioPort    = 0;
1a0024d0:	f88d 300c 	strb.w	r3, [sp, #12]
   int8_t gpioPin     = 0;
1a0024d4:	f88d 300b 	strb.w	r3, [sp, #11]

   gpioObtainPinInit( pin, &pinNamePort, &pinNamePin, &func,
1a0024d8:	f10d 030b 	add.w	r3, sp, #11
1a0024dc:	9301      	str	r3, [sp, #4]
1a0024de:	ab03      	add	r3, sp, #12
1a0024e0:	9300      	str	r3, [sp, #0]
1a0024e2:	f10d 030d 	add.w	r3, sp, #13
1a0024e6:	f10d 020e 	add.w	r2, sp, #14
1a0024ea:	f10d 010f 	add.w	r1, sp, #15
1a0024ee:	f7ff febb 	bl	1a002268 <gpioObtainPinInit>
                      &gpioPort, &gpioPin );

   ret_val = (bool_t) Chip_GPIO_ReadPortBit( LPC_GPIO_PORT, gpioPort, gpioPin );
1a0024f2:	f99d 300c 	ldrsb.w	r3, [sp, #12]
1a0024f6:	f89d 200b 	ldrb.w	r2, [sp, #11]
	return (bool) pGPIO->B[port][pin];
1a0024fa:	015b      	lsls	r3, r3, #5
1a0024fc:	f103 2340 	add.w	r3, r3, #1073758208	; 0x40004000
1a002500:	f503 2370 	add.w	r3, r3, #983040	; 0xf0000
1a002504:	5c98      	ldrb	r0, [r3, r2]
1a002506:	3000      	adds	r0, #0
1a002508:	bf18      	it	ne
1a00250a:	2001      	movne	r0, #1

   return ret_val;
}
1a00250c:	b005      	add	sp, #20
1a00250e:	f85d fb04 	ldr.w	pc, [sp], #4
      return TRUE;
1a002512:	2001      	movs	r0, #1
1a002514:	4770      	bx	lr
      return FALSE;
1a002516:	2000      	movs	r0, #0
}
1a002518:	4770      	bx	lr
1a00251a:	Address 0x1a00251a is out of bounds.


1a00251c <tickRead>:
   #ifdef USE_FREERTOS
      return xTaskGetTickCount();
   #else
      return tickCounter;
   #endif
}
1a00251c:	4b01      	ldr	r3, [pc, #4]	; (1a002524 <tickRead+0x8>)
1a00251e:	e9d3 0100 	ldrd	r0, r1, [r3]
1a002522:	4770      	bx	lr
1a002524:	10000a80 	.word	0x10000a80

1a002528 <tickPowerSet>:
void tickPowerSet( bool_t power )
{
   #ifdef USE_FREERTOS
      uartWriteString( UART_USB, "Use of tickPowerSet() in a program with freeRTOS has no effect\r\n" );
   #else
      if( power ) {
1a002528:	b118      	cbz	r0, 1a002532 <tickPowerSet+0xa>
         // Enable SysTick IRQ and SysTick Timer
         SysTick->CTRL = SysTick_CTRL_CLKSOURCE_Msk |
1a00252a:	4b04      	ldr	r3, [pc, #16]	; (1a00253c <tickPowerSet+0x14>)
1a00252c:	2207      	movs	r2, #7
1a00252e:	601a      	str	r2, [r3, #0]
1a002530:	4770      	bx	lr
                         SysTick_CTRL_TICKINT_Msk   |
                         SysTick_CTRL_ENABLE_Msk;
      } else {
         // Disable SysTick IRQ and SysTick Timer
         SysTick->CTRL = 0x0000000;
1a002532:	4b02      	ldr	r3, [pc, #8]	; (1a00253c <tickPowerSet+0x14>)
1a002534:	2200      	movs	r2, #0
1a002536:	601a      	str	r2, [r3, #0]
      }
   #endif
}
1a002538:	4770      	bx	lr
1a00253a:	bf00      	nop
1a00253c:	e000e010 	.word	0xe000e010

1a002540 <tickInit>:
{
1a002540:	b538      	push	{r3, r4, r5, lr}
      if( tickRateMSvalue == 0 ) {
1a002542:	ea50 0401 	orrs.w	r4, r0, r1
1a002546:	d02a      	beq.n	1a00259e <tickInit+0x5e>
         if( (tickRateMSvalue >= 1) && (tickRateMSvalue <= 50) ) {
1a002548:	f110 32ff 	adds.w	r2, r0, #4294967295
1a00254c:	f141 33ff 	adc.w	r3, r1, #4294967295
1a002550:	2b00      	cmp	r3, #0
1a002552:	bf08      	it	eq
1a002554:	2a32      	cmpeq	r2, #50	; 0x32
1a002556:	d227      	bcs.n	1a0025a8 <tickInit+0x68>
            tickRateMS = tickRateMSvalue;
1a002558:	4b14      	ldr	r3, [pc, #80]	; (1a0025ac <tickInit+0x6c>)
1a00255a:	e9c3 0100 	strd	r0, r1, [r3]
            SysTick_Config( SystemCoreClock * tickRateMSvalue / 1000 );
1a00255e:	4b14      	ldr	r3, [pc, #80]	; (1a0025b0 <tickInit+0x70>)
1a002560:	681b      	ldr	r3, [r3, #0]
1a002562:	fba3 4500 	umull	r4, r5, r3, r0
1a002566:	fb03 5501 	mla	r5, r3, r1, r5
1a00256a:	f44f 727a 	mov.w	r2, #1000	; 0x3e8
1a00256e:	2300      	movs	r3, #0
1a002570:	4620      	mov	r0, r4
1a002572:	4629      	mov	r1, r5
1a002574:	f000 fdf0 	bl	1a003158 <__aeabi_uldivmod>
           function <b>SysTick_Config</b> is not included. In this case, the file <b><i>device</i>.h</b>
           must contain a vendor-specific implementation of this function.
 */
__STATIC_INLINE uint32_t SysTick_Config(uint32_t ticks)
{
  if ((ticks - 1UL) > SysTick_LOAD_RELOAD_Msk)
1a002578:	3801      	subs	r0, #1
1a00257a:	f1b0 7f80 	cmp.w	r0, #16777216	; 0x1000000
1a00257e:	d209      	bcs.n	1a002594 <tickInit+0x54>
  {
    return (1UL);                                                   /* Reload value impossible */
  }

  SysTick->LOAD  = (uint32_t)(ticks - 1UL);                         /* set reload register */
1a002580:	4b0c      	ldr	r3, [pc, #48]	; (1a0025b4 <tickInit+0x74>)
1a002582:	6058      	str	r0, [r3, #4]
    SCB->SHP[(((uint32_t)IRQn) & 0xFUL)-4UL] = (uint8_t)((priority << (8U - __NVIC_PRIO_BITS)) & (uint32_t)0xFFUL);
1a002584:	4a0c      	ldr	r2, [pc, #48]	; (1a0025b8 <tickInit+0x78>)
1a002586:	21e0      	movs	r1, #224	; 0xe0
1a002588:	f882 1023 	strb.w	r1, [r2, #35]	; 0x23
  NVIC_SetPriority (SysTick_IRQn, (1UL << __NVIC_PRIO_BITS) - 1UL); /* set Priority for Systick Interrupt */
  SysTick->VAL   = 0UL;                                             /* Load the SysTick Counter Value */
1a00258c:	2200      	movs	r2, #0
1a00258e:	609a      	str	r2, [r3, #8]
  SysTick->CTRL  = SysTick_CTRL_CLKSOURCE_Msk |
1a002590:	2207      	movs	r2, #7
1a002592:	601a      	str	r2, [r3, #0]
            tickPowerSet( ON );
1a002594:	2001      	movs	r0, #1
1a002596:	f7ff ffc7 	bl	1a002528 <tickPowerSet>
      bool_t ret_val = 1;
1a00259a:	2001      	movs	r0, #1
}
1a00259c:	bd38      	pop	{r3, r4, r5, pc}
         tickPowerSet( OFF );
1a00259e:	2000      	movs	r0, #0
1a0025a0:	f7ff ffc2 	bl	1a002528 <tickPowerSet>
         ret_val = 0;
1a0025a4:	2000      	movs	r0, #0
1a0025a6:	e7f9      	b.n	1a00259c <tickInit+0x5c>
            ret_val = 0;
1a0025a8:	2000      	movs	r0, #0
1a0025aa:	e7f7      	b.n	1a00259c <tickInit+0x5c>
1a0025ac:	10000078 	.word	0x10000078
1a0025b0:	10000ac4 	.word	0x10000ac4
1a0025b4:	e000e010 	.word	0xe000e010
1a0025b8:	e000ed00 	.word	0xe000ed00

1a0025bc <SysTick_Handler>:

//__attribute__ ((section(".after_vectors")))

// SysTick Timer ISR Handler
void tickerCallback( void )   // Before SysTick_Handler
{
1a0025bc:	b508      	push	{r3, lr}
   // Increment Tick counters
   tickCounter++;
1a0025be:	4a07      	ldr	r2, [pc, #28]	; (1a0025dc <SysTick_Handler+0x20>)
1a0025c0:	6813      	ldr	r3, [r2, #0]
1a0025c2:	6851      	ldr	r1, [r2, #4]
1a0025c4:	3301      	adds	r3, #1
1a0025c6:	f141 0100 	adc.w	r1, r1, #0
1a0025ca:	6013      	str	r3, [r2, #0]
1a0025cc:	6051      	str	r1, [r2, #4]
   // Execute Tick Hook function if pointer is not NULL
   if( (tickHookFunction != NULL) ) {
1a0025ce:	4b04      	ldr	r3, [pc, #16]	; (1a0025e0 <SysTick_Handler+0x24>)
1a0025d0:	681b      	ldr	r3, [r3, #0]
1a0025d2:	b113      	cbz	r3, 1a0025da <SysTick_Handler+0x1e>
      (* tickHookFunction )( callBackFuncParams );
1a0025d4:	4a03      	ldr	r2, [pc, #12]	; (1a0025e4 <SysTick_Handler+0x28>)
1a0025d6:	6810      	ldr	r0, [r2, #0]
1a0025d8:	4798      	blx	r3
   }
}
1a0025da:	bd08      	pop	{r3, pc}
1a0025dc:	10000a80 	.word	0x10000a80
1a0025e0:	10000a88 	.word	0x10000a88
1a0025e4:	10000a78 	.word	0x10000a78

1a0025e8 <spiInit>:
bool_t spiInit( spiMap_t spi )
{

   bool_t retVal = TRUE;

   if( spi == SPI0 ) {
1a0025e8:	b108      	cbz	r0, 1a0025ee <spiInit+0x6>
      #else
         #error BOARD compile variable must be defined
      #endif

   } else {
      retVal = FALSE;
1a0025ea:	2000      	movs	r0, #0
   }

   return retVal;
}
1a0025ec:	4770      	bx	lr
{
1a0025ee:	b570      	push	{r4, r5, r6, lr}
1a0025f0:	4c0e      	ldr	r4, [pc, #56]	; (1a00262c <spiInit+0x44>)
1a0025f2:	2600      	movs	r6, #0
1a0025f4:	f8c4 6790 	str.w	r6, [r4, #1936]	; 0x790
1a0025f8:	23c5      	movs	r3, #197	; 0xc5
1a0025fa:	f8c4 308c 	str.w	r3, [r4, #140]	; 0x8c
1a0025fe:	2305      	movs	r3, #5
1a002600:	f8c4 3090 	str.w	r3, [r4, #144]	; 0x90
         Chip_SSP_Init( LPC_SSP1 );
1a002604:	4d0a      	ldr	r5, [pc, #40]	; (1a002630 <spiInit+0x48>)
1a002606:	4628      	mov	r0, r5
1a002608:	f7ff f8fa 	bl	1a001800 <Chip_SSP_Init>
	pSSP->CR1 |= SSP_CR1_SSP_EN;
1a00260c:	686b      	ldr	r3, [r5, #4]
1a00260e:	f043 0302 	orr.w	r3, r3, #2
1a002612:	606b      	str	r3, [r5, #4]
1a002614:	f8c4 6304 	str.w	r6, [r4, #772]	; 0x304
	pGPIO->DIR[port] |= 1UL << pin;
1a002618:	4906      	ldr	r1, [pc, #24]	; (1a002634 <spiInit+0x4c>)
1a00261a:	f242 020c 	movw	r2, #8204	; 0x200c
1a00261e:	588b      	ldr	r3, [r1, r2]
1a002620:	f043 0301 	orr.w	r3, r3, #1
1a002624:	508b      	str	r3, [r1, r2]
   bool_t retVal = TRUE;
1a002626:	2001      	movs	r0, #1
}
1a002628:	bd70      	pop	{r4, r5, r6, pc}
1a00262a:	bf00      	nop
1a00262c:	40086000 	.word	0x40086000
1a002630:	400c5000 	.word	0x400c5000
1a002634:	400f4000 	.word	0x400f4000

1a002638 <spiRead>:


bool_t spiRead( spiMap_t spi, uint8_t* buffer, uint32_t bufferSize )
{
1a002638:	b500      	push	{lr}
1a00263a:	b087      	sub	sp, #28

   bool_t retVal = TRUE;

   Chip_SSP_DATA_SETUP_T xferConfig;

   xferConfig.tx_data = NULL;
1a00263c:	2300      	movs	r3, #0
1a00263e:	9301      	str	r3, [sp, #4]
   xferConfig.tx_cnt  = 0;
1a002640:	9302      	str	r3, [sp, #8]
   xferConfig.rx_data = buffer;
1a002642:	9103      	str	r1, [sp, #12]
   xferConfig.rx_cnt  = 0;
1a002644:	9304      	str	r3, [sp, #16]
   xferConfig.length  = bufferSize;
1a002646:	9205      	str	r2, [sp, #20]

   if( spi == SPI0 ) {
1a002648:	b118      	cbz	r0, 1a002652 <spiRead+0x1a>
      Chip_SSP_RWFrames_Blocking( LPC_SSP1, &xferConfig );
   } else {
      retVal = FALSE;
1a00264a:	2000      	movs	r0, #0
   }

   return retVal;
}
1a00264c:	b007      	add	sp, #28
1a00264e:	f85d fb04 	ldr.w	pc, [sp], #4
      Chip_SSP_RWFrames_Blocking( LPC_SSP1, &xferConfig );
1a002652:	a901      	add	r1, sp, #4
1a002654:	4802      	ldr	r0, [pc, #8]	; (1a002660 <spiRead+0x28>)
1a002656:	f7ff f860 	bl	1a00171a <Chip_SSP_RWFrames_Blocking>
   bool_t retVal = TRUE;
1a00265a:	2001      	movs	r0, #1
1a00265c:	e7f6      	b.n	1a00264c <spiRead+0x14>
1a00265e:	bf00      	nop
1a002660:	400c5000 	.word	0x400c5000

1a002664 <spiWrite>:


bool_t spiWrite( spiMap_t spi, uint8_t* buffer, uint32_t bufferSize)
{
1a002664:	b500      	push	{lr}
1a002666:	b087      	sub	sp, #28

   bool_t retVal = TRUE;

   Chip_SSP_DATA_SETUP_T xferConfig;

   xferConfig.tx_data = buffer;
1a002668:	9101      	str	r1, [sp, #4]
   xferConfig.tx_cnt  = 0;
1a00266a:	2300      	movs	r3, #0
1a00266c:	9302      	str	r3, [sp, #8]
   xferConfig.rx_data = NULL;
1a00266e:	9303      	str	r3, [sp, #12]
   xferConfig.rx_cnt  = 0;
1a002670:	9304      	str	r3, [sp, #16]
   xferConfig.length  = bufferSize;
1a002672:	9205      	str	r2, [sp, #20]

   if( spi == SPI0 ) {
1a002674:	b118      	cbz	r0, 1a00267e <spiWrite+0x1a>
      Chip_SSP_RWFrames_Blocking( LPC_SSP1, &xferConfig );
   } else {
      retVal = FALSE;
1a002676:	2000      	movs	r0, #0
   }

   return retVal;
}
1a002678:	b007      	add	sp, #28
1a00267a:	f85d fb04 	ldr.w	pc, [sp], #4
      Chip_SSP_RWFrames_Blocking( LPC_SSP1, &xferConfig );
1a00267e:	a901      	add	r1, sp, #4
1a002680:	4802      	ldr	r0, [pc, #8]	; (1a00268c <spiWrite+0x28>)
1a002682:	f7ff f84a 	bl	1a00171a <Chip_SSP_RWFrames_Blocking>
   bool_t retVal = TRUE;
1a002686:	2001      	movs	r0, #1
1a002688:	e7f6      	b.n	1a002678 <spiWrite+0x14>
1a00268a:	bf00      	nop
1a00268c:	400c5000 	.word	0x400c5000

1a002690 <uartTxReady>:
}

// Return TRUE if have space in TX FIFO
bool_t uartTxReady( uartMap_t uart )
{
   return Chip_UART_ReadLineStatus( lpcUarts[uart].uartAddr ) & UART_LSR_THRE;
1a002690:	eb00 0040 	add.w	r0, r0, r0, lsl #1
1a002694:	0083      	lsls	r3, r0, #2
1a002696:	4a03      	ldr	r2, [pc, #12]	; (1a0026a4 <uartTxReady+0x14>)
1a002698:	58d3      	ldr	r3, [r2, r3]
 * @note	Mask bits of the returned status value with UART_LSR_*
 *			definitions for specific statuses.
 */
STATIC INLINE uint32_t Chip_UART_ReadLineStatus(LPC_USART_T *pUART)
{
	return pUART->LSR;
1a00269a:	6958      	ldr	r0, [r3, #20]
}
1a00269c:	f000 0020 	and.w	r0, r0, #32
1a0026a0:	4770      	bx	lr
1a0026a2:	bf00      	nop
1a0026a4:	1a007dd4 	.word	0x1a007dd4

1a0026a8 <uartTxWrite>:
}

// Write in TX FIFO
void uartTxWrite( uartMap_t uart, const uint8_t value )
{
   Chip_UART_SendByte( lpcUarts[uart].uartAddr, value );
1a0026a8:	eb00 0040 	add.w	r0, r0, r0, lsl #1
1a0026ac:	0083      	lsls	r3, r0, #2
1a0026ae:	4a02      	ldr	r2, [pc, #8]	; (1a0026b8 <uartTxWrite+0x10>)
1a0026b0:	58d3      	ldr	r3, [r2, r3]
	pUART->THR = (uint32_t) data;
1a0026b2:	6019      	str	r1, [r3, #0]
}
1a0026b4:	4770      	bx	lr
1a0026b6:	bf00      	nop
1a0026b8:	1a007dd4 	.word	0x1a007dd4

1a0026bc <uartInit>:

//-------------------------------------------------------------

// UART Initialization
void uartInit( uartMap_t uart, uint32_t baudRate )
{
1a0026bc:	e92d 43f8 	stmdb	sp!, {r3, r4, r5, r6, r7, r8, r9, lr}
1a0026c0:	4680      	mov	r8, r0
1a0026c2:	4689      	mov	r9, r1
   // Initialize UART
   Chip_UART_Init( lpcUarts[uart].uartAddr );
1a0026c4:	4c19      	ldr	r4, [pc, #100]	; (1a00272c <uartInit+0x70>)
1a0026c6:	0045      	lsls	r5, r0, #1
1a0026c8:	182a      	adds	r2, r5, r0
1a0026ca:	0093      	lsls	r3, r2, #2
1a0026cc:	18e6      	adds	r6, r4, r3
1a0026ce:	58e7      	ldr	r7, [r4, r3]
1a0026d0:	4638      	mov	r0, r7
1a0026d2:	f7ff fce7 	bl	1a0020a4 <Chip_UART_Init>
   // Set Baud rate
   Chip_UART_SetBaud( lpcUarts[uart].uartAddr, baudRate );
1a0026d6:	4649      	mov	r1, r9
1a0026d8:	4638      	mov	r0, r7
1a0026da:	f7ff fd0d 	bl	1a0020f8 <Chip_UART_SetBaud>
	pUART->FCR = fcr;
1a0026de:	2307      	movs	r3, #7
1a0026e0:	60bb      	str	r3, [r7, #8]
	return (uint8_t) (pUART->RBR & UART_RBR_MASKBIT);
1a0026e2:	683b      	ldr	r3, [r7, #0]
    pUART->TER2 = UART_TER2_TXEN;
1a0026e4:	2301      	movs	r3, #1
1a0026e6:	65fb      	str	r3, [r7, #92]	; 0x5c
   
   // Enable UART Transmission
   Chip_UART_TXEnable( lpcUarts[uart].uartAddr );
   
   // Configure SCU UARTn_TXD pin
   Chip_SCU_PinMux( lpcUarts[uart].txPin.lpcScuPort,
1a0026e8:	7930      	ldrb	r0, [r6, #4]
1a0026ea:	7973      	ldrb	r3, [r6, #5]
1a0026ec:	79b2      	ldrb	r2, [r6, #6]
1a0026ee:	f042 0218 	orr.w	r2, r2, #24
1a0026f2:	490f      	ldr	r1, [pc, #60]	; (1a002730 <uartInit+0x74>)
1a0026f4:	eb03 1340 	add.w	r3, r3, r0, lsl #5
1a0026f8:	f841 2023 	str.w	r2, [r1, r3, lsl #2]
                    lpcUarts[uart].txPin.lpcScuPin,
                    MD_PDN,
                    lpcUarts[uart].txPin.lpcScuFunc );
                    
   // Configure SCU UARTn_RXD pin
   Chip_SCU_PinMux( lpcUarts[uart].rxPin.lpcScuPort,
1a0026fc:	79f0      	ldrb	r0, [r6, #7]
1a0026fe:	7a33      	ldrb	r3, [r6, #8]
1a002700:	7a72      	ldrb	r2, [r6, #9]
1a002702:	f042 02d0 	orr.w	r2, r2, #208	; 0xd0
1a002706:	eb03 1340 	add.w	r3, r3, r0, lsl #5
1a00270a:	f841 2023 	str.w	r2, [r1, r3, lsl #2]
                    lpcUarts[uart].rxPin.lpcScuPin,
                    MD_PLN | MD_EZI | MD_ZI,
                    lpcUarts[uart].rxPin.lpcScuFunc );

   // Specific configurations for RS485
   if( uart == UART_485 ) {
1a00270e:	f1b8 0f01 	cmp.w	r8, #1
1a002712:	d001      	beq.n	1a002718 <uartInit+0x5c>
      Chip_SCU_PinMux( lpcUart485DirPin.lpcScuPort,
                       lpcUart485DirPin.lpcScuPin,
                       MD_PDN,
                       lpcUart485DirPin.lpcScuFunc );
   }
}
1a002714:	e8bd 83f8 	ldmia.w	sp!, {r3, r4, r5, r6, r7, r8, r9, pc}
 * @note	Use an Or'ed value of UART_RS485CTRL_* definitions with this
 *			call to set specific options.
 */
STATIC INLINE void Chip_UART_SetRS485Flags(LPC_USART_T *pUART, uint32_t ctrl)
{
	pUART->RS485CTRL |= ctrl;
1a002718:	4a06      	ldr	r2, [pc, #24]	; (1a002734 <uartInit+0x78>)
1a00271a:	6cd3      	ldr	r3, [r2, #76]	; 0x4c
1a00271c:	f043 0330 	orr.w	r3, r3, #48	; 0x30
1a002720:	64d3      	str	r3, [r2, #76]	; 0x4c
1a002722:	221a      	movs	r2, #26
1a002724:	f8c1 2308 	str.w	r2, [r1, #776]	; 0x308
1a002728:	e7f4      	b.n	1a002714 <uartInit+0x58>
1a00272a:	bf00      	nop
1a00272c:	1a007dd4 	.word	0x1a007dd4
1a002730:	40086000 	.word	0x40086000
1a002734:	40081000 	.word	0x40081000

1a002738 <uartWriteByte>:
   return retVal;
}

// Blocking Write 1 byte to TX FIFO
void uartWriteByte( uartMap_t uart, const uint8_t value )
{
1a002738:	b538      	push	{r3, r4, r5, lr}
1a00273a:	4604      	mov	r4, r0
1a00273c:	460d      	mov	r5, r1
   // Wait for space in FIFO (blocking)
   while( uartTxReady( uart ) == FALSE );
1a00273e:	4620      	mov	r0, r4
1a002740:	f7ff ffa6 	bl	1a002690 <uartTxReady>
1a002744:	2800      	cmp	r0, #0
1a002746:	d0fa      	beq.n	1a00273e <uartWriteByte+0x6>
   // Send byte
   uartTxWrite( uart, value );
1a002748:	4629      	mov	r1, r5
1a00274a:	4620      	mov	r0, r4
1a00274c:	f7ff ffac 	bl	1a0026a8 <uartTxWrite>
}
1a002750:	bd38      	pop	{r3, r4, r5, pc}

1a002752 <uartWriteString>:

// Blocking Send a string
void uartWriteString( uartMap_t uart, const char* str )
{
1a002752:	b538      	push	{r3, r4, r5, lr}
1a002754:	4605      	mov	r5, r0
1a002756:	460c      	mov	r4, r1
   while( *str != 0 ) {
1a002758:	7821      	ldrb	r1, [r4, #0]
1a00275a:	b121      	cbz	r1, 1a002766 <uartWriteString+0x14>
      uartWriteByte( uart, (uint8_t)*str );
1a00275c:	4628      	mov	r0, r5
1a00275e:	f7ff ffeb 	bl	1a002738 <uartWriteByte>
      str++;
1a002762:	3401      	adds	r4, #1
1a002764:	e7f8      	b.n	1a002758 <uartWriteString+0x6>
   }
}
1a002766:	bd38      	pop	{r3, r4, r5, pc}

1a002768 <USB0_IRQHandler>:
/**
 * @brief   Handle interrupt from USB
 * @return  Nothing
 */
#ifndef USB_HOST_ONLY // Parche para envitar conflictos con biblioteca host
void USB_IRQHandler(void){
1a002768:	b508      	push	{r3, lr}
   USBD_API->hw->ISR(g_hUsb);
1a00276a:	4b04      	ldr	r3, [pc, #16]	; (1a00277c <USB0_IRQHandler+0x14>)
1a00276c:	681b      	ldr	r3, [r3, #0]
1a00276e:	681b      	ldr	r3, [r3, #0]
1a002770:	68db      	ldr	r3, [r3, #12]
1a002772:	4a03      	ldr	r2, [pc, #12]	; (1a002780 <USB0_IRQHandler+0x18>)
1a002774:	6810      	ldr	r0, [r2, #0]
1a002776:	4798      	blx	r3
}
1a002778:	bd08      	pop	{r3, pc}
1a00277a:	bf00      	nop
1a00277c:	10000ac8 	.word	0x10000ac8
1a002780:	10000a8c 	.word	0x10000a8c

1a002784 <boardInit>:

/*==================[external functions definition]==========================*/

/* Set up and initialize board hardware */
void boardInit(void)
{
1a002784:	b508      	push	{r3, lr}
   // Read clock settings and update SystemCoreClock variable
   SystemCoreClockUpdate();
1a002786:	f7ff f9a7 	bl	1a001ad8 <SystemCoreClockUpdate>

   cyclesCounterInit( SystemCoreClock );
1a00278a:	4b1a      	ldr	r3, [pc, #104]	; (1a0027f4 <boardInit+0x70>)
1a00278c:	6818      	ldr	r0, [r3, #0]
1a00278e:	f7ff fd5d 	bl	1a00224c <cyclesCounterInit>

   // Inicializar el conteo de Ticks con resolucion de 1ms (si no se usa freeRTOS)
   #ifndef USE_FREERTOS
      tickInit( 1 );
1a002792:	2001      	movs	r0, #1
1a002794:	2100      	movs	r1, #0
1a002796:	f7ff fed3 	bl	1a002540 <tickInit>
      //#error CIAA-NXP

   #elif BOARD==edu_ciaa_nxp

      // Inicializar GPIOs
      gpioInit( 0, GPIO_ENABLE );
1a00279a:	2105      	movs	r1, #5
1a00279c:	2000      	movs	r0, #0
1a00279e:	f7ff fd7d 	bl	1a00229c <gpioInit>

      // Configuracion de pines de entrada para Teclas de la EDU-CIAA-NXP
      gpioInit( TEC1, GPIO_INPUT );
1a0027a2:	2101      	movs	r1, #1
1a0027a4:	2024      	movs	r0, #36	; 0x24
1a0027a6:	f7ff fd79 	bl	1a00229c <gpioInit>
      gpioInit( TEC2, GPIO_INPUT );
1a0027aa:	2101      	movs	r1, #1
1a0027ac:	2025      	movs	r0, #37	; 0x25
1a0027ae:	f7ff fd75 	bl	1a00229c <gpioInit>
      gpioInit( TEC3, GPIO_INPUT );
1a0027b2:	2101      	movs	r1, #1
1a0027b4:	2026      	movs	r0, #38	; 0x26
1a0027b6:	f7ff fd71 	bl	1a00229c <gpioInit>
      gpioInit( TEC4, GPIO_INPUT );
1a0027ba:	2101      	movs	r1, #1
1a0027bc:	2027      	movs	r0, #39	; 0x27
1a0027be:	f7ff fd6d 	bl	1a00229c <gpioInit>

      // Configuracion de pines de salida para Leds de la EDU-CIAA-NXP
      gpioInit( LEDR, GPIO_OUTPUT );
1a0027c2:	2100      	movs	r1, #0
1a0027c4:	2028      	movs	r0, #40	; 0x28
1a0027c6:	f7ff fd69 	bl	1a00229c <gpioInit>
      gpioInit( LEDG, GPIO_OUTPUT );
1a0027ca:	2100      	movs	r1, #0
1a0027cc:	2029      	movs	r0, #41	; 0x29
1a0027ce:	f7ff fd65 	bl	1a00229c <gpioInit>
      gpioInit( LEDB, GPIO_OUTPUT );
1a0027d2:	2100      	movs	r1, #0
1a0027d4:	202a      	movs	r0, #42	; 0x2a
1a0027d6:	f7ff fd61 	bl	1a00229c <gpioInit>
      gpioInit( LED1, GPIO_OUTPUT );
1a0027da:	2100      	movs	r1, #0
1a0027dc:	202b      	movs	r0, #43	; 0x2b
1a0027de:	f7ff fd5d 	bl	1a00229c <gpioInit>
      gpioInit( LED2, GPIO_OUTPUT );
1a0027e2:	2100      	movs	r1, #0
1a0027e4:	202c      	movs	r0, #44	; 0x2c
1a0027e6:	f7ff fd59 	bl	1a00229c <gpioInit>
      gpioInit( LED3, GPIO_OUTPUT );
1a0027ea:	2100      	movs	r1, #0
1a0027ec:	202d      	movs	r0, #45	; 0x2d
1a0027ee:	f7ff fd55 	bl	1a00229c <gpioInit>
   #else
      #error BOARD compile variable must be defined

   #endif

}
1a0027f2:	bd08      	pop	{r3, pc}
1a0027f4:	10000ac4 	.word	0x10000ac4

1a0027f8 <delay>:
/* ---- Blocking Delay ---- */

// delay( 1, DELAY_US );

void delay( tick_t duration_ms )
{
1a0027f8:	e92d 43f8 	stmdb	sp!, {r3, r4, r5, r6, r7, r8, r9, lr}
1a0027fc:	4680      	mov	r8, r0
1a0027fe:	4689      	mov	r9, r1
   tick_t startTime = tickRead();
1a002800:	f7ff fe8c 	bl	1a00251c <tickRead>
1a002804:	4606      	mov	r6, r0
1a002806:	460f      	mov	r7, r1
   while ( (tick_t)(tickRead() - startTime) < duration_ms/tickRateMS );
1a002808:	f7ff fe88 	bl	1a00251c <tickRead>
1a00280c:	1b84      	subs	r4, r0, r6
1a00280e:	eb61 0507 	sbc.w	r5, r1, r7
1a002812:	4b06      	ldr	r3, [pc, #24]	; (1a00282c <delay+0x34>)
1a002814:	e9d3 2300 	ldrd	r2, r3, [r3]
1a002818:	4640      	mov	r0, r8
1a00281a:	4649      	mov	r1, r9
1a00281c:	f000 fc9c 	bl	1a003158 <__aeabi_uldivmod>
1a002820:	428d      	cmp	r5, r1
1a002822:	bf08      	it	eq
1a002824:	4284      	cmpeq	r4, r0
1a002826:	d3ef      	bcc.n	1a002808 <delay+0x10>
}
1a002828:	e8bd 83f8 	ldmia.w	sp!, {r3, r4, r5, r6, r7, r8, r9, pc}
1a00282c:	10000078 	.word	0x10000078

1a002830 <__aeabi_drsub>:
1a002830:	f081 4100 	eor.w	r1, r1, #2147483648	; 0x80000000
1a002834:	e002      	b.n	1a00283c <__adddf3>
1a002836:	bf00      	nop

1a002838 <__aeabi_dsub>:
1a002838:	f083 4300 	eor.w	r3, r3, #2147483648	; 0x80000000

1a00283c <__adddf3>:
1a00283c:	b530      	push	{r4, r5, lr}
1a00283e:	ea4f 0441 	mov.w	r4, r1, lsl #1
1a002842:	ea4f 0543 	mov.w	r5, r3, lsl #1
1a002846:	ea94 0f05 	teq	r4, r5
1a00284a:	bf08      	it	eq
1a00284c:	ea90 0f02 	teqeq	r0, r2
1a002850:	bf1f      	itttt	ne
1a002852:	ea54 0c00 	orrsne.w	ip, r4, r0
1a002856:	ea55 0c02 	orrsne.w	ip, r5, r2
1a00285a:	ea7f 5c64 	mvnsne.w	ip, r4, asr #21
1a00285e:	ea7f 5c65 	mvnsne.w	ip, r5, asr #21
1a002862:	f000 80e2 	beq.w	1a002a2a <__adddf3+0x1ee>
1a002866:	ea4f 5454 	mov.w	r4, r4, lsr #21
1a00286a:	ebd4 5555 	rsbs	r5, r4, r5, lsr #21
1a00286e:	bfb8      	it	lt
1a002870:	426d      	neglt	r5, r5
1a002872:	dd0c      	ble.n	1a00288e <__adddf3+0x52>
1a002874:	442c      	add	r4, r5
1a002876:	ea80 0202 	eor.w	r2, r0, r2
1a00287a:	ea81 0303 	eor.w	r3, r1, r3
1a00287e:	ea82 0000 	eor.w	r0, r2, r0
1a002882:	ea83 0101 	eor.w	r1, r3, r1
1a002886:	ea80 0202 	eor.w	r2, r0, r2
1a00288a:	ea81 0303 	eor.w	r3, r1, r3
1a00288e:	2d36      	cmp	r5, #54	; 0x36
1a002890:	bf88      	it	hi
1a002892:	bd30      	pophi	{r4, r5, pc}
1a002894:	f011 4f00 	tst.w	r1, #2147483648	; 0x80000000
1a002898:	ea4f 3101 	mov.w	r1, r1, lsl #12
1a00289c:	f44f 1c80 	mov.w	ip, #1048576	; 0x100000
1a0028a0:	ea4c 3111 	orr.w	r1, ip, r1, lsr #12
1a0028a4:	d002      	beq.n	1a0028ac <__adddf3+0x70>
1a0028a6:	4240      	negs	r0, r0
1a0028a8:	eb61 0141 	sbc.w	r1, r1, r1, lsl #1
1a0028ac:	f013 4f00 	tst.w	r3, #2147483648	; 0x80000000
1a0028b0:	ea4f 3303 	mov.w	r3, r3, lsl #12
1a0028b4:	ea4c 3313 	orr.w	r3, ip, r3, lsr #12
1a0028b8:	d002      	beq.n	1a0028c0 <__adddf3+0x84>
1a0028ba:	4252      	negs	r2, r2
1a0028bc:	eb63 0343 	sbc.w	r3, r3, r3, lsl #1
1a0028c0:	ea94 0f05 	teq	r4, r5
1a0028c4:	f000 80a7 	beq.w	1a002a16 <__adddf3+0x1da>
1a0028c8:	f1a4 0401 	sub.w	r4, r4, #1
1a0028cc:	f1d5 0e20 	rsbs	lr, r5, #32
1a0028d0:	db0d      	blt.n	1a0028ee <__adddf3+0xb2>
1a0028d2:	fa02 fc0e 	lsl.w	ip, r2, lr
1a0028d6:	fa22 f205 	lsr.w	r2, r2, r5
1a0028da:	1880      	adds	r0, r0, r2
1a0028dc:	f141 0100 	adc.w	r1, r1, #0
1a0028e0:	fa03 f20e 	lsl.w	r2, r3, lr
1a0028e4:	1880      	adds	r0, r0, r2
1a0028e6:	fa43 f305 	asr.w	r3, r3, r5
1a0028ea:	4159      	adcs	r1, r3
1a0028ec:	e00e      	b.n	1a00290c <__adddf3+0xd0>
1a0028ee:	f1a5 0520 	sub.w	r5, r5, #32
1a0028f2:	f10e 0e20 	add.w	lr, lr, #32
1a0028f6:	2a01      	cmp	r2, #1
1a0028f8:	fa03 fc0e 	lsl.w	ip, r3, lr
1a0028fc:	bf28      	it	cs
1a0028fe:	f04c 0c02 	orrcs.w	ip, ip, #2
1a002902:	fa43 f305 	asr.w	r3, r3, r5
1a002906:	18c0      	adds	r0, r0, r3
1a002908:	eb51 71e3 	adcs.w	r1, r1, r3, asr #31
1a00290c:	f001 4500 	and.w	r5, r1, #2147483648	; 0x80000000
1a002910:	d507      	bpl.n	1a002922 <__adddf3+0xe6>
1a002912:	f04f 0e00 	mov.w	lr, #0
1a002916:	f1dc 0c00 	rsbs	ip, ip, #0
1a00291a:	eb7e 0000 	sbcs.w	r0, lr, r0
1a00291e:	eb6e 0101 	sbc.w	r1, lr, r1
1a002922:	f5b1 1f80 	cmp.w	r1, #1048576	; 0x100000
1a002926:	d31b      	bcc.n	1a002960 <__adddf3+0x124>
1a002928:	f5b1 1f00 	cmp.w	r1, #2097152	; 0x200000
1a00292c:	d30c      	bcc.n	1a002948 <__adddf3+0x10c>
1a00292e:	0849      	lsrs	r1, r1, #1
1a002930:	ea5f 0030 	movs.w	r0, r0, rrx
1a002934:	ea4f 0c3c 	mov.w	ip, ip, rrx
1a002938:	f104 0401 	add.w	r4, r4, #1
1a00293c:	ea4f 5244 	mov.w	r2, r4, lsl #21
1a002940:	f512 0f80 	cmn.w	r2, #4194304	; 0x400000
1a002944:	f080 809a 	bcs.w	1a002a7c <__adddf3+0x240>
1a002948:	f1bc 4f00 	cmp.w	ip, #2147483648	; 0x80000000
1a00294c:	bf08      	it	eq
1a00294e:	ea5f 0c50 	movseq.w	ip, r0, lsr #1
1a002952:	f150 0000 	adcs.w	r0, r0, #0
1a002956:	eb41 5104 	adc.w	r1, r1, r4, lsl #20
1a00295a:	ea41 0105 	orr.w	r1, r1, r5
1a00295e:	bd30      	pop	{r4, r5, pc}
1a002960:	ea5f 0c4c 	movs.w	ip, ip, lsl #1
1a002964:	4140      	adcs	r0, r0
1a002966:	eb41 0101 	adc.w	r1, r1, r1
1a00296a:	f411 1f80 	tst.w	r1, #1048576	; 0x100000
1a00296e:	f1a4 0401 	sub.w	r4, r4, #1
1a002972:	d1e9      	bne.n	1a002948 <__adddf3+0x10c>
1a002974:	f091 0f00 	teq	r1, #0
1a002978:	bf04      	itt	eq
1a00297a:	4601      	moveq	r1, r0
1a00297c:	2000      	moveq	r0, #0
1a00297e:	fab1 f381 	clz	r3, r1
1a002982:	bf08      	it	eq
1a002984:	3320      	addeq	r3, #32
1a002986:	f1a3 030b 	sub.w	r3, r3, #11
1a00298a:	f1b3 0220 	subs.w	r2, r3, #32
1a00298e:	da0c      	bge.n	1a0029aa <__adddf3+0x16e>
1a002990:	320c      	adds	r2, #12
1a002992:	dd08      	ble.n	1a0029a6 <__adddf3+0x16a>
1a002994:	f102 0c14 	add.w	ip, r2, #20
1a002998:	f1c2 020c 	rsb	r2, r2, #12
1a00299c:	fa01 f00c 	lsl.w	r0, r1, ip
1a0029a0:	fa21 f102 	lsr.w	r1, r1, r2
1a0029a4:	e00c      	b.n	1a0029c0 <__adddf3+0x184>
1a0029a6:	f102 0214 	add.w	r2, r2, #20
1a0029aa:	bfd8      	it	le
1a0029ac:	f1c2 0c20 	rsble	ip, r2, #32
1a0029b0:	fa01 f102 	lsl.w	r1, r1, r2
1a0029b4:	fa20 fc0c 	lsr.w	ip, r0, ip
1a0029b8:	bfdc      	itt	le
1a0029ba:	ea41 010c 	orrle.w	r1, r1, ip
1a0029be:	4090      	lslle	r0, r2
1a0029c0:	1ae4      	subs	r4, r4, r3
1a0029c2:	bfa2      	ittt	ge
1a0029c4:	eb01 5104 	addge.w	r1, r1, r4, lsl #20
1a0029c8:	4329      	orrge	r1, r5
1a0029ca:	bd30      	popge	{r4, r5, pc}
1a0029cc:	ea6f 0404 	mvn.w	r4, r4
1a0029d0:	3c1f      	subs	r4, #31
1a0029d2:	da1c      	bge.n	1a002a0e <__adddf3+0x1d2>
1a0029d4:	340c      	adds	r4, #12
1a0029d6:	dc0e      	bgt.n	1a0029f6 <__adddf3+0x1ba>
1a0029d8:	f104 0414 	add.w	r4, r4, #20
1a0029dc:	f1c4 0220 	rsb	r2, r4, #32
1a0029e0:	fa20 f004 	lsr.w	r0, r0, r4
1a0029e4:	fa01 f302 	lsl.w	r3, r1, r2
1a0029e8:	ea40 0003 	orr.w	r0, r0, r3
1a0029ec:	fa21 f304 	lsr.w	r3, r1, r4
1a0029f0:	ea45 0103 	orr.w	r1, r5, r3
1a0029f4:	bd30      	pop	{r4, r5, pc}
1a0029f6:	f1c4 040c 	rsb	r4, r4, #12
1a0029fa:	f1c4 0220 	rsb	r2, r4, #32
1a0029fe:	fa20 f002 	lsr.w	r0, r0, r2
1a002a02:	fa01 f304 	lsl.w	r3, r1, r4
1a002a06:	ea40 0003 	orr.w	r0, r0, r3
1a002a0a:	4629      	mov	r1, r5
1a002a0c:	bd30      	pop	{r4, r5, pc}
1a002a0e:	fa21 f004 	lsr.w	r0, r1, r4
1a002a12:	4629      	mov	r1, r5
1a002a14:	bd30      	pop	{r4, r5, pc}
1a002a16:	f094 0f00 	teq	r4, #0
1a002a1a:	f483 1380 	eor.w	r3, r3, #1048576	; 0x100000
1a002a1e:	bf06      	itte	eq
1a002a20:	f481 1180 	eoreq.w	r1, r1, #1048576	; 0x100000
1a002a24:	3401      	addeq	r4, #1
1a002a26:	3d01      	subne	r5, #1
1a002a28:	e74e      	b.n	1a0028c8 <__adddf3+0x8c>
1a002a2a:	ea7f 5c64 	mvns.w	ip, r4, asr #21
1a002a2e:	bf18      	it	ne
1a002a30:	ea7f 5c65 	mvnsne.w	ip, r5, asr #21
1a002a34:	d029      	beq.n	1a002a8a <__adddf3+0x24e>
1a002a36:	ea94 0f05 	teq	r4, r5
1a002a3a:	bf08      	it	eq
1a002a3c:	ea90 0f02 	teqeq	r0, r2
1a002a40:	d005      	beq.n	1a002a4e <__adddf3+0x212>
1a002a42:	ea54 0c00 	orrs.w	ip, r4, r0
1a002a46:	bf04      	itt	eq
1a002a48:	4619      	moveq	r1, r3
1a002a4a:	4610      	moveq	r0, r2
1a002a4c:	bd30      	pop	{r4, r5, pc}
1a002a4e:	ea91 0f03 	teq	r1, r3
1a002a52:	bf1e      	ittt	ne
1a002a54:	2100      	movne	r1, #0
1a002a56:	2000      	movne	r0, #0
1a002a58:	bd30      	popne	{r4, r5, pc}
1a002a5a:	ea5f 5c54 	movs.w	ip, r4, lsr #21
1a002a5e:	d105      	bne.n	1a002a6c <__adddf3+0x230>
1a002a60:	0040      	lsls	r0, r0, #1
1a002a62:	4149      	adcs	r1, r1
1a002a64:	bf28      	it	cs
1a002a66:	f041 4100 	orrcs.w	r1, r1, #2147483648	; 0x80000000
1a002a6a:	bd30      	pop	{r4, r5, pc}
1a002a6c:	f514 0480 	adds.w	r4, r4, #4194304	; 0x400000
1a002a70:	bf3c      	itt	cc
1a002a72:	f501 1180 	addcc.w	r1, r1, #1048576	; 0x100000
1a002a76:	bd30      	popcc	{r4, r5, pc}
1a002a78:	f001 4500 	and.w	r5, r1, #2147483648	; 0x80000000
1a002a7c:	f045 41fe 	orr.w	r1, r5, #2130706432	; 0x7f000000
1a002a80:	f441 0170 	orr.w	r1, r1, #15728640	; 0xf00000
1a002a84:	f04f 0000 	mov.w	r0, #0
1a002a88:	bd30      	pop	{r4, r5, pc}
1a002a8a:	ea7f 5c64 	mvns.w	ip, r4, asr #21
1a002a8e:	bf1a      	itte	ne
1a002a90:	4619      	movne	r1, r3
1a002a92:	4610      	movne	r0, r2
1a002a94:	ea7f 5c65 	mvnseq.w	ip, r5, asr #21
1a002a98:	bf1c      	itt	ne
1a002a9a:	460b      	movne	r3, r1
1a002a9c:	4602      	movne	r2, r0
1a002a9e:	ea50 3401 	orrs.w	r4, r0, r1, lsl #12
1a002aa2:	bf06      	itte	eq
1a002aa4:	ea52 3503 	orrseq.w	r5, r2, r3, lsl #12
1a002aa8:	ea91 0f03 	teqeq	r1, r3
1a002aac:	f441 2100 	orrne.w	r1, r1, #524288	; 0x80000
1a002ab0:	bd30      	pop	{r4, r5, pc}
1a002ab2:	bf00      	nop

1a002ab4 <__aeabi_ui2d>:
1a002ab4:	f090 0f00 	teq	r0, #0
1a002ab8:	bf04      	itt	eq
1a002aba:	2100      	moveq	r1, #0
1a002abc:	4770      	bxeq	lr
1a002abe:	b530      	push	{r4, r5, lr}
1a002ac0:	f44f 6480 	mov.w	r4, #1024	; 0x400
1a002ac4:	f104 0432 	add.w	r4, r4, #50	; 0x32
1a002ac8:	f04f 0500 	mov.w	r5, #0
1a002acc:	f04f 0100 	mov.w	r1, #0
1a002ad0:	e750      	b.n	1a002974 <__adddf3+0x138>
1a002ad2:	bf00      	nop

1a002ad4 <__aeabi_i2d>:
1a002ad4:	f090 0f00 	teq	r0, #0
1a002ad8:	bf04      	itt	eq
1a002ada:	2100      	moveq	r1, #0
1a002adc:	4770      	bxeq	lr
1a002ade:	b530      	push	{r4, r5, lr}
1a002ae0:	f44f 6480 	mov.w	r4, #1024	; 0x400
1a002ae4:	f104 0432 	add.w	r4, r4, #50	; 0x32
1a002ae8:	f010 4500 	ands.w	r5, r0, #2147483648	; 0x80000000
1a002aec:	bf48      	it	mi
1a002aee:	4240      	negmi	r0, r0
1a002af0:	f04f 0100 	mov.w	r1, #0
1a002af4:	e73e      	b.n	1a002974 <__adddf3+0x138>
1a002af6:	bf00      	nop

1a002af8 <__aeabi_f2d>:
1a002af8:	0042      	lsls	r2, r0, #1
1a002afa:	ea4f 01e2 	mov.w	r1, r2, asr #3
1a002afe:	ea4f 0131 	mov.w	r1, r1, rrx
1a002b02:	ea4f 7002 	mov.w	r0, r2, lsl #28
1a002b06:	bf1f      	itttt	ne
1a002b08:	f012 437f 	andsne.w	r3, r2, #4278190080	; 0xff000000
1a002b0c:	f093 4f7f 	teqne	r3, #4278190080	; 0xff000000
1a002b10:	f081 5160 	eorne.w	r1, r1, #939524096	; 0x38000000
1a002b14:	4770      	bxne	lr
1a002b16:	f032 427f 	bics.w	r2, r2, #4278190080	; 0xff000000
1a002b1a:	bf08      	it	eq
1a002b1c:	4770      	bxeq	lr
1a002b1e:	f093 4f7f 	teq	r3, #4278190080	; 0xff000000
1a002b22:	bf04      	itt	eq
1a002b24:	f441 2100 	orreq.w	r1, r1, #524288	; 0x80000
1a002b28:	4770      	bxeq	lr
1a002b2a:	b530      	push	{r4, r5, lr}
1a002b2c:	f44f 7460 	mov.w	r4, #896	; 0x380
1a002b30:	f001 4500 	and.w	r5, r1, #2147483648	; 0x80000000
1a002b34:	f021 4100 	bic.w	r1, r1, #2147483648	; 0x80000000
1a002b38:	e71c      	b.n	1a002974 <__adddf3+0x138>
1a002b3a:	bf00      	nop

1a002b3c <__aeabi_ul2d>:
1a002b3c:	ea50 0201 	orrs.w	r2, r0, r1
1a002b40:	bf08      	it	eq
1a002b42:	4770      	bxeq	lr
1a002b44:	b530      	push	{r4, r5, lr}
1a002b46:	f04f 0500 	mov.w	r5, #0
1a002b4a:	e00a      	b.n	1a002b62 <__aeabi_l2d+0x16>

1a002b4c <__aeabi_l2d>:
1a002b4c:	ea50 0201 	orrs.w	r2, r0, r1
1a002b50:	bf08      	it	eq
1a002b52:	4770      	bxeq	lr
1a002b54:	b530      	push	{r4, r5, lr}
1a002b56:	f011 4500 	ands.w	r5, r1, #2147483648	; 0x80000000
1a002b5a:	d502      	bpl.n	1a002b62 <__aeabi_l2d+0x16>
1a002b5c:	4240      	negs	r0, r0
1a002b5e:	eb61 0141 	sbc.w	r1, r1, r1, lsl #1
1a002b62:	f44f 6480 	mov.w	r4, #1024	; 0x400
1a002b66:	f104 0432 	add.w	r4, r4, #50	; 0x32
1a002b6a:	ea5f 5c91 	movs.w	ip, r1, lsr #22
1a002b6e:	f43f aed8 	beq.w	1a002922 <__adddf3+0xe6>
1a002b72:	f04f 0203 	mov.w	r2, #3
1a002b76:	ea5f 0cdc 	movs.w	ip, ip, lsr #3
1a002b7a:	bf18      	it	ne
1a002b7c:	3203      	addne	r2, #3
1a002b7e:	ea5f 0cdc 	movs.w	ip, ip, lsr #3
1a002b82:	bf18      	it	ne
1a002b84:	3203      	addne	r2, #3
1a002b86:	eb02 02dc 	add.w	r2, r2, ip, lsr #3
1a002b8a:	f1c2 0320 	rsb	r3, r2, #32
1a002b8e:	fa00 fc03 	lsl.w	ip, r0, r3
1a002b92:	fa20 f002 	lsr.w	r0, r0, r2
1a002b96:	fa01 fe03 	lsl.w	lr, r1, r3
1a002b9a:	ea40 000e 	orr.w	r0, r0, lr
1a002b9e:	fa21 f102 	lsr.w	r1, r1, r2
1a002ba2:	4414      	add	r4, r2
1a002ba4:	e6bd      	b.n	1a002922 <__adddf3+0xe6>
1a002ba6:	bf00      	nop

1a002ba8 <__aeabi_dmul>:
1a002ba8:	b570      	push	{r4, r5, r6, lr}
1a002baa:	f04f 0cff 	mov.w	ip, #255	; 0xff
1a002bae:	f44c 6ce0 	orr.w	ip, ip, #1792	; 0x700
1a002bb2:	ea1c 5411 	ands.w	r4, ip, r1, lsr #20
1a002bb6:	bf1d      	ittte	ne
1a002bb8:	ea1c 5513 	andsne.w	r5, ip, r3, lsr #20
1a002bbc:	ea94 0f0c 	teqne	r4, ip
1a002bc0:	ea95 0f0c 	teqne	r5, ip
1a002bc4:	f000 f8de 	bleq	1a002d84 <__aeabi_dmul+0x1dc>
1a002bc8:	442c      	add	r4, r5
1a002bca:	ea81 0603 	eor.w	r6, r1, r3
1a002bce:	ea21 514c 	bic.w	r1, r1, ip, lsl #21
1a002bd2:	ea23 534c 	bic.w	r3, r3, ip, lsl #21
1a002bd6:	ea50 3501 	orrs.w	r5, r0, r1, lsl #12
1a002bda:	bf18      	it	ne
1a002bdc:	ea52 3503 	orrsne.w	r5, r2, r3, lsl #12
1a002be0:	f441 1180 	orr.w	r1, r1, #1048576	; 0x100000
1a002be4:	f443 1380 	orr.w	r3, r3, #1048576	; 0x100000
1a002be8:	d038      	beq.n	1a002c5c <__aeabi_dmul+0xb4>
1a002bea:	fba0 ce02 	umull	ip, lr, r0, r2
1a002bee:	f04f 0500 	mov.w	r5, #0
1a002bf2:	fbe1 e502 	umlal	lr, r5, r1, r2
1a002bf6:	f006 4200 	and.w	r2, r6, #2147483648	; 0x80000000
1a002bfa:	fbe0 e503 	umlal	lr, r5, r0, r3
1a002bfe:	f04f 0600 	mov.w	r6, #0
1a002c02:	fbe1 5603 	umlal	r5, r6, r1, r3
1a002c06:	f09c 0f00 	teq	ip, #0
1a002c0a:	bf18      	it	ne
1a002c0c:	f04e 0e01 	orrne.w	lr, lr, #1
1a002c10:	f1a4 04ff 	sub.w	r4, r4, #255	; 0xff
1a002c14:	f5b6 7f00 	cmp.w	r6, #512	; 0x200
1a002c18:	f564 7440 	sbc.w	r4, r4, #768	; 0x300
1a002c1c:	d204      	bcs.n	1a002c28 <__aeabi_dmul+0x80>
1a002c1e:	ea5f 0e4e 	movs.w	lr, lr, lsl #1
1a002c22:	416d      	adcs	r5, r5
1a002c24:	eb46 0606 	adc.w	r6, r6, r6
1a002c28:	ea42 21c6 	orr.w	r1, r2, r6, lsl #11
1a002c2c:	ea41 5155 	orr.w	r1, r1, r5, lsr #21
1a002c30:	ea4f 20c5 	mov.w	r0, r5, lsl #11
1a002c34:	ea40 505e 	orr.w	r0, r0, lr, lsr #21
1a002c38:	ea4f 2ece 	mov.w	lr, lr, lsl #11
1a002c3c:	f1b4 0cfd 	subs.w	ip, r4, #253	; 0xfd
1a002c40:	bf88      	it	hi
1a002c42:	f5bc 6fe0 	cmphi.w	ip, #1792	; 0x700
1a002c46:	d81e      	bhi.n	1a002c86 <__aeabi_dmul+0xde>
1a002c48:	f1be 4f00 	cmp.w	lr, #2147483648	; 0x80000000
1a002c4c:	bf08      	it	eq
1a002c4e:	ea5f 0e50 	movseq.w	lr, r0, lsr #1
1a002c52:	f150 0000 	adcs.w	r0, r0, #0
1a002c56:	eb41 5104 	adc.w	r1, r1, r4, lsl #20
1a002c5a:	bd70      	pop	{r4, r5, r6, pc}
1a002c5c:	f006 4600 	and.w	r6, r6, #2147483648	; 0x80000000
1a002c60:	ea46 0101 	orr.w	r1, r6, r1
1a002c64:	ea40 0002 	orr.w	r0, r0, r2
1a002c68:	ea81 0103 	eor.w	r1, r1, r3
1a002c6c:	ebb4 045c 	subs.w	r4, r4, ip, lsr #1
1a002c70:	bfc2      	ittt	gt
1a002c72:	ebd4 050c 	rsbsgt	r5, r4, ip
1a002c76:	ea41 5104 	orrgt.w	r1, r1, r4, lsl #20
1a002c7a:	bd70      	popgt	{r4, r5, r6, pc}
1a002c7c:	f441 1180 	orr.w	r1, r1, #1048576	; 0x100000
1a002c80:	f04f 0e00 	mov.w	lr, #0
1a002c84:	3c01      	subs	r4, #1
1a002c86:	f300 80ab 	bgt.w	1a002de0 <__aeabi_dmul+0x238>
1a002c8a:	f114 0f36 	cmn.w	r4, #54	; 0x36
1a002c8e:	bfde      	ittt	le
1a002c90:	2000      	movle	r0, #0
1a002c92:	f001 4100 	andle.w	r1, r1, #2147483648	; 0x80000000
1a002c96:	bd70      	pople	{r4, r5, r6, pc}
1a002c98:	f1c4 0400 	rsb	r4, r4, #0
1a002c9c:	3c20      	subs	r4, #32
1a002c9e:	da35      	bge.n	1a002d0c <__aeabi_dmul+0x164>
1a002ca0:	340c      	adds	r4, #12
1a002ca2:	dc1b      	bgt.n	1a002cdc <__aeabi_dmul+0x134>
1a002ca4:	f104 0414 	add.w	r4, r4, #20
1a002ca8:	f1c4 0520 	rsb	r5, r4, #32
1a002cac:	fa00 f305 	lsl.w	r3, r0, r5
1a002cb0:	fa20 f004 	lsr.w	r0, r0, r4
1a002cb4:	fa01 f205 	lsl.w	r2, r1, r5
1a002cb8:	ea40 0002 	orr.w	r0, r0, r2
1a002cbc:	f001 4200 	and.w	r2, r1, #2147483648	; 0x80000000
1a002cc0:	f021 4100 	bic.w	r1, r1, #2147483648	; 0x80000000
1a002cc4:	eb10 70d3 	adds.w	r0, r0, r3, lsr #31
1a002cc8:	fa21 f604 	lsr.w	r6, r1, r4
1a002ccc:	eb42 0106 	adc.w	r1, r2, r6
1a002cd0:	ea5e 0e43 	orrs.w	lr, lr, r3, lsl #1
1a002cd4:	bf08      	it	eq
1a002cd6:	ea20 70d3 	biceq.w	r0, r0, r3, lsr #31
1a002cda:	bd70      	pop	{r4, r5, r6, pc}
1a002cdc:	f1c4 040c 	rsb	r4, r4, #12
1a002ce0:	f1c4 0520 	rsb	r5, r4, #32
1a002ce4:	fa00 f304 	lsl.w	r3, r0, r4
1a002ce8:	fa20 f005 	lsr.w	r0, r0, r5
1a002cec:	fa01 f204 	lsl.w	r2, r1, r4
1a002cf0:	ea40 0002 	orr.w	r0, r0, r2
1a002cf4:	f001 4100 	and.w	r1, r1, #2147483648	; 0x80000000
1a002cf8:	eb10 70d3 	adds.w	r0, r0, r3, lsr #31
1a002cfc:	f141 0100 	adc.w	r1, r1, #0
1a002d00:	ea5e 0e43 	orrs.w	lr, lr, r3, lsl #1
1a002d04:	bf08      	it	eq
1a002d06:	ea20 70d3 	biceq.w	r0, r0, r3, lsr #31
1a002d0a:	bd70      	pop	{r4, r5, r6, pc}
1a002d0c:	f1c4 0520 	rsb	r5, r4, #32
1a002d10:	fa00 f205 	lsl.w	r2, r0, r5
1a002d14:	ea4e 0e02 	orr.w	lr, lr, r2
1a002d18:	fa20 f304 	lsr.w	r3, r0, r4
1a002d1c:	fa01 f205 	lsl.w	r2, r1, r5
1a002d20:	ea43 0302 	orr.w	r3, r3, r2
1a002d24:	fa21 f004 	lsr.w	r0, r1, r4
1a002d28:	f001 4100 	and.w	r1, r1, #2147483648	; 0x80000000
1a002d2c:	fa21 f204 	lsr.w	r2, r1, r4
1a002d30:	ea20 0002 	bic.w	r0, r0, r2
1a002d34:	eb00 70d3 	add.w	r0, r0, r3, lsr #31
1a002d38:	ea5e 0e43 	orrs.w	lr, lr, r3, lsl #1
1a002d3c:	bf08      	it	eq
1a002d3e:	ea20 70d3 	biceq.w	r0, r0, r3, lsr #31
1a002d42:	bd70      	pop	{r4, r5, r6, pc}
1a002d44:	f094 0f00 	teq	r4, #0
1a002d48:	d10f      	bne.n	1a002d6a <__aeabi_dmul+0x1c2>
1a002d4a:	f001 4600 	and.w	r6, r1, #2147483648	; 0x80000000
1a002d4e:	0040      	lsls	r0, r0, #1
1a002d50:	eb41 0101 	adc.w	r1, r1, r1
1a002d54:	f411 1f80 	tst.w	r1, #1048576	; 0x100000
1a002d58:	bf08      	it	eq
1a002d5a:	3c01      	subeq	r4, #1
1a002d5c:	d0f7      	beq.n	1a002d4e <__aeabi_dmul+0x1a6>
1a002d5e:	ea41 0106 	orr.w	r1, r1, r6
1a002d62:	f095 0f00 	teq	r5, #0
1a002d66:	bf18      	it	ne
1a002d68:	4770      	bxne	lr
1a002d6a:	f003 4600 	and.w	r6, r3, #2147483648	; 0x80000000
1a002d6e:	0052      	lsls	r2, r2, #1
1a002d70:	eb43 0303 	adc.w	r3, r3, r3
1a002d74:	f413 1f80 	tst.w	r3, #1048576	; 0x100000
1a002d78:	bf08      	it	eq
1a002d7a:	3d01      	subeq	r5, #1
1a002d7c:	d0f7      	beq.n	1a002d6e <__aeabi_dmul+0x1c6>
1a002d7e:	ea43 0306 	orr.w	r3, r3, r6
1a002d82:	4770      	bx	lr
1a002d84:	ea94 0f0c 	teq	r4, ip
1a002d88:	ea0c 5513 	and.w	r5, ip, r3, lsr #20
1a002d8c:	bf18      	it	ne
1a002d8e:	ea95 0f0c 	teqne	r5, ip
1a002d92:	d00c      	beq.n	1a002dae <__aeabi_dmul+0x206>
1a002d94:	ea50 0641 	orrs.w	r6, r0, r1, lsl #1
1a002d98:	bf18      	it	ne
1a002d9a:	ea52 0643 	orrsne.w	r6, r2, r3, lsl #1
1a002d9e:	d1d1      	bne.n	1a002d44 <__aeabi_dmul+0x19c>
1a002da0:	ea81 0103 	eor.w	r1, r1, r3
1a002da4:	f001 4100 	and.w	r1, r1, #2147483648	; 0x80000000
1a002da8:	f04f 0000 	mov.w	r0, #0
1a002dac:	bd70      	pop	{r4, r5, r6, pc}
1a002dae:	ea50 0641 	orrs.w	r6, r0, r1, lsl #1
1a002db2:	bf06      	itte	eq
1a002db4:	4610      	moveq	r0, r2
1a002db6:	4619      	moveq	r1, r3
1a002db8:	ea52 0643 	orrsne.w	r6, r2, r3, lsl #1
1a002dbc:	d019      	beq.n	1a002df2 <__aeabi_dmul+0x24a>
1a002dbe:	ea94 0f0c 	teq	r4, ip
1a002dc2:	d102      	bne.n	1a002dca <__aeabi_dmul+0x222>
1a002dc4:	ea50 3601 	orrs.w	r6, r0, r1, lsl #12
1a002dc8:	d113      	bne.n	1a002df2 <__aeabi_dmul+0x24a>
1a002dca:	ea95 0f0c 	teq	r5, ip
1a002dce:	d105      	bne.n	1a002ddc <__aeabi_dmul+0x234>
1a002dd0:	ea52 3603 	orrs.w	r6, r2, r3, lsl #12
1a002dd4:	bf1c      	itt	ne
1a002dd6:	4610      	movne	r0, r2
1a002dd8:	4619      	movne	r1, r3
1a002dda:	d10a      	bne.n	1a002df2 <__aeabi_dmul+0x24a>
1a002ddc:	ea81 0103 	eor.w	r1, r1, r3
1a002de0:	f001 4100 	and.w	r1, r1, #2147483648	; 0x80000000
1a002de4:	f041 41fe 	orr.w	r1, r1, #2130706432	; 0x7f000000
1a002de8:	f441 0170 	orr.w	r1, r1, #15728640	; 0xf00000
1a002dec:	f04f 0000 	mov.w	r0, #0
1a002df0:	bd70      	pop	{r4, r5, r6, pc}
1a002df2:	f041 41fe 	orr.w	r1, r1, #2130706432	; 0x7f000000
1a002df6:	f441 0178 	orr.w	r1, r1, #16252928	; 0xf80000
1a002dfa:	bd70      	pop	{r4, r5, r6, pc}

1a002dfc <__aeabi_ddiv>:
1a002dfc:	b570      	push	{r4, r5, r6, lr}
1a002dfe:	f04f 0cff 	mov.w	ip, #255	; 0xff
1a002e02:	f44c 6ce0 	orr.w	ip, ip, #1792	; 0x700
1a002e06:	ea1c 5411 	ands.w	r4, ip, r1, lsr #20
1a002e0a:	bf1d      	ittte	ne
1a002e0c:	ea1c 5513 	andsne.w	r5, ip, r3, lsr #20
1a002e10:	ea94 0f0c 	teqne	r4, ip
1a002e14:	ea95 0f0c 	teqne	r5, ip
1a002e18:	f000 f8a7 	bleq	1a002f6a <__aeabi_ddiv+0x16e>
1a002e1c:	eba4 0405 	sub.w	r4, r4, r5
1a002e20:	ea81 0e03 	eor.w	lr, r1, r3
1a002e24:	ea52 3503 	orrs.w	r5, r2, r3, lsl #12
1a002e28:	ea4f 3101 	mov.w	r1, r1, lsl #12
1a002e2c:	f000 8088 	beq.w	1a002f40 <__aeabi_ddiv+0x144>
1a002e30:	ea4f 3303 	mov.w	r3, r3, lsl #12
1a002e34:	f04f 5580 	mov.w	r5, #268435456	; 0x10000000
1a002e38:	ea45 1313 	orr.w	r3, r5, r3, lsr #4
1a002e3c:	ea43 6312 	orr.w	r3, r3, r2, lsr #24
1a002e40:	ea4f 2202 	mov.w	r2, r2, lsl #8
1a002e44:	ea45 1511 	orr.w	r5, r5, r1, lsr #4
1a002e48:	ea45 6510 	orr.w	r5, r5, r0, lsr #24
1a002e4c:	ea4f 2600 	mov.w	r6, r0, lsl #8
1a002e50:	f00e 4100 	and.w	r1, lr, #2147483648	; 0x80000000
1a002e54:	429d      	cmp	r5, r3
1a002e56:	bf08      	it	eq
1a002e58:	4296      	cmpeq	r6, r2
1a002e5a:	f144 04fd 	adc.w	r4, r4, #253	; 0xfd
1a002e5e:	f504 7440 	add.w	r4, r4, #768	; 0x300
1a002e62:	d202      	bcs.n	1a002e6a <__aeabi_ddiv+0x6e>
1a002e64:	085b      	lsrs	r3, r3, #1
1a002e66:	ea4f 0232 	mov.w	r2, r2, rrx
1a002e6a:	1ab6      	subs	r6, r6, r2
1a002e6c:	eb65 0503 	sbc.w	r5, r5, r3
1a002e70:	085b      	lsrs	r3, r3, #1
1a002e72:	ea4f 0232 	mov.w	r2, r2, rrx
1a002e76:	f44f 1080 	mov.w	r0, #1048576	; 0x100000
1a002e7a:	f44f 2c00 	mov.w	ip, #524288	; 0x80000
1a002e7e:	ebb6 0e02 	subs.w	lr, r6, r2
1a002e82:	eb75 0e03 	sbcs.w	lr, r5, r3
1a002e86:	bf22      	ittt	cs
1a002e88:	1ab6      	subcs	r6, r6, r2
1a002e8a:	4675      	movcs	r5, lr
1a002e8c:	ea40 000c 	orrcs.w	r0, r0, ip
1a002e90:	085b      	lsrs	r3, r3, #1
1a002e92:	ea4f 0232 	mov.w	r2, r2, rrx
1a002e96:	ebb6 0e02 	subs.w	lr, r6, r2
1a002e9a:	eb75 0e03 	sbcs.w	lr, r5, r3
1a002e9e:	bf22      	ittt	cs
1a002ea0:	1ab6      	subcs	r6, r6, r2
1a002ea2:	4675      	movcs	r5, lr
1a002ea4:	ea40 005c 	orrcs.w	r0, r0, ip, lsr #1
1a002ea8:	085b      	lsrs	r3, r3, #1
1a002eaa:	ea4f 0232 	mov.w	r2, r2, rrx
1a002eae:	ebb6 0e02 	subs.w	lr, r6, r2
1a002eb2:	eb75 0e03 	sbcs.w	lr, r5, r3
1a002eb6:	bf22      	ittt	cs
1a002eb8:	1ab6      	subcs	r6, r6, r2
1a002eba:	4675      	movcs	r5, lr
1a002ebc:	ea40 009c 	orrcs.w	r0, r0, ip, lsr #2
1a002ec0:	085b      	lsrs	r3, r3, #1
1a002ec2:	ea4f 0232 	mov.w	r2, r2, rrx
1a002ec6:	ebb6 0e02 	subs.w	lr, r6, r2
1a002eca:	eb75 0e03 	sbcs.w	lr, r5, r3
1a002ece:	bf22      	ittt	cs
1a002ed0:	1ab6      	subcs	r6, r6, r2
1a002ed2:	4675      	movcs	r5, lr
1a002ed4:	ea40 00dc 	orrcs.w	r0, r0, ip, lsr #3
1a002ed8:	ea55 0e06 	orrs.w	lr, r5, r6
1a002edc:	d018      	beq.n	1a002f10 <__aeabi_ddiv+0x114>
1a002ede:	ea4f 1505 	mov.w	r5, r5, lsl #4
1a002ee2:	ea45 7516 	orr.w	r5, r5, r6, lsr #28
1a002ee6:	ea4f 1606 	mov.w	r6, r6, lsl #4
1a002eea:	ea4f 03c3 	mov.w	r3, r3, lsl #3
1a002eee:	ea43 7352 	orr.w	r3, r3, r2, lsr #29
1a002ef2:	ea4f 02c2 	mov.w	r2, r2, lsl #3
1a002ef6:	ea5f 1c1c 	movs.w	ip, ip, lsr #4
1a002efa:	d1c0      	bne.n	1a002e7e <__aeabi_ddiv+0x82>
1a002efc:	f411 1f80 	tst.w	r1, #1048576	; 0x100000
1a002f00:	d10b      	bne.n	1a002f1a <__aeabi_ddiv+0x11e>
1a002f02:	ea41 0100 	orr.w	r1, r1, r0
1a002f06:	f04f 0000 	mov.w	r0, #0
1a002f0a:	f04f 4c00 	mov.w	ip, #2147483648	; 0x80000000
1a002f0e:	e7b6      	b.n	1a002e7e <__aeabi_ddiv+0x82>
1a002f10:	f411 1f80 	tst.w	r1, #1048576	; 0x100000
1a002f14:	bf04      	itt	eq
1a002f16:	4301      	orreq	r1, r0
1a002f18:	2000      	moveq	r0, #0
1a002f1a:	f1b4 0cfd 	subs.w	ip, r4, #253	; 0xfd
1a002f1e:	bf88      	it	hi
1a002f20:	f5bc 6fe0 	cmphi.w	ip, #1792	; 0x700
1a002f24:	f63f aeaf 	bhi.w	1a002c86 <__aeabi_dmul+0xde>
1a002f28:	ebb5 0c03 	subs.w	ip, r5, r3
1a002f2c:	bf04      	itt	eq
1a002f2e:	ebb6 0c02 	subseq.w	ip, r6, r2
1a002f32:	ea5f 0c50 	movseq.w	ip, r0, lsr #1
1a002f36:	f150 0000 	adcs.w	r0, r0, #0
1a002f3a:	eb41 5104 	adc.w	r1, r1, r4, lsl #20
1a002f3e:	bd70      	pop	{r4, r5, r6, pc}
1a002f40:	f00e 4e00 	and.w	lr, lr, #2147483648	; 0x80000000
1a002f44:	ea4e 3111 	orr.w	r1, lr, r1, lsr #12
1a002f48:	eb14 045c 	adds.w	r4, r4, ip, lsr #1
1a002f4c:	bfc2      	ittt	gt
1a002f4e:	ebd4 050c 	rsbsgt	r5, r4, ip
1a002f52:	ea41 5104 	orrgt.w	r1, r1, r4, lsl #20
1a002f56:	bd70      	popgt	{r4, r5, r6, pc}
1a002f58:	f441 1180 	orr.w	r1, r1, #1048576	; 0x100000
1a002f5c:	f04f 0e00 	mov.w	lr, #0
1a002f60:	3c01      	subs	r4, #1
1a002f62:	e690      	b.n	1a002c86 <__aeabi_dmul+0xde>
1a002f64:	ea45 0e06 	orr.w	lr, r5, r6
1a002f68:	e68d      	b.n	1a002c86 <__aeabi_dmul+0xde>
1a002f6a:	ea0c 5513 	and.w	r5, ip, r3, lsr #20
1a002f6e:	ea94 0f0c 	teq	r4, ip
1a002f72:	bf08      	it	eq
1a002f74:	ea95 0f0c 	teqeq	r5, ip
1a002f78:	f43f af3b 	beq.w	1a002df2 <__aeabi_dmul+0x24a>
1a002f7c:	ea94 0f0c 	teq	r4, ip
1a002f80:	d10a      	bne.n	1a002f98 <__aeabi_ddiv+0x19c>
1a002f82:	ea50 3401 	orrs.w	r4, r0, r1, lsl #12
1a002f86:	f47f af34 	bne.w	1a002df2 <__aeabi_dmul+0x24a>
1a002f8a:	ea95 0f0c 	teq	r5, ip
1a002f8e:	f47f af25 	bne.w	1a002ddc <__aeabi_dmul+0x234>
1a002f92:	4610      	mov	r0, r2
1a002f94:	4619      	mov	r1, r3
1a002f96:	e72c      	b.n	1a002df2 <__aeabi_dmul+0x24a>
1a002f98:	ea95 0f0c 	teq	r5, ip
1a002f9c:	d106      	bne.n	1a002fac <__aeabi_ddiv+0x1b0>
1a002f9e:	ea52 3503 	orrs.w	r5, r2, r3, lsl #12
1a002fa2:	f43f aefd 	beq.w	1a002da0 <__aeabi_dmul+0x1f8>
1a002fa6:	4610      	mov	r0, r2
1a002fa8:	4619      	mov	r1, r3
1a002faa:	e722      	b.n	1a002df2 <__aeabi_dmul+0x24a>
1a002fac:	ea50 0641 	orrs.w	r6, r0, r1, lsl #1
1a002fb0:	bf18      	it	ne
1a002fb2:	ea52 0643 	orrsne.w	r6, r2, r3, lsl #1
1a002fb6:	f47f aec5 	bne.w	1a002d44 <__aeabi_dmul+0x19c>
1a002fba:	ea50 0441 	orrs.w	r4, r0, r1, lsl #1
1a002fbe:	f47f af0d 	bne.w	1a002ddc <__aeabi_dmul+0x234>
1a002fc2:	ea52 0543 	orrs.w	r5, r2, r3, lsl #1
1a002fc6:	f47f aeeb 	bne.w	1a002da0 <__aeabi_dmul+0x1f8>
1a002fca:	e712      	b.n	1a002df2 <__aeabi_dmul+0x24a>

1a002fcc <__gedf2>:
1a002fcc:	f04f 3cff 	mov.w	ip, #4294967295
1a002fd0:	e006      	b.n	1a002fe0 <__cmpdf2+0x4>
1a002fd2:	bf00      	nop

1a002fd4 <__ledf2>:
1a002fd4:	f04f 0c01 	mov.w	ip, #1
1a002fd8:	e002      	b.n	1a002fe0 <__cmpdf2+0x4>
1a002fda:	bf00      	nop

1a002fdc <__cmpdf2>:
1a002fdc:	f04f 0c01 	mov.w	ip, #1
1a002fe0:	f84d cd04 	str.w	ip, [sp, #-4]!
1a002fe4:	ea4f 0c41 	mov.w	ip, r1, lsl #1
1a002fe8:	ea7f 5c6c 	mvns.w	ip, ip, asr #21
1a002fec:	ea4f 0c43 	mov.w	ip, r3, lsl #1
1a002ff0:	bf18      	it	ne
1a002ff2:	ea7f 5c6c 	mvnsne.w	ip, ip, asr #21
1a002ff6:	d01b      	beq.n	1a003030 <__cmpdf2+0x54>
1a002ff8:	b001      	add	sp, #4
1a002ffa:	ea50 0c41 	orrs.w	ip, r0, r1, lsl #1
1a002ffe:	bf0c      	ite	eq
1a003000:	ea52 0c43 	orrseq.w	ip, r2, r3, lsl #1
1a003004:	ea91 0f03 	teqne	r1, r3
1a003008:	bf02      	ittt	eq
1a00300a:	ea90 0f02 	teqeq	r0, r2
1a00300e:	2000      	moveq	r0, #0
1a003010:	4770      	bxeq	lr
1a003012:	f110 0f00 	cmn.w	r0, #0
1a003016:	ea91 0f03 	teq	r1, r3
1a00301a:	bf58      	it	pl
1a00301c:	4299      	cmppl	r1, r3
1a00301e:	bf08      	it	eq
1a003020:	4290      	cmpeq	r0, r2
1a003022:	bf2c      	ite	cs
1a003024:	17d8      	asrcs	r0, r3, #31
1a003026:	ea6f 70e3 	mvncc.w	r0, r3, asr #31
1a00302a:	f040 0001 	orr.w	r0, r0, #1
1a00302e:	4770      	bx	lr
1a003030:	ea4f 0c41 	mov.w	ip, r1, lsl #1
1a003034:	ea7f 5c6c 	mvns.w	ip, ip, asr #21
1a003038:	d102      	bne.n	1a003040 <__cmpdf2+0x64>
1a00303a:	ea50 3c01 	orrs.w	ip, r0, r1, lsl #12
1a00303e:	d107      	bne.n	1a003050 <__cmpdf2+0x74>
1a003040:	ea4f 0c43 	mov.w	ip, r3, lsl #1
1a003044:	ea7f 5c6c 	mvns.w	ip, ip, asr #21
1a003048:	d1d6      	bne.n	1a002ff8 <__cmpdf2+0x1c>
1a00304a:	ea52 3c03 	orrs.w	ip, r2, r3, lsl #12
1a00304e:	d0d3      	beq.n	1a002ff8 <__cmpdf2+0x1c>
1a003050:	f85d 0b04 	ldr.w	r0, [sp], #4
1a003054:	4770      	bx	lr
1a003056:	bf00      	nop

1a003058 <__aeabi_cdrcmple>:
1a003058:	4684      	mov	ip, r0
1a00305a:	4610      	mov	r0, r2
1a00305c:	4662      	mov	r2, ip
1a00305e:	468c      	mov	ip, r1
1a003060:	4619      	mov	r1, r3
1a003062:	4663      	mov	r3, ip
1a003064:	e000      	b.n	1a003068 <__aeabi_cdcmpeq>
1a003066:	bf00      	nop

1a003068 <__aeabi_cdcmpeq>:
1a003068:	b501      	push	{r0, lr}
1a00306a:	f7ff ffb7 	bl	1a002fdc <__cmpdf2>
1a00306e:	2800      	cmp	r0, #0
1a003070:	bf48      	it	mi
1a003072:	f110 0f00 	cmnmi.w	r0, #0
1a003076:	bd01      	pop	{r0, pc}

1a003078 <__aeabi_dcmpeq>:
1a003078:	f84d ed08 	str.w	lr, [sp, #-8]!
1a00307c:	f7ff fff4 	bl	1a003068 <__aeabi_cdcmpeq>
1a003080:	bf0c      	ite	eq
1a003082:	2001      	moveq	r0, #1
1a003084:	2000      	movne	r0, #0
1a003086:	f85d fb08 	ldr.w	pc, [sp], #8
1a00308a:	bf00      	nop

1a00308c <__aeabi_dcmplt>:
1a00308c:	f84d ed08 	str.w	lr, [sp, #-8]!
1a003090:	f7ff ffea 	bl	1a003068 <__aeabi_cdcmpeq>
1a003094:	bf34      	ite	cc
1a003096:	2001      	movcc	r0, #1
1a003098:	2000      	movcs	r0, #0
1a00309a:	f85d fb08 	ldr.w	pc, [sp], #8
1a00309e:	bf00      	nop

1a0030a0 <__aeabi_dcmple>:
1a0030a0:	f84d ed08 	str.w	lr, [sp, #-8]!
1a0030a4:	f7ff ffe0 	bl	1a003068 <__aeabi_cdcmpeq>
1a0030a8:	bf94      	ite	ls
1a0030aa:	2001      	movls	r0, #1
1a0030ac:	2000      	movhi	r0, #0
1a0030ae:	f85d fb08 	ldr.w	pc, [sp], #8
1a0030b2:	bf00      	nop

1a0030b4 <__aeabi_dcmpge>:
1a0030b4:	f84d ed08 	str.w	lr, [sp, #-8]!
1a0030b8:	f7ff ffce 	bl	1a003058 <__aeabi_cdrcmple>
1a0030bc:	bf94      	ite	ls
1a0030be:	2001      	movls	r0, #1
1a0030c0:	2000      	movhi	r0, #0
1a0030c2:	f85d fb08 	ldr.w	pc, [sp], #8
1a0030c6:	bf00      	nop

1a0030c8 <__aeabi_dcmpgt>:
1a0030c8:	f84d ed08 	str.w	lr, [sp, #-8]!
1a0030cc:	f7ff ffc4 	bl	1a003058 <__aeabi_cdrcmple>
1a0030d0:	bf34      	ite	cc
1a0030d2:	2001      	movcc	r0, #1
1a0030d4:	2000      	movcs	r0, #0
1a0030d6:	f85d fb08 	ldr.w	pc, [sp], #8
1a0030da:	bf00      	nop

1a0030dc <__aeabi_dcmpun>:
1a0030dc:	ea4f 0c41 	mov.w	ip, r1, lsl #1
1a0030e0:	ea7f 5c6c 	mvns.w	ip, ip, asr #21
1a0030e4:	d102      	bne.n	1a0030ec <__aeabi_dcmpun+0x10>
1a0030e6:	ea50 3c01 	orrs.w	ip, r0, r1, lsl #12
1a0030ea:	d10a      	bne.n	1a003102 <__aeabi_dcmpun+0x26>
1a0030ec:	ea4f 0c43 	mov.w	ip, r3, lsl #1
1a0030f0:	ea7f 5c6c 	mvns.w	ip, ip, asr #21
1a0030f4:	d102      	bne.n	1a0030fc <__aeabi_dcmpun+0x20>
1a0030f6:	ea52 3c03 	orrs.w	ip, r2, r3, lsl #12
1a0030fa:	d102      	bne.n	1a003102 <__aeabi_dcmpun+0x26>
1a0030fc:	f04f 0000 	mov.w	r0, #0
1a003100:	4770      	bx	lr
1a003102:	f04f 0001 	mov.w	r0, #1
1a003106:	4770      	bx	lr

1a003108 <__aeabi_d2iz>:
1a003108:	ea4f 0241 	mov.w	r2, r1, lsl #1
1a00310c:	f512 1200 	adds.w	r2, r2, #2097152	; 0x200000
1a003110:	d215      	bcs.n	1a00313e <__aeabi_d2iz+0x36>
1a003112:	d511      	bpl.n	1a003138 <__aeabi_d2iz+0x30>
1a003114:	f46f 7378 	mvn.w	r3, #992	; 0x3e0
1a003118:	ebb3 5262 	subs.w	r2, r3, r2, asr #21
1a00311c:	d912      	bls.n	1a003144 <__aeabi_d2iz+0x3c>
1a00311e:	ea4f 23c1 	mov.w	r3, r1, lsl #11
1a003122:	f043 4300 	orr.w	r3, r3, #2147483648	; 0x80000000
1a003126:	ea43 5350 	orr.w	r3, r3, r0, lsr #21
1a00312a:	f011 4f00 	tst.w	r1, #2147483648	; 0x80000000
1a00312e:	fa23 f002 	lsr.w	r0, r3, r2
1a003132:	bf18      	it	ne
1a003134:	4240      	negne	r0, r0
1a003136:	4770      	bx	lr
1a003138:	f04f 0000 	mov.w	r0, #0
1a00313c:	4770      	bx	lr
1a00313e:	ea50 3001 	orrs.w	r0, r0, r1, lsl #12
1a003142:	d105      	bne.n	1a003150 <__aeabi_d2iz+0x48>
1a003144:	f011 4000 	ands.w	r0, r1, #2147483648	; 0x80000000
1a003148:	bf08      	it	eq
1a00314a:	f06f 4000 	mvneq.w	r0, #2147483648	; 0x80000000
1a00314e:	4770      	bx	lr
1a003150:	f04f 0000 	mov.w	r0, #0
1a003154:	4770      	bx	lr
1a003156:	bf00      	nop

1a003158 <__aeabi_uldivmod>:
1a003158:	b953      	cbnz	r3, 1a003170 <__aeabi_uldivmod+0x18>
1a00315a:	b94a      	cbnz	r2, 1a003170 <__aeabi_uldivmod+0x18>
1a00315c:	2900      	cmp	r1, #0
1a00315e:	bf08      	it	eq
1a003160:	2800      	cmpeq	r0, #0
1a003162:	bf1c      	itt	ne
1a003164:	f04f 31ff 	movne.w	r1, #4294967295
1a003168:	f04f 30ff 	movne.w	r0, #4294967295
1a00316c:	f000 b974 	b.w	1a003458 <__aeabi_idiv0>
1a003170:	f1ad 0c08 	sub.w	ip, sp, #8
1a003174:	e96d ce04 	strd	ip, lr, [sp, #-16]!
1a003178:	f000 f806 	bl	1a003188 <__udivmoddi4>
1a00317c:	f8dd e004 	ldr.w	lr, [sp, #4]
1a003180:	e9dd 2302 	ldrd	r2, r3, [sp, #8]
1a003184:	b004      	add	sp, #16
1a003186:	4770      	bx	lr

1a003188 <__udivmoddi4>:
1a003188:	e92d 47f0 	stmdb	sp!, {r4, r5, r6, r7, r8, r9, sl, lr}
1a00318c:	9e08      	ldr	r6, [sp, #32]
1a00318e:	4604      	mov	r4, r0
1a003190:	4688      	mov	r8, r1
1a003192:	2b00      	cmp	r3, #0
1a003194:	f040 8085 	bne.w	1a0032a2 <__udivmoddi4+0x11a>
1a003198:	428a      	cmp	r2, r1
1a00319a:	4615      	mov	r5, r2
1a00319c:	d948      	bls.n	1a003230 <__udivmoddi4+0xa8>
1a00319e:	fab2 f282 	clz	r2, r2
1a0031a2:	b14a      	cbz	r2, 1a0031b8 <__udivmoddi4+0x30>
1a0031a4:	f1c2 0720 	rsb	r7, r2, #32
1a0031a8:	fa01 f302 	lsl.w	r3, r1, r2
1a0031ac:	fa20 f707 	lsr.w	r7, r0, r7
1a0031b0:	4095      	lsls	r5, r2
1a0031b2:	ea47 0803 	orr.w	r8, r7, r3
1a0031b6:	4094      	lsls	r4, r2
1a0031b8:	ea4f 4e15 	mov.w	lr, r5, lsr #16
1a0031bc:	0c23      	lsrs	r3, r4, #16
1a0031be:	fbb8 f7fe 	udiv	r7, r8, lr
1a0031c2:	fa1f fc85 	uxth.w	ip, r5
1a0031c6:	fb0e 8817 	mls	r8, lr, r7, r8
1a0031ca:	ea43 4308 	orr.w	r3, r3, r8, lsl #16
1a0031ce:	fb07 f10c 	mul.w	r1, r7, ip
1a0031d2:	4299      	cmp	r1, r3
1a0031d4:	d909      	bls.n	1a0031ea <__udivmoddi4+0x62>
1a0031d6:	18eb      	adds	r3, r5, r3
1a0031d8:	f107 30ff 	add.w	r0, r7, #4294967295
1a0031dc:	f080 80e3 	bcs.w	1a0033a6 <__udivmoddi4+0x21e>
1a0031e0:	4299      	cmp	r1, r3
1a0031e2:	f240 80e0 	bls.w	1a0033a6 <__udivmoddi4+0x21e>
1a0031e6:	3f02      	subs	r7, #2
1a0031e8:	442b      	add	r3, r5
1a0031ea:	1a5b      	subs	r3, r3, r1
1a0031ec:	b2a4      	uxth	r4, r4
1a0031ee:	fbb3 f0fe 	udiv	r0, r3, lr
1a0031f2:	fb0e 3310 	mls	r3, lr, r0, r3
1a0031f6:	ea44 4403 	orr.w	r4, r4, r3, lsl #16
1a0031fa:	fb00 fc0c 	mul.w	ip, r0, ip
1a0031fe:	45a4      	cmp	ip, r4
1a003200:	d909      	bls.n	1a003216 <__udivmoddi4+0x8e>
1a003202:	192c      	adds	r4, r5, r4
1a003204:	f100 33ff 	add.w	r3, r0, #4294967295
1a003208:	f080 80cb 	bcs.w	1a0033a2 <__udivmoddi4+0x21a>
1a00320c:	45a4      	cmp	ip, r4
1a00320e:	f240 80c8 	bls.w	1a0033a2 <__udivmoddi4+0x21a>
1a003212:	3802      	subs	r0, #2
1a003214:	442c      	add	r4, r5
1a003216:	ea40 4007 	orr.w	r0, r0, r7, lsl #16
1a00321a:	eba4 040c 	sub.w	r4, r4, ip
1a00321e:	2700      	movs	r7, #0
1a003220:	b11e      	cbz	r6, 1a00322a <__udivmoddi4+0xa2>
1a003222:	40d4      	lsrs	r4, r2
1a003224:	2300      	movs	r3, #0
1a003226:	e9c6 4300 	strd	r4, r3, [r6]
1a00322a:	4639      	mov	r1, r7
1a00322c:	e8bd 87f0 	ldmia.w	sp!, {r4, r5, r6, r7, r8, r9, sl, pc}
1a003230:	2a00      	cmp	r2, #0
1a003232:	d053      	beq.n	1a0032dc <__udivmoddi4+0x154>
1a003234:	fab2 f282 	clz	r2, r2
1a003238:	2a00      	cmp	r2, #0
1a00323a:	f040 80b6 	bne.w	1a0033aa <__udivmoddi4+0x222>
1a00323e:	1b49      	subs	r1, r1, r5
1a003240:	ea4f 4e15 	mov.w	lr, r5, lsr #16
1a003244:	fa1f f885 	uxth.w	r8, r5
1a003248:	2701      	movs	r7, #1
1a00324a:	fbb1 fcfe 	udiv	ip, r1, lr
1a00324e:	0c23      	lsrs	r3, r4, #16
1a003250:	fb0e 111c 	mls	r1, lr, ip, r1
1a003254:	ea43 4301 	orr.w	r3, r3, r1, lsl #16
1a003258:	fb08 f10c 	mul.w	r1, r8, ip
1a00325c:	4299      	cmp	r1, r3
1a00325e:	d907      	bls.n	1a003270 <__udivmoddi4+0xe8>
1a003260:	18eb      	adds	r3, r5, r3
1a003262:	f10c 30ff 	add.w	r0, ip, #4294967295
1a003266:	d202      	bcs.n	1a00326e <__udivmoddi4+0xe6>
1a003268:	4299      	cmp	r1, r3
1a00326a:	f200 80ec 	bhi.w	1a003446 <__udivmoddi4+0x2be>
1a00326e:	4684      	mov	ip, r0
1a003270:	1a59      	subs	r1, r3, r1
1a003272:	b2a3      	uxth	r3, r4
1a003274:	fbb1 f0fe 	udiv	r0, r1, lr
1a003278:	fb0e 1410 	mls	r4, lr, r0, r1
1a00327c:	ea43 4404 	orr.w	r4, r3, r4, lsl #16
1a003280:	fb08 f800 	mul.w	r8, r8, r0
1a003284:	45a0      	cmp	r8, r4
1a003286:	d907      	bls.n	1a003298 <__udivmoddi4+0x110>
1a003288:	192c      	adds	r4, r5, r4
1a00328a:	f100 33ff 	add.w	r3, r0, #4294967295
1a00328e:	d202      	bcs.n	1a003296 <__udivmoddi4+0x10e>
1a003290:	45a0      	cmp	r8, r4
1a003292:	f200 80dc 	bhi.w	1a00344e <__udivmoddi4+0x2c6>
1a003296:	4618      	mov	r0, r3
1a003298:	eba4 0408 	sub.w	r4, r4, r8
1a00329c:	ea40 400c 	orr.w	r0, r0, ip, lsl #16
1a0032a0:	e7be      	b.n	1a003220 <__udivmoddi4+0x98>
1a0032a2:	428b      	cmp	r3, r1
1a0032a4:	d908      	bls.n	1a0032b8 <__udivmoddi4+0x130>
1a0032a6:	2e00      	cmp	r6, #0
1a0032a8:	d078      	beq.n	1a00339c <__udivmoddi4+0x214>
1a0032aa:	2700      	movs	r7, #0
1a0032ac:	e9c6 0100 	strd	r0, r1, [r6]
1a0032b0:	4638      	mov	r0, r7
1a0032b2:	4639      	mov	r1, r7
1a0032b4:	e8bd 87f0 	ldmia.w	sp!, {r4, r5, r6, r7, r8, r9, sl, pc}
1a0032b8:	fab3 f783 	clz	r7, r3
1a0032bc:	b97f      	cbnz	r7, 1a0032de <__udivmoddi4+0x156>
1a0032be:	428b      	cmp	r3, r1
1a0032c0:	d302      	bcc.n	1a0032c8 <__udivmoddi4+0x140>
1a0032c2:	4282      	cmp	r2, r0
1a0032c4:	f200 80bd 	bhi.w	1a003442 <__udivmoddi4+0x2ba>
1a0032c8:	1a84      	subs	r4, r0, r2
1a0032ca:	eb61 0303 	sbc.w	r3, r1, r3
1a0032ce:	2001      	movs	r0, #1
1a0032d0:	4698      	mov	r8, r3
1a0032d2:	2e00      	cmp	r6, #0
1a0032d4:	d0a9      	beq.n	1a00322a <__udivmoddi4+0xa2>
1a0032d6:	e9c6 4800 	strd	r4, r8, [r6]
1a0032da:	e7a6      	b.n	1a00322a <__udivmoddi4+0xa2>
1a0032dc:	deff      	udf	#255	; 0xff
1a0032de:	f1c7 0520 	rsb	r5, r7, #32
1a0032e2:	40bb      	lsls	r3, r7
1a0032e4:	fa22 fc05 	lsr.w	ip, r2, r5
1a0032e8:	ea4c 0c03 	orr.w	ip, ip, r3
1a0032ec:	fa01 f407 	lsl.w	r4, r1, r7
1a0032f0:	fa20 f805 	lsr.w	r8, r0, r5
1a0032f4:	fa21 f305 	lsr.w	r3, r1, r5
1a0032f8:	ea4f 4e1c 	mov.w	lr, ip, lsr #16
1a0032fc:	ea48 0404 	orr.w	r4, r8, r4
1a003300:	fbb3 f9fe 	udiv	r9, r3, lr
1a003304:	0c21      	lsrs	r1, r4, #16
1a003306:	fb0e 3319 	mls	r3, lr, r9, r3
1a00330a:	fa1f f88c 	uxth.w	r8, ip
1a00330e:	ea41 4303 	orr.w	r3, r1, r3, lsl #16
1a003312:	fb09 fa08 	mul.w	sl, r9, r8
1a003316:	459a      	cmp	sl, r3
1a003318:	fa02 f207 	lsl.w	r2, r2, r7
1a00331c:	fa00 f107 	lsl.w	r1, r0, r7
1a003320:	d90b      	bls.n	1a00333a <__udivmoddi4+0x1b2>
1a003322:	eb1c 0303 	adds.w	r3, ip, r3
1a003326:	f109 30ff 	add.w	r0, r9, #4294967295
1a00332a:	f080 8088 	bcs.w	1a00343e <__udivmoddi4+0x2b6>
1a00332e:	459a      	cmp	sl, r3
1a003330:	f240 8085 	bls.w	1a00343e <__udivmoddi4+0x2b6>
1a003334:	f1a9 0902 	sub.w	r9, r9, #2
1a003338:	4463      	add	r3, ip
1a00333a:	eba3 030a 	sub.w	r3, r3, sl
1a00333e:	b2a4      	uxth	r4, r4
1a003340:	fbb3 f0fe 	udiv	r0, r3, lr
1a003344:	fb0e 3310 	mls	r3, lr, r0, r3
1a003348:	ea44 4403 	orr.w	r4, r4, r3, lsl #16
1a00334c:	fb00 f808 	mul.w	r8, r0, r8
1a003350:	45a0      	cmp	r8, r4
1a003352:	d908      	bls.n	1a003366 <__udivmoddi4+0x1de>
1a003354:	eb1c 0404 	adds.w	r4, ip, r4
1a003358:	f100 33ff 	add.w	r3, r0, #4294967295
1a00335c:	d26b      	bcs.n	1a003436 <__udivmoddi4+0x2ae>
1a00335e:	45a0      	cmp	r8, r4
1a003360:	d969      	bls.n	1a003436 <__udivmoddi4+0x2ae>
1a003362:	3802      	subs	r0, #2
1a003364:	4464      	add	r4, ip
1a003366:	ea40 4009 	orr.w	r0, r0, r9, lsl #16
1a00336a:	eba4 0408 	sub.w	r4, r4, r8
1a00336e:	fba0 8902 	umull	r8, r9, r0, r2
1a003372:	454c      	cmp	r4, r9
1a003374:	46c6      	mov	lr, r8
1a003376:	464b      	mov	r3, r9
1a003378:	d354      	bcc.n	1a003424 <__udivmoddi4+0x29c>
1a00337a:	d051      	beq.n	1a003420 <__udivmoddi4+0x298>
1a00337c:	2e00      	cmp	r6, #0
1a00337e:	d069      	beq.n	1a003454 <__udivmoddi4+0x2cc>
1a003380:	ebb1 020e 	subs.w	r2, r1, lr
1a003384:	eb64 0403 	sbc.w	r4, r4, r3
1a003388:	fa04 f505 	lsl.w	r5, r4, r5
1a00338c:	fa22 f307 	lsr.w	r3, r2, r7
1a003390:	40fc      	lsrs	r4, r7
1a003392:	431d      	orrs	r5, r3
1a003394:	e9c6 5400 	strd	r5, r4, [r6]
1a003398:	2700      	movs	r7, #0
1a00339a:	e746      	b.n	1a00322a <__udivmoddi4+0xa2>
1a00339c:	4637      	mov	r7, r6
1a00339e:	4630      	mov	r0, r6
1a0033a0:	e743      	b.n	1a00322a <__udivmoddi4+0xa2>
1a0033a2:	4618      	mov	r0, r3
1a0033a4:	e737      	b.n	1a003216 <__udivmoddi4+0x8e>
1a0033a6:	4607      	mov	r7, r0
1a0033a8:	e71f      	b.n	1a0031ea <__udivmoddi4+0x62>
1a0033aa:	f1c2 0320 	rsb	r3, r2, #32
1a0033ae:	fa20 f703 	lsr.w	r7, r0, r3
1a0033b2:	4095      	lsls	r5, r2
1a0033b4:	fa01 f002 	lsl.w	r0, r1, r2
1a0033b8:	fa21 f303 	lsr.w	r3, r1, r3
1a0033bc:	ea4f 4e15 	mov.w	lr, r5, lsr #16
1a0033c0:	4338      	orrs	r0, r7
1a0033c2:	0c01      	lsrs	r1, r0, #16
1a0033c4:	fbb3 f7fe 	udiv	r7, r3, lr
1a0033c8:	fa1f f885 	uxth.w	r8, r5
1a0033cc:	fb0e 3317 	mls	r3, lr, r7, r3
1a0033d0:	ea41 4103 	orr.w	r1, r1, r3, lsl #16
1a0033d4:	fb07 f308 	mul.w	r3, r7, r8
1a0033d8:	428b      	cmp	r3, r1
1a0033da:	fa04 f402 	lsl.w	r4, r4, r2
1a0033de:	d907      	bls.n	1a0033f0 <__udivmoddi4+0x268>
1a0033e0:	1869      	adds	r1, r5, r1
1a0033e2:	f107 3cff 	add.w	ip, r7, #4294967295
1a0033e6:	d228      	bcs.n	1a00343a <__udivmoddi4+0x2b2>
1a0033e8:	428b      	cmp	r3, r1
1a0033ea:	d926      	bls.n	1a00343a <__udivmoddi4+0x2b2>
1a0033ec:	3f02      	subs	r7, #2
1a0033ee:	4429      	add	r1, r5
1a0033f0:	1acb      	subs	r3, r1, r3
1a0033f2:	b281      	uxth	r1, r0
1a0033f4:	fbb3 f0fe 	udiv	r0, r3, lr
1a0033f8:	fb0e 3310 	mls	r3, lr, r0, r3
1a0033fc:	ea41 4103 	orr.w	r1, r1, r3, lsl #16
1a003400:	fb00 f308 	mul.w	r3, r0, r8
1a003404:	428b      	cmp	r3, r1
1a003406:	d907      	bls.n	1a003418 <__udivmoddi4+0x290>
1a003408:	1869      	adds	r1, r5, r1
1a00340a:	f100 3cff 	add.w	ip, r0, #4294967295
1a00340e:	d210      	bcs.n	1a003432 <__udivmoddi4+0x2aa>
1a003410:	428b      	cmp	r3, r1
1a003412:	d90e      	bls.n	1a003432 <__udivmoddi4+0x2aa>
1a003414:	3802      	subs	r0, #2
1a003416:	4429      	add	r1, r5
1a003418:	1ac9      	subs	r1, r1, r3
1a00341a:	ea40 4707 	orr.w	r7, r0, r7, lsl #16
1a00341e:	e714      	b.n	1a00324a <__udivmoddi4+0xc2>
1a003420:	4541      	cmp	r1, r8
1a003422:	d2ab      	bcs.n	1a00337c <__udivmoddi4+0x1f4>
1a003424:	ebb8 0e02 	subs.w	lr, r8, r2
1a003428:	eb69 020c 	sbc.w	r2, r9, ip
1a00342c:	3801      	subs	r0, #1
1a00342e:	4613      	mov	r3, r2
1a003430:	e7a4      	b.n	1a00337c <__udivmoddi4+0x1f4>
1a003432:	4660      	mov	r0, ip
1a003434:	e7f0      	b.n	1a003418 <__udivmoddi4+0x290>
1a003436:	4618      	mov	r0, r3
1a003438:	e795      	b.n	1a003366 <__udivmoddi4+0x1de>
1a00343a:	4667      	mov	r7, ip
1a00343c:	e7d8      	b.n	1a0033f0 <__udivmoddi4+0x268>
1a00343e:	4681      	mov	r9, r0
1a003440:	e77b      	b.n	1a00333a <__udivmoddi4+0x1b2>
1a003442:	4638      	mov	r0, r7
1a003444:	e745      	b.n	1a0032d2 <__udivmoddi4+0x14a>
1a003446:	f1ac 0c02 	sub.w	ip, ip, #2
1a00344a:	442b      	add	r3, r5
1a00344c:	e710      	b.n	1a003270 <__udivmoddi4+0xe8>
1a00344e:	3802      	subs	r0, #2
1a003450:	442c      	add	r4, r5
1a003452:	e721      	b.n	1a003298 <__udivmoddi4+0x110>
1a003454:	4637      	mov	r7, r6
1a003456:	e6e8      	b.n	1a00322a <__udivmoddi4+0xa2>

1a003458 <__aeabi_idiv0>:
1a003458:	4770      	bx	lr
1a00345a:	bf00      	nop

1a00345c <_malloc_trim_r>:
1a00345c:	b5f8      	push	{r3, r4, r5, r6, r7, lr}
1a00345e:	4f24      	ldr	r7, [pc, #144]	; (1a0034f0 <_malloc_trim_r+0x94>)
1a003460:	460c      	mov	r4, r1
1a003462:	4606      	mov	r6, r0
1a003464:	f000 fd0a 	bl	1a003e7c <__malloc_lock>
1a003468:	68bb      	ldr	r3, [r7, #8]
1a00346a:	685d      	ldr	r5, [r3, #4]
1a00346c:	f5c4 617e 	rsb	r1, r4, #4064	; 0xfe0
1a003470:	310f      	adds	r1, #15
1a003472:	f025 0503 	bic.w	r5, r5, #3
1a003476:	4429      	add	r1, r5
1a003478:	f421 617f 	bic.w	r1, r1, #4080	; 0xff0
1a00347c:	f021 010f 	bic.w	r1, r1, #15
1a003480:	f5a1 5480 	sub.w	r4, r1, #4096	; 0x1000
1a003484:	f5b4 5f80 	cmp.w	r4, #4096	; 0x1000
1a003488:	db07      	blt.n	1a00349a <_malloc_trim_r+0x3e>
1a00348a:	2100      	movs	r1, #0
1a00348c:	4630      	mov	r0, r6
1a00348e:	f7fd ff8d 	bl	1a0013ac <_sbrk_r>
1a003492:	68bb      	ldr	r3, [r7, #8]
1a003494:	442b      	add	r3, r5
1a003496:	4298      	cmp	r0, r3
1a003498:	d004      	beq.n	1a0034a4 <_malloc_trim_r+0x48>
1a00349a:	4630      	mov	r0, r6
1a00349c:	f000 fcf4 	bl	1a003e88 <__malloc_unlock>
1a0034a0:	2000      	movs	r0, #0
1a0034a2:	bdf8      	pop	{r3, r4, r5, r6, r7, pc}
1a0034a4:	4261      	negs	r1, r4
1a0034a6:	4630      	mov	r0, r6
1a0034a8:	f7fd ff80 	bl	1a0013ac <_sbrk_r>
1a0034ac:	3001      	adds	r0, #1
1a0034ae:	d00d      	beq.n	1a0034cc <_malloc_trim_r+0x70>
1a0034b0:	4b10      	ldr	r3, [pc, #64]	; (1a0034f4 <_malloc_trim_r+0x98>)
1a0034b2:	68ba      	ldr	r2, [r7, #8]
1a0034b4:	6819      	ldr	r1, [r3, #0]
1a0034b6:	1b2d      	subs	r5, r5, r4
1a0034b8:	f045 0501 	orr.w	r5, r5, #1
1a0034bc:	4630      	mov	r0, r6
1a0034be:	1b09      	subs	r1, r1, r4
1a0034c0:	6055      	str	r5, [r2, #4]
1a0034c2:	6019      	str	r1, [r3, #0]
1a0034c4:	f000 fce0 	bl	1a003e88 <__malloc_unlock>
1a0034c8:	2001      	movs	r0, #1
1a0034ca:	bdf8      	pop	{r3, r4, r5, r6, r7, pc}
1a0034cc:	2100      	movs	r1, #0
1a0034ce:	4630      	mov	r0, r6
1a0034d0:	f7fd ff6c 	bl	1a0013ac <_sbrk_r>
1a0034d4:	68ba      	ldr	r2, [r7, #8]
1a0034d6:	1a83      	subs	r3, r0, r2
1a0034d8:	2b0f      	cmp	r3, #15
1a0034da:	ddde      	ble.n	1a00349a <_malloc_trim_r+0x3e>
1a0034dc:	4c06      	ldr	r4, [pc, #24]	; (1a0034f8 <_malloc_trim_r+0x9c>)
1a0034de:	4905      	ldr	r1, [pc, #20]	; (1a0034f4 <_malloc_trim_r+0x98>)
1a0034e0:	6824      	ldr	r4, [r4, #0]
1a0034e2:	f043 0301 	orr.w	r3, r3, #1
1a0034e6:	1b00      	subs	r0, r0, r4
1a0034e8:	6053      	str	r3, [r2, #4]
1a0034ea:	6008      	str	r0, [r1, #0]
1a0034ec:	e7d5      	b.n	1a00349a <_malloc_trim_r+0x3e>
1a0034ee:	bf00      	nop
1a0034f0:	100004b0 	.word	0x100004b0
1a0034f4:	10000a90 	.word	0x10000a90
1a0034f8:	100008b8 	.word	0x100008b8

1a0034fc <_free_r>:
1a0034fc:	2900      	cmp	r1, #0
1a0034fe:	d05d      	beq.n	1a0035bc <_free_r+0xc0>
1a003500:	b5f8      	push	{r3, r4, r5, r6, r7, lr}
1a003502:	460f      	mov	r7, r1
1a003504:	4606      	mov	r6, r0
1a003506:	f000 fcb9 	bl	1a003e7c <__malloc_lock>
1a00350a:	f857 cc04 	ldr.w	ip, [r7, #-4]
1a00350e:	4c73      	ldr	r4, [pc, #460]	; (1a0036dc <_free_r+0x1e0>)
1a003510:	f02c 0301 	bic.w	r3, ip, #1
1a003514:	f1a7 0008 	sub.w	r0, r7, #8
1a003518:	18c2      	adds	r2, r0, r3
1a00351a:	68a1      	ldr	r1, [r4, #8]
1a00351c:	6855      	ldr	r5, [r2, #4]
1a00351e:	4291      	cmp	r1, r2
1a003520:	f025 0503 	bic.w	r5, r5, #3
1a003524:	d07f      	beq.n	1a003626 <_free_r+0x12a>
1a003526:	f01c 0f01 	tst.w	ip, #1
1a00352a:	6055      	str	r5, [r2, #4]
1a00352c:	eb02 0105 	add.w	r1, r2, r5
1a003530:	d133      	bne.n	1a00359a <_free_r+0x9e>
1a003532:	f857 ec08 	ldr.w	lr, [r7, #-8]
1a003536:	6849      	ldr	r1, [r1, #4]
1a003538:	eba0 000e 	sub.w	r0, r0, lr
1a00353c:	f104 0c08 	add.w	ip, r4, #8
1a003540:	6887      	ldr	r7, [r0, #8]
1a003542:	4567      	cmp	r7, ip
1a003544:	4473      	add	r3, lr
1a003546:	f001 0101 	and.w	r1, r1, #1
1a00354a:	d060      	beq.n	1a00360e <_free_r+0x112>
1a00354c:	f8d0 e00c 	ldr.w	lr, [r0, #12]
1a003550:	f8c7 e00c 	str.w	lr, [r7, #12]
1a003554:	f8ce 7008 	str.w	r7, [lr, #8]
1a003558:	2900      	cmp	r1, #0
1a00355a:	f000 8089 	beq.w	1a003670 <_free_r+0x174>
1a00355e:	f043 0101 	orr.w	r1, r3, #1
1a003562:	6041      	str	r1, [r0, #4]
1a003564:	6013      	str	r3, [r2, #0]
1a003566:	f5b3 7f00 	cmp.w	r3, #512	; 0x200
1a00356a:	d230      	bcs.n	1a0035ce <_free_r+0xd2>
1a00356c:	08db      	lsrs	r3, r3, #3
1a00356e:	1c59      	adds	r1, r3, #1
1a003570:	6865      	ldr	r5, [r4, #4]
1a003572:	109a      	asrs	r2, r3, #2
1a003574:	2301      	movs	r3, #1
1a003576:	4093      	lsls	r3, r2
1a003578:	432b      	orrs	r3, r5
1a00357a:	eb04 02c1 	add.w	r2, r4, r1, lsl #3
1a00357e:	f854 5031 	ldr.w	r5, [r4, r1, lsl #3]
1a003582:	6063      	str	r3, [r4, #4]
1a003584:	3a08      	subs	r2, #8
1a003586:	e9c0 5202 	strd	r5, r2, [r0, #8]
1a00358a:	f844 0031 	str.w	r0, [r4, r1, lsl #3]
1a00358e:	60e8      	str	r0, [r5, #12]
1a003590:	4630      	mov	r0, r6
1a003592:	e8bd 40f8 	ldmia.w	sp!, {r3, r4, r5, r6, r7, lr}
1a003596:	f000 bc77 	b.w	1a003e88 <__malloc_unlock>
1a00359a:	6849      	ldr	r1, [r1, #4]
1a00359c:	07c9      	lsls	r1, r1, #31
1a00359e:	d40e      	bmi.n	1a0035be <_free_r+0xc2>
1a0035a0:	442b      	add	r3, r5
1a0035a2:	f104 0c08 	add.w	ip, r4, #8
1a0035a6:	6891      	ldr	r1, [r2, #8]
1a0035a8:	4561      	cmp	r1, ip
1a0035aa:	f043 0501 	orr.w	r5, r3, #1
1a0035ae:	d067      	beq.n	1a003680 <_free_r+0x184>
1a0035b0:	68d2      	ldr	r2, [r2, #12]
1a0035b2:	60ca      	str	r2, [r1, #12]
1a0035b4:	6091      	str	r1, [r2, #8]
1a0035b6:	6045      	str	r5, [r0, #4]
1a0035b8:	50c3      	str	r3, [r0, r3]
1a0035ba:	e7d4      	b.n	1a003566 <_free_r+0x6a>
1a0035bc:	4770      	bx	lr
1a0035be:	f043 0101 	orr.w	r1, r3, #1
1a0035c2:	f5b3 7f00 	cmp.w	r3, #512	; 0x200
1a0035c6:	f847 1c04 	str.w	r1, [r7, #-4]
1a0035ca:	6013      	str	r3, [r2, #0]
1a0035cc:	d3ce      	bcc.n	1a00356c <_free_r+0x70>
1a0035ce:	0a5a      	lsrs	r2, r3, #9
1a0035d0:	2a04      	cmp	r2, #4
1a0035d2:	d842      	bhi.n	1a00365a <_free_r+0x15e>
1a0035d4:	099a      	lsrs	r2, r3, #6
1a0035d6:	f102 0739 	add.w	r7, r2, #57	; 0x39
1a0035da:	00ff      	lsls	r7, r7, #3
1a0035dc:	f102 0138 	add.w	r1, r2, #56	; 0x38
1a0035e0:	19e5      	adds	r5, r4, r7
1a0035e2:	59e2      	ldr	r2, [r4, r7]
1a0035e4:	3d08      	subs	r5, #8
1a0035e6:	4295      	cmp	r5, r2
1a0035e8:	d051      	beq.n	1a00368e <_free_r+0x192>
1a0035ea:	6851      	ldr	r1, [r2, #4]
1a0035ec:	f021 0103 	bic.w	r1, r1, #3
1a0035f0:	4299      	cmp	r1, r3
1a0035f2:	d902      	bls.n	1a0035fa <_free_r+0xfe>
1a0035f4:	6892      	ldr	r2, [r2, #8]
1a0035f6:	4295      	cmp	r5, r2
1a0035f8:	d1f7      	bne.n	1a0035ea <_free_r+0xee>
1a0035fa:	68d5      	ldr	r5, [r2, #12]
1a0035fc:	e9c0 2502 	strd	r2, r5, [r0, #8]
1a003600:	60a8      	str	r0, [r5, #8]
1a003602:	60d0      	str	r0, [r2, #12]
1a003604:	4630      	mov	r0, r6
1a003606:	e8bd 40f8 	ldmia.w	sp!, {r3, r4, r5, r6, r7, lr}
1a00360a:	f000 bc3d 	b.w	1a003e88 <__malloc_unlock>
1a00360e:	2900      	cmp	r1, #0
1a003610:	d15e      	bne.n	1a0036d0 <_free_r+0x1d4>
1a003612:	e9d2 1202 	ldrd	r1, r2, [r2, #8]
1a003616:	442b      	add	r3, r5
1a003618:	f043 0401 	orr.w	r4, r3, #1
1a00361c:	60ca      	str	r2, [r1, #12]
1a00361e:	6091      	str	r1, [r2, #8]
1a003620:	6044      	str	r4, [r0, #4]
1a003622:	50c3      	str	r3, [r0, r3]
1a003624:	e7b4      	b.n	1a003590 <_free_r+0x94>
1a003626:	f01c 0f01 	tst.w	ip, #1
1a00362a:	442b      	add	r3, r5
1a00362c:	d107      	bne.n	1a00363e <_free_r+0x142>
1a00362e:	f857 2c08 	ldr.w	r2, [r7, #-8]
1a003632:	1a80      	subs	r0, r0, r2
1a003634:	4413      	add	r3, r2
1a003636:	e9d0 1202 	ldrd	r1, r2, [r0, #8]
1a00363a:	60ca      	str	r2, [r1, #12]
1a00363c:	6091      	str	r1, [r2, #8]
1a00363e:	4a28      	ldr	r2, [pc, #160]	; (1a0036e0 <_free_r+0x1e4>)
1a003640:	6812      	ldr	r2, [r2, #0]
1a003642:	f043 0101 	orr.w	r1, r3, #1
1a003646:	429a      	cmp	r2, r3
1a003648:	6041      	str	r1, [r0, #4]
1a00364a:	60a0      	str	r0, [r4, #8]
1a00364c:	d8a0      	bhi.n	1a003590 <_free_r+0x94>
1a00364e:	4b25      	ldr	r3, [pc, #148]	; (1a0036e4 <_free_r+0x1e8>)
1a003650:	4630      	mov	r0, r6
1a003652:	6819      	ldr	r1, [r3, #0]
1a003654:	f7ff ff02 	bl	1a00345c <_malloc_trim_r>
1a003658:	e79a      	b.n	1a003590 <_free_r+0x94>
1a00365a:	2a14      	cmp	r2, #20
1a00365c:	d90a      	bls.n	1a003674 <_free_r+0x178>
1a00365e:	2a54      	cmp	r2, #84	; 0x54
1a003660:	d81d      	bhi.n	1a00369e <_free_r+0x1a2>
1a003662:	0b1a      	lsrs	r2, r3, #12
1a003664:	f102 076f 	add.w	r7, r2, #111	; 0x6f
1a003668:	00ff      	lsls	r7, r7, #3
1a00366a:	f102 016e 	add.w	r1, r2, #110	; 0x6e
1a00366e:	e7b7      	b.n	1a0035e0 <_free_r+0xe4>
1a003670:	442b      	add	r3, r5
1a003672:	e798      	b.n	1a0035a6 <_free_r+0xaa>
1a003674:	f102 075c 	add.w	r7, r2, #92	; 0x5c
1a003678:	00ff      	lsls	r7, r7, #3
1a00367a:	f102 015b 	add.w	r1, r2, #91	; 0x5b
1a00367e:	e7af      	b.n	1a0035e0 <_free_r+0xe4>
1a003680:	e9c4 0004 	strd	r0, r0, [r4, #16]
1a003684:	e9c0 cc02 	strd	ip, ip, [r0, #8]
1a003688:	6045      	str	r5, [r0, #4]
1a00368a:	50c3      	str	r3, [r0, r3]
1a00368c:	e780      	b.n	1a003590 <_free_r+0x94>
1a00368e:	6863      	ldr	r3, [r4, #4]
1a003690:	1089      	asrs	r1, r1, #2
1a003692:	2701      	movs	r7, #1
1a003694:	fa07 f101 	lsl.w	r1, r7, r1
1a003698:	4319      	orrs	r1, r3
1a00369a:	6061      	str	r1, [r4, #4]
1a00369c:	e7ae      	b.n	1a0035fc <_free_r+0x100>
1a00369e:	f5b2 7faa 	cmp.w	r2, #340	; 0x154
1a0036a2:	d806      	bhi.n	1a0036b2 <_free_r+0x1b6>
1a0036a4:	0bda      	lsrs	r2, r3, #15
1a0036a6:	f102 0778 	add.w	r7, r2, #120	; 0x78
1a0036aa:	00ff      	lsls	r7, r7, #3
1a0036ac:	f102 0177 	add.w	r1, r2, #119	; 0x77
1a0036b0:	e796      	b.n	1a0035e0 <_free_r+0xe4>
1a0036b2:	f240 5154 	movw	r1, #1364	; 0x554
1a0036b6:	428a      	cmp	r2, r1
1a0036b8:	d806      	bhi.n	1a0036c8 <_free_r+0x1cc>
1a0036ba:	0c9a      	lsrs	r2, r3, #18
1a0036bc:	f102 077d 	add.w	r7, r2, #125	; 0x7d
1a0036c0:	00ff      	lsls	r7, r7, #3
1a0036c2:	f102 017c 	add.w	r1, r2, #124	; 0x7c
1a0036c6:	e78b      	b.n	1a0035e0 <_free_r+0xe4>
1a0036c8:	f44f 777e 	mov.w	r7, #1016	; 0x3f8
1a0036cc:	217e      	movs	r1, #126	; 0x7e
1a0036ce:	e787      	b.n	1a0035e0 <_free_r+0xe4>
1a0036d0:	f043 0101 	orr.w	r1, r3, #1
1a0036d4:	6041      	str	r1, [r0, #4]
1a0036d6:	6013      	str	r3, [r2, #0]
1a0036d8:	e75a      	b.n	1a003590 <_free_r+0x94>
1a0036da:	bf00      	nop
1a0036dc:	100004b0 	.word	0x100004b0
1a0036e0:	100008bc 	.word	0x100008bc
1a0036e4:	10000ac0 	.word	0x10000ac0

1a0036e8 <__libc_init_array>:
1a0036e8:	b570      	push	{r4, r5, r6, lr}
1a0036ea:	4e0d      	ldr	r6, [pc, #52]	; (1a003720 <__libc_init_array+0x38>)
1a0036ec:	4d0d      	ldr	r5, [pc, #52]	; (1a003724 <__libc_init_array+0x3c>)
1a0036ee:	1b76      	subs	r6, r6, r5
1a0036f0:	10b6      	asrs	r6, r6, #2
1a0036f2:	d006      	beq.n	1a003702 <__libc_init_array+0x1a>
1a0036f4:	2400      	movs	r4, #0
1a0036f6:	3401      	adds	r4, #1
1a0036f8:	f855 3b04 	ldr.w	r3, [r5], #4
1a0036fc:	4798      	blx	r3
1a0036fe:	42a6      	cmp	r6, r4
1a003700:	d1f9      	bne.n	1a0036f6 <__libc_init_array+0xe>
1a003702:	4e09      	ldr	r6, [pc, #36]	; (1a003728 <__libc_init_array+0x40>)
1a003704:	4d09      	ldr	r5, [pc, #36]	; (1a00372c <__libc_init_array+0x44>)
1a003706:	1b76      	subs	r6, r6, r5
1a003708:	f7fd fe4f 	bl	1a0013aa <_init>
1a00370c:	10b6      	asrs	r6, r6, #2
1a00370e:	d006      	beq.n	1a00371e <__libc_init_array+0x36>
1a003710:	2400      	movs	r4, #0
1a003712:	3401      	adds	r4, #1
1a003714:	f855 3b04 	ldr.w	r3, [r5], #4
1a003718:	4798      	blx	r3
1a00371a:	42a6      	cmp	r6, r4
1a00371c:	d1f9      	bne.n	1a003712 <__libc_init_array+0x2a>
1a00371e:	bd70      	pop	{r4, r5, r6, pc}
1a003720:	1a0080a4 	.word	0x1a0080a4
1a003724:	1a0080a4 	.word	0x1a0080a4
1a003728:	1a0080a8 	.word	0x1a0080a8
1a00372c:	1a0080a4 	.word	0x1a0080a4

1a003730 <__retarget_lock_acquire_recursive>:
1a003730:	4770      	bx	lr
1a003732:	bf00      	nop

1a003734 <__retarget_lock_release_recursive>:
1a003734:	4770      	bx	lr
1a003736:	bf00      	nop

1a003738 <_malloc_r>:
1a003738:	e92d 4ff0 	stmdb	sp!, {r4, r5, r6, r7, r8, r9, sl, fp, lr}
1a00373c:	f101 050b 	add.w	r5, r1, #11
1a003740:	2d16      	cmp	r5, #22
1a003742:	b083      	sub	sp, #12
1a003744:	4606      	mov	r6, r0
1a003746:	d823      	bhi.n	1a003790 <_malloc_r+0x58>
1a003748:	2910      	cmp	r1, #16
1a00374a:	f200 80b9 	bhi.w	1a0038c0 <_malloc_r+0x188>
1a00374e:	f000 fb95 	bl	1a003e7c <__malloc_lock>
1a003752:	2510      	movs	r5, #16
1a003754:	2318      	movs	r3, #24
1a003756:	2002      	movs	r0, #2
1a003758:	4fba      	ldr	r7, [pc, #744]	; (1a003a44 <_malloc_r+0x30c>)
1a00375a:	443b      	add	r3, r7
1a00375c:	f1a3 0208 	sub.w	r2, r3, #8
1a003760:	685c      	ldr	r4, [r3, #4]
1a003762:	4294      	cmp	r4, r2
1a003764:	f000 80b9 	beq.w	1a0038da <_malloc_r+0x1a2>
1a003768:	6863      	ldr	r3, [r4, #4]
1a00376a:	f023 0303 	bic.w	r3, r3, #3
1a00376e:	4423      	add	r3, r4
1a003770:	e9d4 5102 	ldrd	r5, r1, [r4, #8]
1a003774:	685a      	ldr	r2, [r3, #4]
1a003776:	60e9      	str	r1, [r5, #12]
1a003778:	f042 0201 	orr.w	r2, r2, #1
1a00377c:	4630      	mov	r0, r6
1a00377e:	608d      	str	r5, [r1, #8]
1a003780:	605a      	str	r2, [r3, #4]
1a003782:	f000 fb81 	bl	1a003e88 <__malloc_unlock>
1a003786:	3408      	adds	r4, #8
1a003788:	4620      	mov	r0, r4
1a00378a:	b003      	add	sp, #12
1a00378c:	e8bd 8ff0 	ldmia.w	sp!, {r4, r5, r6, r7, r8, r9, sl, fp, pc}
1a003790:	f035 0507 	bics.w	r5, r5, #7
1a003794:	f100 8094 	bmi.w	1a0038c0 <_malloc_r+0x188>
1a003798:	42a9      	cmp	r1, r5
1a00379a:	f200 8091 	bhi.w	1a0038c0 <_malloc_r+0x188>
1a00379e:	f000 fb6d 	bl	1a003e7c <__malloc_lock>
1a0037a2:	f5b5 7ffc 	cmp.w	r5, #504	; 0x1f8
1a0037a6:	f0c0 81a2 	bcc.w	1a003aee <_malloc_r+0x3b6>
1a0037aa:	0a6b      	lsrs	r3, r5, #9
1a0037ac:	f000 808f 	beq.w	1a0038ce <_malloc_r+0x196>
1a0037b0:	2b04      	cmp	r3, #4
1a0037b2:	f200 8178 	bhi.w	1a003aa6 <_malloc_r+0x36e>
1a0037b6:	09ab      	lsrs	r3, r5, #6
1a0037b8:	f103 0039 	add.w	r0, r3, #57	; 0x39
1a0037bc:	f103 0c38 	add.w	ip, r3, #56	; 0x38
1a0037c0:	00c3      	lsls	r3, r0, #3
1a0037c2:	4fa0      	ldr	r7, [pc, #640]	; (1a003a44 <_malloc_r+0x30c>)
1a0037c4:	443b      	add	r3, r7
1a0037c6:	f1a3 0108 	sub.w	r1, r3, #8
1a0037ca:	685c      	ldr	r4, [r3, #4]
1a0037cc:	42a1      	cmp	r1, r4
1a0037ce:	d106      	bne.n	1a0037de <_malloc_r+0xa6>
1a0037d0:	e00c      	b.n	1a0037ec <_malloc_r+0xb4>
1a0037d2:	2a00      	cmp	r2, #0
1a0037d4:	f280 8127 	bge.w	1a003a26 <_malloc_r+0x2ee>
1a0037d8:	68e4      	ldr	r4, [r4, #12]
1a0037da:	42a1      	cmp	r1, r4
1a0037dc:	d006      	beq.n	1a0037ec <_malloc_r+0xb4>
1a0037de:	6863      	ldr	r3, [r4, #4]
1a0037e0:	f023 0303 	bic.w	r3, r3, #3
1a0037e4:	1b5a      	subs	r2, r3, r5
1a0037e6:	2a0f      	cmp	r2, #15
1a0037e8:	ddf3      	ble.n	1a0037d2 <_malloc_r+0x9a>
1a0037ea:	4660      	mov	r0, ip
1a0037ec:	693c      	ldr	r4, [r7, #16]
1a0037ee:	f8df c268 	ldr.w	ip, [pc, #616]	; 1a003a58 <_malloc_r+0x320>
1a0037f2:	4564      	cmp	r4, ip
1a0037f4:	d07c      	beq.n	1a0038f0 <_malloc_r+0x1b8>
1a0037f6:	6863      	ldr	r3, [r4, #4]
1a0037f8:	f023 0303 	bic.w	r3, r3, #3
1a0037fc:	1b5a      	subs	r2, r3, r5
1a0037fe:	2a0f      	cmp	r2, #15
1a003800:	f300 8183 	bgt.w	1a003b0a <_malloc_r+0x3d2>
1a003804:	2a00      	cmp	r2, #0
1a003806:	e9c7 cc04 	strd	ip, ip, [r7, #16]
1a00380a:	f280 8174 	bge.w	1a003af6 <_malloc_r+0x3be>
1a00380e:	f5b3 7f00 	cmp.w	r3, #512	; 0x200
1a003812:	f080 8125 	bcs.w	1a003a60 <_malloc_r+0x328>
1a003816:	08db      	lsrs	r3, r3, #3
1a003818:	1c59      	adds	r1, r3, #1
1a00381a:	687a      	ldr	r2, [r7, #4]
1a00381c:	f857 8031 	ldr.w	r8, [r7, r1, lsl #3]
1a003820:	f8c4 8008 	str.w	r8, [r4, #8]
1a003824:	f04f 0e01 	mov.w	lr, #1
1a003828:	109b      	asrs	r3, r3, #2
1a00382a:	fa0e f303 	lsl.w	r3, lr, r3
1a00382e:	eb07 0ec1 	add.w	lr, r7, r1, lsl #3
1a003832:	4313      	orrs	r3, r2
1a003834:	f1ae 0208 	sub.w	r2, lr, #8
1a003838:	60e2      	str	r2, [r4, #12]
1a00383a:	607b      	str	r3, [r7, #4]
1a00383c:	f847 4031 	str.w	r4, [r7, r1, lsl #3]
1a003840:	f8c8 400c 	str.w	r4, [r8, #12]
1a003844:	1082      	asrs	r2, r0, #2
1a003846:	2401      	movs	r4, #1
1a003848:	4094      	lsls	r4, r2
1a00384a:	429c      	cmp	r4, r3
1a00384c:	d856      	bhi.n	1a0038fc <_malloc_r+0x1c4>
1a00384e:	421c      	tst	r4, r3
1a003850:	d106      	bne.n	1a003860 <_malloc_r+0x128>
1a003852:	f020 0003 	bic.w	r0, r0, #3
1a003856:	0064      	lsls	r4, r4, #1
1a003858:	421c      	tst	r4, r3
1a00385a:	f100 0004 	add.w	r0, r0, #4
1a00385e:	d0fa      	beq.n	1a003856 <_malloc_r+0x11e>
1a003860:	eb07 09c0 	add.w	r9, r7, r0, lsl #3
1a003864:	46ce      	mov	lr, r9
1a003866:	4680      	mov	r8, r0
1a003868:	f8de 300c 	ldr.w	r3, [lr, #12]
1a00386c:	459e      	cmp	lr, r3
1a00386e:	d107      	bne.n	1a003880 <_malloc_r+0x148>
1a003870:	e125      	b.n	1a003abe <_malloc_r+0x386>
1a003872:	2a00      	cmp	r2, #0
1a003874:	f280 812c 	bge.w	1a003ad0 <_malloc_r+0x398>
1a003878:	68db      	ldr	r3, [r3, #12]
1a00387a:	459e      	cmp	lr, r3
1a00387c:	f000 811f 	beq.w	1a003abe <_malloc_r+0x386>
1a003880:	6859      	ldr	r1, [r3, #4]
1a003882:	f021 0103 	bic.w	r1, r1, #3
1a003886:	1b4a      	subs	r2, r1, r5
1a003888:	2a0f      	cmp	r2, #15
1a00388a:	ddf2      	ble.n	1a003872 <_malloc_r+0x13a>
1a00388c:	e9d3 8e02 	ldrd	r8, lr, [r3, #8]
1a003890:	195c      	adds	r4, r3, r5
1a003892:	f045 0501 	orr.w	r5, r5, #1
1a003896:	605d      	str	r5, [r3, #4]
1a003898:	f042 0501 	orr.w	r5, r2, #1
1a00389c:	f8c8 e00c 	str.w	lr, [r8, #12]
1a0038a0:	4630      	mov	r0, r6
1a0038a2:	f8ce 8008 	str.w	r8, [lr, #8]
1a0038a6:	e9c7 4404 	strd	r4, r4, [r7, #16]
1a0038aa:	e9c4 cc02 	strd	ip, ip, [r4, #8]
1a0038ae:	6065      	str	r5, [r4, #4]
1a0038b0:	505a      	str	r2, [r3, r1]
1a0038b2:	9300      	str	r3, [sp, #0]
1a0038b4:	f000 fae8 	bl	1a003e88 <__malloc_unlock>
1a0038b8:	9b00      	ldr	r3, [sp, #0]
1a0038ba:	f103 0408 	add.w	r4, r3, #8
1a0038be:	e002      	b.n	1a0038c6 <_malloc_r+0x18e>
1a0038c0:	230c      	movs	r3, #12
1a0038c2:	6033      	str	r3, [r6, #0]
1a0038c4:	2400      	movs	r4, #0
1a0038c6:	4620      	mov	r0, r4
1a0038c8:	b003      	add	sp, #12
1a0038ca:	e8bd 8ff0 	ldmia.w	sp!, {r4, r5, r6, r7, r8, r9, sl, fp, pc}
1a0038ce:	f44f 7300 	mov.w	r3, #512	; 0x200
1a0038d2:	2040      	movs	r0, #64	; 0x40
1a0038d4:	f04f 0c3f 	mov.w	ip, #63	; 0x3f
1a0038d8:	e773      	b.n	1a0037c2 <_malloc_r+0x8a>
1a0038da:	68dc      	ldr	r4, [r3, #12]
1a0038dc:	42a3      	cmp	r3, r4
1a0038de:	bf08      	it	eq
1a0038e0:	3002      	addeq	r0, #2
1a0038e2:	f47f af41 	bne.w	1a003768 <_malloc_r+0x30>
1a0038e6:	693c      	ldr	r4, [r7, #16]
1a0038e8:	f8df c16c 	ldr.w	ip, [pc, #364]	; 1a003a58 <_malloc_r+0x320>
1a0038ec:	4564      	cmp	r4, ip
1a0038ee:	d182      	bne.n	1a0037f6 <_malloc_r+0xbe>
1a0038f0:	687b      	ldr	r3, [r7, #4]
1a0038f2:	1082      	asrs	r2, r0, #2
1a0038f4:	2401      	movs	r4, #1
1a0038f6:	4094      	lsls	r4, r2
1a0038f8:	429c      	cmp	r4, r3
1a0038fa:	d9a8      	bls.n	1a00384e <_malloc_r+0x116>
1a0038fc:	68bc      	ldr	r4, [r7, #8]
1a0038fe:	6863      	ldr	r3, [r4, #4]
1a003900:	f023 0803 	bic.w	r8, r3, #3
1a003904:	45a8      	cmp	r8, r5
1a003906:	d303      	bcc.n	1a003910 <_malloc_r+0x1d8>
1a003908:	eba8 0305 	sub.w	r3, r8, r5
1a00390c:	2b0f      	cmp	r3, #15
1a00390e:	dc7a      	bgt.n	1a003a06 <_malloc_r+0x2ce>
1a003910:	f8df 9148 	ldr.w	r9, [pc, #328]	; 1a003a5c <_malloc_r+0x324>
1a003914:	4b4c      	ldr	r3, [pc, #304]	; (1a003a48 <_malloc_r+0x310>)
1a003916:	f8d9 2000 	ldr.w	r2, [r9]
1a00391a:	681b      	ldr	r3, [r3, #0]
1a00391c:	3201      	adds	r2, #1
1a00391e:	442b      	add	r3, r5
1a003920:	eb04 0a08 	add.w	sl, r4, r8
1a003924:	f000 813c 	beq.w	1a003ba0 <_malloc_r+0x468>
1a003928:	f503 5380 	add.w	r3, r3, #4096	; 0x1000
1a00392c:	330f      	adds	r3, #15
1a00392e:	f423 6b7f 	bic.w	fp, r3, #4080	; 0xff0
1a003932:	f02b 0b0f 	bic.w	fp, fp, #15
1a003936:	4659      	mov	r1, fp
1a003938:	4630      	mov	r0, r6
1a00393a:	f7fd fd37 	bl	1a0013ac <_sbrk_r>
1a00393e:	1c41      	adds	r1, r0, #1
1a003940:	4602      	mov	r2, r0
1a003942:	f000 80fc 	beq.w	1a003b3e <_malloc_r+0x406>
1a003946:	4582      	cmp	sl, r0
1a003948:	f200 80f7 	bhi.w	1a003b3a <_malloc_r+0x402>
1a00394c:	4b3f      	ldr	r3, [pc, #252]	; (1a003a4c <_malloc_r+0x314>)
1a00394e:	6818      	ldr	r0, [r3, #0]
1a003950:	4458      	add	r0, fp
1a003952:	6018      	str	r0, [r3, #0]
1a003954:	4601      	mov	r1, r0
1a003956:	f000 8157 	beq.w	1a003c08 <_malloc_r+0x4d0>
1a00395a:	f8d9 0000 	ldr.w	r0, [r9]
1a00395e:	9301      	str	r3, [sp, #4]
1a003960:	3001      	adds	r0, #1
1a003962:	bf1b      	ittet	ne
1a003964:	eba2 0a0a 	subne.w	sl, r2, sl
1a003968:	4451      	addne	r1, sl
1a00396a:	f8c9 2000 	streq.w	r2, [r9]
1a00396e:	6019      	strne	r1, [r3, #0]
1a003970:	f012 0a07 	ands.w	sl, r2, #7
1a003974:	f000 8120 	beq.w	1a003bb8 <_malloc_r+0x480>
1a003978:	f1ca 0108 	rsb	r1, sl, #8
1a00397c:	440a      	add	r2, r1
1a00397e:	f5ca 5180 	rsb	r1, sl, #4096	; 0x1000
1a003982:	4493      	add	fp, r2
1a003984:	3108      	adds	r1, #8
1a003986:	eba1 010b 	sub.w	r1, r1, fp
1a00398a:	f3c1 090b 	ubfx	r9, r1, #0, #12
1a00398e:	4649      	mov	r1, r9
1a003990:	4630      	mov	r0, r6
1a003992:	9200      	str	r2, [sp, #0]
1a003994:	f7fd fd0a 	bl	1a0013ac <_sbrk_r>
1a003998:	1c42      	adds	r2, r0, #1
1a00399a:	e9dd 2300 	ldrd	r2, r3, [sp]
1a00399e:	f000 8158 	beq.w	1a003c52 <_malloc_r+0x51a>
1a0039a2:	1a80      	subs	r0, r0, r2
1a0039a4:	eb00 0b09 	add.w	fp, r0, r9
1a0039a8:	6818      	ldr	r0, [r3, #0]
1a0039aa:	60ba      	str	r2, [r7, #8]
1a0039ac:	f04b 0101 	orr.w	r1, fp, #1
1a0039b0:	4448      	add	r0, r9
1a0039b2:	42bc      	cmp	r4, r7
1a0039b4:	6051      	str	r1, [r2, #4]
1a0039b6:	6018      	str	r0, [r3, #0]
1a0039b8:	f000 8132 	beq.w	1a003c20 <_malloc_r+0x4e8>
1a0039bc:	f1b8 0f0f 	cmp.w	r8, #15
1a0039c0:	f240 8130 	bls.w	1a003c24 <_malloc_r+0x4ec>
1a0039c4:	6861      	ldr	r1, [r4, #4]
1a0039c6:	f1a8 0c0c 	sub.w	ip, r8, #12
1a0039ca:	f02c 0c07 	bic.w	ip, ip, #7
1a0039ce:	f001 0101 	and.w	r1, r1, #1
1a0039d2:	eb04 0e0c 	add.w	lr, r4, ip
1a0039d6:	ea41 010c 	orr.w	r1, r1, ip
1a0039da:	f04f 0805 	mov.w	r8, #5
1a0039de:	f1bc 0f0f 	cmp.w	ip, #15
1a0039e2:	6061      	str	r1, [r4, #4]
1a0039e4:	e9ce 8801 	strd	r8, r8, [lr, #4]
1a0039e8:	f200 813b 	bhi.w	1a003c62 <_malloc_r+0x52a>
1a0039ec:	6851      	ldr	r1, [r2, #4]
1a0039ee:	4614      	mov	r4, r2
1a0039f0:	4b17      	ldr	r3, [pc, #92]	; (1a003a50 <_malloc_r+0x318>)
1a0039f2:	681a      	ldr	r2, [r3, #0]
1a0039f4:	4282      	cmp	r2, r0
1a0039f6:	bf38      	it	cc
1a0039f8:	6018      	strcc	r0, [r3, #0]
1a0039fa:	4b16      	ldr	r3, [pc, #88]	; (1a003a54 <_malloc_r+0x31c>)
1a0039fc:	681a      	ldr	r2, [r3, #0]
1a0039fe:	4282      	cmp	r2, r0
1a003a00:	bf38      	it	cc
1a003a02:	6018      	strcc	r0, [r3, #0]
1a003a04:	e09d      	b.n	1a003b42 <_malloc_r+0x40a>
1a003a06:	1962      	adds	r2, r4, r5
1a003a08:	f043 0301 	orr.w	r3, r3, #1
1a003a0c:	f045 0501 	orr.w	r5, r5, #1
1a003a10:	6065      	str	r5, [r4, #4]
1a003a12:	4630      	mov	r0, r6
1a003a14:	60ba      	str	r2, [r7, #8]
1a003a16:	6053      	str	r3, [r2, #4]
1a003a18:	f000 fa36 	bl	1a003e88 <__malloc_unlock>
1a003a1c:	3408      	adds	r4, #8
1a003a1e:	4620      	mov	r0, r4
1a003a20:	b003      	add	sp, #12
1a003a22:	e8bd 8ff0 	ldmia.w	sp!, {r4, r5, r6, r7, r8, r9, sl, fp, pc}
1a003a26:	4423      	add	r3, r4
1a003a28:	68e1      	ldr	r1, [r4, #12]
1a003a2a:	685a      	ldr	r2, [r3, #4]
1a003a2c:	68a5      	ldr	r5, [r4, #8]
1a003a2e:	f042 0201 	orr.w	r2, r2, #1
1a003a32:	60e9      	str	r1, [r5, #12]
1a003a34:	4630      	mov	r0, r6
1a003a36:	608d      	str	r5, [r1, #8]
1a003a38:	605a      	str	r2, [r3, #4]
1a003a3a:	f000 fa25 	bl	1a003e88 <__malloc_unlock>
1a003a3e:	3408      	adds	r4, #8
1a003a40:	e741      	b.n	1a0038c6 <_malloc_r+0x18e>
1a003a42:	bf00      	nop
1a003a44:	100004b0 	.word	0x100004b0
1a003a48:	10000ac0 	.word	0x10000ac0
1a003a4c:	10000a90 	.word	0x10000a90
1a003a50:	10000ab8 	.word	0x10000ab8
1a003a54:	10000abc 	.word	0x10000abc
1a003a58:	100004b8 	.word	0x100004b8
1a003a5c:	100008b8 	.word	0x100008b8
1a003a60:	0a5a      	lsrs	r2, r3, #9
1a003a62:	2a04      	cmp	r2, #4
1a003a64:	d963      	bls.n	1a003b2e <_malloc_r+0x3f6>
1a003a66:	2a14      	cmp	r2, #20
1a003a68:	f200 80b7 	bhi.w	1a003bda <_malloc_r+0x4a2>
1a003a6c:	f102 015c 	add.w	r1, r2, #92	; 0x5c
1a003a70:	00c9      	lsls	r1, r1, #3
1a003a72:	325b      	adds	r2, #91	; 0x5b
1a003a74:	eb07 0e01 	add.w	lr, r7, r1
1a003a78:	5879      	ldr	r1, [r7, r1]
1a003a7a:	f1ae 0e08 	sub.w	lr, lr, #8
1a003a7e:	458e      	cmp	lr, r1
1a003a80:	f000 8091 	beq.w	1a003ba6 <_malloc_r+0x46e>
1a003a84:	684a      	ldr	r2, [r1, #4]
1a003a86:	f022 0203 	bic.w	r2, r2, #3
1a003a8a:	429a      	cmp	r2, r3
1a003a8c:	d902      	bls.n	1a003a94 <_malloc_r+0x35c>
1a003a8e:	6889      	ldr	r1, [r1, #8]
1a003a90:	458e      	cmp	lr, r1
1a003a92:	d1f7      	bne.n	1a003a84 <_malloc_r+0x34c>
1a003a94:	f8d1 e00c 	ldr.w	lr, [r1, #12]
1a003a98:	687b      	ldr	r3, [r7, #4]
1a003a9a:	e9c4 1e02 	strd	r1, lr, [r4, #8]
1a003a9e:	f8ce 4008 	str.w	r4, [lr, #8]
1a003aa2:	60cc      	str	r4, [r1, #12]
1a003aa4:	e6ce      	b.n	1a003844 <_malloc_r+0x10c>
1a003aa6:	2b14      	cmp	r3, #20
1a003aa8:	d959      	bls.n	1a003b5e <_malloc_r+0x426>
1a003aaa:	2b54      	cmp	r3, #84	; 0x54
1a003aac:	f200 809d 	bhi.w	1a003bea <_malloc_r+0x4b2>
1a003ab0:	0b2b      	lsrs	r3, r5, #12
1a003ab2:	f103 006f 	add.w	r0, r3, #111	; 0x6f
1a003ab6:	f103 0c6e 	add.w	ip, r3, #110	; 0x6e
1a003aba:	00c3      	lsls	r3, r0, #3
1a003abc:	e681      	b.n	1a0037c2 <_malloc_r+0x8a>
1a003abe:	f108 0801 	add.w	r8, r8, #1
1a003ac2:	f018 0f03 	tst.w	r8, #3
1a003ac6:	f10e 0e08 	add.w	lr, lr, #8
1a003aca:	f47f aecd 	bne.w	1a003868 <_malloc_r+0x130>
1a003ace:	e051      	b.n	1a003b74 <_malloc_r+0x43c>
1a003ad0:	4419      	add	r1, r3
1a003ad2:	461c      	mov	r4, r3
1a003ad4:	684a      	ldr	r2, [r1, #4]
1a003ad6:	68db      	ldr	r3, [r3, #12]
1a003ad8:	f854 5f08 	ldr.w	r5, [r4, #8]!
1a003adc:	f042 0201 	orr.w	r2, r2, #1
1a003ae0:	604a      	str	r2, [r1, #4]
1a003ae2:	4630      	mov	r0, r6
1a003ae4:	60eb      	str	r3, [r5, #12]
1a003ae6:	609d      	str	r5, [r3, #8]
1a003ae8:	f000 f9ce 	bl	1a003e88 <__malloc_unlock>
1a003aec:	e6eb      	b.n	1a0038c6 <_malloc_r+0x18e>
1a003aee:	08e8      	lsrs	r0, r5, #3
1a003af0:	f105 0308 	add.w	r3, r5, #8
1a003af4:	e630      	b.n	1a003758 <_malloc_r+0x20>
1a003af6:	4423      	add	r3, r4
1a003af8:	4630      	mov	r0, r6
1a003afa:	685a      	ldr	r2, [r3, #4]
1a003afc:	f042 0201 	orr.w	r2, r2, #1
1a003b00:	605a      	str	r2, [r3, #4]
1a003b02:	3408      	adds	r4, #8
1a003b04:	f000 f9c0 	bl	1a003e88 <__malloc_unlock>
1a003b08:	e6dd      	b.n	1a0038c6 <_malloc_r+0x18e>
1a003b0a:	1961      	adds	r1, r4, r5
1a003b0c:	f045 0e01 	orr.w	lr, r5, #1
1a003b10:	f042 0501 	orr.w	r5, r2, #1
1a003b14:	f8c4 e004 	str.w	lr, [r4, #4]
1a003b18:	4630      	mov	r0, r6
1a003b1a:	e9c7 1104 	strd	r1, r1, [r7, #16]
1a003b1e:	e9c1 cc02 	strd	ip, ip, [r1, #8]
1a003b22:	604d      	str	r5, [r1, #4]
1a003b24:	50e2      	str	r2, [r4, r3]
1a003b26:	f000 f9af 	bl	1a003e88 <__malloc_unlock>
1a003b2a:	3408      	adds	r4, #8
1a003b2c:	e6cb      	b.n	1a0038c6 <_malloc_r+0x18e>
1a003b2e:	099a      	lsrs	r2, r3, #6
1a003b30:	f102 0139 	add.w	r1, r2, #57	; 0x39
1a003b34:	00c9      	lsls	r1, r1, #3
1a003b36:	3238      	adds	r2, #56	; 0x38
1a003b38:	e79c      	b.n	1a003a74 <_malloc_r+0x33c>
1a003b3a:	42bc      	cmp	r4, r7
1a003b3c:	d05f      	beq.n	1a003bfe <_malloc_r+0x4c6>
1a003b3e:	68bc      	ldr	r4, [r7, #8]
1a003b40:	6861      	ldr	r1, [r4, #4]
1a003b42:	f021 0b03 	bic.w	fp, r1, #3
1a003b46:	45ab      	cmp	fp, r5
1a003b48:	ebab 0305 	sub.w	r3, fp, r5
1a003b4c:	d302      	bcc.n	1a003b54 <_malloc_r+0x41c>
1a003b4e:	2b0f      	cmp	r3, #15
1a003b50:	f73f af59 	bgt.w	1a003a06 <_malloc_r+0x2ce>
1a003b54:	4630      	mov	r0, r6
1a003b56:	f000 f997 	bl	1a003e88 <__malloc_unlock>
1a003b5a:	2400      	movs	r4, #0
1a003b5c:	e6b3      	b.n	1a0038c6 <_malloc_r+0x18e>
1a003b5e:	f103 005c 	add.w	r0, r3, #92	; 0x5c
1a003b62:	f103 0c5b 	add.w	ip, r3, #91	; 0x5b
1a003b66:	00c3      	lsls	r3, r0, #3
1a003b68:	e62b      	b.n	1a0037c2 <_malloc_r+0x8a>
1a003b6a:	f859 3908 	ldr.w	r3, [r9], #-8
1a003b6e:	454b      	cmp	r3, r9
1a003b70:	f040 8096 	bne.w	1a003ca0 <_malloc_r+0x568>
1a003b74:	f010 0f03 	tst.w	r0, #3
1a003b78:	f100 30ff 	add.w	r0, r0, #4294967295
1a003b7c:	d1f5      	bne.n	1a003b6a <_malloc_r+0x432>
1a003b7e:	687b      	ldr	r3, [r7, #4]
1a003b80:	ea23 0304 	bic.w	r3, r3, r4
1a003b84:	607b      	str	r3, [r7, #4]
1a003b86:	0064      	lsls	r4, r4, #1
1a003b88:	429c      	cmp	r4, r3
1a003b8a:	f63f aeb7 	bhi.w	1a0038fc <_malloc_r+0x1c4>
1a003b8e:	b91c      	cbnz	r4, 1a003b98 <_malloc_r+0x460>
1a003b90:	e6b4      	b.n	1a0038fc <_malloc_r+0x1c4>
1a003b92:	0064      	lsls	r4, r4, #1
1a003b94:	f108 0804 	add.w	r8, r8, #4
1a003b98:	421c      	tst	r4, r3
1a003b9a:	d0fa      	beq.n	1a003b92 <_malloc_r+0x45a>
1a003b9c:	4640      	mov	r0, r8
1a003b9e:	e65f      	b.n	1a003860 <_malloc_r+0x128>
1a003ba0:	f103 0b10 	add.w	fp, r3, #16
1a003ba4:	e6c7      	b.n	1a003936 <_malloc_r+0x1fe>
1a003ba6:	687b      	ldr	r3, [r7, #4]
1a003ba8:	1092      	asrs	r2, r2, #2
1a003baa:	f04f 0801 	mov.w	r8, #1
1a003bae:	fa08 f202 	lsl.w	r2, r8, r2
1a003bb2:	4313      	orrs	r3, r2
1a003bb4:	607b      	str	r3, [r7, #4]
1a003bb6:	e770      	b.n	1a003a9a <_malloc_r+0x362>
1a003bb8:	eb02 000b 	add.w	r0, r2, fp
1a003bbc:	4240      	negs	r0, r0
1a003bbe:	f3c0 090b 	ubfx	r9, r0, #0, #12
1a003bc2:	4649      	mov	r1, r9
1a003bc4:	4630      	mov	r0, r6
1a003bc6:	9200      	str	r2, [sp, #0]
1a003bc8:	f7fd fbf0 	bl	1a0013ac <_sbrk_r>
1a003bcc:	1c43      	adds	r3, r0, #1
1a003bce:	e9dd 2300 	ldrd	r2, r3, [sp]
1a003bd2:	f47f aee6 	bne.w	1a0039a2 <_malloc_r+0x26a>
1a003bd6:	46d1      	mov	r9, sl
1a003bd8:	e6e6      	b.n	1a0039a8 <_malloc_r+0x270>
1a003bda:	2a54      	cmp	r2, #84	; 0x54
1a003bdc:	d825      	bhi.n	1a003c2a <_malloc_r+0x4f2>
1a003bde:	0b1a      	lsrs	r2, r3, #12
1a003be0:	f102 016f 	add.w	r1, r2, #111	; 0x6f
1a003be4:	00c9      	lsls	r1, r1, #3
1a003be6:	326e      	adds	r2, #110	; 0x6e
1a003be8:	e744      	b.n	1a003a74 <_malloc_r+0x33c>
1a003bea:	f5b3 7faa 	cmp.w	r3, #340	; 0x154
1a003bee:	d825      	bhi.n	1a003c3c <_malloc_r+0x504>
1a003bf0:	0beb      	lsrs	r3, r5, #15
1a003bf2:	f103 0078 	add.w	r0, r3, #120	; 0x78
1a003bf6:	f103 0c77 	add.w	ip, r3, #119	; 0x77
1a003bfa:	00c3      	lsls	r3, r0, #3
1a003bfc:	e5e1      	b.n	1a0037c2 <_malloc_r+0x8a>
1a003bfe:	4b29      	ldr	r3, [pc, #164]	; (1a003ca4 <_malloc_r+0x56c>)
1a003c00:	6819      	ldr	r1, [r3, #0]
1a003c02:	4459      	add	r1, fp
1a003c04:	6019      	str	r1, [r3, #0]
1a003c06:	e6a8      	b.n	1a00395a <_malloc_r+0x222>
1a003c08:	f3ca 0c0b 	ubfx	ip, sl, #0, #12
1a003c0c:	f1bc 0f00 	cmp.w	ip, #0
1a003c10:	f47f aea3 	bne.w	1a00395a <_malloc_r+0x222>
1a003c14:	44c3      	add	fp, r8
1a003c16:	68bc      	ldr	r4, [r7, #8]
1a003c18:	f04b 0101 	orr.w	r1, fp, #1
1a003c1c:	6061      	str	r1, [r4, #4]
1a003c1e:	e6e7      	b.n	1a0039f0 <_malloc_r+0x2b8>
1a003c20:	4614      	mov	r4, r2
1a003c22:	e6e5      	b.n	1a0039f0 <_malloc_r+0x2b8>
1a003c24:	2301      	movs	r3, #1
1a003c26:	6053      	str	r3, [r2, #4]
1a003c28:	e794      	b.n	1a003b54 <_malloc_r+0x41c>
1a003c2a:	f5b2 7faa 	cmp.w	r2, #340	; 0x154
1a003c2e:	d823      	bhi.n	1a003c78 <_malloc_r+0x540>
1a003c30:	0bda      	lsrs	r2, r3, #15
1a003c32:	f102 0178 	add.w	r1, r2, #120	; 0x78
1a003c36:	00c9      	lsls	r1, r1, #3
1a003c38:	3277      	adds	r2, #119	; 0x77
1a003c3a:	e71b      	b.n	1a003a74 <_malloc_r+0x33c>
1a003c3c:	f240 5254 	movw	r2, #1364	; 0x554
1a003c40:	4293      	cmp	r3, r2
1a003c42:	d823      	bhi.n	1a003c8c <_malloc_r+0x554>
1a003c44:	0cab      	lsrs	r3, r5, #18
1a003c46:	f103 007d 	add.w	r0, r3, #125	; 0x7d
1a003c4a:	f103 0c7c 	add.w	ip, r3, #124	; 0x7c
1a003c4e:	00c3      	lsls	r3, r0, #3
1a003c50:	e5b7      	b.n	1a0037c2 <_malloc_r+0x8a>
1a003c52:	f1aa 0a08 	sub.w	sl, sl, #8
1a003c56:	44d3      	add	fp, sl
1a003c58:	ebab 0b02 	sub.w	fp, fp, r2
1a003c5c:	f04f 0900 	mov.w	r9, #0
1a003c60:	e6a2      	b.n	1a0039a8 <_malloc_r+0x270>
1a003c62:	f104 0108 	add.w	r1, r4, #8
1a003c66:	4630      	mov	r0, r6
1a003c68:	9300      	str	r3, [sp, #0]
1a003c6a:	f7ff fc47 	bl	1a0034fc <_free_r>
1a003c6e:	68bc      	ldr	r4, [r7, #8]
1a003c70:	9b00      	ldr	r3, [sp, #0]
1a003c72:	6861      	ldr	r1, [r4, #4]
1a003c74:	6818      	ldr	r0, [r3, #0]
1a003c76:	e6bb      	b.n	1a0039f0 <_malloc_r+0x2b8>
1a003c78:	f240 5154 	movw	r1, #1364	; 0x554
1a003c7c:	428a      	cmp	r2, r1
1a003c7e:	d80b      	bhi.n	1a003c98 <_malloc_r+0x560>
1a003c80:	0c9a      	lsrs	r2, r3, #18
1a003c82:	f102 017d 	add.w	r1, r2, #125	; 0x7d
1a003c86:	00c9      	lsls	r1, r1, #3
1a003c88:	327c      	adds	r2, #124	; 0x7c
1a003c8a:	e6f3      	b.n	1a003a74 <_malloc_r+0x33c>
1a003c8c:	f44f 737e 	mov.w	r3, #1016	; 0x3f8
1a003c90:	207f      	movs	r0, #127	; 0x7f
1a003c92:	f04f 0c7e 	mov.w	ip, #126	; 0x7e
1a003c96:	e594      	b.n	1a0037c2 <_malloc_r+0x8a>
1a003c98:	f44f 717e 	mov.w	r1, #1016	; 0x3f8
1a003c9c:	227e      	movs	r2, #126	; 0x7e
1a003c9e:	e6e9      	b.n	1a003a74 <_malloc_r+0x33c>
1a003ca0:	687b      	ldr	r3, [r7, #4]
1a003ca2:	e770      	b.n	1a003b86 <_malloc_r+0x44e>
1a003ca4:	10000a90 	.word	0x10000a90

1a003ca8 <memcpy>:
1a003ca8:	4684      	mov	ip, r0
1a003caa:	ea41 0300 	orr.w	r3, r1, r0
1a003cae:	f013 0303 	ands.w	r3, r3, #3
1a003cb2:	d16d      	bne.n	1a003d90 <memcpy+0xe8>
1a003cb4:	3a40      	subs	r2, #64	; 0x40
1a003cb6:	d341      	bcc.n	1a003d3c <memcpy+0x94>
1a003cb8:	f851 3b04 	ldr.w	r3, [r1], #4
1a003cbc:	f840 3b04 	str.w	r3, [r0], #4
1a003cc0:	f851 3b04 	ldr.w	r3, [r1], #4
1a003cc4:	f840 3b04 	str.w	r3, [r0], #4
1a003cc8:	f851 3b04 	ldr.w	r3, [r1], #4
1a003ccc:	f840 3b04 	str.w	r3, [r0], #4
1a003cd0:	f851 3b04 	ldr.w	r3, [r1], #4
1a003cd4:	f840 3b04 	str.w	r3, [r0], #4
1a003cd8:	f851 3b04 	ldr.w	r3, [r1], #4
1a003cdc:	f840 3b04 	str.w	r3, [r0], #4
1a003ce0:	f851 3b04 	ldr.w	r3, [r1], #4
1a003ce4:	f840 3b04 	str.w	r3, [r0], #4
1a003ce8:	f851 3b04 	ldr.w	r3, [r1], #4
1a003cec:	f840 3b04 	str.w	r3, [r0], #4
1a003cf0:	f851 3b04 	ldr.w	r3, [r1], #4
1a003cf4:	f840 3b04 	str.w	r3, [r0], #4
1a003cf8:	f851 3b04 	ldr.w	r3, [r1], #4
1a003cfc:	f840 3b04 	str.w	r3, [r0], #4
1a003d00:	f851 3b04 	ldr.w	r3, [r1], #4
1a003d04:	f840 3b04 	str.w	r3, [r0], #4
1a003d08:	f851 3b04 	ldr.w	r3, [r1], #4
1a003d0c:	f840 3b04 	str.w	r3, [r0], #4
1a003d10:	f851 3b04 	ldr.w	r3, [r1], #4
1a003d14:	f840 3b04 	str.w	r3, [r0], #4
1a003d18:	f851 3b04 	ldr.w	r3, [r1], #4
1a003d1c:	f840 3b04 	str.w	r3, [r0], #4
1a003d20:	f851 3b04 	ldr.w	r3, [r1], #4
1a003d24:	f840 3b04 	str.w	r3, [r0], #4
1a003d28:	f851 3b04 	ldr.w	r3, [r1], #4
1a003d2c:	f840 3b04 	str.w	r3, [r0], #4
1a003d30:	f851 3b04 	ldr.w	r3, [r1], #4
1a003d34:	f840 3b04 	str.w	r3, [r0], #4
1a003d38:	3a40      	subs	r2, #64	; 0x40
1a003d3a:	d2bd      	bcs.n	1a003cb8 <memcpy+0x10>
1a003d3c:	3230      	adds	r2, #48	; 0x30
1a003d3e:	d311      	bcc.n	1a003d64 <memcpy+0xbc>
1a003d40:	f851 3b04 	ldr.w	r3, [r1], #4
1a003d44:	f840 3b04 	str.w	r3, [r0], #4
1a003d48:	f851 3b04 	ldr.w	r3, [r1], #4
1a003d4c:	f840 3b04 	str.w	r3, [r0], #4
1a003d50:	f851 3b04 	ldr.w	r3, [r1], #4
1a003d54:	f840 3b04 	str.w	r3, [r0], #4
1a003d58:	f851 3b04 	ldr.w	r3, [r1], #4
1a003d5c:	f840 3b04 	str.w	r3, [r0], #4
1a003d60:	3a10      	subs	r2, #16
1a003d62:	d2ed      	bcs.n	1a003d40 <memcpy+0x98>
1a003d64:	320c      	adds	r2, #12
1a003d66:	d305      	bcc.n	1a003d74 <memcpy+0xcc>
1a003d68:	f851 3b04 	ldr.w	r3, [r1], #4
1a003d6c:	f840 3b04 	str.w	r3, [r0], #4
1a003d70:	3a04      	subs	r2, #4
1a003d72:	d2f9      	bcs.n	1a003d68 <memcpy+0xc0>
1a003d74:	3204      	adds	r2, #4
1a003d76:	d008      	beq.n	1a003d8a <memcpy+0xe2>
1a003d78:	07d2      	lsls	r2, r2, #31
1a003d7a:	bf1c      	itt	ne
1a003d7c:	f811 3b01 	ldrbne.w	r3, [r1], #1
1a003d80:	f800 3b01 	strbne.w	r3, [r0], #1
1a003d84:	d301      	bcc.n	1a003d8a <memcpy+0xe2>
1a003d86:	880b      	ldrh	r3, [r1, #0]
1a003d88:	8003      	strh	r3, [r0, #0]
1a003d8a:	4660      	mov	r0, ip
1a003d8c:	4770      	bx	lr
1a003d8e:	bf00      	nop
1a003d90:	2a08      	cmp	r2, #8
1a003d92:	d313      	bcc.n	1a003dbc <memcpy+0x114>
1a003d94:	078b      	lsls	r3, r1, #30
1a003d96:	d08d      	beq.n	1a003cb4 <memcpy+0xc>
1a003d98:	f010 0303 	ands.w	r3, r0, #3
1a003d9c:	d08a      	beq.n	1a003cb4 <memcpy+0xc>
1a003d9e:	f1c3 0304 	rsb	r3, r3, #4
1a003da2:	1ad2      	subs	r2, r2, r3
1a003da4:	07db      	lsls	r3, r3, #31
1a003da6:	bf1c      	itt	ne
1a003da8:	f811 3b01 	ldrbne.w	r3, [r1], #1
1a003dac:	f800 3b01 	strbne.w	r3, [r0], #1
1a003db0:	d380      	bcc.n	1a003cb4 <memcpy+0xc>
1a003db2:	f831 3b02 	ldrh.w	r3, [r1], #2
1a003db6:	f820 3b02 	strh.w	r3, [r0], #2
1a003dba:	e77b      	b.n	1a003cb4 <memcpy+0xc>
1a003dbc:	3a04      	subs	r2, #4
1a003dbe:	d3d9      	bcc.n	1a003d74 <memcpy+0xcc>
1a003dc0:	3a01      	subs	r2, #1
1a003dc2:	f811 3b01 	ldrb.w	r3, [r1], #1
1a003dc6:	f800 3b01 	strb.w	r3, [r0], #1
1a003dca:	d2f9      	bcs.n	1a003dc0 <memcpy+0x118>
1a003dcc:	780b      	ldrb	r3, [r1, #0]
1a003dce:	7003      	strb	r3, [r0, #0]
1a003dd0:	784b      	ldrb	r3, [r1, #1]
1a003dd2:	7043      	strb	r3, [r0, #1]
1a003dd4:	788b      	ldrb	r3, [r1, #2]
1a003dd6:	7083      	strb	r3, [r0, #2]
1a003dd8:	4660      	mov	r0, ip
1a003dda:	4770      	bx	lr

1a003ddc <memset>:
1a003ddc:	b4f0      	push	{r4, r5, r6, r7}
1a003dde:	0786      	lsls	r6, r0, #30
1a003de0:	d046      	beq.n	1a003e70 <memset+0x94>
1a003de2:	1e54      	subs	r4, r2, #1
1a003de4:	2a00      	cmp	r2, #0
1a003de6:	d03c      	beq.n	1a003e62 <memset+0x86>
1a003de8:	b2ca      	uxtb	r2, r1
1a003dea:	4603      	mov	r3, r0
1a003dec:	e002      	b.n	1a003df4 <memset+0x18>
1a003dee:	f114 34ff 	adds.w	r4, r4, #4294967295
1a003df2:	d336      	bcc.n	1a003e62 <memset+0x86>
1a003df4:	f803 2b01 	strb.w	r2, [r3], #1
1a003df8:	079d      	lsls	r5, r3, #30
1a003dfa:	d1f8      	bne.n	1a003dee <memset+0x12>
1a003dfc:	2c03      	cmp	r4, #3
1a003dfe:	d929      	bls.n	1a003e54 <memset+0x78>
1a003e00:	b2cd      	uxtb	r5, r1
1a003e02:	ea45 2505 	orr.w	r5, r5, r5, lsl #8
1a003e06:	2c0f      	cmp	r4, #15
1a003e08:	ea45 4505 	orr.w	r5, r5, r5, lsl #16
1a003e0c:	d933      	bls.n	1a003e76 <memset+0x9a>
1a003e0e:	f1a4 0610 	sub.w	r6, r4, #16
1a003e12:	0936      	lsrs	r6, r6, #4
1a003e14:	f103 0720 	add.w	r7, r3, #32
1a003e18:	eb07 1706 	add.w	r7, r7, r6, lsl #4
1a003e1c:	f103 0210 	add.w	r2, r3, #16
1a003e20:	e942 5504 	strd	r5, r5, [r2, #-16]
1a003e24:	e942 5502 	strd	r5, r5, [r2, #-8]
1a003e28:	3210      	adds	r2, #16
1a003e2a:	42ba      	cmp	r2, r7
1a003e2c:	d1f8      	bne.n	1a003e20 <memset+0x44>
1a003e2e:	1c72      	adds	r2, r6, #1
1a003e30:	f014 0f0c 	tst.w	r4, #12
1a003e34:	eb03 1202 	add.w	r2, r3, r2, lsl #4
1a003e38:	f004 060f 	and.w	r6, r4, #15
1a003e3c:	d013      	beq.n	1a003e66 <memset+0x8a>
1a003e3e:	1f33      	subs	r3, r6, #4
1a003e40:	f023 0303 	bic.w	r3, r3, #3
1a003e44:	3304      	adds	r3, #4
1a003e46:	4413      	add	r3, r2
1a003e48:	f842 5b04 	str.w	r5, [r2], #4
1a003e4c:	4293      	cmp	r3, r2
1a003e4e:	d1fb      	bne.n	1a003e48 <memset+0x6c>
1a003e50:	f006 0403 	and.w	r4, r6, #3
1a003e54:	b12c      	cbz	r4, 1a003e62 <memset+0x86>
1a003e56:	b2c9      	uxtb	r1, r1
1a003e58:	441c      	add	r4, r3
1a003e5a:	f803 1b01 	strb.w	r1, [r3], #1
1a003e5e:	429c      	cmp	r4, r3
1a003e60:	d1fb      	bne.n	1a003e5a <memset+0x7e>
1a003e62:	bcf0      	pop	{r4, r5, r6, r7}
1a003e64:	4770      	bx	lr
1a003e66:	4634      	mov	r4, r6
1a003e68:	4613      	mov	r3, r2
1a003e6a:	2c00      	cmp	r4, #0
1a003e6c:	d1f3      	bne.n	1a003e56 <memset+0x7a>
1a003e6e:	e7f8      	b.n	1a003e62 <memset+0x86>
1a003e70:	4614      	mov	r4, r2
1a003e72:	4603      	mov	r3, r0
1a003e74:	e7c2      	b.n	1a003dfc <memset+0x20>
1a003e76:	461a      	mov	r2, r3
1a003e78:	4626      	mov	r6, r4
1a003e7a:	e7e0      	b.n	1a003e3e <memset+0x62>

1a003e7c <__malloc_lock>:
1a003e7c:	4801      	ldr	r0, [pc, #4]	; (1a003e84 <__malloc_lock+0x8>)
1a003e7e:	f7ff bc57 	b.w	1a003730 <__retarget_lock_acquire_recursive>
1a003e82:	bf00      	nop
1a003e84:	10000adc 	.word	0x10000adc

1a003e88 <__malloc_unlock>:
1a003e88:	4801      	ldr	r0, [pc, #4]	; (1a003e90 <__malloc_unlock+0x8>)
1a003e8a:	f7ff bc53 	b.w	1a003734 <__retarget_lock_release_recursive>
1a003e8e:	bf00      	nop
1a003e90:	10000adc 	.word	0x10000adc

1a003e94 <sprintf>:
1a003e94:	b40e      	push	{r1, r2, r3}
1a003e96:	b530      	push	{r4, r5, lr}
1a003e98:	b09c      	sub	sp, #112	; 0x70
1a003e9a:	ab1f      	add	r3, sp, #124	; 0x7c
1a003e9c:	4c0c      	ldr	r4, [pc, #48]	; (1a003ed0 <sprintf+0x3c>)
1a003e9e:	4d0d      	ldr	r5, [pc, #52]	; (1a003ed4 <sprintf+0x40>)
1a003ea0:	f853 2b04 	ldr.w	r2, [r3], #4
1a003ea4:	9301      	str	r3, [sp, #4]
1a003ea6:	4601      	mov	r1, r0
1a003ea8:	9102      	str	r1, [sp, #8]
1a003eaa:	9106      	str	r1, [sp, #24]
1a003eac:	6820      	ldr	r0, [r4, #0]
1a003eae:	a902      	add	r1, sp, #8
1a003eb0:	f06f 4400 	mvn.w	r4, #2147483648	; 0x80000000
1a003eb4:	9407      	str	r4, [sp, #28]
1a003eb6:	e9cd 4504 	strd	r4, r5, [sp, #16]
1a003eba:	f000 f891 	bl	1a003fe0 <_svfprintf_r>
1a003ebe:	9b02      	ldr	r3, [sp, #8]
1a003ec0:	2200      	movs	r2, #0
1a003ec2:	701a      	strb	r2, [r3, #0]
1a003ec4:	b01c      	add	sp, #112	; 0x70
1a003ec6:	e8bd 4030 	ldmia.w	sp!, {r4, r5, lr}
1a003eca:	b003      	add	sp, #12
1a003ecc:	4770      	bx	lr
1a003ece:	bf00      	nop
1a003ed0:	10000080 	.word	0x10000080
1a003ed4:	ffff0208 	.word	0xffff0208
1a003ed8:	ffffffff 	.word	0xffffffff
1a003edc:	ffffffff 	.word	0xffffffff
1a003ee0:	ffffffff 	.word	0xffffffff
1a003ee4:	ffffffff 	.word	0xffffffff
1a003ee8:	ffffffff 	.word	0xffffffff
1a003eec:	ffffffff 	.word	0xffffffff
1a003ef0:	ffffffff 	.word	0xffffffff
1a003ef4:	ffffffff 	.word	0xffffffff
1a003ef8:	ffffffff 	.word	0xffffffff
1a003efc:	ffffffff 	.word	0xffffffff

1a003f00 <strlen>:
1a003f00:	f890 f000 	pld	[r0]
1a003f04:	e96d 4502 	strd	r4, r5, [sp, #-8]!
1a003f08:	f020 0107 	bic.w	r1, r0, #7
1a003f0c:	f06f 0c00 	mvn.w	ip, #0
1a003f10:	f010 0407 	ands.w	r4, r0, #7
1a003f14:	f891 f020 	pld	[r1, #32]
1a003f18:	f040 8049 	bne.w	1a003fae <strlen+0xae>
1a003f1c:	f04f 0400 	mov.w	r4, #0
1a003f20:	f06f 0007 	mvn.w	r0, #7
1a003f24:	e9d1 2300 	ldrd	r2, r3, [r1]
1a003f28:	f891 f040 	pld	[r1, #64]	; 0x40
1a003f2c:	f100 0008 	add.w	r0, r0, #8
1a003f30:	fa82 f24c 	uadd8	r2, r2, ip
1a003f34:	faa4 f28c 	sel	r2, r4, ip
1a003f38:	fa83 f34c 	uadd8	r3, r3, ip
1a003f3c:	faa2 f38c 	sel	r3, r2, ip
1a003f40:	bb4b      	cbnz	r3, 1a003f96 <strlen+0x96>
1a003f42:	e9d1 2302 	ldrd	r2, r3, [r1, #8]
1a003f46:	fa82 f24c 	uadd8	r2, r2, ip
1a003f4a:	f100 0008 	add.w	r0, r0, #8
1a003f4e:	faa4 f28c 	sel	r2, r4, ip
1a003f52:	fa83 f34c 	uadd8	r3, r3, ip
1a003f56:	faa2 f38c 	sel	r3, r2, ip
1a003f5a:	b9e3      	cbnz	r3, 1a003f96 <strlen+0x96>
1a003f5c:	e9d1 2304 	ldrd	r2, r3, [r1, #16]
1a003f60:	fa82 f24c 	uadd8	r2, r2, ip
1a003f64:	f100 0008 	add.w	r0, r0, #8
1a003f68:	faa4 f28c 	sel	r2, r4, ip
1a003f6c:	fa83 f34c 	uadd8	r3, r3, ip
1a003f70:	faa2 f38c 	sel	r3, r2, ip
1a003f74:	b97b      	cbnz	r3, 1a003f96 <strlen+0x96>
1a003f76:	e9d1 2306 	ldrd	r2, r3, [r1, #24]
1a003f7a:	f101 0120 	add.w	r1, r1, #32
1a003f7e:	fa82 f24c 	uadd8	r2, r2, ip
1a003f82:	f100 0008 	add.w	r0, r0, #8
1a003f86:	faa4 f28c 	sel	r2, r4, ip
1a003f8a:	fa83 f34c 	uadd8	r3, r3, ip
1a003f8e:	faa2 f38c 	sel	r3, r2, ip
1a003f92:	2b00      	cmp	r3, #0
1a003f94:	d0c6      	beq.n	1a003f24 <strlen+0x24>
1a003f96:	2a00      	cmp	r2, #0
1a003f98:	bf04      	itt	eq
1a003f9a:	3004      	addeq	r0, #4
1a003f9c:	461a      	moveq	r2, r3
1a003f9e:	ba12      	rev	r2, r2
1a003fa0:	fab2 f282 	clz	r2, r2
1a003fa4:	e8fd 4502 	ldrd	r4, r5, [sp], #8
1a003fa8:	eb00 00d2 	add.w	r0, r0, r2, lsr #3
1a003fac:	4770      	bx	lr
1a003fae:	e9d1 2300 	ldrd	r2, r3, [r1]
1a003fb2:	f004 0503 	and.w	r5, r4, #3
1a003fb6:	f1c4 0000 	rsb	r0, r4, #0
1a003fba:	ea4f 05c5 	mov.w	r5, r5, lsl #3
1a003fbe:	f014 0f04 	tst.w	r4, #4
1a003fc2:	f891 f040 	pld	[r1, #64]	; 0x40
1a003fc6:	fa0c f505 	lsl.w	r5, ip, r5
1a003fca:	ea62 0205 	orn	r2, r2, r5
1a003fce:	bf1c      	itt	ne
1a003fd0:	ea63 0305 	ornne	r3, r3, r5
1a003fd4:	4662      	movne	r2, ip
1a003fd6:	f04f 0400 	mov.w	r4, #0
1a003fda:	e7a9      	b.n	1a003f30 <strlen+0x30>
1a003fdc:	ffff ffff 			; <UNDEFINED> instruction: 0xffffffff

1a003fe0 <_svfprintf_r>:
1a003fe0:	e92d 4ff0 	stmdb	sp!, {r4, r5, r6, r7, r8, r9, sl, fp, lr}
1a003fe4:	b0d5      	sub	sp, #340	; 0x154
1a003fe6:	460c      	mov	r4, r1
1a003fe8:	9107      	str	r1, [sp, #28]
1a003fea:	4693      	mov	fp, r2
1a003fec:	9309      	str	r3, [sp, #36]	; 0x24
1a003fee:	9006      	str	r0, [sp, #24]
1a003ff0:	f002 fcd0 	bl	1a006994 <_localeconv_r>
1a003ff4:	6803      	ldr	r3, [r0, #0]
1a003ff6:	9315      	str	r3, [sp, #84]	; 0x54
1a003ff8:	4618      	mov	r0, r3
1a003ffa:	f7ff ff81 	bl	1a003f00 <strlen>
1a003ffe:	89a3      	ldrh	r3, [r4, #12]
1a004000:	9013      	str	r0, [sp, #76]	; 0x4c
1a004002:	061d      	lsls	r5, r3, #24
1a004004:	d503      	bpl.n	1a00400e <_svfprintf_r+0x2e>
1a004006:	6923      	ldr	r3, [r4, #16]
1a004008:	2b00      	cmp	r3, #0
1a00400a:	f001 8018 	beq.w	1a00503e <_svfprintf_r+0x105e>
1a00400e:	2300      	movs	r3, #0
1a004010:	465e      	mov	r6, fp
1a004012:	ed9f 7b91 	vldr	d7, [pc, #580]	; 1a004258 <_svfprintf_r+0x278>
1a004016:	9312      	str	r3, [sp, #72]	; 0x48
1a004018:	e9cd 3329 	strd	r3, r3, [sp, #164]	; 0xa4
1a00401c:	9314      	str	r3, [sp, #80]	; 0x50
1a00401e:	9316      	str	r3, [sp, #88]	; 0x58
1a004020:	e9cd 3318 	strd	r3, r3, [sp, #96]	; 0x60
1a004024:	9317      	str	r3, [sp, #92]	; 0x5c
1a004026:	9304      	str	r3, [sp, #16]
1a004028:	ab2b      	add	r3, sp, #172	; 0xac
1a00402a:	9328      	str	r3, [sp, #160]	; 0xa0
1a00402c:	4699      	mov	r9, r3
1a00402e:	7833      	ldrb	r3, [r6, #0]
1a004030:	ed8d 7b10 	vstr	d7, [sp, #64]	; 0x40
1a004034:	2b00      	cmp	r3, #0
1a004036:	f000 8177 	beq.w	1a004328 <_svfprintf_r+0x348>
1a00403a:	2b25      	cmp	r3, #37	; 0x25
1a00403c:	f000 86c4 	beq.w	1a004dc8 <_svfprintf_r+0xde8>
1a004040:	4635      	mov	r5, r6
1a004042:	e003      	b.n	1a00404c <_svfprintf_r+0x6c>
1a004044:	2b25      	cmp	r3, #37	; 0x25
1a004046:	f000 8096 	beq.w	1a004176 <_svfprintf_r+0x196>
1a00404a:	4625      	mov	r5, r4
1a00404c:	786b      	ldrb	r3, [r5, #1]
1a00404e:	1c6c      	adds	r4, r5, #1
1a004050:	2b00      	cmp	r3, #0
1a004052:	d1f7      	bne.n	1a004044 <_svfprintf_r+0x64>
1a004054:	1ba7      	subs	r7, r4, r6
1a004056:	f000 8167 	beq.w	1a004328 <_svfprintf_r+0x348>
1a00405a:	e9dd 3229 	ldrd	r3, r2, [sp, #164]	; 0xa4
1a00405e:	3301      	adds	r3, #1
1a004060:	443a      	add	r2, r7
1a004062:	2b07      	cmp	r3, #7
1a004064:	f8c9 6000 	str.w	r6, [r9]
1a004068:	f8c9 7004 	str.w	r7, [r9, #4]
1a00406c:	e9cd 3229 	strd	r3, r2, [sp, #164]	; 0xa4
1a004070:	f300 8084 	bgt.w	1a00417c <_svfprintf_r+0x19c>
1a004074:	f109 0908 	add.w	r9, r9, #8
1a004078:	9a04      	ldr	r2, [sp, #16]
1a00407a:	786b      	ldrb	r3, [r5, #1]
1a00407c:	443a      	add	r2, r7
1a00407e:	9204      	str	r2, [sp, #16]
1a004080:	2b00      	cmp	r3, #0
1a004082:	f000 8151 	beq.w	1a004328 <_svfprintf_r+0x348>
1a004086:	2300      	movs	r3, #0
1a004088:	f894 8001 	ldrb.w	r8, [r4, #1]
1a00408c:	9305      	str	r3, [sp, #20]
1a00408e:	f88d 3083 	strb.w	r3, [sp, #131]	; 0x83
1a004092:	9302      	str	r3, [sp, #8]
1a004094:	f104 0b01 	add.w	fp, r4, #1
1a004098:	f04f 3aff 	mov.w	sl, #4294967295
1a00409c:	272b      	movs	r7, #43	; 0x2b
1a00409e:	2120      	movs	r1, #32
1a0040a0:	f10b 0b01 	add.w	fp, fp, #1
1a0040a4:	f1a8 0320 	sub.w	r3, r8, #32
1a0040a8:	2b5a      	cmp	r3, #90	; 0x5a
1a0040aa:	f200 836c 	bhi.w	1a004786 <_svfprintf_r+0x7a6>
1a0040ae:	e8df f013 	tbh	[pc, r3, lsl #1]
1a0040b2:	034b      	.short	0x034b
1a0040b4:	036a036a 	.word	0x036a036a
1a0040b8:	036a0344 	.word	0x036a0344
1a0040bc:	036a036a 	.word	0x036a036a
1a0040c0:	036a0321 	.word	0x036a0321
1a0040c4:	0215036a 	.word	0x0215036a
1a0040c8:	036a0210 	.word	0x036a0210
1a0040cc:	01f600cb 	.word	0x01f600cb
1a0040d0:	01ef036a 	.word	0x01ef036a
1a0040d4:	00a800a8 	.word	0x00a800a8
1a0040d8:	00a800a8 	.word	0x00a800a8
1a0040dc:	00a800a8 	.word	0x00a800a8
1a0040e0:	00a800a8 	.word	0x00a800a8
1a0040e4:	036a00a8 	.word	0x036a00a8
1a0040e8:	036a036a 	.word	0x036a036a
1a0040ec:	036a036a 	.word	0x036a036a
1a0040f0:	036a036a 	.word	0x036a036a
1a0040f4:	036a02df 	.word	0x036a02df
1a0040f8:	01960223 	.word	0x01960223
1a0040fc:	02df02df 	.word	0x02df02df
1a004100:	036a02df 	.word	0x036a02df
1a004104:	036a036a 	.word	0x036a036a
1a004108:	018f036a 	.word	0x018f036a
1a00410c:	036a036a 	.word	0x036a036a
1a004110:	036a017e 	.word	0x036a017e
1a004114:	036a036a 	.word	0x036a036a
1a004118:	036a0152 	.word	0x036a0152
1a00411c:	036a01ca 	.word	0x036a01ca
1a004120:	00b7036a 	.word	0x00b7036a
1a004124:	036a036a 	.word	0x036a036a
1a004128:	036a036a 	.word	0x036a036a
1a00412c:	036a036a 	.word	0x036a036a
1a004130:	036a036a 	.word	0x036a036a
1a004134:	036a02df 	.word	0x036a02df
1a004138:	01d90223 	.word	0x01d90223
1a00413c:	02df02df 	.word	0x02df02df
1a004140:	01bf02df 	.word	0x01bf02df
1a004144:	005b01d9 	.word	0x005b01d9
1a004148:	0147036a 	.word	0x0147036a
1a00414c:	011e036a 	.word	0x011e036a
1a004150:	00db010c 	.word	0x00db010c
1a004154:	036a005b 	.word	0x036a005b
1a004158:	005f0152 	.word	0x005f0152
1a00415c:	036a0355 	.word	0x036a0355
1a004160:	0089036a 	.word	0x0089036a
1a004164:	005f036a 	.word	0x005f036a
1a004168:	9b02      	ldr	r3, [sp, #8]
1a00416a:	f043 0320 	orr.w	r3, r3, #32
1a00416e:	9302      	str	r3, [sp, #8]
1a004170:	f89b 8000 	ldrb.w	r8, [fp]
1a004174:	e794      	b.n	1a0040a0 <_svfprintf_r+0xc0>
1a004176:	1ba7      	subs	r7, r4, r6
1a004178:	d085      	beq.n	1a004086 <_svfprintf_r+0xa6>
1a00417a:	e76e      	b.n	1a00405a <_svfprintf_r+0x7a>
1a00417c:	aa28      	add	r2, sp, #160	; 0xa0
1a00417e:	e9dd 0106 	ldrd	r0, r1, [sp, #24]
1a004182:	f003 f9f5 	bl	1a007570 <__ssprint_r>
1a004186:	b980      	cbnz	r0, 1a0041aa <_svfprintf_r+0x1ca>
1a004188:	f10d 09ac 	add.w	r9, sp, #172	; 0xac
1a00418c:	e774      	b.n	1a004078 <_svfprintf_r+0x98>
1a00418e:	aa28      	add	r2, sp, #160	; 0xa0
1a004190:	e9dd 0106 	ldrd	r0, r1, [sp, #24]
1a004194:	f003 f9ec 	bl	1a007570 <__ssprint_r>
1a004198:	2800      	cmp	r0, #0
1a00419a:	f000 8221 	beq.w	1a0045e0 <_svfprintf_r+0x600>
1a00419e:	9b08      	ldr	r3, [sp, #32]
1a0041a0:	b11b      	cbz	r3, 1a0041aa <_svfprintf_r+0x1ca>
1a0041a2:	9908      	ldr	r1, [sp, #32]
1a0041a4:	9806      	ldr	r0, [sp, #24]
1a0041a6:	f7ff f9a9 	bl	1a0034fc <_free_r>
1a0041aa:	9b07      	ldr	r3, [sp, #28]
1a0041ac:	899b      	ldrh	r3, [r3, #12]
1a0041ae:	f013 0f40 	tst.w	r3, #64	; 0x40
1a0041b2:	9b04      	ldr	r3, [sp, #16]
1a0041b4:	bf18      	it	ne
1a0041b6:	f04f 33ff 	movne.w	r3, #4294967295
1a0041ba:	9304      	str	r3, [sp, #16]
1a0041bc:	9804      	ldr	r0, [sp, #16]
1a0041be:	b055      	add	sp, #340	; 0x154
1a0041c0:	e8bd 8ff0 	ldmia.w	sp!, {r4, r5, r6, r7, r8, r9, sl, fp, pc}
1a0041c4:	4b26      	ldr	r3, [pc, #152]	; (1a004260 <_svfprintf_r+0x280>)
1a0041c6:	9314      	str	r3, [sp, #80]	; 0x50
1a0041c8:	9b02      	ldr	r3, [sp, #8]
1a0041ca:	0699      	lsls	r1, r3, #26
1a0041cc:	d52d      	bpl.n	1a00422a <_svfprintf_r+0x24a>
1a0041ce:	9c09      	ldr	r4, [sp, #36]	; 0x24
1a0041d0:	3407      	adds	r4, #7
1a0041d2:	f024 0307 	bic.w	r3, r4, #7
1a0041d6:	e8f3 4502 	ldrd	r4, r5, [r3], #8
1a0041da:	9309      	str	r3, [sp, #36]	; 0x24
1a0041dc:	9a02      	ldr	r2, [sp, #8]
1a0041de:	07d6      	lsls	r6, r2, #31
1a0041e0:	d50a      	bpl.n	1a0041f8 <_svfprintf_r+0x218>
1a0041e2:	ea54 0305 	orrs.w	r3, r4, r5
1a0041e6:	d007      	beq.n	1a0041f8 <_svfprintf_r+0x218>
1a0041e8:	2330      	movs	r3, #48	; 0x30
1a0041ea:	f042 0202 	orr.w	r2, r2, #2
1a0041ee:	f88d 8085 	strb.w	r8, [sp, #133]	; 0x85
1a0041f2:	9202      	str	r2, [sp, #8]
1a0041f4:	f88d 3084 	strb.w	r3, [sp, #132]	; 0x84
1a0041f8:	9b02      	ldr	r3, [sp, #8]
1a0041fa:	f423 6780 	bic.w	r7, r3, #1024	; 0x400
1a0041fe:	2302      	movs	r3, #2
1a004200:	e044      	b.n	1a00428c <_svfprintf_r+0x2ac>
1a004202:	f1a8 0330 	sub.w	r3, r8, #48	; 0x30
1a004206:	2200      	movs	r2, #0
1a004208:	f81b 8b01 	ldrb.w	r8, [fp], #1
1a00420c:	eb02 0282 	add.w	r2, r2, r2, lsl #2
1a004210:	eb03 0242 	add.w	r2, r3, r2, lsl #1
1a004214:	f1a8 0330 	sub.w	r3, r8, #48	; 0x30
1a004218:	2b09      	cmp	r3, #9
1a00421a:	d9f5      	bls.n	1a004208 <_svfprintf_r+0x228>
1a00421c:	9205      	str	r2, [sp, #20]
1a00421e:	e741      	b.n	1a0040a4 <_svfprintf_r+0xc4>
1a004220:	4b10      	ldr	r3, [pc, #64]	; (1a004264 <_svfprintf_r+0x284>)
1a004222:	9314      	str	r3, [sp, #80]	; 0x50
1a004224:	9b02      	ldr	r3, [sp, #8]
1a004226:	0699      	lsls	r1, r3, #26
1a004228:	d4d1      	bmi.n	1a0041ce <_svfprintf_r+0x1ee>
1a00422a:	9b09      	ldr	r3, [sp, #36]	; 0x24
1a00422c:	f853 4b04 	ldr.w	r4, [r3], #4
1a004230:	9309      	str	r3, [sp, #36]	; 0x24
1a004232:	9b02      	ldr	r3, [sp, #8]
1a004234:	06da      	lsls	r2, r3, #27
1a004236:	f100 85ef 	bmi.w	1a004e18 <_svfprintf_r+0xe38>
1a00423a:	9b02      	ldr	r3, [sp, #8]
1a00423c:	065b      	lsls	r3, r3, #25
1a00423e:	f140 85e7 	bpl.w	1a004e10 <_svfprintf_r+0xe30>
1a004242:	b2a4      	uxth	r4, r4
1a004244:	2500      	movs	r5, #0
1a004246:	e7c9      	b.n	1a0041dc <_svfprintf_r+0x1fc>
1a004248:	f89b 8000 	ldrb.w	r8, [fp]
1a00424c:	9b02      	ldr	r3, [sp, #8]
1a00424e:	f043 0304 	orr.w	r3, r3, #4
1a004252:	9302      	str	r3, [sp, #8]
1a004254:	e724      	b.n	1a0040a0 <_svfprintf_r+0xc0>
1a004256:	bf00      	nop
	...
1a004260:	1a007f30 	.word	0x1a007f30
1a004264:	1a007f44 	.word	0x1a007f44
1a004268:	9c09      	ldr	r4, [sp, #36]	; 0x24
1a00426a:	f647 0230 	movw	r2, #30768	; 0x7830
1a00426e:	f854 3b04 	ldr.w	r3, [r4], #4
1a004272:	f8ad 2084 	strh.w	r2, [sp, #132]	; 0x84
1a004276:	9a02      	ldr	r2, [sp, #8]
1a004278:	9409      	str	r4, [sp, #36]	; 0x24
1a00427a:	461c      	mov	r4, r3
1a00427c:	4b9d      	ldr	r3, [pc, #628]	; (1a0044f4 <_svfprintf_r+0x514>)
1a00427e:	9314      	str	r3, [sp, #80]	; 0x50
1a004280:	f042 0702 	orr.w	r7, r2, #2
1a004284:	2500      	movs	r5, #0
1a004286:	2302      	movs	r3, #2
1a004288:	f04f 0878 	mov.w	r8, #120	; 0x78
1a00428c:	2200      	movs	r2, #0
1a00428e:	f88d 2083 	strb.w	r2, [sp, #131]	; 0x83
1a004292:	f1ba 3fff 	cmp.w	sl, #4294967295
1a004296:	f000 829b 	beq.w	1a0047d0 <_svfprintf_r+0x7f0>
1a00429a:	f027 0280 	bic.w	r2, r7, #128	; 0x80
1a00429e:	9202      	str	r2, [sp, #8]
1a0042a0:	ea54 0205 	orrs.w	r2, r4, r5
1a0042a4:	f040 8293 	bne.w	1a0047ce <_svfprintf_r+0x7ee>
1a0042a8:	f1ba 0f00 	cmp.w	sl, #0
1a0042ac:	f040 8490 	bne.w	1a004bd0 <_svfprintf_r+0xbf0>
1a0042b0:	2b00      	cmp	r3, #0
1a0042b2:	f040 80b8 	bne.w	1a004426 <_svfprintf_r+0x446>
1a0042b6:	f017 0701 	ands.w	r7, r7, #1
1a0042ba:	f000 85a7 	beq.w	1a004e0c <_svfprintf_r+0xe2c>
1a0042be:	2330      	movs	r3, #48	; 0x30
1a0042c0:	f88d 314f 	strb.w	r3, [sp, #335]	; 0x14f
1a0042c4:	f20d 164f 	addw	r6, sp, #335	; 0x14f
1a0042c8:	e274      	b.n	1a0047b4 <_svfprintf_r+0x7d4>
1a0042ca:	9f02      	ldr	r7, [sp, #8]
1a0042cc:	06be      	lsls	r6, r7, #26
1a0042ce:	d474      	bmi.n	1a0043ba <_svfprintf_r+0x3da>
1a0042d0:	9b02      	ldr	r3, [sp, #8]
1a0042d2:	9a09      	ldr	r2, [sp, #36]	; 0x24
1a0042d4:	06dd      	lsls	r5, r3, #27
1a0042d6:	f852 4b04 	ldr.w	r4, [r2], #4
1a0042da:	f101 8399 	bmi.w	1a005a10 <_svfprintf_r+0x1a30>
1a0042de:	9f02      	ldr	r7, [sp, #8]
1a0042e0:	0678      	lsls	r0, r7, #25
1a0042e2:	f141 8070 	bpl.w	1a0053c6 <_svfprintf_r+0x13e6>
1a0042e6:	9209      	str	r2, [sp, #36]	; 0x24
1a0042e8:	b2a4      	uxth	r4, r4
1a0042ea:	2500      	movs	r5, #0
1a0042ec:	e06c      	b.n	1a0043c8 <_svfprintf_r+0x3e8>
1a0042ee:	9902      	ldr	r1, [sp, #8]
1a0042f0:	9a09      	ldr	r2, [sp, #36]	; 0x24
1a0042f2:	068c      	lsls	r4, r1, #26
1a0042f4:	f102 0304 	add.w	r3, r2, #4
1a0042f8:	f100 8591 	bmi.w	1a004e1e <_svfprintf_r+0xe3e>
1a0042fc:	9a02      	ldr	r2, [sp, #8]
1a0042fe:	06d0      	lsls	r0, r2, #27
1a004300:	f100 87ee 	bmi.w	1a0052e0 <_svfprintf_r+0x1300>
1a004304:	9a02      	ldr	r2, [sp, #8]
1a004306:	0651      	lsls	r1, r2, #25
1a004308:	f101 80a6 	bmi.w	1a005458 <_svfprintf_r+0x1478>
1a00430c:	9a02      	ldr	r2, [sp, #8]
1a00430e:	0592      	lsls	r2, r2, #22
1a004310:	f140 87e6 	bpl.w	1a0052e0 <_svfprintf_r+0x1300>
1a004314:	9a09      	ldr	r2, [sp, #36]	; 0x24
1a004316:	9309      	str	r3, [sp, #36]	; 0x24
1a004318:	6812      	ldr	r2, [r2, #0]
1a00431a:	9b04      	ldr	r3, [sp, #16]
1a00431c:	7013      	strb	r3, [r2, #0]
1a00431e:	465e      	mov	r6, fp
1a004320:	7833      	ldrb	r3, [r6, #0]
1a004322:	2b00      	cmp	r3, #0
1a004324:	f47f ae89 	bne.w	1a00403a <_svfprintf_r+0x5a>
1a004328:	9b2a      	ldr	r3, [sp, #168]	; 0xa8
1a00432a:	2b00      	cmp	r3, #0
1a00432c:	f43f af3d 	beq.w	1a0041aa <_svfprintf_r+0x1ca>
1a004330:	9c07      	ldr	r4, [sp, #28]
1a004332:	9806      	ldr	r0, [sp, #24]
1a004334:	aa28      	add	r2, sp, #160	; 0xa0
1a004336:	4621      	mov	r1, r4
1a004338:	f003 f91a 	bl	1a007570 <__ssprint_r>
1a00433c:	89a3      	ldrh	r3, [r4, #12]
1a00433e:	e736      	b.n	1a0041ae <_svfprintf_r+0x1ce>
1a004340:	f89b 8000 	ldrb.w	r8, [fp]
1a004344:	9b02      	ldr	r3, [sp, #8]
1a004346:	f1b8 0f6c 	cmp.w	r8, #108	; 0x6c
1a00434a:	f000 8663 	beq.w	1a005014 <_svfprintf_r+0x1034>
1a00434e:	f043 0310 	orr.w	r3, r3, #16
1a004352:	9302      	str	r3, [sp, #8]
1a004354:	e6a4      	b.n	1a0040a0 <_svfprintf_r+0xc0>
1a004356:	9c09      	ldr	r4, [sp, #36]	; 0x24
1a004358:	f854 6b04 	ldr.w	r6, [r4], #4
1a00435c:	2500      	movs	r5, #0
1a00435e:	f88d 5083 	strb.w	r5, [sp, #131]	; 0x83
1a004362:	2e00      	cmp	r6, #0
1a004364:	f000 867a 	beq.w	1a00505c <_svfprintf_r+0x107c>
1a004368:	f1ba 3fff 	cmp.w	sl, #4294967295
1a00436c:	f000 87f9 	beq.w	1a005362 <_svfprintf_r+0x1382>
1a004370:	4652      	mov	r2, sl
1a004372:	4629      	mov	r1, r5
1a004374:	4630      	mov	r0, r6
1a004376:	f002 fb13 	bl	1a0069a0 <memchr>
1a00437a:	9008      	str	r0, [sp, #32]
1a00437c:	2800      	cmp	r0, #0
1a00437e:	f001 8150 	beq.w	1a005622 <_svfprintf_r+0x1642>
1a004382:	9b08      	ldr	r3, [sp, #32]
1a004384:	46aa      	mov	sl, r5
1a004386:	1b9f      	subs	r7, r3, r6
1a004388:	e9cd aa0e 	strd	sl, sl, [sp, #56]	; 0x38
1a00438c:	ea27 73e7 	bic.w	r3, r7, r7, asr #31
1a004390:	f89d 2083 	ldrb.w	r2, [sp, #131]	; 0x83
1a004394:	9409      	str	r4, [sp, #36]	; 0x24
1a004396:	9303      	str	r3, [sp, #12]
1a004398:	f8cd a020 	str.w	sl, [sp, #32]
1a00439c:	f8cd a030 	str.w	sl, [sp, #48]	; 0x30
1a0043a0:	2a00      	cmp	r2, #0
1a0043a2:	f000 80bb 	beq.w	1a00451c <_svfprintf_r+0x53c>
1a0043a6:	9b03      	ldr	r3, [sp, #12]
1a0043a8:	3301      	adds	r3, #1
1a0043aa:	9303      	str	r3, [sp, #12]
1a0043ac:	e0b6      	b.n	1a00451c <_svfprintf_r+0x53c>
1a0043ae:	9b02      	ldr	r3, [sp, #8]
1a0043b0:	f043 0710 	orr.w	r7, r3, #16
1a0043b4:	069b      	lsls	r3, r3, #26
1a0043b6:	f140 8617 	bpl.w	1a004fe8 <_svfprintf_r+0x1008>
1a0043ba:	9c09      	ldr	r4, [sp, #36]	; 0x24
1a0043bc:	3407      	adds	r4, #7
1a0043be:	f024 0307 	bic.w	r3, r4, #7
1a0043c2:	e8f3 4502 	ldrd	r4, r5, [r3], #8
1a0043c6:	9309      	str	r3, [sp, #36]	; 0x24
1a0043c8:	f427 6780 	bic.w	r7, r7, #1024	; 0x400
1a0043cc:	2300      	movs	r3, #0
1a0043ce:	e75d      	b.n	1a00428c <_svfprintf_r+0x2ac>
1a0043d0:	9b02      	ldr	r3, [sp, #8]
1a0043d2:	f89b 8000 	ldrb.w	r8, [fp]
1a0043d6:	f043 0308 	orr.w	r3, r3, #8
1a0043da:	9302      	str	r3, [sp, #8]
1a0043dc:	e660      	b.n	1a0040a0 <_svfprintf_r+0xc0>
1a0043de:	9b02      	ldr	r3, [sp, #8]
1a0043e0:	069c      	lsls	r4, r3, #26
1a0043e2:	f043 0710 	orr.w	r7, r3, #16
1a0043e6:	f140 85f1 	bpl.w	1a004fcc <_svfprintf_r+0xfec>
1a0043ea:	9c09      	ldr	r4, [sp, #36]	; 0x24
1a0043ec:	3407      	adds	r4, #7
1a0043ee:	f024 0307 	bic.w	r3, r4, #7
1a0043f2:	4619      	mov	r1, r3
1a0043f4:	e8f1 2302 	ldrd	r2, r3, [r1], #8
1a0043f8:	9109      	str	r1, [sp, #36]	; 0x24
1a0043fa:	4614      	mov	r4, r2
1a0043fc:	461d      	mov	r5, r3
1a0043fe:	2a00      	cmp	r2, #0
1a004400:	f173 0300 	sbcs.w	r3, r3, #0
1a004404:	f2c0 84d7 	blt.w	1a004db6 <_svfprintf_r+0xdd6>
1a004408:	f1ba 3fff 	cmp.w	sl, #4294967295
1a00440c:	f000 81c7 	beq.w	1a00479e <_svfprintf_r+0x7be>
1a004410:	f027 0380 	bic.w	r3, r7, #128	; 0x80
1a004414:	9302      	str	r3, [sp, #8]
1a004416:	ea54 0305 	orrs.w	r3, r4, r5
1a00441a:	f040 81bf 	bne.w	1a00479c <_svfprintf_r+0x7bc>
1a00441e:	f1ba 0f00 	cmp.w	sl, #0
1a004422:	f041 803f 	bne.w	1a0054a4 <_svfprintf_r+0x14c4>
1a004426:	f04f 0a00 	mov.w	sl, #0
1a00442a:	4657      	mov	r7, sl
1a00442c:	ae54      	add	r6, sp, #336	; 0x150
1a00442e:	e1c1      	b.n	1a0047b4 <_svfprintf_r+0x7d4>
1a004430:	f89b 8000 	ldrb.w	r8, [fp]
1a004434:	9b02      	ldr	r3, [sp, #8]
1a004436:	f1b8 0f68 	cmp.w	r8, #104	; 0x68
1a00443a:	f000 85e2 	beq.w	1a005002 <_svfprintf_r+0x1022>
1a00443e:	f043 0340 	orr.w	r3, r3, #64	; 0x40
1a004442:	9302      	str	r3, [sp, #8]
1a004444:	e62c      	b.n	1a0040a0 <_svfprintf_r+0xc0>
1a004446:	9b02      	ldr	r3, [sp, #8]
1a004448:	069a      	lsls	r2, r3, #26
1a00444a:	f043 0710 	orr.w	r7, r3, #16
1a00444e:	f140 84f1 	bpl.w	1a004e34 <_svfprintf_r+0xe54>
1a004452:	9c09      	ldr	r4, [sp, #36]	; 0x24
1a004454:	3407      	adds	r4, #7
1a004456:	f024 0307 	bic.w	r3, r4, #7
1a00445a:	e8f3 4502 	ldrd	r4, r5, [r3], #8
1a00445e:	9309      	str	r3, [sp, #36]	; 0x24
1a004460:	2301      	movs	r3, #1
1a004462:	e713      	b.n	1a00428c <_svfprintf_r+0x2ac>
1a004464:	9f02      	ldr	r7, [sp, #8]
1a004466:	06b8      	lsls	r0, r7, #26
1a004468:	d4bf      	bmi.n	1a0043ea <_svfprintf_r+0x40a>
1a00446a:	9b09      	ldr	r3, [sp, #36]	; 0x24
1a00446c:	1d1a      	adds	r2, r3, #4
1a00446e:	9b02      	ldr	r3, [sp, #8]
1a004470:	06d9      	lsls	r1, r3, #27
1a004472:	f101 82d0 	bmi.w	1a005a16 <_svfprintf_r+0x1a36>
1a004476:	9f02      	ldr	r7, [sp, #8]
1a004478:	463b      	mov	r3, r7
1a00447a:	065b      	lsls	r3, r3, #25
1a00447c:	f140 8796 	bpl.w	1a0053ac <_svfprintf_r+0x13cc>
1a004480:	9b09      	ldr	r3, [sp, #36]	; 0x24
1a004482:	9209      	str	r2, [sp, #36]	; 0x24
1a004484:	f9b3 4000 	ldrsh.w	r4, [r3]
1a004488:	17e5      	asrs	r5, r4, #31
1a00448a:	4622      	mov	r2, r4
1a00448c:	462b      	mov	r3, r5
1a00448e:	e7b6      	b.n	1a0043fe <_svfprintf_r+0x41e>
1a004490:	9b02      	ldr	r3, [sp, #8]
1a004492:	f89b 8000 	ldrb.w	r8, [fp]
1a004496:	f043 0380 	orr.w	r3, r3, #128	; 0x80
1a00449a:	9302      	str	r3, [sp, #8]
1a00449c:	e600      	b.n	1a0040a0 <_svfprintf_r+0xc0>
1a00449e:	465a      	mov	r2, fp
1a0044a0:	f812 8b01 	ldrb.w	r8, [r2], #1
1a0044a4:	f1b8 0f2a 	cmp.w	r8, #42	; 0x2a
1a0044a8:	f001 828e 	beq.w	1a0059c8 <_svfprintf_r+0x19e8>
1a0044ac:	f1a8 0330 	sub.w	r3, r8, #48	; 0x30
1a0044b0:	2b09      	cmp	r3, #9
1a0044b2:	4693      	mov	fp, r2
1a0044b4:	f04f 0a00 	mov.w	sl, #0
1a0044b8:	f63f adf4 	bhi.w	1a0040a4 <_svfprintf_r+0xc4>
1a0044bc:	f81b 8b01 	ldrb.w	r8, [fp], #1
1a0044c0:	eb0a 0a8a 	add.w	sl, sl, sl, lsl #2
1a0044c4:	eb03 0a4a 	add.w	sl, r3, sl, lsl #1
1a0044c8:	f1a8 0330 	sub.w	r3, r8, #48	; 0x30
1a0044cc:	2b09      	cmp	r3, #9
1a0044ce:	d9f5      	bls.n	1a0044bc <_svfprintf_r+0x4dc>
1a0044d0:	e5e8      	b.n	1a0040a4 <_svfprintf_r+0xc4>
1a0044d2:	f88d 7083 	strb.w	r7, [sp, #131]	; 0x83
1a0044d6:	f89b 8000 	ldrb.w	r8, [fp]
1a0044da:	e5e1      	b.n	1a0040a0 <_svfprintf_r+0xc0>
1a0044dc:	9b09      	ldr	r3, [sp, #36]	; 0x24
1a0044de:	f89b 8000 	ldrb.w	r8, [fp]
1a0044e2:	f853 2b04 	ldr.w	r2, [r3], #4
1a0044e6:	9205      	str	r2, [sp, #20]
1a0044e8:	2a00      	cmp	r2, #0
1a0044ea:	f2c0 8585 	blt.w	1a004ff8 <_svfprintf_r+0x1018>
1a0044ee:	9309      	str	r3, [sp, #36]	; 0x24
1a0044f0:	e5d6      	b.n	1a0040a0 <_svfprintf_r+0xc0>
1a0044f2:	bf00      	nop
1a0044f4:	1a007f30 	.word	0x1a007f30
1a0044f8:	9c09      	ldr	r4, [sp, #36]	; 0x24
1a0044fa:	2300      	movs	r3, #0
1a0044fc:	f854 2b04 	ldr.w	r2, [r4], #4
1a004500:	f88d 20ec 	strb.w	r2, [sp, #236]	; 0xec
1a004504:	2701      	movs	r7, #1
1a004506:	461a      	mov	r2, r3
1a004508:	9703      	str	r7, [sp, #12]
1a00450a:	9409      	str	r4, [sp, #36]	; 0x24
1a00450c:	e9cd 220e 	strd	r2, r2, [sp, #56]	; 0x38
1a004510:	f88d 3083 	strb.w	r3, [sp, #131]	; 0x83
1a004514:	9208      	str	r2, [sp, #32]
1a004516:	4692      	mov	sl, r2
1a004518:	920c      	str	r2, [sp, #48]	; 0x30
1a00451a:	ae3b      	add	r6, sp, #236	; 0xec
1a00451c:	9b02      	ldr	r3, [sp, #8]
1a00451e:	f013 0302 	ands.w	r3, r3, #2
1a004522:	930a      	str	r3, [sp, #40]	; 0x28
1a004524:	d002      	beq.n	1a00452c <_svfprintf_r+0x54c>
1a004526:	9b03      	ldr	r3, [sp, #12]
1a004528:	3302      	adds	r3, #2
1a00452a:	9303      	str	r3, [sp, #12]
1a00452c:	9b02      	ldr	r3, [sp, #8]
1a00452e:	9c2a      	ldr	r4, [sp, #168]	; 0xa8
1a004530:	f013 0384 	ands.w	r3, r3, #132	; 0x84
1a004534:	930b      	str	r3, [sp, #44]	; 0x2c
1a004536:	d104      	bne.n	1a004542 <_svfprintf_r+0x562>
1a004538:	9b05      	ldr	r3, [sp, #20]
1a00453a:	9903      	ldr	r1, [sp, #12]
1a00453c:	1a5d      	subs	r5, r3, r1
1a00453e:	2d00      	cmp	r5, #0
1a004540:	dc5a      	bgt.n	1a0045f8 <_svfprintf_r+0x618>
1a004542:	b172      	cbz	r2, 1a004562 <_svfprintf_r+0x582>
1a004544:	9a29      	ldr	r2, [sp, #164]	; 0xa4
1a004546:	3201      	adds	r2, #1
1a004548:	3401      	adds	r4, #1
1a00454a:	f10d 0083 	add.w	r0, sp, #131	; 0x83
1a00454e:	2101      	movs	r1, #1
1a004550:	2a07      	cmp	r2, #7
1a004552:	e9cd 2429 	strd	r2, r4, [sp, #164]	; 0xa4
1a004556:	e9c9 0100 	strd	r0, r1, [r9]
1a00455a:	f300 82e9 	bgt.w	1a004b30 <_svfprintf_r+0xb50>
1a00455e:	f109 0908 	add.w	r9, r9, #8
1a004562:	9b0a      	ldr	r3, [sp, #40]	; 0x28
1a004564:	b16b      	cbz	r3, 1a004582 <_svfprintf_r+0x5a2>
1a004566:	9b29      	ldr	r3, [sp, #164]	; 0xa4
1a004568:	3301      	adds	r3, #1
1a00456a:	3402      	adds	r4, #2
1a00456c:	a921      	add	r1, sp, #132	; 0x84
1a00456e:	2202      	movs	r2, #2
1a004570:	2b07      	cmp	r3, #7
1a004572:	e9cd 3429 	strd	r3, r4, [sp, #164]	; 0xa4
1a004576:	e9c9 1200 	strd	r1, r2, [r9]
1a00457a:	f300 82e5 	bgt.w	1a004b48 <_svfprintf_r+0xb68>
1a00457e:	f109 0908 	add.w	r9, r9, #8
1a004582:	9b0b      	ldr	r3, [sp, #44]	; 0x2c
1a004584:	2b80      	cmp	r3, #128	; 0x80
1a004586:	f000 81f8 	beq.w	1a00497a <_svfprintf_r+0x99a>
1a00458a:	ebaa 0507 	sub.w	r5, sl, r7
1a00458e:	2d00      	cmp	r5, #0
1a004590:	f300 8236 	bgt.w	1a004a00 <_svfprintf_r+0xa20>
1a004594:	9b02      	ldr	r3, [sp, #8]
1a004596:	05da      	lsls	r2, r3, #23
1a004598:	f100 8185 	bmi.w	1a0048a6 <_svfprintf_r+0x8c6>
1a00459c:	9b29      	ldr	r3, [sp, #164]	; 0xa4
1a00459e:	f8c9 6000 	str.w	r6, [r9]
1a0045a2:	3301      	adds	r3, #1
1a0045a4:	443c      	add	r4, r7
1a0045a6:	2b07      	cmp	r3, #7
1a0045a8:	942a      	str	r4, [sp, #168]	; 0xa8
1a0045aa:	f8c9 7004 	str.w	r7, [r9, #4]
1a0045ae:	9329      	str	r3, [sp, #164]	; 0xa4
1a0045b0:	f300 82b2 	bgt.w	1a004b18 <_svfprintf_r+0xb38>
1a0045b4:	f109 0908 	add.w	r9, r9, #8
1a0045b8:	9b02      	ldr	r3, [sp, #8]
1a0045ba:	0759      	lsls	r1, r3, #29
1a0045bc:	d505      	bpl.n	1a0045ca <_svfprintf_r+0x5ea>
1a0045be:	9b05      	ldr	r3, [sp, #20]
1a0045c0:	9a03      	ldr	r2, [sp, #12]
1a0045c2:	1a9d      	subs	r5, r3, r2
1a0045c4:	2d00      	cmp	r5, #0
1a0045c6:	f300 82cb 	bgt.w	1a004b60 <_svfprintf_r+0xb80>
1a0045ca:	e9dd 3204 	ldrd	r3, r2, [sp, #16]
1a0045ce:	9903      	ldr	r1, [sp, #12]
1a0045d0:	428a      	cmp	r2, r1
1a0045d2:	bfac      	ite	ge
1a0045d4:	189b      	addge	r3, r3, r2
1a0045d6:	185b      	addlt	r3, r3, r1
1a0045d8:	9304      	str	r3, [sp, #16]
1a0045da:	2c00      	cmp	r4, #0
1a0045dc:	f47f add7 	bne.w	1a00418e <_svfprintf_r+0x1ae>
1a0045e0:	2300      	movs	r3, #0
1a0045e2:	9329      	str	r3, [sp, #164]	; 0xa4
1a0045e4:	9b08      	ldr	r3, [sp, #32]
1a0045e6:	b11b      	cbz	r3, 1a0045f0 <_svfprintf_r+0x610>
1a0045e8:	9908      	ldr	r1, [sp, #32]
1a0045ea:	9806      	ldr	r0, [sp, #24]
1a0045ec:	f7fe ff86 	bl	1a0034fc <_free_r>
1a0045f0:	f10d 09ac 	add.w	r9, sp, #172	; 0xac
1a0045f4:	465e      	mov	r6, fp
1a0045f6:	e693      	b.n	1a004320 <_svfprintf_r+0x340>
1a0045f8:	2d10      	cmp	r5, #16
1a0045fa:	9a29      	ldr	r2, [sp, #164]	; 0xa4
1a0045fc:	dd29      	ble.n	1a004652 <_svfprintf_r+0x672>
1a0045fe:	4620      	mov	r0, r4
1a004600:	4649      	mov	r1, r9
1a004602:	2310      	movs	r3, #16
1a004604:	46b1      	mov	r9, r6
1a004606:	971e      	str	r7, [sp, #120]	; 0x78
1a004608:	9c06      	ldr	r4, [sp, #24]
1a00460a:	9e07      	ldr	r6, [sp, #28]
1a00460c:	e004      	b.n	1a004618 <_svfprintf_r+0x638>
1a00460e:	3d10      	subs	r5, #16
1a004610:	2d10      	cmp	r5, #16
1a004612:	f101 0108 	add.w	r1, r1, #8
1a004616:	dd18      	ble.n	1a00464a <_svfprintf_r+0x66a>
1a004618:	3201      	adds	r2, #1
1a00461a:	4fc4      	ldr	r7, [pc, #784]	; (1a00492c <_svfprintf_r+0x94c>)
1a00461c:	3010      	adds	r0, #16
1a00461e:	2a07      	cmp	r2, #7
1a004620:	e9cd 2029 	strd	r2, r0, [sp, #164]	; 0xa4
1a004624:	e9c1 7300 	strd	r7, r3, [r1]
1a004628:	ddf1      	ble.n	1a00460e <_svfprintf_r+0x62e>
1a00462a:	aa28      	add	r2, sp, #160	; 0xa0
1a00462c:	4631      	mov	r1, r6
1a00462e:	4620      	mov	r0, r4
1a004630:	f002 ff9e 	bl	1a007570 <__ssprint_r>
1a004634:	2800      	cmp	r0, #0
1a004636:	f47f adb2 	bne.w	1a00419e <_svfprintf_r+0x1be>
1a00463a:	3d10      	subs	r5, #16
1a00463c:	2d10      	cmp	r5, #16
1a00463e:	e9dd 2029 	ldrd	r2, r0, [sp, #164]	; 0xa4
1a004642:	a92b      	add	r1, sp, #172	; 0xac
1a004644:	f04f 0310 	mov.w	r3, #16
1a004648:	dce6      	bgt.n	1a004618 <_svfprintf_r+0x638>
1a00464a:	9f1e      	ldr	r7, [sp, #120]	; 0x78
1a00464c:	464e      	mov	r6, r9
1a00464e:	4604      	mov	r4, r0
1a004650:	4689      	mov	r9, r1
1a004652:	3201      	adds	r2, #1
1a004654:	4bb5      	ldr	r3, [pc, #724]	; (1a00492c <_svfprintf_r+0x94c>)
1a004656:	442c      	add	r4, r5
1a004658:	2a07      	cmp	r2, #7
1a00465a:	e9cd 2429 	strd	r2, r4, [sp, #164]	; 0xa4
1a00465e:	e9c9 3500 	strd	r3, r5, [r9]
1a004662:	f300 85c9 	bgt.w	1a0051f8 <_svfprintf_r+0x1218>
1a004666:	f109 0908 	add.w	r9, r9, #8
1a00466a:	f89d 2083 	ldrb.w	r2, [sp, #131]	; 0x83
1a00466e:	e768      	b.n	1a004542 <_svfprintf_r+0x562>
1a004670:	9c09      	ldr	r4, [sp, #36]	; 0x24
1a004672:	3407      	adds	r4, #7
1a004674:	f024 0307 	bic.w	r3, r4, #7
1a004678:	ecb3 7b02 	vldmia	r3!, {d7}
1a00467c:	ec55 4b17 	vmov	r4, r5, d7
1a004680:	9309      	str	r3, [sp, #36]	; 0x24
1a004682:	f025 4300 	bic.w	r3, r5, #2147483648	; 0x80000000
1a004686:	931b      	str	r3, [sp, #108]	; 0x6c
1a004688:	ed8d 7a1a 	vstr	s14, [sp, #104]	; 0x68
1a00468c:	e9dd 011a 	ldrd	r0, r1, [sp, #104]	; 0x68
1a004690:	f04f 32ff 	mov.w	r2, #4294967295
1a004694:	4ba6      	ldr	r3, [pc, #664]	; (1a004930 <_svfprintf_r+0x950>)
1a004696:	ed8d 7b10 	vstr	d7, [sp, #64]	; 0x40
1a00469a:	f7fe fd1f 	bl	1a0030dc <__aeabi_dcmpun>
1a00469e:	2800      	cmp	r0, #0
1a0046a0:	f040 83d1 	bne.w	1a004e46 <_svfprintf_r+0xe66>
1a0046a4:	f04f 32ff 	mov.w	r2, #4294967295
1a0046a8:	4ba1      	ldr	r3, [pc, #644]	; (1a004930 <_svfprintf_r+0x950>)
1a0046aa:	e9dd 011a 	ldrd	r0, r1, [sp, #104]	; 0x68
1a0046ae:	f7fe fcf7 	bl	1a0030a0 <__aeabi_dcmple>
1a0046b2:	2800      	cmp	r0, #0
1a0046b4:	f040 83c7 	bne.w	1a004e46 <_svfprintf_r+0xe66>
1a0046b8:	2200      	movs	r2, #0
1a0046ba:	2300      	movs	r3, #0
1a0046bc:	4620      	mov	r0, r4
1a0046be:	4629      	mov	r1, r5
1a0046c0:	f7fe fce4 	bl	1a00308c <__aeabi_dcmplt>
1a0046c4:	2800      	cmp	r0, #0
1a0046c6:	f040 86a0 	bne.w	1a00540a <_svfprintf_r+0x142a>
1a0046ca:	f89d 2083 	ldrb.w	r2, [sp, #131]	; 0x83
1a0046ce:	4e99      	ldr	r6, [pc, #612]	; (1a004934 <_svfprintf_r+0x954>)
1a0046d0:	4b99      	ldr	r3, [pc, #612]	; (1a004938 <_svfprintf_r+0x958>)
1a0046d2:	9802      	ldr	r0, [sp, #8]
1a0046d4:	2100      	movs	r1, #0
1a0046d6:	2703      	movs	r7, #3
1a0046d8:	f020 0080 	bic.w	r0, r0, #128	; 0x80
1a0046dc:	9703      	str	r7, [sp, #12]
1a0046de:	9108      	str	r1, [sp, #32]
1a0046e0:	9002      	str	r0, [sp, #8]
1a0046e2:	f1b8 0f47 	cmp.w	r8, #71	; 0x47
1a0046e6:	bfc8      	it	gt
1a0046e8:	461e      	movgt	r6, r3
1a0046ea:	468a      	mov	sl, r1
1a0046ec:	910c      	str	r1, [sp, #48]	; 0x30
1a0046ee:	e9cd 110e 	strd	r1, r1, [sp, #56]	; 0x38
1a0046f2:	e655      	b.n	1a0043a0 <_svfprintf_r+0x3c0>
1a0046f4:	9d06      	ldr	r5, [sp, #24]
1a0046f6:	4628      	mov	r0, r5
1a0046f8:	f002 f94c 	bl	1a006994 <_localeconv_r>
1a0046fc:	6843      	ldr	r3, [r0, #4]
1a0046fe:	9317      	str	r3, [sp, #92]	; 0x5c
1a004700:	4618      	mov	r0, r3
1a004702:	f7ff fbfd 	bl	1a003f00 <strlen>
1a004706:	9019      	str	r0, [sp, #100]	; 0x64
1a004708:	4604      	mov	r4, r0
1a00470a:	4628      	mov	r0, r5
1a00470c:	f002 f942 	bl	1a006994 <_localeconv_r>
1a004710:	6883      	ldr	r3, [r0, #8]
1a004712:	9318      	str	r3, [sp, #96]	; 0x60
1a004714:	2120      	movs	r1, #32
1a004716:	2c00      	cmp	r4, #0
1a004718:	f43f ad2a 	beq.w	1a004170 <_svfprintf_r+0x190>
1a00471c:	9b18      	ldr	r3, [sp, #96]	; 0x60
1a00471e:	f89b 8000 	ldrb.w	r8, [fp]
1a004722:	2b00      	cmp	r3, #0
1a004724:	f43f acbc 	beq.w	1a0040a0 <_svfprintf_r+0xc0>
1a004728:	781b      	ldrb	r3, [r3, #0]
1a00472a:	2b00      	cmp	r3, #0
1a00472c:	f43f acb8 	beq.w	1a0040a0 <_svfprintf_r+0xc0>
1a004730:	9b02      	ldr	r3, [sp, #8]
1a004732:	f443 6380 	orr.w	r3, r3, #1024	; 0x400
1a004736:	9302      	str	r3, [sp, #8]
1a004738:	e4b2      	b.n	1a0040a0 <_svfprintf_r+0xc0>
1a00473a:	9b02      	ldr	r3, [sp, #8]
1a00473c:	f89b 8000 	ldrb.w	r8, [fp]
1a004740:	f043 0301 	orr.w	r3, r3, #1
1a004744:	9302      	str	r3, [sp, #8]
1a004746:	e4ab      	b.n	1a0040a0 <_svfprintf_r+0xc0>
1a004748:	f89d 3083 	ldrb.w	r3, [sp, #131]	; 0x83
1a00474c:	f89b 8000 	ldrb.w	r8, [fp]
1a004750:	2b00      	cmp	r3, #0
1a004752:	f47f aca5 	bne.w	1a0040a0 <_svfprintf_r+0xc0>
1a004756:	f88d 1083 	strb.w	r1, [sp, #131]	; 0x83
1a00475a:	e4a1      	b.n	1a0040a0 <_svfprintf_r+0xc0>
1a00475c:	9f02      	ldr	r7, [sp, #8]
1a00475e:	463b      	mov	r3, r7
1a004760:	069b      	lsls	r3, r3, #26
1a004762:	f53f ae76 	bmi.w	1a004452 <_svfprintf_r+0x472>
1a004766:	9b02      	ldr	r3, [sp, #8]
1a004768:	9a09      	ldr	r2, [sp, #36]	; 0x24
1a00476a:	06de      	lsls	r6, r3, #27
1a00476c:	f852 4b04 	ldr.w	r4, [r2], #4
1a004770:	f101 814b 	bmi.w	1a005a0a <_svfprintf_r+0x1a2a>
1a004774:	9f02      	ldr	r7, [sp, #8]
1a004776:	067d      	lsls	r5, r7, #25
1a004778:	f140 862f 	bpl.w	1a0053da <_svfprintf_r+0x13fa>
1a00477c:	9209      	str	r2, [sp, #36]	; 0x24
1a00477e:	b2a4      	uxth	r4, r4
1a004780:	2500      	movs	r5, #0
1a004782:	2301      	movs	r3, #1
1a004784:	e582      	b.n	1a00428c <_svfprintf_r+0x2ac>
1a004786:	f1b8 0f00 	cmp.w	r8, #0
1a00478a:	f43f adcd 	beq.w	1a004328 <_svfprintf_r+0x348>
1a00478e:	2300      	movs	r3, #0
1a004790:	2701      	movs	r7, #1
1a004792:	461a      	mov	r2, r3
1a004794:	9703      	str	r7, [sp, #12]
1a004796:	f88d 80ec 	strb.w	r8, [sp, #236]	; 0xec
1a00479a:	e6b7      	b.n	1a00450c <_svfprintf_r+0x52c>
1a00479c:	9f02      	ldr	r7, [sp, #8]
1a00479e:	2d00      	cmp	r5, #0
1a0047a0:	bf08      	it	eq
1a0047a2:	2c0a      	cmpeq	r4, #10
1a0047a4:	d239      	bcs.n	1a00481a <_svfprintf_r+0x83a>
1a0047a6:	3430      	adds	r4, #48	; 0x30
1a0047a8:	9702      	str	r7, [sp, #8]
1a0047aa:	f88d 414f 	strb.w	r4, [sp, #335]	; 0x14f
1a0047ae:	2701      	movs	r7, #1
1a0047b0:	f20d 164f 	addw	r6, sp, #335	; 0x14f
1a0047b4:	2300      	movs	r3, #0
1a0047b6:	4557      	cmp	r7, sl
1a0047b8:	9308      	str	r3, [sp, #32]
1a0047ba:	930c      	str	r3, [sp, #48]	; 0x30
1a0047bc:	e9cd 330e 	strd	r3, r3, [sp, #56]	; 0x38
1a0047c0:	463b      	mov	r3, r7
1a0047c2:	bfb8      	it	lt
1a0047c4:	4653      	movlt	r3, sl
1a0047c6:	f89d 2083 	ldrb.w	r2, [sp, #131]	; 0x83
1a0047ca:	9303      	str	r3, [sp, #12]
1a0047cc:	e5e8      	b.n	1a0043a0 <_svfprintf_r+0x3c0>
1a0047ce:	9f02      	ldr	r7, [sp, #8]
1a0047d0:	2b01      	cmp	r3, #1
1a0047d2:	d0e4      	beq.n	1a00479e <_svfprintf_r+0x7be>
1a0047d4:	2b02      	cmp	r3, #2
1a0047d6:	f000 8202 	beq.w	1a004bde <_svfprintf_r+0xbfe>
1a0047da:	a954      	add	r1, sp, #336	; 0x150
1a0047dc:	e000      	b.n	1a0047e0 <_svfprintf_r+0x800>
1a0047de:	4631      	mov	r1, r6
1a0047e0:	08e2      	lsrs	r2, r4, #3
1a0047e2:	ea42 7245 	orr.w	r2, r2, r5, lsl #29
1a0047e6:	08e8      	lsrs	r0, r5, #3
1a0047e8:	f004 0307 	and.w	r3, r4, #7
1a0047ec:	4605      	mov	r5, r0
1a0047ee:	4614      	mov	r4, r2
1a0047f0:	3330      	adds	r3, #48	; 0x30
1a0047f2:	ea54 0205 	orrs.w	r2, r4, r5
1a0047f6:	f801 3c01 	strb.w	r3, [r1, #-1]
1a0047fa:	f101 36ff 	add.w	r6, r1, #4294967295
1a0047fe:	d1ee      	bne.n	1a0047de <_svfprintf_r+0x7fe>
1a004800:	07f8      	lsls	r0, r7, #31
1a004802:	d54c      	bpl.n	1a00489e <_svfprintf_r+0x8be>
1a004804:	2b30      	cmp	r3, #48	; 0x30
1a004806:	d04a      	beq.n	1a00489e <_svfprintf_r+0x8be>
1a004808:	2330      	movs	r3, #48	; 0x30
1a00480a:	3902      	subs	r1, #2
1a00480c:	f806 3c01 	strb.w	r3, [r6, #-1]
1a004810:	ab54      	add	r3, sp, #336	; 0x150
1a004812:	9702      	str	r7, [sp, #8]
1a004814:	460e      	mov	r6, r1
1a004816:	1a5f      	subs	r7, r3, r1
1a004818:	e7cc      	b.n	1a0047b4 <_svfprintf_r+0x7d4>
1a00481a:	f407 6380 	and.w	r3, r7, #1024	; 0x400
1a00481e:	2200      	movs	r2, #0
1a004820:	f8cd b008 	str.w	fp, [sp, #8]
1a004824:	f8cd 800c 	str.w	r8, [sp, #12]
1a004828:	f8cd 9020 	str.w	r9, [sp, #32]
1a00482c:	ae54      	add	r6, sp, #336	; 0x150
1a00482e:	46b9      	mov	r9, r7
1a004830:	4693      	mov	fp, r2
1a004832:	f8dd 8060 	ldr.w	r8, [sp, #96]	; 0x60
1a004836:	461f      	mov	r7, r3
1a004838:	e007      	b.n	1a00484a <_svfprintf_r+0x86a>
1a00483a:	f7fe fc8d 	bl	1a003158 <__aeabi_uldivmod>
1a00483e:	2d00      	cmp	r5, #0
1a004840:	bf08      	it	eq
1a004842:	2c0a      	cmpeq	r4, #10
1a004844:	d320      	bcc.n	1a004888 <_svfprintf_r+0x8a8>
1a004846:	4604      	mov	r4, r0
1a004848:	460d      	mov	r5, r1
1a00484a:	220a      	movs	r2, #10
1a00484c:	2300      	movs	r3, #0
1a00484e:	4620      	mov	r0, r4
1a004850:	4629      	mov	r1, r5
1a004852:	f7fe fc81 	bl	1a003158 <__aeabi_uldivmod>
1a004856:	f102 0c30 	add.w	ip, r2, #48	; 0x30
1a00485a:	f806 cc01 	strb.w	ip, [r6, #-1]
1a00485e:	4620      	mov	r0, r4
1a004860:	4629      	mov	r1, r5
1a004862:	220a      	movs	r2, #10
1a004864:	2300      	movs	r3, #0
1a004866:	f10b 0b01 	add.w	fp, fp, #1
1a00486a:	3e01      	subs	r6, #1
1a00486c:	2f00      	cmp	r7, #0
1a00486e:	d0e4      	beq.n	1a00483a <_svfprintf_r+0x85a>
1a004870:	f898 c000 	ldrb.w	ip, [r8]
1a004874:	45e3      	cmp	fp, ip
1a004876:	d1e0      	bne.n	1a00483a <_svfprintf_r+0x85a>
1a004878:	f1bb 0fff 	cmp.w	fp, #255	; 0xff
1a00487c:	d0dd      	beq.n	1a00483a <_svfprintf_r+0x85a>
1a00487e:	429d      	cmp	r5, r3
1a004880:	bf08      	it	eq
1a004882:	4294      	cmpeq	r4, r2
1a004884:	f080 8669 	bcs.w	1a00555a <_svfprintf_r+0x157a>
1a004888:	f8cd b048 	str.w	fp, [sp, #72]	; 0x48
1a00488c:	f8cd 8060 	str.w	r8, [sp, #96]	; 0x60
1a004890:	464f      	mov	r7, r9
1a004892:	f8dd b008 	ldr.w	fp, [sp, #8]
1a004896:	f8dd 800c 	ldr.w	r8, [sp, #12]
1a00489a:	f8dd 9020 	ldr.w	r9, [sp, #32]
1a00489e:	9702      	str	r7, [sp, #8]
1a0048a0:	ab54      	add	r3, sp, #336	; 0x150
1a0048a2:	1b9f      	subs	r7, r3, r6
1a0048a4:	e786      	b.n	1a0047b4 <_svfprintf_r+0x7d4>
1a0048a6:	f1b8 0f65 	cmp.w	r8, #101	; 0x65
1a0048aa:	f340 80e3 	ble.w	1a004a74 <_svfprintf_r+0xa94>
1a0048ae:	2200      	movs	r2, #0
1a0048b0:	2300      	movs	r3, #0
1a0048b2:	e9dd 0110 	ldrd	r0, r1, [sp, #64]	; 0x40
1a0048b6:	f7fe fbdf 	bl	1a003078 <__aeabi_dcmpeq>
1a0048ba:	2800      	cmp	r0, #0
1a0048bc:	f000 81a8 	beq.w	1a004c10 <_svfprintf_r+0xc30>
1a0048c0:	9b29      	ldr	r3, [sp, #164]	; 0xa4
1a0048c2:	4a1e      	ldr	r2, [pc, #120]	; (1a00493c <_svfprintf_r+0x95c>)
1a0048c4:	f8c9 2000 	str.w	r2, [r9]
1a0048c8:	3301      	adds	r3, #1
1a0048ca:	3401      	adds	r4, #1
1a0048cc:	2201      	movs	r2, #1
1a0048ce:	2b07      	cmp	r3, #7
1a0048d0:	e9cd 3429 	strd	r3, r4, [sp, #164]	; 0xa4
1a0048d4:	f8c9 2004 	str.w	r2, [r9, #4]
1a0048d8:	f300 84d1 	bgt.w	1a00527e <_svfprintf_r+0x129e>
1a0048dc:	f109 0908 	add.w	r9, r9, #8
1a0048e0:	9b22      	ldr	r3, [sp, #136]	; 0x88
1a0048e2:	9a12      	ldr	r2, [sp, #72]	; 0x48
1a0048e4:	9c2a      	ldr	r4, [sp, #168]	; 0xa8
1a0048e6:	4293      	cmp	r3, r2
1a0048e8:	f280 828a 	bge.w	1a004e00 <_svfprintf_r+0xe20>
1a0048ec:	9b29      	ldr	r3, [sp, #164]	; 0xa4
1a0048ee:	9a15      	ldr	r2, [sp, #84]	; 0x54
1a0048f0:	f8c9 2000 	str.w	r2, [r9]
1a0048f4:	9a13      	ldr	r2, [sp, #76]	; 0x4c
1a0048f6:	f8c9 2004 	str.w	r2, [r9, #4]
1a0048fa:	3301      	adds	r3, #1
1a0048fc:	4414      	add	r4, r2
1a0048fe:	2b07      	cmp	r3, #7
1a004900:	e9cd 3429 	strd	r3, r4, [sp, #164]	; 0xa4
1a004904:	f300 838f 	bgt.w	1a005026 <_svfprintf_r+0x1046>
1a004908:	f109 0908 	add.w	r9, r9, #8
1a00490c:	9b12      	ldr	r3, [sp, #72]	; 0x48
1a00490e:	1e5d      	subs	r5, r3, #1
1a004910:	2d00      	cmp	r5, #0
1a004912:	f77f ae51 	ble.w	1a0045b8 <_svfprintf_r+0x5d8>
1a004916:	2d10      	cmp	r5, #16
1a004918:	9a29      	ldr	r2, [sp, #164]	; 0xa4
1a00491a:	4b09      	ldr	r3, [pc, #36]	; (1a004940 <_svfprintf_r+0x960>)
1a00491c:	f340 84bc 	ble.w	1a005298 <_svfprintf_r+0x12b8>
1a004920:	2610      	movs	r6, #16
1a004922:	e9dd 7806 	ldrd	r7, r8, [sp, #24]
1a004926:	469a      	mov	sl, r3
1a004928:	e012      	b.n	1a004950 <_svfprintf_r+0x970>
1a00492a:	bf00      	nop
1a00492c:	1a007f64 	.word	0x1a007f64
1a004930:	7fefffff 	.word	0x7fefffff
1a004934:	1a007f20 	.word	0x1a007f20
1a004938:	1a007f24 	.word	0x1a007f24
1a00493c:	1a007f60 	.word	0x1a007f60
1a004940:	1a007f74 	.word	0x1a007f74
1a004944:	f109 0908 	add.w	r9, r9, #8
1a004948:	3d10      	subs	r5, #16
1a00494a:	2d10      	cmp	r5, #16
1a00494c:	f340 84a3 	ble.w	1a005296 <_svfprintf_r+0x12b6>
1a004950:	3201      	adds	r2, #1
1a004952:	3410      	adds	r4, #16
1a004954:	2a07      	cmp	r2, #7
1a004956:	e9cd 2429 	strd	r2, r4, [sp, #164]	; 0xa4
1a00495a:	e9c9 a600 	strd	sl, r6, [r9]
1a00495e:	ddf1      	ble.n	1a004944 <_svfprintf_r+0x964>
1a004960:	aa28      	add	r2, sp, #160	; 0xa0
1a004962:	4641      	mov	r1, r8
1a004964:	4638      	mov	r0, r7
1a004966:	f002 fe03 	bl	1a007570 <__ssprint_r>
1a00496a:	2800      	cmp	r0, #0
1a00496c:	f47f ac17 	bne.w	1a00419e <_svfprintf_r+0x1be>
1a004970:	e9dd 2429 	ldrd	r2, r4, [sp, #164]	; 0xa4
1a004974:	f10d 09ac 	add.w	r9, sp, #172	; 0xac
1a004978:	e7e6      	b.n	1a004948 <_svfprintf_r+0x968>
1a00497a:	9b05      	ldr	r3, [sp, #20]
1a00497c:	9a03      	ldr	r2, [sp, #12]
1a00497e:	1a9d      	subs	r5, r3, r2
1a004980:	2d00      	cmp	r5, #0
1a004982:	f77f ae02 	ble.w	1a00458a <_svfprintf_r+0x5aa>
1a004986:	2d10      	cmp	r5, #16
1a004988:	9a29      	ldr	r2, [sp, #164]	; 0xa4
1a00498a:	4b9f      	ldr	r3, [pc, #636]	; (1a004c08 <_svfprintf_r+0xc28>)
1a00498c:	dd28      	ble.n	1a0049e0 <_svfprintf_r+0xa00>
1a00498e:	4620      	mov	r0, r4
1a004990:	970a      	str	r7, [sp, #40]	; 0x28
1a004992:	4649      	mov	r1, r9
1a004994:	9c06      	ldr	r4, [sp, #24]
1a004996:	46b1      	mov	r9, r6
1a004998:	461f      	mov	r7, r3
1a00499a:	9e07      	ldr	r6, [sp, #28]
1a00499c:	e004      	b.n	1a0049a8 <_svfprintf_r+0x9c8>
1a00499e:	3d10      	subs	r5, #16
1a0049a0:	2d10      	cmp	r5, #16
1a0049a2:	f101 0108 	add.w	r1, r1, #8
1a0049a6:	dd16      	ble.n	1a0049d6 <_svfprintf_r+0x9f6>
1a0049a8:	3201      	adds	r2, #1
1a0049aa:	3010      	adds	r0, #16
1a0049ac:	2310      	movs	r3, #16
1a0049ae:	2a07      	cmp	r2, #7
1a0049b0:	e9cd 2029 	strd	r2, r0, [sp, #164]	; 0xa4
1a0049b4:	600f      	str	r7, [r1, #0]
1a0049b6:	604b      	str	r3, [r1, #4]
1a0049b8:	ddf1      	ble.n	1a00499e <_svfprintf_r+0x9be>
1a0049ba:	aa28      	add	r2, sp, #160	; 0xa0
1a0049bc:	4631      	mov	r1, r6
1a0049be:	4620      	mov	r0, r4
1a0049c0:	f002 fdd6 	bl	1a007570 <__ssprint_r>
1a0049c4:	2800      	cmp	r0, #0
1a0049c6:	f47f abea 	bne.w	1a00419e <_svfprintf_r+0x1be>
1a0049ca:	3d10      	subs	r5, #16
1a0049cc:	2d10      	cmp	r5, #16
1a0049ce:	e9dd 2029 	ldrd	r2, r0, [sp, #164]	; 0xa4
1a0049d2:	a92b      	add	r1, sp, #172	; 0xac
1a0049d4:	dce8      	bgt.n	1a0049a8 <_svfprintf_r+0x9c8>
1a0049d6:	463b      	mov	r3, r7
1a0049d8:	9f0a      	ldr	r7, [sp, #40]	; 0x28
1a0049da:	464e      	mov	r6, r9
1a0049dc:	4604      	mov	r4, r0
1a0049de:	4689      	mov	r9, r1
1a0049e0:	3201      	adds	r2, #1
1a0049e2:	442c      	add	r4, r5
1a0049e4:	2a07      	cmp	r2, #7
1a0049e6:	e9cd 2429 	strd	r2, r4, [sp, #164]	; 0xa4
1a0049ea:	e9c9 3500 	strd	r3, r5, [r9]
1a0049ee:	f300 846a 	bgt.w	1a0052c6 <_svfprintf_r+0x12e6>
1a0049f2:	ebaa 0507 	sub.w	r5, sl, r7
1a0049f6:	2d00      	cmp	r5, #0
1a0049f8:	f109 0908 	add.w	r9, r9, #8
1a0049fc:	f77f adca 	ble.w	1a004594 <_svfprintf_r+0x5b4>
1a004a00:	2d10      	cmp	r5, #16
1a004a02:	9a29      	ldr	r2, [sp, #164]	; 0xa4
1a004a04:	4b80      	ldr	r3, [pc, #512]	; (1a004c08 <_svfprintf_r+0xc28>)
1a004a06:	dd29      	ble.n	1a004a5c <_svfprintf_r+0xa7c>
1a004a08:	4620      	mov	r0, r4
1a004a0a:	970a      	str	r7, [sp, #40]	; 0x28
1a004a0c:	4649      	mov	r1, r9
1a004a0e:	f04f 0a10 	mov.w	sl, #16
1a004a12:	46b1      	mov	r9, r6
1a004a14:	9c06      	ldr	r4, [sp, #24]
1a004a16:	9e07      	ldr	r6, [sp, #28]
1a004a18:	461f      	mov	r7, r3
1a004a1a:	e004      	b.n	1a004a26 <_svfprintf_r+0xa46>
1a004a1c:	3d10      	subs	r5, #16
1a004a1e:	2d10      	cmp	r5, #16
1a004a20:	f101 0108 	add.w	r1, r1, #8
1a004a24:	dd15      	ble.n	1a004a52 <_svfprintf_r+0xa72>
1a004a26:	3201      	adds	r2, #1
1a004a28:	3010      	adds	r0, #16
1a004a2a:	2a07      	cmp	r2, #7
1a004a2c:	e9cd 2029 	strd	r2, r0, [sp, #164]	; 0xa4
1a004a30:	e9c1 7a00 	strd	r7, sl, [r1]
1a004a34:	ddf2      	ble.n	1a004a1c <_svfprintf_r+0xa3c>
1a004a36:	aa28      	add	r2, sp, #160	; 0xa0
1a004a38:	4631      	mov	r1, r6
1a004a3a:	4620      	mov	r0, r4
1a004a3c:	f002 fd98 	bl	1a007570 <__ssprint_r>
1a004a40:	2800      	cmp	r0, #0
1a004a42:	f47f abac 	bne.w	1a00419e <_svfprintf_r+0x1be>
1a004a46:	3d10      	subs	r5, #16
1a004a48:	2d10      	cmp	r5, #16
1a004a4a:	e9dd 2029 	ldrd	r2, r0, [sp, #164]	; 0xa4
1a004a4e:	a92b      	add	r1, sp, #172	; 0xac
1a004a50:	dce9      	bgt.n	1a004a26 <_svfprintf_r+0xa46>
1a004a52:	463b      	mov	r3, r7
1a004a54:	9f0a      	ldr	r7, [sp, #40]	; 0x28
1a004a56:	464e      	mov	r6, r9
1a004a58:	4604      	mov	r4, r0
1a004a5a:	4689      	mov	r9, r1
1a004a5c:	3201      	adds	r2, #1
1a004a5e:	442c      	add	r4, r5
1a004a60:	2a07      	cmp	r2, #7
1a004a62:	e9cd 2429 	strd	r2, r4, [sp, #164]	; 0xa4
1a004a66:	e9c9 3500 	strd	r3, r5, [r9]
1a004a6a:	f300 8197 	bgt.w	1a004d9c <_svfprintf_r+0xdbc>
1a004a6e:	f109 0908 	add.w	r9, r9, #8
1a004a72:	e58f      	b.n	1a004594 <_svfprintf_r+0x5b4>
1a004a74:	9a12      	ldr	r2, [sp, #72]	; 0x48
1a004a76:	9b29      	ldr	r3, [sp, #164]	; 0xa4
1a004a78:	2a01      	cmp	r2, #1
1a004a7a:	f104 0401 	add.w	r4, r4, #1
1a004a7e:	f103 0501 	add.w	r5, r3, #1
1a004a82:	f109 0708 	add.w	r7, r9, #8
1a004a86:	f340 8148 	ble.w	1a004d1a <_svfprintf_r+0xd3a>
1a004a8a:	2301      	movs	r3, #1
1a004a8c:	2d07      	cmp	r5, #7
1a004a8e:	f8c9 6000 	str.w	r6, [r9]
1a004a92:	e9cd 5429 	strd	r5, r4, [sp, #164]	; 0xa4
1a004a96:	f8c9 3004 	str.w	r3, [r9, #4]
1a004a9a:	f300 8198 	bgt.w	1a004dce <_svfprintf_r+0xdee>
1a004a9e:	9b13      	ldr	r3, [sp, #76]	; 0x4c
1a004aa0:	9a15      	ldr	r2, [sp, #84]	; 0x54
1a004aa2:	1c69      	adds	r1, r5, #1
1a004aa4:	441c      	add	r4, r3
1a004aa6:	2907      	cmp	r1, #7
1a004aa8:	910b      	str	r1, [sp, #44]	; 0x2c
1a004aaa:	e9cd 1429 	strd	r1, r4, [sp, #164]	; 0xa4
1a004aae:	e9c7 2300 	strd	r2, r3, [r7]
1a004ab2:	f300 8198 	bgt.w	1a004de6 <_svfprintf_r+0xe06>
1a004ab6:	3708      	adds	r7, #8
1a004ab8:	9a0b      	ldr	r2, [sp, #44]	; 0x2c
1a004aba:	9d12      	ldr	r5, [sp, #72]	; 0x48
1a004abc:	f102 0a01 	add.w	sl, r2, #1
1a004ac0:	2300      	movs	r3, #0
1a004ac2:	2200      	movs	r2, #0
1a004ac4:	e9dd 0110 	ldrd	r0, r1, [sp, #64]	; 0x40
1a004ac8:	f8cd a028 	str.w	sl, [sp, #40]	; 0x28
1a004acc:	f107 0908 	add.w	r9, r7, #8
1a004ad0:	f105 38ff 	add.w	r8, r5, #4294967295
1a004ad4:	f7fe fad0 	bl	1a003078 <__aeabi_dcmpeq>
1a004ad8:	2800      	cmp	r0, #0
1a004ada:	f040 8131 	bne.w	1a004d40 <_svfprintf_r+0xd60>
1a004ade:	9b0a      	ldr	r3, [sp, #40]	; 0x28
1a004ae0:	f8c7 8004 	str.w	r8, [r7, #4]
1a004ae4:	3601      	adds	r6, #1
1a004ae6:	4444      	add	r4, r8
1a004ae8:	2b07      	cmp	r3, #7
1a004aea:	603e      	str	r6, [r7, #0]
1a004aec:	942a      	str	r4, [sp, #168]	; 0xa8
1a004aee:	9329      	str	r3, [sp, #164]	; 0xa4
1a004af0:	f300 8367 	bgt.w	1a0051c2 <_svfprintf_r+0x11e2>
1a004af4:	9a0b      	ldr	r2, [sp, #44]	; 0x2c
1a004af6:	f107 0310 	add.w	r3, r7, #16
1a004afa:	3202      	adds	r2, #2
1a004afc:	464f      	mov	r7, r9
1a004afe:	920a      	str	r2, [sp, #40]	; 0x28
1a004b00:	4699      	mov	r9, r3
1a004b02:	9a16      	ldr	r2, [sp, #88]	; 0x58
1a004b04:	607a      	str	r2, [r7, #4]
1a004b06:	4414      	add	r4, r2
1a004b08:	9a0a      	ldr	r2, [sp, #40]	; 0x28
1a004b0a:	942a      	str	r4, [sp, #168]	; 0xa8
1a004b0c:	ab24      	add	r3, sp, #144	; 0x90
1a004b0e:	2a07      	cmp	r2, #7
1a004b10:	9229      	str	r2, [sp, #164]	; 0xa4
1a004b12:	603b      	str	r3, [r7, #0]
1a004b14:	f77f ad50 	ble.w	1a0045b8 <_svfprintf_r+0x5d8>
1a004b18:	aa28      	add	r2, sp, #160	; 0xa0
1a004b1a:	e9dd 0106 	ldrd	r0, r1, [sp, #24]
1a004b1e:	f002 fd27 	bl	1a007570 <__ssprint_r>
1a004b22:	2800      	cmp	r0, #0
1a004b24:	f47f ab3b 	bne.w	1a00419e <_svfprintf_r+0x1be>
1a004b28:	9c2a      	ldr	r4, [sp, #168]	; 0xa8
1a004b2a:	f10d 09ac 	add.w	r9, sp, #172	; 0xac
1a004b2e:	e543      	b.n	1a0045b8 <_svfprintf_r+0x5d8>
1a004b30:	aa28      	add	r2, sp, #160	; 0xa0
1a004b32:	e9dd 0106 	ldrd	r0, r1, [sp, #24]
1a004b36:	f002 fd1b 	bl	1a007570 <__ssprint_r>
1a004b3a:	2800      	cmp	r0, #0
1a004b3c:	f47f ab2f 	bne.w	1a00419e <_svfprintf_r+0x1be>
1a004b40:	9c2a      	ldr	r4, [sp, #168]	; 0xa8
1a004b42:	f10d 09ac 	add.w	r9, sp, #172	; 0xac
1a004b46:	e50c      	b.n	1a004562 <_svfprintf_r+0x582>
1a004b48:	aa28      	add	r2, sp, #160	; 0xa0
1a004b4a:	e9dd 0106 	ldrd	r0, r1, [sp, #24]
1a004b4e:	f002 fd0f 	bl	1a007570 <__ssprint_r>
1a004b52:	2800      	cmp	r0, #0
1a004b54:	f47f ab23 	bne.w	1a00419e <_svfprintf_r+0x1be>
1a004b58:	9c2a      	ldr	r4, [sp, #168]	; 0xa8
1a004b5a:	f10d 09ac 	add.w	r9, sp, #172	; 0xac
1a004b5e:	e510      	b.n	1a004582 <_svfprintf_r+0x5a2>
1a004b60:	2d10      	cmp	r5, #16
1a004b62:	9b29      	ldr	r3, [sp, #164]	; 0xa4
1a004b64:	dd20      	ble.n	1a004ba8 <_svfprintf_r+0xbc8>
1a004b66:	2610      	movs	r6, #16
1a004b68:	e9dd 7806 	ldrd	r7, r8, [sp, #24]
1a004b6c:	e004      	b.n	1a004b78 <_svfprintf_r+0xb98>
1a004b6e:	3d10      	subs	r5, #16
1a004b70:	2d10      	cmp	r5, #16
1a004b72:	f109 0908 	add.w	r9, r9, #8
1a004b76:	dd17      	ble.n	1a004ba8 <_svfprintf_r+0xbc8>
1a004b78:	3301      	adds	r3, #1
1a004b7a:	4a24      	ldr	r2, [pc, #144]	; (1a004c0c <_svfprintf_r+0xc2c>)
1a004b7c:	3410      	adds	r4, #16
1a004b7e:	2b07      	cmp	r3, #7
1a004b80:	e9cd 3429 	strd	r3, r4, [sp, #164]	; 0xa4
1a004b84:	e9c9 2600 	strd	r2, r6, [r9]
1a004b88:	ddf1      	ble.n	1a004b6e <_svfprintf_r+0xb8e>
1a004b8a:	aa28      	add	r2, sp, #160	; 0xa0
1a004b8c:	4641      	mov	r1, r8
1a004b8e:	4638      	mov	r0, r7
1a004b90:	f002 fcee 	bl	1a007570 <__ssprint_r>
1a004b94:	2800      	cmp	r0, #0
1a004b96:	f47f ab02 	bne.w	1a00419e <_svfprintf_r+0x1be>
1a004b9a:	3d10      	subs	r5, #16
1a004b9c:	2d10      	cmp	r5, #16
1a004b9e:	e9dd 3429 	ldrd	r3, r4, [sp, #164]	; 0xa4
1a004ba2:	f10d 09ac 	add.w	r9, sp, #172	; 0xac
1a004ba6:	dce7      	bgt.n	1a004b78 <_svfprintf_r+0xb98>
1a004ba8:	3301      	adds	r3, #1
1a004baa:	4a18      	ldr	r2, [pc, #96]	; (1a004c0c <_svfprintf_r+0xc2c>)
1a004bac:	442c      	add	r4, r5
1a004bae:	2b07      	cmp	r3, #7
1a004bb0:	e9cd 3429 	strd	r3, r4, [sp, #164]	; 0xa4
1a004bb4:	e9c9 2500 	strd	r2, r5, [r9]
1a004bb8:	f77f ad07 	ble.w	1a0045ca <_svfprintf_r+0x5ea>
1a004bbc:	aa28      	add	r2, sp, #160	; 0xa0
1a004bbe:	e9dd 0106 	ldrd	r0, r1, [sp, #24]
1a004bc2:	f002 fcd5 	bl	1a007570 <__ssprint_r>
1a004bc6:	2800      	cmp	r0, #0
1a004bc8:	f47f aae9 	bne.w	1a00419e <_svfprintf_r+0x1be>
1a004bcc:	9c2a      	ldr	r4, [sp, #168]	; 0xa8
1a004bce:	e4fc      	b.n	1a0045ca <_svfprintf_r+0x5ea>
1a004bd0:	2b01      	cmp	r3, #1
1a004bd2:	f000 8467 	beq.w	1a0054a4 <_svfprintf_r+0x14c4>
1a004bd6:	2b02      	cmp	r3, #2
1a004bd8:	9f02      	ldr	r7, [sp, #8]
1a004bda:	f47f adfe 	bne.w	1a0047da <_svfprintf_r+0x7fa>
1a004bde:	9814      	ldr	r0, [sp, #80]	; 0x50
1a004be0:	ae54      	add	r6, sp, #336	; 0x150
1a004be2:	0923      	lsrs	r3, r4, #4
1a004be4:	f004 010f 	and.w	r1, r4, #15
1a004be8:	ea43 7305 	orr.w	r3, r3, r5, lsl #28
1a004bec:	092a      	lsrs	r2, r5, #4
1a004bee:	461c      	mov	r4, r3
1a004bf0:	4615      	mov	r5, r2
1a004bf2:	5c43      	ldrb	r3, [r0, r1]
1a004bf4:	f806 3d01 	strb.w	r3, [r6, #-1]!
1a004bf8:	ea54 0305 	orrs.w	r3, r4, r5
1a004bfc:	d1f1      	bne.n	1a004be2 <_svfprintf_r+0xc02>
1a004bfe:	ab54      	add	r3, sp, #336	; 0x150
1a004c00:	9702      	str	r7, [sp, #8]
1a004c02:	1b9f      	subs	r7, r3, r6
1a004c04:	e5d6      	b.n	1a0047b4 <_svfprintf_r+0x7d4>
1a004c06:	bf00      	nop
1a004c08:	1a007f74 	.word	0x1a007f74
1a004c0c:	1a007f64 	.word	0x1a007f64
1a004c10:	9b22      	ldr	r3, [sp, #136]	; 0x88
1a004c12:	2b00      	cmp	r3, #0
1a004c14:	f340 82ff 	ble.w	1a005216 <_svfprintf_r+0x1236>
1a004c18:	9b0e      	ldr	r3, [sp, #56]	; 0x38
1a004c1a:	9a12      	ldr	r2, [sp, #72]	; 0x48
1a004c1c:	4293      	cmp	r3, r2
1a004c1e:	bfa8      	it	ge
1a004c20:	4613      	movge	r3, r2
1a004c22:	2b00      	cmp	r3, #0
1a004c24:	461d      	mov	r5, r3
1a004c26:	dd0d      	ble.n	1a004c44 <_svfprintf_r+0xc64>
1a004c28:	9b29      	ldr	r3, [sp, #164]	; 0xa4
1a004c2a:	f8c9 6000 	str.w	r6, [r9]
1a004c2e:	3301      	adds	r3, #1
1a004c30:	442c      	add	r4, r5
1a004c32:	2b07      	cmp	r3, #7
1a004c34:	942a      	str	r4, [sp, #168]	; 0xa8
1a004c36:	f8c9 5004 	str.w	r5, [r9, #4]
1a004c3a:	9329      	str	r3, [sp, #164]	; 0xa4
1a004c3c:	f300 8480 	bgt.w	1a005540 <_svfprintf_r+0x1560>
1a004c40:	f109 0908 	add.w	r9, r9, #8
1a004c44:	9b0e      	ldr	r3, [sp, #56]	; 0x38
1a004c46:	2d00      	cmp	r5, #0
1a004c48:	bfa8      	it	ge
1a004c4a:	1b5b      	subge	r3, r3, r5
1a004c4c:	2b00      	cmp	r3, #0
1a004c4e:	461d      	mov	r5, r3
1a004c50:	f300 8213 	bgt.w	1a00507a <_svfprintf_r+0x109a>
1a004c54:	9b0e      	ldr	r3, [sp, #56]	; 0x38
1a004c56:	4433      	add	r3, r6
1a004c58:	469a      	mov	sl, r3
1a004c5a:	9b02      	ldr	r3, [sp, #8]
1a004c5c:	055f      	lsls	r7, r3, #21
1a004c5e:	f100 8233 	bmi.w	1a0050c8 <_svfprintf_r+0x10e8>
1a004c62:	9b22      	ldr	r3, [sp, #136]	; 0x88
1a004c64:	9a12      	ldr	r2, [sp, #72]	; 0x48
1a004c66:	4293      	cmp	r3, r2
1a004c68:	db03      	blt.n	1a004c72 <_svfprintf_r+0xc92>
1a004c6a:	9a02      	ldr	r2, [sp, #8]
1a004c6c:	07d5      	lsls	r5, r2, #31
1a004c6e:	f140 83de 	bpl.w	1a00542e <_svfprintf_r+0x144e>
1a004c72:	9a29      	ldr	r2, [sp, #164]	; 0xa4
1a004c74:	9915      	ldr	r1, [sp, #84]	; 0x54
1a004c76:	f8c9 1000 	str.w	r1, [r9]
1a004c7a:	9913      	ldr	r1, [sp, #76]	; 0x4c
1a004c7c:	f8c9 1004 	str.w	r1, [r9, #4]
1a004c80:	3201      	adds	r2, #1
1a004c82:	440c      	add	r4, r1
1a004c84:	2a07      	cmp	r2, #7
1a004c86:	942a      	str	r4, [sp, #168]	; 0xa8
1a004c88:	9229      	str	r2, [sp, #164]	; 0xa4
1a004c8a:	f300 847c 	bgt.w	1a005586 <_svfprintf_r+0x15a6>
1a004c8e:	f109 0908 	add.w	r9, r9, #8
1a004c92:	9a12      	ldr	r2, [sp, #72]	; 0x48
1a004c94:	18b5      	adds	r5, r6, r2
1a004c96:	eba5 050a 	sub.w	r5, r5, sl
1a004c9a:	1ad3      	subs	r3, r2, r3
1a004c9c:	429d      	cmp	r5, r3
1a004c9e:	bfa8      	it	ge
1a004ca0:	461d      	movge	r5, r3
1a004ca2:	2d00      	cmp	r5, #0
1a004ca4:	dd0d      	ble.n	1a004cc2 <_svfprintf_r+0xce2>
1a004ca6:	9a29      	ldr	r2, [sp, #164]	; 0xa4
1a004ca8:	f8c9 a000 	str.w	sl, [r9]
1a004cac:	3201      	adds	r2, #1
1a004cae:	442c      	add	r4, r5
1a004cb0:	2a07      	cmp	r2, #7
1a004cb2:	942a      	str	r4, [sp, #168]	; 0xa8
1a004cb4:	f8c9 5004 	str.w	r5, [r9, #4]
1a004cb8:	9229      	str	r2, [sp, #164]	; 0xa4
1a004cba:	f300 8579 	bgt.w	1a0057b0 <_svfprintf_r+0x17d0>
1a004cbe:	f109 0908 	add.w	r9, r9, #8
1a004cc2:	2d00      	cmp	r5, #0
1a004cc4:	bfac      	ite	ge
1a004cc6:	1b5d      	subge	r5, r3, r5
1a004cc8:	461d      	movlt	r5, r3
1a004cca:	2d00      	cmp	r5, #0
1a004ccc:	f77f ac74 	ble.w	1a0045b8 <_svfprintf_r+0x5d8>
1a004cd0:	2d10      	cmp	r5, #16
1a004cd2:	9a29      	ldr	r2, [sp, #164]	; 0xa4
1a004cd4:	4bc2      	ldr	r3, [pc, #776]	; (1a004fe0 <_svfprintf_r+0x1000>)
1a004cd6:	f340 82df 	ble.w	1a005298 <_svfprintf_r+0x12b8>
1a004cda:	2610      	movs	r6, #16
1a004cdc:	e9dd 7806 	ldrd	r7, r8, [sp, #24]
1a004ce0:	469a      	mov	sl, r3
1a004ce2:	e005      	b.n	1a004cf0 <_svfprintf_r+0xd10>
1a004ce4:	f109 0908 	add.w	r9, r9, #8
1a004ce8:	3d10      	subs	r5, #16
1a004cea:	2d10      	cmp	r5, #16
1a004cec:	f340 82d3 	ble.w	1a005296 <_svfprintf_r+0x12b6>
1a004cf0:	3201      	adds	r2, #1
1a004cf2:	3410      	adds	r4, #16
1a004cf4:	2a07      	cmp	r2, #7
1a004cf6:	e9cd 2429 	strd	r2, r4, [sp, #164]	; 0xa4
1a004cfa:	e9c9 a600 	strd	sl, r6, [r9]
1a004cfe:	ddf1      	ble.n	1a004ce4 <_svfprintf_r+0xd04>
1a004d00:	aa28      	add	r2, sp, #160	; 0xa0
1a004d02:	4641      	mov	r1, r8
1a004d04:	4638      	mov	r0, r7
1a004d06:	f002 fc33 	bl	1a007570 <__ssprint_r>
1a004d0a:	2800      	cmp	r0, #0
1a004d0c:	f47f aa47 	bne.w	1a00419e <_svfprintf_r+0x1be>
1a004d10:	e9dd 2429 	ldrd	r2, r4, [sp, #164]	; 0xa4
1a004d14:	f10d 09ac 	add.w	r9, sp, #172	; 0xac
1a004d18:	e7e6      	b.n	1a004ce8 <_svfprintf_r+0xd08>
1a004d1a:	9a02      	ldr	r2, [sp, #8]
1a004d1c:	07d0      	lsls	r0, r2, #31
1a004d1e:	f53f aeb4 	bmi.w	1a004a8a <_svfprintf_r+0xaaa>
1a004d22:	2201      	movs	r2, #1
1a004d24:	2d07      	cmp	r5, #7
1a004d26:	f8c9 6000 	str.w	r6, [r9]
1a004d2a:	e9cd 5429 	strd	r5, r4, [sp, #164]	; 0xa4
1a004d2e:	f8c9 2004 	str.w	r2, [r9, #4]
1a004d32:	f300 8246 	bgt.w	1a0051c2 <_svfprintf_r+0x11e2>
1a004d36:	3302      	adds	r3, #2
1a004d38:	930a      	str	r3, [sp, #40]	; 0x28
1a004d3a:	f109 0910 	add.w	r9, r9, #16
1a004d3e:	e6e0      	b.n	1a004b02 <_svfprintf_r+0xb22>
1a004d40:	f1b8 0f00 	cmp.w	r8, #0
1a004d44:	f77f aedd 	ble.w	1a004b02 <_svfprintf_r+0xb22>
1a004d48:	f1b8 0f10 	cmp.w	r8, #16
1a004d4c:	4ba4      	ldr	r3, [pc, #656]	; (1a004fe0 <_svfprintf_r+0x1000>)
1a004d4e:	f340 8639 	ble.w	1a0059c4 <_svfprintf_r+0x19e4>
1a004d52:	461a      	mov	r2, r3
1a004d54:	4655      	mov	r5, sl
1a004d56:	4623      	mov	r3, r4
1a004d58:	2610      	movs	r6, #16
1a004d5a:	f8dd 9018 	ldr.w	r9, [sp, #24]
1a004d5e:	f8dd a01c 	ldr.w	sl, [sp, #28]
1a004d62:	4614      	mov	r4, r2
1a004d64:	e007      	b.n	1a004d76 <_svfprintf_r+0xd96>
1a004d66:	3708      	adds	r7, #8
1a004d68:	f1a8 0810 	sub.w	r8, r8, #16
1a004d6c:	f1b8 0f10 	cmp.w	r8, #16
1a004d70:	f340 8304 	ble.w	1a00537c <_svfprintf_r+0x139c>
1a004d74:	3501      	adds	r5, #1
1a004d76:	3310      	adds	r3, #16
1a004d78:	2d07      	cmp	r5, #7
1a004d7a:	e9cd 5329 	strd	r5, r3, [sp, #164]	; 0xa4
1a004d7e:	e9c7 4600 	strd	r4, r6, [r7]
1a004d82:	ddf0      	ble.n	1a004d66 <_svfprintf_r+0xd86>
1a004d84:	aa28      	add	r2, sp, #160	; 0xa0
1a004d86:	4651      	mov	r1, sl
1a004d88:	4648      	mov	r0, r9
1a004d8a:	f002 fbf1 	bl	1a007570 <__ssprint_r>
1a004d8e:	2800      	cmp	r0, #0
1a004d90:	f47f aa05 	bne.w	1a00419e <_svfprintf_r+0x1be>
1a004d94:	e9dd 5329 	ldrd	r5, r3, [sp, #164]	; 0xa4
1a004d98:	af2b      	add	r7, sp, #172	; 0xac
1a004d9a:	e7e5      	b.n	1a004d68 <_svfprintf_r+0xd88>
1a004d9c:	aa28      	add	r2, sp, #160	; 0xa0
1a004d9e:	e9dd 0106 	ldrd	r0, r1, [sp, #24]
1a004da2:	f002 fbe5 	bl	1a007570 <__ssprint_r>
1a004da6:	2800      	cmp	r0, #0
1a004da8:	f47f a9f9 	bne.w	1a00419e <_svfprintf_r+0x1be>
1a004dac:	9c2a      	ldr	r4, [sp, #168]	; 0xa8
1a004dae:	f10d 09ac 	add.w	r9, sp, #172	; 0xac
1a004db2:	f7ff bbef 	b.w	1a004594 <_svfprintf_r+0x5b4>
1a004db6:	232d      	movs	r3, #45	; 0x2d
1a004db8:	4264      	negs	r4, r4
1a004dba:	f88d 3083 	strb.w	r3, [sp, #131]	; 0x83
1a004dbe:	eb65 0545 	sbc.w	r5, r5, r5, lsl #1
1a004dc2:	2301      	movs	r3, #1
1a004dc4:	f7ff ba65 	b.w	1a004292 <_svfprintf_r+0x2b2>
1a004dc8:	4634      	mov	r4, r6
1a004dca:	f7ff b95c 	b.w	1a004086 <_svfprintf_r+0xa6>
1a004dce:	aa28      	add	r2, sp, #160	; 0xa0
1a004dd0:	e9dd 0106 	ldrd	r0, r1, [sp, #24]
1a004dd4:	f002 fbcc 	bl	1a007570 <__ssprint_r>
1a004dd8:	2800      	cmp	r0, #0
1a004dda:	f47f a9e0 	bne.w	1a00419e <_svfprintf_r+0x1be>
1a004dde:	e9dd 5429 	ldrd	r5, r4, [sp, #164]	; 0xa4
1a004de2:	af2b      	add	r7, sp, #172	; 0xac
1a004de4:	e65b      	b.n	1a004a9e <_svfprintf_r+0xabe>
1a004de6:	aa28      	add	r2, sp, #160	; 0xa0
1a004de8:	e9dd 0106 	ldrd	r0, r1, [sp, #24]
1a004dec:	f002 fbc0 	bl	1a007570 <__ssprint_r>
1a004df0:	2800      	cmp	r0, #0
1a004df2:	f47f a9d4 	bne.w	1a00419e <_svfprintf_r+0x1be>
1a004df6:	e9dd 3429 	ldrd	r3, r4, [sp, #164]	; 0xa4
1a004dfa:	af2b      	add	r7, sp, #172	; 0xac
1a004dfc:	930b      	str	r3, [sp, #44]	; 0x2c
1a004dfe:	e65b      	b.n	1a004ab8 <_svfprintf_r+0xad8>
1a004e00:	9b02      	ldr	r3, [sp, #8]
1a004e02:	07db      	lsls	r3, r3, #31
1a004e04:	f53f ad72 	bmi.w	1a0048ec <_svfprintf_r+0x90c>
1a004e08:	f7ff bbd6 	b.w	1a0045b8 <_svfprintf_r+0x5d8>
1a004e0c:	ae54      	add	r6, sp, #336	; 0x150
1a004e0e:	e4d1      	b.n	1a0047b4 <_svfprintf_r+0x7d4>
1a004e10:	9b02      	ldr	r3, [sp, #8]
1a004e12:	059f      	lsls	r7, r3, #22
1a004e14:	f100 831c 	bmi.w	1a005450 <_svfprintf_r+0x1470>
1a004e18:	2500      	movs	r5, #0
1a004e1a:	f7ff b9df 	b.w	1a0041dc <_svfprintf_r+0x1fc>
1a004e1e:	9904      	ldr	r1, [sp, #16]
1a004e20:	6812      	ldr	r2, [r2, #0]
1a004e22:	9309      	str	r3, [sp, #36]	; 0x24
1a004e24:	17cd      	asrs	r5, r1, #31
1a004e26:	4608      	mov	r0, r1
1a004e28:	4629      	mov	r1, r5
1a004e2a:	e9c2 0100 	strd	r0, r1, [r2]
1a004e2e:	465e      	mov	r6, fp
1a004e30:	f7ff ba76 	b.w	1a004320 <_svfprintf_r+0x340>
1a004e34:	9b09      	ldr	r3, [sp, #36]	; 0x24
1a004e36:	1d1a      	adds	r2, r3, #4
1a004e38:	9b09      	ldr	r3, [sp, #36]	; 0x24
1a004e3a:	9209      	str	r2, [sp, #36]	; 0x24
1a004e3c:	681c      	ldr	r4, [r3, #0]
1a004e3e:	2500      	movs	r5, #0
1a004e40:	2301      	movs	r3, #1
1a004e42:	f7ff ba23 	b.w	1a00428c <_svfprintf_r+0x2ac>
1a004e46:	e9dd 0110 	ldrd	r0, r1, [sp, #64]	; 0x40
1a004e4a:	4602      	mov	r2, r0
1a004e4c:	460b      	mov	r3, r1
1a004e4e:	f7fe f945 	bl	1a0030dc <__aeabi_dcmpun>
1a004e52:	2800      	cmp	r0, #0
1a004e54:	f040 8528 	bne.w	1a0058a8 <_svfprintf_r+0x18c8>
1a004e58:	f1b8 0f61 	cmp.w	r8, #97	; 0x61
1a004e5c:	f000 850d 	beq.w	1a00587a <_svfprintf_r+0x189a>
1a004e60:	f1b8 0f41 	cmp.w	r8, #65	; 0x41
1a004e64:	f000 83e9 	beq.w	1a00563a <_svfprintf_r+0x165a>
1a004e68:	f028 0320 	bic.w	r3, r8, #32
1a004e6c:	f1ba 3fff 	cmp.w	sl, #4294967295
1a004e70:	9303      	str	r3, [sp, #12]
1a004e72:	f000 8307 	beq.w	1a005484 <_svfprintf_r+0x14a4>
1a004e76:	2b47      	cmp	r3, #71	; 0x47
1a004e78:	d104      	bne.n	1a004e84 <_svfprintf_r+0xea4>
1a004e7a:	f1ba 0f00 	cmp.w	sl, #0
1a004e7e:	bf08      	it	eq
1a004e80:	f04f 0a01 	moveq.w	sl, #1
1a004e84:	e9dd 4510 	ldrd	r4, r5, [sp, #64]	; 0x40
1a004e88:	9902      	ldr	r1, [sp, #8]
1a004e8a:	2d00      	cmp	r5, #0
1a004e8c:	f441 7280 	orr.w	r2, r1, #256	; 0x100
1a004e90:	f2c0 8476 	blt.w	1a005780 <_svfprintf_r+0x17a0>
1a004e94:	e9cd 451c 	strd	r4, r5, [sp, #112]	; 0x70
1a004e98:	2300      	movs	r3, #0
1a004e9a:	931e      	str	r3, [sp, #120]	; 0x78
1a004e9c:	910a      	str	r1, [sp, #40]	; 0x28
1a004e9e:	9308      	str	r3, [sp, #32]
1a004ea0:	9202      	str	r2, [sp, #8]
1a004ea2:	9b03      	ldr	r3, [sp, #12]
1a004ea4:	2b46      	cmp	r3, #70	; 0x46
1a004ea6:	f000 837c 	beq.w	1a0055a2 <_svfprintf_r+0x15c2>
1a004eaa:	2b45      	cmp	r3, #69	; 0x45
1a004eac:	f000 84d4 	beq.w	1a005858 <_svfprintf_r+0x1878>
1a004eb0:	aa26      	add	r2, sp, #152	; 0x98
1a004eb2:	ab23      	add	r3, sp, #140	; 0x8c
1a004eb4:	e9cd 3200 	strd	r3, r2, [sp]
1a004eb8:	2102      	movs	r1, #2
1a004eba:	ab22      	add	r3, sp, #136	; 0x88
1a004ebc:	4652      	mov	r2, sl
1a004ebe:	ed9d 0b1c 	vldr	d0, [sp, #112]	; 0x70
1a004ec2:	9806      	ldr	r0, [sp, #24]
1a004ec4:	f000 fe3c 	bl	1a005b40 <_dtoa_r>
1a004ec8:	9b03      	ldr	r3, [sp, #12]
1a004eca:	2b47      	cmp	r3, #71	; 0x47
1a004ecc:	4606      	mov	r6, r0
1a004ece:	f040 858e 	bne.w	1a0059ee <_svfprintf_r+0x1a0e>
1a004ed2:	9b0a      	ldr	r3, [sp, #40]	; 0x28
1a004ed4:	07db      	lsls	r3, r3, #31
1a004ed6:	f100 847b 	bmi.w	1a0057d0 <_svfprintf_r+0x17f0>
1a004eda:	9f26      	ldr	r7, [sp, #152]	; 0x98
1a004edc:	1bbb      	subs	r3, r7, r6
1a004ede:	9312      	str	r3, [sp, #72]	; 0x48
1a004ee0:	9b22      	ldr	r3, [sp, #136]	; 0x88
1a004ee2:	930e      	str	r3, [sp, #56]	; 0x38
1a004ee4:	9b03      	ldr	r3, [sp, #12]
1a004ee6:	2b47      	cmp	r3, #71	; 0x47
1a004ee8:	f000 82ee 	beq.w	1a0054c8 <_svfprintf_r+0x14e8>
1a004eec:	9b03      	ldr	r3, [sp, #12]
1a004eee:	2b46      	cmp	r3, #70	; 0x46
1a004ef0:	f000 8380 	beq.w	1a0055f4 <_svfprintf_r+0x1614>
1a004ef4:	9903      	ldr	r1, [sp, #12]
1a004ef6:	9b0e      	ldr	r3, [sp, #56]	; 0x38
1a004ef8:	2941      	cmp	r1, #65	; 0x41
1a004efa:	f103 32ff 	add.w	r2, r3, #4294967295
1a004efe:	fa5f f388 	uxtb.w	r3, r8
1a004f02:	bf03      	ittte	eq
1a004f04:	330f      	addeq	r3, #15
1a004f06:	b2db      	uxtbeq	r3, r3
1a004f08:	2101      	moveq	r1, #1
1a004f0a:	2100      	movne	r1, #0
1a004f0c:	2a00      	cmp	r2, #0
1a004f0e:	f88d 3090 	strb.w	r3, [sp, #144]	; 0x90
1a004f12:	bfb8      	it	lt
1a004f14:	9b0e      	ldrlt	r3, [sp, #56]	; 0x38
1a004f16:	9222      	str	r2, [sp, #136]	; 0x88
1a004f18:	bfb6      	itet	lt
1a004f1a:	f1c3 0201 	rsblt	r2, r3, #1
1a004f1e:	232b      	movge	r3, #43	; 0x2b
1a004f20:	232d      	movlt	r3, #45	; 0x2d
1a004f22:	2a09      	cmp	r2, #9
1a004f24:	f88d 3091 	strb.w	r3, [sp, #145]	; 0x91
1a004f28:	f340 84ae 	ble.w	1a005888 <_svfprintf_r+0x18a8>
1a004f2c:	f10d 049f 	add.w	r4, sp, #159	; 0x9f
1a004f30:	4620      	mov	r0, r4
1a004f32:	4d2c      	ldr	r5, [pc, #176]	; (1a004fe4 <_svfprintf_r+0x1004>)
1a004f34:	e001      	b.n	1a004f3a <_svfprintf_r+0xf5a>
1a004f36:	4608      	mov	r0, r1
1a004f38:	461a      	mov	r2, r3
1a004f3a:	fb85 3102 	smull	r3, r1, r5, r2
1a004f3e:	17d3      	asrs	r3, r2, #31
1a004f40:	ebc3 03a1 	rsb	r3, r3, r1, asr #2
1a004f44:	eb03 0183 	add.w	r1, r3, r3, lsl #2
1a004f48:	eba2 0141 	sub.w	r1, r2, r1, lsl #1
1a004f4c:	3130      	adds	r1, #48	; 0x30
1a004f4e:	2a63      	cmp	r2, #99	; 0x63
1a004f50:	f800 1c01 	strb.w	r1, [r0, #-1]
1a004f54:	f100 31ff 	add.w	r1, r0, #4294967295
1a004f58:	dced      	bgt.n	1a004f36 <_svfprintf_r+0xf56>
1a004f5a:	3330      	adds	r3, #48	; 0x30
1a004f5c:	1e82      	subs	r2, r0, #2
1a004f5e:	b2db      	uxtb	r3, r3
1a004f60:	4294      	cmp	r4, r2
1a004f62:	f801 3c01 	strb.w	r3, [r1, #-1]
1a004f66:	f240 8545 	bls.w	1a0059f4 <_svfprintf_r+0x1a14>
1a004f6a:	f10d 0292 	add.w	r2, sp, #146	; 0x92
1a004f6e:	e001      	b.n	1a004f74 <_svfprintf_r+0xf94>
1a004f70:	f811 3b01 	ldrb.w	r3, [r1], #1
1a004f74:	f802 3b01 	strb.w	r3, [r2], #1
1a004f78:	428c      	cmp	r4, r1
1a004f7a:	d1f9      	bne.n	1a004f70 <_svfprintf_r+0xf90>
1a004f7c:	f10d 03a1 	add.w	r3, sp, #161	; 0xa1
1a004f80:	f10d 0292 	add.w	r2, sp, #146	; 0x92
1a004f84:	1a1b      	subs	r3, r3, r0
1a004f86:	4413      	add	r3, r2
1a004f88:	aa24      	add	r2, sp, #144	; 0x90
1a004f8a:	1a9b      	subs	r3, r3, r2
1a004f8c:	9316      	str	r3, [sp, #88]	; 0x58
1a004f8e:	9b12      	ldr	r3, [sp, #72]	; 0x48
1a004f90:	9a16      	ldr	r2, [sp, #88]	; 0x58
1a004f92:	2b01      	cmp	r3, #1
1a004f94:	eb03 0702 	add.w	r7, r3, r2
1a004f98:	f340 84ee 	ble.w	1a005978 <_svfprintf_r+0x1998>
1a004f9c:	9b13      	ldr	r3, [sp, #76]	; 0x4c
1a004f9e:	441f      	add	r7, r3
1a004fa0:	9b0a      	ldr	r3, [sp, #40]	; 0x28
1a004fa2:	2200      	movs	r2, #0
1a004fa4:	f423 6380 	bic.w	r3, r3, #1024	; 0x400
1a004fa8:	f443 7380 	orr.w	r3, r3, #256	; 0x100
1a004fac:	e9cd 220e 	strd	r2, r2, [sp, #56]	; 0x38
1a004fb0:	9302      	str	r3, [sp, #8]
1a004fb2:	ea27 73e7 	bic.w	r3, r7, r7, asr #31
1a004fb6:	920c      	str	r2, [sp, #48]	; 0x30
1a004fb8:	9303      	str	r3, [sp, #12]
1a004fba:	9b1e      	ldr	r3, [sp, #120]	; 0x78
1a004fbc:	2b00      	cmp	r3, #0
1a004fbe:	f040 82aa 	bne.w	1a005516 <_svfprintf_r+0x1536>
1a004fc2:	469a      	mov	sl, r3
1a004fc4:	f89d 2083 	ldrb.w	r2, [sp, #131]	; 0x83
1a004fc8:	f7ff b9ea 	b.w	1a0043a0 <_svfprintf_r+0x3c0>
1a004fcc:	9b09      	ldr	r3, [sp, #36]	; 0x24
1a004fce:	1d1a      	adds	r2, r3, #4
1a004fd0:	9b09      	ldr	r3, [sp, #36]	; 0x24
1a004fd2:	9209      	str	r2, [sp, #36]	; 0x24
1a004fd4:	681c      	ldr	r4, [r3, #0]
1a004fd6:	17e5      	asrs	r5, r4, #31
1a004fd8:	4622      	mov	r2, r4
1a004fda:	462b      	mov	r3, r5
1a004fdc:	f7ff ba0f 	b.w	1a0043fe <_svfprintf_r+0x41e>
1a004fe0:	1a007f74 	.word	0x1a007f74
1a004fe4:	66666667 	.word	0x66666667
1a004fe8:	9b09      	ldr	r3, [sp, #36]	; 0x24
1a004fea:	1d1a      	adds	r2, r3, #4
1a004fec:	9b09      	ldr	r3, [sp, #36]	; 0x24
1a004fee:	9209      	str	r2, [sp, #36]	; 0x24
1a004ff0:	681c      	ldr	r4, [r3, #0]
1a004ff2:	2500      	movs	r5, #0
1a004ff4:	f7ff b9e8 	b.w	1a0043c8 <_svfprintf_r+0x3e8>
1a004ff8:	4252      	negs	r2, r2
1a004ffa:	9205      	str	r2, [sp, #20]
1a004ffc:	9309      	str	r3, [sp, #36]	; 0x24
1a004ffe:	f7ff b925 	b.w	1a00424c <_svfprintf_r+0x26c>
1a005002:	f443 7300 	orr.w	r3, r3, #512	; 0x200
1a005006:	f89b 8001 	ldrb.w	r8, [fp, #1]
1a00500a:	9302      	str	r3, [sp, #8]
1a00500c:	f10b 0b01 	add.w	fp, fp, #1
1a005010:	f7ff b846 	b.w	1a0040a0 <_svfprintf_r+0xc0>
1a005014:	f043 0320 	orr.w	r3, r3, #32
1a005018:	f89b 8001 	ldrb.w	r8, [fp, #1]
1a00501c:	9302      	str	r3, [sp, #8]
1a00501e:	f10b 0b01 	add.w	fp, fp, #1
1a005022:	f7ff b83d 	b.w	1a0040a0 <_svfprintf_r+0xc0>
1a005026:	aa28      	add	r2, sp, #160	; 0xa0
1a005028:	e9dd 0106 	ldrd	r0, r1, [sp, #24]
1a00502c:	f002 faa0 	bl	1a007570 <__ssprint_r>
1a005030:	2800      	cmp	r0, #0
1a005032:	f47f a8b4 	bne.w	1a00419e <_svfprintf_r+0x1be>
1a005036:	9c2a      	ldr	r4, [sp, #168]	; 0xa8
1a005038:	f10d 09ac 	add.w	r9, sp, #172	; 0xac
1a00503c:	e466      	b.n	1a00490c <_svfprintf_r+0x92c>
1a00503e:	2140      	movs	r1, #64	; 0x40
1a005040:	9806      	ldr	r0, [sp, #24]
1a005042:	f7fe fb79 	bl	1a003738 <_malloc_r>
1a005046:	9b07      	ldr	r3, [sp, #28]
1a005048:	6018      	str	r0, [r3, #0]
1a00504a:	6118      	str	r0, [r3, #16]
1a00504c:	2800      	cmp	r0, #0
1a00504e:	f000 84c6 	beq.w	1a0059de <_svfprintf_r+0x19fe>
1a005052:	9a07      	ldr	r2, [sp, #28]
1a005054:	2340      	movs	r3, #64	; 0x40
1a005056:	6153      	str	r3, [r2, #20]
1a005058:	f7fe bfd9 	b.w	1a00400e <_svfprintf_r+0x2e>
1a00505c:	4657      	mov	r7, sl
1a00505e:	2f06      	cmp	r7, #6
1a005060:	bf28      	it	cs
1a005062:	2706      	movcs	r7, #6
1a005064:	46b2      	mov	sl, r6
1a005066:	960c      	str	r6, [sp, #48]	; 0x30
1a005068:	e9cd 660e 	strd	r6, r6, [sp, #56]	; 0x38
1a00506c:	9608      	str	r6, [sp, #32]
1a00506e:	4632      	mov	r2, r6
1a005070:	9703      	str	r7, [sp, #12]
1a005072:	9409      	str	r4, [sp, #36]	; 0x24
1a005074:	4ebe      	ldr	r6, [pc, #760]	; (1a005370 <_svfprintf_r+0x1390>)
1a005076:	f7ff b993 	b.w	1a0043a0 <_svfprintf_r+0x3c0>
1a00507a:	2d10      	cmp	r5, #16
1a00507c:	9a29      	ldr	r2, [sp, #164]	; 0xa4
1a00507e:	4bbd      	ldr	r3, [pc, #756]	; (1a005374 <_svfprintf_r+0x1394>)
1a005080:	f340 81b8 	ble.w	1a0053f4 <_svfprintf_r+0x1414>
1a005084:	4619      	mov	r1, r3
1a005086:	2710      	movs	r7, #16
1a005088:	4623      	mov	r3, r4
1a00508a:	e9dd 8a06 	ldrd	r8, sl, [sp, #24]
1a00508e:	460c      	mov	r4, r1
1a005090:	e005      	b.n	1a00509e <_svfprintf_r+0x10be>
1a005092:	f109 0908 	add.w	r9, r9, #8
1a005096:	3d10      	subs	r5, #16
1a005098:	2d10      	cmp	r5, #16
1a00509a:	f340 81a8 	ble.w	1a0053ee <_svfprintf_r+0x140e>
1a00509e:	3201      	adds	r2, #1
1a0050a0:	3310      	adds	r3, #16
1a0050a2:	2a07      	cmp	r2, #7
1a0050a4:	e9cd 2329 	strd	r2, r3, [sp, #164]	; 0xa4
1a0050a8:	e9c9 4700 	strd	r4, r7, [r9]
1a0050ac:	ddf1      	ble.n	1a005092 <_svfprintf_r+0x10b2>
1a0050ae:	aa28      	add	r2, sp, #160	; 0xa0
1a0050b0:	4651      	mov	r1, sl
1a0050b2:	4640      	mov	r0, r8
1a0050b4:	f002 fa5c 	bl	1a007570 <__ssprint_r>
1a0050b8:	2800      	cmp	r0, #0
1a0050ba:	f47f a870 	bne.w	1a00419e <_svfprintf_r+0x1be>
1a0050be:	e9dd 2329 	ldrd	r2, r3, [sp, #164]	; 0xa4
1a0050c2:	f10d 09ac 	add.w	r9, sp, #172	; 0xac
1a0050c6:	e7e6      	b.n	1a005096 <_svfprintf_r+0x10b6>
1a0050c8:	9b12      	ldr	r3, [sp, #72]	; 0x48
1a0050ca:	f8cd b02c 	str.w	fp, [sp, #44]	; 0x2c
1a0050ce:	18f3      	adds	r3, r6, r3
1a0050d0:	930a      	str	r3, [sp, #40]	; 0x28
1a0050d2:	9b0f      	ldr	r3, [sp, #60]	; 0x3c
1a0050d4:	960e      	str	r6, [sp, #56]	; 0x38
1a0050d6:	464a      	mov	r2, r9
1a0050d8:	4656      	mov	r6, sl
1a0050da:	4fa6      	ldr	r7, [pc, #664]	; (1a005374 <_svfprintf_r+0x1394>)
1a0050dc:	f8dd 8060 	ldr.w	r8, [sp, #96]	; 0x60
1a0050e0:	f8dd a064 	ldr.w	sl, [sp, #100]	; 0x64
1a0050e4:	4621      	mov	r1, r4
1a0050e6:	e9dd b906 	ldrd	fp, r9, [sp, #24]
1a0050ea:	2b00      	cmp	r3, #0
1a0050ec:	d033      	beq.n	1a005156 <_svfprintf_r+0x1176>
1a0050ee:	9b0c      	ldr	r3, [sp, #48]	; 0x30
1a0050f0:	2b00      	cmp	r3, #0
1a0050f2:	d134      	bne.n	1a00515e <_svfprintf_r+0x117e>
1a0050f4:	9b0f      	ldr	r3, [sp, #60]	; 0x3c
1a0050f6:	3b01      	subs	r3, #1
1a0050f8:	f108 38ff 	add.w	r8, r8, #4294967295
1a0050fc:	930f      	str	r3, [sp, #60]	; 0x3c
1a0050fe:	9b29      	ldr	r3, [sp, #164]	; 0xa4
1a005100:	9817      	ldr	r0, [sp, #92]	; 0x5c
1a005102:	6010      	str	r0, [r2, #0]
1a005104:	3301      	adds	r3, #1
1a005106:	4451      	add	r1, sl
1a005108:	2b07      	cmp	r3, #7
1a00510a:	912a      	str	r1, [sp, #168]	; 0xa8
1a00510c:	f8c2 a004 	str.w	sl, [r2, #4]
1a005110:	9329      	str	r3, [sp, #164]	; 0xa4
1a005112:	dc66      	bgt.n	1a0051e2 <_svfprintf_r+0x1202>
1a005114:	3208      	adds	r2, #8
1a005116:	980a      	ldr	r0, [sp, #40]	; 0x28
1a005118:	f898 3000 	ldrb.w	r3, [r8]
1a00511c:	1b85      	subs	r5, r0, r6
1a00511e:	429d      	cmp	r5, r3
1a005120:	bfa8      	it	ge
1a005122:	461d      	movge	r5, r3
1a005124:	2d00      	cmp	r5, #0
1a005126:	dd0c      	ble.n	1a005142 <_svfprintf_r+0x1162>
1a005128:	9b29      	ldr	r3, [sp, #164]	; 0xa4
1a00512a:	6016      	str	r6, [r2, #0]
1a00512c:	3301      	adds	r3, #1
1a00512e:	4429      	add	r1, r5
1a005130:	2b07      	cmp	r3, #7
1a005132:	912a      	str	r1, [sp, #168]	; 0xa8
1a005134:	6055      	str	r5, [r2, #4]
1a005136:	9329      	str	r3, [sp, #164]	; 0xa4
1a005138:	f300 80b8 	bgt.w	1a0052ac <_svfprintf_r+0x12cc>
1a00513c:	f898 3000 	ldrb.w	r3, [r8]
1a005140:	3208      	adds	r2, #8
1a005142:	2d00      	cmp	r5, #0
1a005144:	bfac      	ite	ge
1a005146:	1b5d      	subge	r5, r3, r5
1a005148:	461d      	movlt	r5, r3
1a00514a:	2d00      	cmp	r5, #0
1a00514c:	dc0b      	bgt.n	1a005166 <_svfprintf_r+0x1186>
1a00514e:	441e      	add	r6, r3
1a005150:	9b0f      	ldr	r3, [sp, #60]	; 0x3c
1a005152:	2b00      	cmp	r3, #0
1a005154:	d1cb      	bne.n	1a0050ee <_svfprintf_r+0x110e>
1a005156:	9b0c      	ldr	r3, [sp, #48]	; 0x30
1a005158:	2b00      	cmp	r3, #0
1a00515a:	f000 81a6 	beq.w	1a0054aa <_svfprintf_r+0x14ca>
1a00515e:	9b0c      	ldr	r3, [sp, #48]	; 0x30
1a005160:	3b01      	subs	r3, #1
1a005162:	930c      	str	r3, [sp, #48]	; 0x30
1a005164:	e7cb      	b.n	1a0050fe <_svfprintf_r+0x111e>
1a005166:	2d10      	cmp	r5, #16
1a005168:	9829      	ldr	r0, [sp, #164]	; 0xa4
1a00516a:	dd1c      	ble.n	1a0051a6 <_svfprintf_r+0x11c6>
1a00516c:	2410      	movs	r4, #16
1a00516e:	e004      	b.n	1a00517a <_svfprintf_r+0x119a>
1a005170:	3d10      	subs	r5, #16
1a005172:	2d10      	cmp	r5, #16
1a005174:	f102 0208 	add.w	r2, r2, #8
1a005178:	dd15      	ble.n	1a0051a6 <_svfprintf_r+0x11c6>
1a00517a:	3001      	adds	r0, #1
1a00517c:	3110      	adds	r1, #16
1a00517e:	2807      	cmp	r0, #7
1a005180:	e9cd 0129 	strd	r0, r1, [sp, #164]	; 0xa4
1a005184:	e9c2 7400 	strd	r7, r4, [r2]
1a005188:	ddf2      	ble.n	1a005170 <_svfprintf_r+0x1190>
1a00518a:	aa28      	add	r2, sp, #160	; 0xa0
1a00518c:	4649      	mov	r1, r9
1a00518e:	4658      	mov	r0, fp
1a005190:	f002 f9ee 	bl	1a007570 <__ssprint_r>
1a005194:	2800      	cmp	r0, #0
1a005196:	f47f a802 	bne.w	1a00419e <_svfprintf_r+0x1be>
1a00519a:	3d10      	subs	r5, #16
1a00519c:	2d10      	cmp	r5, #16
1a00519e:	e9dd 0129 	ldrd	r0, r1, [sp, #164]	; 0xa4
1a0051a2:	aa2b      	add	r2, sp, #172	; 0xac
1a0051a4:	dce9      	bgt.n	1a00517a <_svfprintf_r+0x119a>
1a0051a6:	3001      	adds	r0, #1
1a0051a8:	4429      	add	r1, r5
1a0051aa:	2807      	cmp	r0, #7
1a0051ac:	e9cd 0129 	strd	r0, r1, [sp, #164]	; 0xa4
1a0051b0:	e9c2 7500 	strd	r7, r5, [r2]
1a0051b4:	f300 81b6 	bgt.w	1a005524 <_svfprintf_r+0x1544>
1a0051b8:	f898 3000 	ldrb.w	r3, [r8]
1a0051bc:	3208      	adds	r2, #8
1a0051be:	441e      	add	r6, r3
1a0051c0:	e7c6      	b.n	1a005150 <_svfprintf_r+0x1170>
1a0051c2:	aa28      	add	r2, sp, #160	; 0xa0
1a0051c4:	e9dd 0106 	ldrd	r0, r1, [sp, #24]
1a0051c8:	f002 f9d2 	bl	1a007570 <__ssprint_r>
1a0051cc:	2800      	cmp	r0, #0
1a0051ce:	f47e afe6 	bne.w	1a00419e <_svfprintf_r+0x1be>
1a0051d2:	e9dd 3429 	ldrd	r3, r4, [sp, #164]	; 0xa4
1a0051d6:	3301      	adds	r3, #1
1a0051d8:	930a      	str	r3, [sp, #40]	; 0x28
1a0051da:	f10d 09b4 	add.w	r9, sp, #180	; 0xb4
1a0051de:	af2b      	add	r7, sp, #172	; 0xac
1a0051e0:	e48f      	b.n	1a004b02 <_svfprintf_r+0xb22>
1a0051e2:	aa28      	add	r2, sp, #160	; 0xa0
1a0051e4:	4649      	mov	r1, r9
1a0051e6:	4658      	mov	r0, fp
1a0051e8:	f002 f9c2 	bl	1a007570 <__ssprint_r>
1a0051ec:	2800      	cmp	r0, #0
1a0051ee:	f47e afd6 	bne.w	1a00419e <_svfprintf_r+0x1be>
1a0051f2:	992a      	ldr	r1, [sp, #168]	; 0xa8
1a0051f4:	aa2b      	add	r2, sp, #172	; 0xac
1a0051f6:	e78e      	b.n	1a005116 <_svfprintf_r+0x1136>
1a0051f8:	aa28      	add	r2, sp, #160	; 0xa0
1a0051fa:	e9dd 0106 	ldrd	r0, r1, [sp, #24]
1a0051fe:	f002 f9b7 	bl	1a007570 <__ssprint_r>
1a005202:	2800      	cmp	r0, #0
1a005204:	f47e afcb 	bne.w	1a00419e <_svfprintf_r+0x1be>
1a005208:	f89d 2083 	ldrb.w	r2, [sp, #131]	; 0x83
1a00520c:	9c2a      	ldr	r4, [sp, #168]	; 0xa8
1a00520e:	f10d 09ac 	add.w	r9, sp, #172	; 0xac
1a005212:	f7ff b996 	b.w	1a004542 <_svfprintf_r+0x562>
1a005216:	9a29      	ldr	r2, [sp, #164]	; 0xa4
1a005218:	4957      	ldr	r1, [pc, #348]	; (1a005378 <_svfprintf_r+0x1398>)
1a00521a:	f8c9 1000 	str.w	r1, [r9]
1a00521e:	3201      	adds	r2, #1
1a005220:	3401      	adds	r4, #1
1a005222:	2101      	movs	r1, #1
1a005224:	2a07      	cmp	r2, #7
1a005226:	e9cd 2429 	strd	r2, r4, [sp, #164]	; 0xa4
1a00522a:	f8c9 1004 	str.w	r1, [r9, #4]
1a00522e:	f300 80f1 	bgt.w	1a005414 <_svfprintf_r+0x1434>
1a005232:	f109 0908 	add.w	r9, r9, #8
1a005236:	2b00      	cmp	r3, #0
1a005238:	d15a      	bne.n	1a0052f0 <_svfprintf_r+0x1310>
1a00523a:	9b02      	ldr	r3, [sp, #8]
1a00523c:	9a12      	ldr	r2, [sp, #72]	; 0x48
1a00523e:	f003 0301 	and.w	r3, r3, #1
1a005242:	4313      	orrs	r3, r2
1a005244:	f43f a9b8 	beq.w	1a0045b8 <_svfprintf_r+0x5d8>
1a005248:	9a29      	ldr	r2, [sp, #164]	; 0xa4
1a00524a:	9b15      	ldr	r3, [sp, #84]	; 0x54
1a00524c:	f8c9 3000 	str.w	r3, [r9]
1a005250:	9b13      	ldr	r3, [sp, #76]	; 0x4c
1a005252:	f8c9 3004 	str.w	r3, [r9, #4]
1a005256:	3201      	adds	r2, #1
1a005258:	441c      	add	r4, r3
1a00525a:	2a07      	cmp	r2, #7
1a00525c:	942a      	str	r4, [sp, #168]	; 0xa8
1a00525e:	9229      	str	r2, [sp, #164]	; 0xa4
1a005260:	f300 8102 	bgt.w	1a005468 <_svfprintf_r+0x1488>
1a005264:	f109 0908 	add.w	r9, r9, #8
1a005268:	9b12      	ldr	r3, [sp, #72]	; 0x48
1a00526a:	3201      	adds	r2, #1
1a00526c:	441c      	add	r4, r3
1a00526e:	2a07      	cmp	r2, #7
1a005270:	e9cd 2429 	strd	r2, r4, [sp, #164]	; 0xa4
1a005274:	e9c9 6300 	strd	r6, r3, [r9]
1a005278:	f77f a99c 	ble.w	1a0045b4 <_svfprintf_r+0x5d4>
1a00527c:	e44c      	b.n	1a004b18 <_svfprintf_r+0xb38>
1a00527e:	aa28      	add	r2, sp, #160	; 0xa0
1a005280:	e9dd 0106 	ldrd	r0, r1, [sp, #24]
1a005284:	f002 f974 	bl	1a007570 <__ssprint_r>
1a005288:	2800      	cmp	r0, #0
1a00528a:	f47e af88 	bne.w	1a00419e <_svfprintf_r+0x1be>
1a00528e:	f10d 09ac 	add.w	r9, sp, #172	; 0xac
1a005292:	f7ff bb25 	b.w	1a0048e0 <_svfprintf_r+0x900>
1a005296:	4653      	mov	r3, sl
1a005298:	3201      	adds	r2, #1
1a00529a:	442c      	add	r4, r5
1a00529c:	2a07      	cmp	r2, #7
1a00529e:	e9cd 2429 	strd	r2, r4, [sp, #164]	; 0xa4
1a0052a2:	e9c9 3500 	strd	r3, r5, [r9]
1a0052a6:	f77f a985 	ble.w	1a0045b4 <_svfprintf_r+0x5d4>
1a0052aa:	e435      	b.n	1a004b18 <_svfprintf_r+0xb38>
1a0052ac:	aa28      	add	r2, sp, #160	; 0xa0
1a0052ae:	4649      	mov	r1, r9
1a0052b0:	4658      	mov	r0, fp
1a0052b2:	f002 f95d 	bl	1a007570 <__ssprint_r>
1a0052b6:	2800      	cmp	r0, #0
1a0052b8:	f47e af71 	bne.w	1a00419e <_svfprintf_r+0x1be>
1a0052bc:	f898 3000 	ldrb.w	r3, [r8]
1a0052c0:	992a      	ldr	r1, [sp, #168]	; 0xa8
1a0052c2:	aa2b      	add	r2, sp, #172	; 0xac
1a0052c4:	e73d      	b.n	1a005142 <_svfprintf_r+0x1162>
1a0052c6:	aa28      	add	r2, sp, #160	; 0xa0
1a0052c8:	e9dd 0106 	ldrd	r0, r1, [sp, #24]
1a0052cc:	f002 f950 	bl	1a007570 <__ssprint_r>
1a0052d0:	2800      	cmp	r0, #0
1a0052d2:	f47e af64 	bne.w	1a00419e <_svfprintf_r+0x1be>
1a0052d6:	9c2a      	ldr	r4, [sp, #168]	; 0xa8
1a0052d8:	f10d 09ac 	add.w	r9, sp, #172	; 0xac
1a0052dc:	f7ff b955 	b.w	1a00458a <_svfprintf_r+0x5aa>
1a0052e0:	9a09      	ldr	r2, [sp, #36]	; 0x24
1a0052e2:	6812      	ldr	r2, [r2, #0]
1a0052e4:	9309      	str	r3, [sp, #36]	; 0x24
1a0052e6:	9b04      	ldr	r3, [sp, #16]
1a0052e8:	6013      	str	r3, [r2, #0]
1a0052ea:	465e      	mov	r6, fp
1a0052ec:	f7ff b818 	b.w	1a004320 <_svfprintf_r+0x340>
1a0052f0:	9a29      	ldr	r2, [sp, #164]	; 0xa4
1a0052f2:	9915      	ldr	r1, [sp, #84]	; 0x54
1a0052f4:	f8c9 1000 	str.w	r1, [r9]
1a0052f8:	9913      	ldr	r1, [sp, #76]	; 0x4c
1a0052fa:	f8c9 1004 	str.w	r1, [r9, #4]
1a0052fe:	3201      	adds	r2, #1
1a005300:	440c      	add	r4, r1
1a005302:	2a07      	cmp	r2, #7
1a005304:	942a      	str	r4, [sp, #168]	; 0xa8
1a005306:	9229      	str	r2, [sp, #164]	; 0xa4
1a005308:	f300 80ae 	bgt.w	1a005468 <_svfprintf_r+0x1488>
1a00530c:	f109 0908 	add.w	r9, r9, #8
1a005310:	2b00      	cmp	r3, #0
1a005312:	daa9      	bge.n	1a005268 <_svfprintf_r+0x1288>
1a005314:	425d      	negs	r5, r3
1a005316:	3310      	adds	r3, #16
1a005318:	4b16      	ldr	r3, [pc, #88]	; (1a005374 <_svfprintf_r+0x1394>)
1a00531a:	f280 8287 	bge.w	1a00582c <_svfprintf_r+0x184c>
1a00531e:	4619      	mov	r1, r3
1a005320:	2710      	movs	r7, #16
1a005322:	4623      	mov	r3, r4
1a005324:	e9dd 8a06 	ldrd	r8, sl, [sp, #24]
1a005328:	460c      	mov	r4, r1
1a00532a:	e005      	b.n	1a005338 <_svfprintf_r+0x1358>
1a00532c:	f109 0908 	add.w	r9, r9, #8
1a005330:	3d10      	subs	r5, #16
1a005332:	2d10      	cmp	r5, #16
1a005334:	f340 8277 	ble.w	1a005826 <_svfprintf_r+0x1846>
1a005338:	3201      	adds	r2, #1
1a00533a:	3310      	adds	r3, #16
1a00533c:	2a07      	cmp	r2, #7
1a00533e:	e9cd 2329 	strd	r2, r3, [sp, #164]	; 0xa4
1a005342:	e9c9 4700 	strd	r4, r7, [r9]
1a005346:	ddf1      	ble.n	1a00532c <_svfprintf_r+0x134c>
1a005348:	aa28      	add	r2, sp, #160	; 0xa0
1a00534a:	4651      	mov	r1, sl
1a00534c:	4640      	mov	r0, r8
1a00534e:	f002 f90f 	bl	1a007570 <__ssprint_r>
1a005352:	2800      	cmp	r0, #0
1a005354:	f47e af23 	bne.w	1a00419e <_svfprintf_r+0x1be>
1a005358:	e9dd 2329 	ldrd	r2, r3, [sp, #164]	; 0xa4
1a00535c:	f10d 09ac 	add.w	r9, sp, #172	; 0xac
1a005360:	e7e6      	b.n	1a005330 <_svfprintf_r+0x1350>
1a005362:	4630      	mov	r0, r6
1a005364:	f7fe fdcc 	bl	1a003f00 <strlen>
1a005368:	46aa      	mov	sl, r5
1a00536a:	4607      	mov	r7, r0
1a00536c:	f7ff b80c 	b.w	1a004388 <_svfprintf_r+0x3a8>
1a005370:	1a007f58 	.word	0x1a007f58
1a005374:	1a007f74 	.word	0x1a007f74
1a005378:	1a007f60 	.word	0x1a007f60
1a00537c:	4622      	mov	r2, r4
1a00537e:	461c      	mov	r4, r3
1a005380:	4613      	mov	r3, r2
1a005382:	462a      	mov	r2, r5
1a005384:	3201      	adds	r2, #1
1a005386:	920a      	str	r2, [sp, #40]	; 0x28
1a005388:	f107 0208 	add.w	r2, r7, #8
1a00538c:	e9c7 3800 	strd	r3, r8, [r7]
1a005390:	9b0a      	ldr	r3, [sp, #40]	; 0x28
1a005392:	9329      	str	r3, [sp, #164]	; 0xa4
1a005394:	4444      	add	r4, r8
1a005396:	2b07      	cmp	r3, #7
1a005398:	942a      	str	r4, [sp, #168]	; 0xa8
1a00539a:	f73f af12 	bgt.w	1a0051c2 <_svfprintf_r+0x11e2>
1a00539e:	3301      	adds	r3, #1
1a0053a0:	930a      	str	r3, [sp, #40]	; 0x28
1a0053a2:	f102 0908 	add.w	r9, r2, #8
1a0053a6:	4617      	mov	r7, r2
1a0053a8:	f7ff bbab 	b.w	1a004b02 <_svfprintf_r+0xb22>
1a0053ac:	9f02      	ldr	r7, [sp, #8]
1a0053ae:	9b09      	ldr	r3, [sp, #36]	; 0x24
1a0053b0:	f417 7f00 	tst.w	r7, #512	; 0x200
1a0053b4:	d044      	beq.n	1a005440 <_svfprintf_r+0x1460>
1a0053b6:	f993 4000 	ldrsb.w	r4, [r3]
1a0053ba:	9209      	str	r2, [sp, #36]	; 0x24
1a0053bc:	17e5      	asrs	r5, r4, #31
1a0053be:	4622      	mov	r2, r4
1a0053c0:	462b      	mov	r3, r5
1a0053c2:	f7ff b81c 	b.w	1a0043fe <_svfprintf_r+0x41e>
1a0053c6:	9f02      	ldr	r7, [sp, #8]
1a0053c8:	05b9      	lsls	r1, r7, #22
1a0053ca:	bf47      	ittee	mi
1a0053cc:	9209      	strmi	r2, [sp, #36]	; 0x24
1a0053ce:	b2e4      	uxtbmi	r4, r4
1a0053d0:	9f02      	ldrpl	r7, [sp, #8]
1a0053d2:	9209      	strpl	r2, [sp, #36]	; 0x24
1a0053d4:	2500      	movs	r5, #0
1a0053d6:	f7fe bff7 	b.w	1a0043c8 <_svfprintf_r+0x3e8>
1a0053da:	9f02      	ldr	r7, [sp, #8]
1a0053dc:	9209      	str	r2, [sp, #36]	; 0x24
1a0053de:	05b8      	lsls	r0, r7, #22
1a0053e0:	bf4c      	ite	mi
1a0053e2:	b2e4      	uxtbmi	r4, r4
1a0053e4:	9f02      	ldrpl	r7, [sp, #8]
1a0053e6:	2500      	movs	r5, #0
1a0053e8:	2301      	movs	r3, #1
1a0053ea:	f7fe bf4f 	b.w	1a00428c <_svfprintf_r+0x2ac>
1a0053ee:	4621      	mov	r1, r4
1a0053f0:	461c      	mov	r4, r3
1a0053f2:	460b      	mov	r3, r1
1a0053f4:	3201      	adds	r2, #1
1a0053f6:	442c      	add	r4, r5
1a0053f8:	2a07      	cmp	r2, #7
1a0053fa:	e9cd 2429 	strd	r2, r4, [sp, #164]	; 0xa4
1a0053fe:	e9c9 3500 	strd	r3, r5, [r9]
1a005402:	dc42      	bgt.n	1a00548a <_svfprintf_r+0x14aa>
1a005404:	f109 0908 	add.w	r9, r9, #8
1a005408:	e424      	b.n	1a004c54 <_svfprintf_r+0xc74>
1a00540a:	222d      	movs	r2, #45	; 0x2d
1a00540c:	f88d 2083 	strb.w	r2, [sp, #131]	; 0x83
1a005410:	f7ff b95d 	b.w	1a0046ce <_svfprintf_r+0x6ee>
1a005414:	aa28      	add	r2, sp, #160	; 0xa0
1a005416:	e9dd 0106 	ldrd	r0, r1, [sp, #24]
1a00541a:	f002 f8a9 	bl	1a007570 <__ssprint_r>
1a00541e:	2800      	cmp	r0, #0
1a005420:	f47e aebd 	bne.w	1a00419e <_svfprintf_r+0x1be>
1a005424:	9b22      	ldr	r3, [sp, #136]	; 0x88
1a005426:	9c2a      	ldr	r4, [sp, #168]	; 0xa8
1a005428:	f10d 09ac 	add.w	r9, sp, #172	; 0xac
1a00542c:	e703      	b.n	1a005236 <_svfprintf_r+0x1256>
1a00542e:	9a12      	ldr	r2, [sp, #72]	; 0x48
1a005430:	18b5      	adds	r5, r6, r2
1a005432:	eba5 050a 	sub.w	r5, r5, sl
1a005436:	1ad3      	subs	r3, r2, r3
1a005438:	429d      	cmp	r5, r3
1a00543a:	bfa8      	it	ge
1a00543c:	461d      	movge	r5, r3
1a00543e:	e440      	b.n	1a004cc2 <_svfprintf_r+0xce2>
1a005440:	681c      	ldr	r4, [r3, #0]
1a005442:	9209      	str	r2, [sp, #36]	; 0x24
1a005444:	17e5      	asrs	r5, r4, #31
1a005446:	9f02      	ldr	r7, [sp, #8]
1a005448:	4622      	mov	r2, r4
1a00544a:	462b      	mov	r3, r5
1a00544c:	f7fe bfd7 	b.w	1a0043fe <_svfprintf_r+0x41e>
1a005450:	b2e4      	uxtb	r4, r4
1a005452:	2500      	movs	r5, #0
1a005454:	f7fe bec2 	b.w	1a0041dc <_svfprintf_r+0x1fc>
1a005458:	9a09      	ldr	r2, [sp, #36]	; 0x24
1a00545a:	9309      	str	r3, [sp, #36]	; 0x24
1a00545c:	6812      	ldr	r2, [r2, #0]
1a00545e:	9b04      	ldr	r3, [sp, #16]
1a005460:	8013      	strh	r3, [r2, #0]
1a005462:	465e      	mov	r6, fp
1a005464:	f7fe bf5c 	b.w	1a004320 <_svfprintf_r+0x340>
1a005468:	aa28      	add	r2, sp, #160	; 0xa0
1a00546a:	e9dd 0106 	ldrd	r0, r1, [sp, #24]
1a00546e:	f002 f87f 	bl	1a007570 <__ssprint_r>
1a005472:	2800      	cmp	r0, #0
1a005474:	f47e ae93 	bne.w	1a00419e <_svfprintf_r+0x1be>
1a005478:	9b22      	ldr	r3, [sp, #136]	; 0x88
1a00547a:	e9dd 2429 	ldrd	r2, r4, [sp, #164]	; 0xa4
1a00547e:	f10d 09ac 	add.w	r9, sp, #172	; 0xac
1a005482:	e745      	b.n	1a005310 <_svfprintf_r+0x1330>
1a005484:	f04f 0a06 	mov.w	sl, #6
1a005488:	e4fc      	b.n	1a004e84 <_svfprintf_r+0xea4>
1a00548a:	aa28      	add	r2, sp, #160	; 0xa0
1a00548c:	e9dd 0106 	ldrd	r0, r1, [sp, #24]
1a005490:	f002 f86e 	bl	1a007570 <__ssprint_r>
1a005494:	2800      	cmp	r0, #0
1a005496:	f47e ae82 	bne.w	1a00419e <_svfprintf_r+0x1be>
1a00549a:	9c2a      	ldr	r4, [sp, #168]	; 0xa8
1a00549c:	f10d 09ac 	add.w	r9, sp, #172	; 0xac
1a0054a0:	f7ff bbd8 	b.w	1a004c54 <_svfprintf_r+0xc74>
1a0054a4:	9f02      	ldr	r7, [sp, #8]
1a0054a6:	f7ff b97e 	b.w	1a0047a6 <_svfprintf_r+0x7c6>
1a0054aa:	46b2      	mov	sl, r6
1a0054ac:	9b12      	ldr	r3, [sp, #72]	; 0x48
1a0054ae:	9e0e      	ldr	r6, [sp, #56]	; 0x38
1a0054b0:	f8dd b02c 	ldr.w	fp, [sp, #44]	; 0x2c
1a0054b4:	f8cd 8060 	str.w	r8, [sp, #96]	; 0x60
1a0054b8:	18f3      	adds	r3, r6, r3
1a0054ba:	459a      	cmp	sl, r3
1a0054bc:	460c      	mov	r4, r1
1a0054be:	4691      	mov	r9, r2
1a0054c0:	bf28      	it	cs
1a0054c2:	469a      	movcs	sl, r3
1a0054c4:	f7ff bbcd 	b.w	1a004c62 <_svfprintf_r+0xc82>
1a0054c8:	9b0e      	ldr	r3, [sp, #56]	; 0x38
1a0054ca:	1cda      	adds	r2, r3, #3
1a0054cc:	db01      	blt.n	1a0054d2 <_svfprintf_r+0x14f2>
1a0054ce:	459a      	cmp	sl, r3
1a0054d0:	da05      	bge.n	1a0054de <_svfprintf_r+0x14fe>
1a0054d2:	f1a8 0802 	sub.w	r8, r8, #2
1a0054d6:	f028 0320 	bic.w	r3, r8, #32
1a0054da:	9303      	str	r3, [sp, #12]
1a0054dc:	e50a      	b.n	1a004ef4 <_svfprintf_r+0xf14>
1a0054de:	9b12      	ldr	r3, [sp, #72]	; 0x48
1a0054e0:	4619      	mov	r1, r3
1a0054e2:	9b0e      	ldr	r3, [sp, #56]	; 0x38
1a0054e4:	4299      	cmp	r1, r3
1a0054e6:	f300 8159 	bgt.w	1a00579c <_svfprintf_r+0x17bc>
1a0054ea:	9a0a      	ldr	r2, [sp, #40]	; 0x28
1a0054ec:	07d7      	lsls	r7, r2, #31
1a0054ee:	f140 81c9 	bpl.w	1a005884 <_svfprintf_r+0x18a4>
1a0054f2:	9a13      	ldr	r2, [sp, #76]	; 0x4c
1a0054f4:	189f      	adds	r7, r3, r2
1a0054f6:	9b0a      	ldr	r3, [sp, #40]	; 0x28
1a0054f8:	055d      	lsls	r5, r3, #21
1a0054fa:	d503      	bpl.n	1a005504 <_svfprintf_r+0x1524>
1a0054fc:	9b0e      	ldr	r3, [sp, #56]	; 0x38
1a0054fe:	2b00      	cmp	r3, #0
1a005500:	f300 81f6 	bgt.w	1a0058f0 <_svfprintf_r+0x1910>
1a005504:	ea27 73e7 	bic.w	r3, r7, r7, asr #31
1a005508:	9303      	str	r3, [sp, #12]
1a00550a:	f04f 0867 	mov.w	r8, #103	; 0x67
1a00550e:	2300      	movs	r3, #0
1a005510:	930c      	str	r3, [sp, #48]	; 0x30
1a005512:	930f      	str	r3, [sp, #60]	; 0x3c
1a005514:	e551      	b.n	1a004fba <_svfprintf_r+0xfda>
1a005516:	222d      	movs	r2, #45	; 0x2d
1a005518:	f88d 2083 	strb.w	r2, [sp, #131]	; 0x83
1a00551c:	f04f 0a00 	mov.w	sl, #0
1a005520:	f7fe bf41 	b.w	1a0043a6 <_svfprintf_r+0x3c6>
1a005524:	aa28      	add	r2, sp, #160	; 0xa0
1a005526:	4649      	mov	r1, r9
1a005528:	4658      	mov	r0, fp
1a00552a:	f002 f821 	bl	1a007570 <__ssprint_r>
1a00552e:	2800      	cmp	r0, #0
1a005530:	f47e ae35 	bne.w	1a00419e <_svfprintf_r+0x1be>
1a005534:	f898 3000 	ldrb.w	r3, [r8]
1a005538:	992a      	ldr	r1, [sp, #168]	; 0xa8
1a00553a:	aa2b      	add	r2, sp, #172	; 0xac
1a00553c:	441e      	add	r6, r3
1a00553e:	e607      	b.n	1a005150 <_svfprintf_r+0x1170>
1a005540:	aa28      	add	r2, sp, #160	; 0xa0
1a005542:	e9dd 0106 	ldrd	r0, r1, [sp, #24]
1a005546:	f002 f813 	bl	1a007570 <__ssprint_r>
1a00554a:	2800      	cmp	r0, #0
1a00554c:	f47e ae27 	bne.w	1a00419e <_svfprintf_r+0x1be>
1a005550:	9c2a      	ldr	r4, [sp, #168]	; 0xa8
1a005552:	f10d 09ac 	add.w	r9, sp, #172	; 0xac
1a005556:	f7ff bb75 	b.w	1a004c44 <_svfprintf_r+0xc64>
1a00555a:	9b19      	ldr	r3, [sp, #100]	; 0x64
1a00555c:	9917      	ldr	r1, [sp, #92]	; 0x5c
1a00555e:	1af6      	subs	r6, r6, r3
1a005560:	461a      	mov	r2, r3
1a005562:	4630      	mov	r0, r6
1a005564:	f001 ffca 	bl	1a0074fc <strncpy>
1a005568:	f898 3001 	ldrb.w	r3, [r8, #1]
1a00556c:	b10b      	cbz	r3, 1a005572 <_svfprintf_r+0x1592>
1a00556e:	f108 0801 	add.w	r8, r8, #1
1a005572:	220a      	movs	r2, #10
1a005574:	2300      	movs	r3, #0
1a005576:	4620      	mov	r0, r4
1a005578:	4629      	mov	r1, r5
1a00557a:	f04f 0b00 	mov.w	fp, #0
1a00557e:	f7fd fdeb 	bl	1a003158 <__aeabi_uldivmod>
1a005582:	f7ff b960 	b.w	1a004846 <_svfprintf_r+0x866>
1a005586:	aa28      	add	r2, sp, #160	; 0xa0
1a005588:	e9dd 0106 	ldrd	r0, r1, [sp, #24]
1a00558c:	f001 fff0 	bl	1a007570 <__ssprint_r>
1a005590:	2800      	cmp	r0, #0
1a005592:	f47e ae04 	bne.w	1a00419e <_svfprintf_r+0x1be>
1a005596:	9b22      	ldr	r3, [sp, #136]	; 0x88
1a005598:	9c2a      	ldr	r4, [sp, #168]	; 0xa8
1a00559a:	f10d 09ac 	add.w	r9, sp, #172	; 0xac
1a00559e:	f7ff bb78 	b.w	1a004c92 <_svfprintf_r+0xcb2>
1a0055a2:	aa26      	add	r2, sp, #152	; 0x98
1a0055a4:	ab23      	add	r3, sp, #140	; 0x8c
1a0055a6:	e9cd 3200 	strd	r3, r2, [sp]
1a0055aa:	2103      	movs	r1, #3
1a0055ac:	ab22      	add	r3, sp, #136	; 0x88
1a0055ae:	4652      	mov	r2, sl
1a0055b0:	ed9d 0b1c 	vldr	d0, [sp, #112]	; 0x70
1a0055b4:	9806      	ldr	r0, [sp, #24]
1a0055b6:	f000 fac3 	bl	1a005b40 <_dtoa_r>
1a0055ba:	7803      	ldrb	r3, [r0, #0]
1a0055bc:	2b30      	cmp	r3, #48	; 0x30
1a0055be:	4606      	mov	r6, r0
1a0055c0:	f000 81cd 	beq.w	1a00595e <_svfprintf_r+0x197e>
1a0055c4:	9b22      	ldr	r3, [sp, #136]	; 0x88
1a0055c6:	4453      	add	r3, sl
1a0055c8:	18f4      	adds	r4, r6, r3
1a0055ca:	2200      	movs	r2, #0
1a0055cc:	2300      	movs	r3, #0
1a0055ce:	e9dd 011c 	ldrd	r0, r1, [sp, #112]	; 0x70
1a0055d2:	f7fd fd51 	bl	1a003078 <__aeabi_dcmpeq>
1a0055d6:	b108      	cbz	r0, 1a0055dc <_svfprintf_r+0x15fc>
1a0055d8:	4627      	mov	r7, r4
1a0055da:	e47f      	b.n	1a004edc <_svfprintf_r+0xefc>
1a0055dc:	9f26      	ldr	r7, [sp, #152]	; 0x98
1a0055de:	42a7      	cmp	r7, r4
1a0055e0:	f4bf ac7c 	bcs.w	1a004edc <_svfprintf_r+0xefc>
1a0055e4:	2230      	movs	r2, #48	; 0x30
1a0055e6:	1c7b      	adds	r3, r7, #1
1a0055e8:	9326      	str	r3, [sp, #152]	; 0x98
1a0055ea:	703a      	strb	r2, [r7, #0]
1a0055ec:	9f26      	ldr	r7, [sp, #152]	; 0x98
1a0055ee:	42bc      	cmp	r4, r7
1a0055f0:	d8f9      	bhi.n	1a0055e6 <_svfprintf_r+0x1606>
1a0055f2:	e473      	b.n	1a004edc <_svfprintf_r+0xefc>
1a0055f4:	9b0a      	ldr	r3, [sp, #40]	; 0x28
1a0055f6:	9a0e      	ldr	r2, [sp, #56]	; 0x38
1a0055f8:	f003 0301 	and.w	r3, r3, #1
1a0055fc:	2a00      	cmp	r2, #0
1a0055fe:	ea43 030a 	orr.w	r3, r3, sl
1a005602:	f340 81bf 	ble.w	1a005984 <_svfprintf_r+0x19a4>
1a005606:	2b00      	cmp	r3, #0
1a005608:	f040 819a 	bne.w	1a005940 <_svfprintf_r+0x1960>
1a00560c:	9f0e      	ldr	r7, [sp, #56]	; 0x38
1a00560e:	f04f 0866 	mov.w	r8, #102	; 0x66
1a005612:	9b0a      	ldr	r3, [sp, #40]	; 0x28
1a005614:	055a      	lsls	r2, r3, #21
1a005616:	f100 816d 	bmi.w	1a0058f4 <_svfprintf_r+0x1914>
1a00561a:	ea27 73e7 	bic.w	r3, r7, r7, asr #31
1a00561e:	9303      	str	r3, [sp, #12]
1a005620:	e775      	b.n	1a00550e <_svfprintf_r+0x152e>
1a005622:	4657      	mov	r7, sl
1a005624:	f8cd a00c 	str.w	sl, [sp, #12]
1a005628:	9409      	str	r4, [sp, #36]	; 0x24
1a00562a:	4682      	mov	sl, r0
1a00562c:	900c      	str	r0, [sp, #48]	; 0x30
1a00562e:	e9cd 000e 	strd	r0, r0, [sp, #56]	; 0x38
1a005632:	f89d 2083 	ldrb.w	r2, [sp, #131]	; 0x83
1a005636:	f7fe beb3 	b.w	1a0043a0 <_svfprintf_r+0x3c0>
1a00563a:	2330      	movs	r3, #48	; 0x30
1a00563c:	f88d 3084 	strb.w	r3, [sp, #132]	; 0x84
1a005640:	2358      	movs	r3, #88	; 0x58
1a005642:	f88d 3085 	strb.w	r3, [sp, #133]	; 0x85
1a005646:	9b02      	ldr	r3, [sp, #8]
1a005648:	f1ba 0f63 	cmp.w	sl, #99	; 0x63
1a00564c:	f043 0302 	orr.w	r3, r3, #2
1a005650:	930a      	str	r3, [sp, #40]	; 0x28
1a005652:	f300 80dd 	bgt.w	1a005810 <_svfprintf_r+0x1830>
1a005656:	2300      	movs	r3, #0
1a005658:	9308      	str	r3, [sp, #32]
1a00565a:	ae3b      	add	r6, sp, #236	; 0xec
1a00565c:	9a02      	ldr	r2, [sp, #8]
1a00565e:	9b11      	ldr	r3, [sp, #68]	; 0x44
1a005660:	f442 7281 	orr.w	r2, r2, #258	; 0x102
1a005664:	9202      	str	r2, [sp, #8]
1a005666:	2b00      	cmp	r3, #0
1a005668:	f028 0220 	bic.w	r2, r8, #32
1a00566c:	9203      	str	r2, [sp, #12]
1a00566e:	f2c0 808c 	blt.w	1a00578a <_svfprintf_r+0x17aa>
1a005672:	ed9d 7b10 	vldr	d7, [sp, #64]	; 0x40
1a005676:	ed8d 7b1c 	vstr	d7, [sp, #112]	; 0x70
1a00567a:	2300      	movs	r3, #0
1a00567c:	931e      	str	r3, [sp, #120]	; 0x78
1a00567e:	f1b8 0f61 	cmp.w	r8, #97	; 0x61
1a005682:	f000 811d 	beq.w	1a0058c0 <_svfprintf_r+0x18e0>
1a005686:	f1b8 0f41 	cmp.w	r8, #65	; 0x41
1a00568a:	f47f ac0a 	bne.w	1a004ea2 <_svfprintf_r+0xec2>
1a00568e:	a822      	add	r0, sp, #136	; 0x88
1a005690:	ed9d 0b1c 	vldr	d0, [sp, #112]	; 0x70
1a005694:	f001 fefc 	bl	1a007490 <frexp>
1a005698:	2200      	movs	r2, #0
1a00569a:	f04f 537f 	mov.w	r3, #1069547520	; 0x3fc00000
1a00569e:	ec51 0b10 	vmov	r0, r1, d0
1a0056a2:	f7fd fa81 	bl	1a002ba8 <__aeabi_dmul>
1a0056a6:	2200      	movs	r2, #0
1a0056a8:	2300      	movs	r3, #0
1a0056aa:	e9cd 010c 	strd	r0, r1, [sp, #48]	; 0x30
1a0056ae:	f7fd fce3 	bl	1a003078 <__aeabi_dcmpeq>
1a0056b2:	b108      	cbz	r0, 1a0056b8 <_svfprintf_r+0x16d8>
1a0056b4:	2301      	movs	r3, #1
1a0056b6:	9322      	str	r3, [sp, #136]	; 0x88
1a0056b8:	4bb6      	ldr	r3, [pc, #728]	; (1a005994 <_svfprintf_r+0x19b4>)
1a0056ba:	930b      	str	r3, [sp, #44]	; 0x2c
1a0056bc:	e9cd b80e 	strd	fp, r8, [sp, #56]	; 0x38
1a0056c0:	f10a 35ff 	add.w	r5, sl, #4294967295
1a0056c4:	f8cd a048 	str.w	sl, [sp, #72]	; 0x48
1a0056c8:	f8cd 907c 	str.w	r9, [sp, #124]	; 0x7c
1a0056cc:	f8dd b02c 	ldr.w	fp, [sp, #44]	; 0x2c
1a0056d0:	e9dd 890c 	ldrd	r8, r9, [sp, #48]	; 0x30
1a0056d4:	46b2      	mov	sl, r6
1a0056d6:	960c      	str	r6, [sp, #48]	; 0x30
1a0056d8:	e003      	b.n	1a0056e2 <_svfprintf_r+0x1702>
1a0056da:	f7fd fccd 	bl	1a003078 <__aeabi_dcmpeq>
1a0056de:	bb20      	cbnz	r0, 1a00572a <_svfprintf_r+0x174a>
1a0056e0:	46ba      	mov	sl, r7
1a0056e2:	2200      	movs	r2, #0
1a0056e4:	4bac      	ldr	r3, [pc, #688]	; (1a005998 <_svfprintf_r+0x19b8>)
1a0056e6:	4640      	mov	r0, r8
1a0056e8:	4649      	mov	r1, r9
1a0056ea:	f7fd fa5d 	bl	1a002ba8 <__aeabi_dmul>
1a0056ee:	4689      	mov	r9, r1
1a0056f0:	4680      	mov	r8, r0
1a0056f2:	f7fd fd09 	bl	1a003108 <__aeabi_d2iz>
1a0056f6:	4606      	mov	r6, r0
1a0056f8:	f7fd f9ec 	bl	1a002ad4 <__aeabi_i2d>
1a0056fc:	4602      	mov	r2, r0
1a0056fe:	460b      	mov	r3, r1
1a005700:	4640      	mov	r0, r8
1a005702:	4649      	mov	r1, r9
1a005704:	f7fd f898 	bl	1a002838 <__aeabi_dsub>
1a005708:	4657      	mov	r7, sl
1a00570a:	f81b 4006 	ldrb.w	r4, [fp, r6]
1a00570e:	f807 4b01 	strb.w	r4, [r7], #1
1a005712:	f1b5 3fff 	cmp.w	r5, #4294967295
1a005716:	462c      	mov	r4, r5
1a005718:	4680      	mov	r8, r0
1a00571a:	4689      	mov	r9, r1
1a00571c:	f04f 0200 	mov.w	r2, #0
1a005720:	f04f 0300 	mov.w	r3, #0
1a005724:	f105 35ff 	add.w	r5, r5, #4294967295
1a005728:	d1d7      	bne.n	1a0056da <_svfprintf_r+0x16fa>
1a00572a:	4640      	mov	r0, r8
1a00572c:	4649      	mov	r1, r9
1a00572e:	2200      	movs	r2, #0
1a005730:	4b9a      	ldr	r3, [pc, #616]	; (1a00599c <_svfprintf_r+0x19bc>)
1a005732:	f8dd b038 	ldr.w	fp, [sp, #56]	; 0x38
1a005736:	f8dd 803c 	ldr.w	r8, [sp, #60]	; 0x3c
1a00573a:	f8cd a038 	str.w	sl, [sp, #56]	; 0x38
1a00573e:	4635      	mov	r5, r6
1a005740:	f8dd 907c 	ldr.w	r9, [sp, #124]	; 0x7c
1a005744:	9e0c      	ldr	r6, [sp, #48]	; 0x30
1a005746:	f8dd a048 	ldr.w	sl, [sp, #72]	; 0x48
1a00574a:	e9cd 010c 	strd	r0, r1, [sp, #48]	; 0x30
1a00574e:	f7fd fcbb 	bl	1a0030c8 <__aeabi_dcmpgt>
1a005752:	2800      	cmp	r0, #0
1a005754:	d13f      	bne.n	1a0057d6 <_svfprintf_r+0x17f6>
1a005756:	e9dd 010c 	ldrd	r0, r1, [sp, #48]	; 0x30
1a00575a:	2200      	movs	r2, #0
1a00575c:	4b8f      	ldr	r3, [pc, #572]	; (1a00599c <_svfprintf_r+0x19bc>)
1a00575e:	f7fd fc8b 	bl	1a003078 <__aeabi_dcmpeq>
1a005762:	b108      	cbz	r0, 1a005768 <_svfprintf_r+0x1788>
1a005764:	07e9      	lsls	r1, r5, #31
1a005766:	d436      	bmi.n	1a0057d6 <_svfprintf_r+0x17f6>
1a005768:	2c00      	cmp	r4, #0
1a00576a:	f6ff abb7 	blt.w	1a004edc <_svfprintf_r+0xefc>
1a00576e:	1c63      	adds	r3, r4, #1
1a005770:	443b      	add	r3, r7
1a005772:	2230      	movs	r2, #48	; 0x30
1a005774:	f807 2b01 	strb.w	r2, [r7], #1
1a005778:	42bb      	cmp	r3, r7
1a00577a:	d1fb      	bne.n	1a005774 <_svfprintf_r+0x1794>
1a00577c:	f7ff bbae 	b.w	1a004edc <_svfprintf_r+0xefc>
1a005780:	9b02      	ldr	r3, [sp, #8]
1a005782:	930a      	str	r3, [sp, #40]	; 0x28
1a005784:	2300      	movs	r3, #0
1a005786:	9308      	str	r3, [sp, #32]
1a005788:	9202      	str	r2, [sp, #8]
1a00578a:	e9dd 1210 	ldrd	r1, r2, [sp, #64]	; 0x40
1a00578e:	f102 4300 	add.w	r3, r2, #2147483648	; 0x80000000
1a005792:	931d      	str	r3, [sp, #116]	; 0x74
1a005794:	232d      	movs	r3, #45	; 0x2d
1a005796:	911c      	str	r1, [sp, #112]	; 0x70
1a005798:	931e      	str	r3, [sp, #120]	; 0x78
1a00579a:	e770      	b.n	1a00567e <_svfprintf_r+0x169e>
1a00579c:	e9dd 3212 	ldrd	r3, r2, [sp, #72]	; 0x48
1a0057a0:	189f      	adds	r7, r3, r2
1a0057a2:	9b0e      	ldr	r3, [sp, #56]	; 0x38
1a0057a4:	2b00      	cmp	r3, #0
1a0057a6:	f340 80d1 	ble.w	1a00594c <_svfprintf_r+0x196c>
1a0057aa:	f04f 0867 	mov.w	r8, #103	; 0x67
1a0057ae:	e730      	b.n	1a005612 <_svfprintf_r+0x1632>
1a0057b0:	aa28      	add	r2, sp, #160	; 0xa0
1a0057b2:	e9dd 0106 	ldrd	r0, r1, [sp, #24]
1a0057b6:	f001 fedb 	bl	1a007570 <__ssprint_r>
1a0057ba:	2800      	cmp	r0, #0
1a0057bc:	f47e acef 	bne.w	1a00419e <_svfprintf_r+0x1be>
1a0057c0:	9b22      	ldr	r3, [sp, #136]	; 0x88
1a0057c2:	9a12      	ldr	r2, [sp, #72]	; 0x48
1a0057c4:	9c2a      	ldr	r4, [sp, #168]	; 0xa8
1a0057c6:	1ad3      	subs	r3, r2, r3
1a0057c8:	f10d 09ac 	add.w	r9, sp, #172	; 0xac
1a0057cc:	f7ff ba79 	b.w	1a004cc2 <_svfprintf_r+0xce2>
1a0057d0:	eb06 040a 	add.w	r4, r6, sl
1a0057d4:	e6f9      	b.n	1a0055ca <_svfprintf_r+0x15ea>
1a0057d6:	9b0e      	ldr	r3, [sp, #56]	; 0x38
1a0057d8:	9326      	str	r3, [sp, #152]	; 0x98
1a0057da:	9b0b      	ldr	r3, [sp, #44]	; 0x2c
1a0057dc:	f817 2c01 	ldrb.w	r2, [r7, #-1]
1a0057e0:	7bd9      	ldrb	r1, [r3, #15]
1a0057e2:	4291      	cmp	r1, r2
1a0057e4:	463b      	mov	r3, r7
1a0057e6:	d109      	bne.n	1a0057fc <_svfprintf_r+0x181c>
1a0057e8:	2030      	movs	r0, #48	; 0x30
1a0057ea:	f803 0c01 	strb.w	r0, [r3, #-1]
1a0057ee:	9b26      	ldr	r3, [sp, #152]	; 0x98
1a0057f0:	1e5a      	subs	r2, r3, #1
1a0057f2:	9226      	str	r2, [sp, #152]	; 0x98
1a0057f4:	f813 2c01 	ldrb.w	r2, [r3, #-1]
1a0057f8:	4291      	cmp	r1, r2
1a0057fa:	d0f6      	beq.n	1a0057ea <_svfprintf_r+0x180a>
1a0057fc:	2a39      	cmp	r2, #57	; 0x39
1a0057fe:	bf0b      	itete	eq
1a005800:	9a0b      	ldreq	r2, [sp, #44]	; 0x2c
1a005802:	3201      	addne	r2, #1
1a005804:	7a92      	ldrbeq	r2, [r2, #10]
1a005806:	b2d2      	uxtbne	r2, r2
1a005808:	f803 2c01 	strb.w	r2, [r3, #-1]
1a00580c:	f7ff bb66 	b.w	1a004edc <_svfprintf_r+0xefc>
1a005810:	f10a 0101 	add.w	r1, sl, #1
1a005814:	9806      	ldr	r0, [sp, #24]
1a005816:	f7fd ff8f 	bl	1a003738 <_malloc_r>
1a00581a:	4606      	mov	r6, r0
1a00581c:	2800      	cmp	r0, #0
1a00581e:	f000 80ed 	beq.w	1a0059fc <_svfprintf_r+0x1a1c>
1a005822:	9008      	str	r0, [sp, #32]
1a005824:	e71a      	b.n	1a00565c <_svfprintf_r+0x167c>
1a005826:	4621      	mov	r1, r4
1a005828:	461c      	mov	r4, r3
1a00582a:	460b      	mov	r3, r1
1a00582c:	3201      	adds	r2, #1
1a00582e:	442c      	add	r4, r5
1a005830:	2a07      	cmp	r2, #7
1a005832:	e9cd 2429 	strd	r2, r4, [sp, #164]	; 0xa4
1a005836:	e9c9 3500 	strd	r3, r5, [r9]
1a00583a:	f77f ad13 	ble.w	1a005264 <_svfprintf_r+0x1284>
1a00583e:	aa28      	add	r2, sp, #160	; 0xa0
1a005840:	e9dd 0106 	ldrd	r0, r1, [sp, #24]
1a005844:	f001 fe94 	bl	1a007570 <__ssprint_r>
1a005848:	2800      	cmp	r0, #0
1a00584a:	f47e aca8 	bne.w	1a00419e <_svfprintf_r+0x1be>
1a00584e:	e9dd 2429 	ldrd	r2, r4, [sp, #164]	; 0xa4
1a005852:	f10d 09ac 	add.w	r9, sp, #172	; 0xac
1a005856:	e507      	b.n	1a005268 <_svfprintf_r+0x1288>
1a005858:	f10a 0401 	add.w	r4, sl, #1
1a00585c:	a926      	add	r1, sp, #152	; 0x98
1a00585e:	ab23      	add	r3, sp, #140	; 0x8c
1a005860:	e9cd 3100 	strd	r3, r1, [sp]
1a005864:	4622      	mov	r2, r4
1a005866:	ab22      	add	r3, sp, #136	; 0x88
1a005868:	2102      	movs	r1, #2
1a00586a:	ed9d 0b1c 	vldr	d0, [sp, #112]	; 0x70
1a00586e:	9806      	ldr	r0, [sp, #24]
1a005870:	f000 f966 	bl	1a005b40 <_dtoa_r>
1a005874:	4606      	mov	r6, r0
1a005876:	4434      	add	r4, r6
1a005878:	e6a7      	b.n	1a0055ca <_svfprintf_r+0x15ea>
1a00587a:	2330      	movs	r3, #48	; 0x30
1a00587c:	f88d 3084 	strb.w	r3, [sp, #132]	; 0x84
1a005880:	2378      	movs	r3, #120	; 0x78
1a005882:	e6de      	b.n	1a005642 <_svfprintf_r+0x1662>
1a005884:	9f0e      	ldr	r7, [sp, #56]	; 0x38
1a005886:	e636      	b.n	1a0054f6 <_svfprintf_r+0x1516>
1a005888:	2900      	cmp	r1, #0
1a00588a:	f040 8098 	bne.w	1a0059be <_svfprintf_r+0x19de>
1a00588e:	2330      	movs	r3, #48	; 0x30
1a005890:	f88d 3092 	strb.w	r3, [sp, #146]	; 0x92
1a005894:	f10d 0393 	add.w	r3, sp, #147	; 0x93
1a005898:	3230      	adds	r2, #48	; 0x30
1a00589a:	f803 2b01 	strb.w	r2, [r3], #1
1a00589e:	aa24      	add	r2, sp, #144	; 0x90
1a0058a0:	1a9b      	subs	r3, r3, r2
1a0058a2:	9316      	str	r3, [sp, #88]	; 0x58
1a0058a4:	f7ff bb73 	b.w	1a004f8e <_svfprintf_r+0xfae>
1a0058a8:	9b11      	ldr	r3, [sp, #68]	; 0x44
1a0058aa:	4e3d      	ldr	r6, [pc, #244]	; (1a0059a0 <_svfprintf_r+0x19c0>)
1a0058ac:	2b00      	cmp	r3, #0
1a0058ae:	bfb6      	itet	lt
1a0058b0:	222d      	movlt	r2, #45	; 0x2d
1a0058b2:	f89d 2083 	ldrbge.w	r2, [sp, #131]	; 0x83
1a0058b6:	f88d 2083 	strblt.w	r2, [sp, #131]	; 0x83
1a0058ba:	4b3a      	ldr	r3, [pc, #232]	; (1a0059a4 <_svfprintf_r+0x19c4>)
1a0058bc:	f7fe bf09 	b.w	1a0046d2 <_svfprintf_r+0x6f2>
1a0058c0:	a822      	add	r0, sp, #136	; 0x88
1a0058c2:	ed9d 0b1c 	vldr	d0, [sp, #112]	; 0x70
1a0058c6:	f001 fde3 	bl	1a007490 <frexp>
1a0058ca:	2200      	movs	r2, #0
1a0058cc:	f04f 537f 	mov.w	r3, #1069547520	; 0x3fc00000
1a0058d0:	ec51 0b10 	vmov	r0, r1, d0
1a0058d4:	f7fd f968 	bl	1a002ba8 <__aeabi_dmul>
1a0058d8:	2200      	movs	r2, #0
1a0058da:	2300      	movs	r3, #0
1a0058dc:	e9cd 010c 	strd	r0, r1, [sp, #48]	; 0x30
1a0058e0:	f7fd fbca 	bl	1a003078 <__aeabi_dcmpeq>
1a0058e4:	b108      	cbz	r0, 1a0058ea <_svfprintf_r+0x190a>
1a0058e6:	2301      	movs	r3, #1
1a0058e8:	9322      	str	r3, [sp, #136]	; 0x88
1a0058ea:	4b2f      	ldr	r3, [pc, #188]	; (1a0059a8 <_svfprintf_r+0x19c8>)
1a0058ec:	930b      	str	r3, [sp, #44]	; 0x2c
1a0058ee:	e6e5      	b.n	1a0056bc <_svfprintf_r+0x16dc>
1a0058f0:	f04f 0867 	mov.w	r8, #103	; 0x67
1a0058f4:	9818      	ldr	r0, [sp, #96]	; 0x60
1a0058f6:	2200      	movs	r2, #0
1a0058f8:	920c      	str	r2, [sp, #48]	; 0x30
1a0058fa:	920f      	str	r2, [sp, #60]	; 0x3c
1a0058fc:	7803      	ldrb	r3, [r0, #0]
1a0058fe:	9a0e      	ldr	r2, [sp, #56]	; 0x38
1a005900:	2bff      	cmp	r3, #255	; 0xff
1a005902:	d00c      	beq.n	1a00591e <_svfprintf_r+0x193e>
1a005904:	4293      	cmp	r3, r2
1a005906:	da0a      	bge.n	1a00591e <_svfprintf_r+0x193e>
1a005908:	7841      	ldrb	r1, [r0, #1]
1a00590a:	1ad2      	subs	r2, r2, r3
1a00590c:	b1a1      	cbz	r1, 1a005938 <_svfprintf_r+0x1958>
1a00590e:	9b0f      	ldr	r3, [sp, #60]	; 0x3c
1a005910:	3301      	adds	r3, #1
1a005912:	930f      	str	r3, [sp, #60]	; 0x3c
1a005914:	460b      	mov	r3, r1
1a005916:	2bff      	cmp	r3, #255	; 0xff
1a005918:	f100 0001 	add.w	r0, r0, #1
1a00591c:	d1f2      	bne.n	1a005904 <_svfprintf_r+0x1924>
1a00591e:	920e      	str	r2, [sp, #56]	; 0x38
1a005920:	9b0f      	ldr	r3, [sp, #60]	; 0x3c
1a005922:	9a0c      	ldr	r2, [sp, #48]	; 0x30
1a005924:	9018      	str	r0, [sp, #96]	; 0x60
1a005926:	4413      	add	r3, r2
1a005928:	9a19      	ldr	r2, [sp, #100]	; 0x64
1a00592a:	fb02 7703 	mla	r7, r2, r3, r7
1a00592e:	ea27 73e7 	bic.w	r3, r7, r7, asr #31
1a005932:	9303      	str	r3, [sp, #12]
1a005934:	f7ff bb41 	b.w	1a004fba <_svfprintf_r+0xfda>
1a005938:	990c      	ldr	r1, [sp, #48]	; 0x30
1a00593a:	3101      	adds	r1, #1
1a00593c:	910c      	str	r1, [sp, #48]	; 0x30
1a00593e:	e7df      	b.n	1a005900 <_svfprintf_r+0x1920>
1a005940:	9b13      	ldr	r3, [sp, #76]	; 0x4c
1a005942:	18d7      	adds	r7, r2, r3
1a005944:	4457      	add	r7, sl
1a005946:	f04f 0866 	mov.w	r8, #102	; 0x66
1a00594a:	e662      	b.n	1a005612 <_svfprintf_r+0x1632>
1a00594c:	f1c3 0301 	rsb	r3, r3, #1
1a005950:	441f      	add	r7, r3
1a005952:	ea27 73e7 	bic.w	r3, r7, r7, asr #31
1a005956:	9303      	str	r3, [sp, #12]
1a005958:	f04f 0867 	mov.w	r8, #103	; 0x67
1a00595c:	e5d7      	b.n	1a00550e <_svfprintf_r+0x152e>
1a00595e:	2200      	movs	r2, #0
1a005960:	2300      	movs	r3, #0
1a005962:	e9dd 011c 	ldrd	r0, r1, [sp, #112]	; 0x70
1a005966:	f7fd fb87 	bl	1a003078 <__aeabi_dcmpeq>
1a00596a:	2800      	cmp	r0, #0
1a00596c:	f47f ae2a 	bne.w	1a0055c4 <_svfprintf_r+0x15e4>
1a005970:	f1ca 0301 	rsb	r3, sl, #1
1a005974:	9322      	str	r3, [sp, #136]	; 0x88
1a005976:	e626      	b.n	1a0055c6 <_svfprintf_r+0x15e6>
1a005978:	9b0a      	ldr	r3, [sp, #40]	; 0x28
1a00597a:	07db      	lsls	r3, r3, #31
1a00597c:	f57f ab10 	bpl.w	1a004fa0 <_svfprintf_r+0xfc0>
1a005980:	f7ff bb0c 	b.w	1a004f9c <_svfprintf_r+0xfbc>
1a005984:	b993      	cbnz	r3, 1a0059ac <_svfprintf_r+0x19cc>
1a005986:	2301      	movs	r3, #1
1a005988:	9303      	str	r3, [sp, #12]
1a00598a:	461f      	mov	r7, r3
1a00598c:	f04f 0866 	mov.w	r8, #102	; 0x66
1a005990:	e5bd      	b.n	1a00550e <_svfprintf_r+0x152e>
1a005992:	bf00      	nop
1a005994:	1a007f44 	.word	0x1a007f44
1a005998:	40300000 	.word	0x40300000
1a00599c:	3fe00000 	.word	0x3fe00000
1a0059a0:	1a007f28 	.word	0x1a007f28
1a0059a4:	1a007f2c 	.word	0x1a007f2c
1a0059a8:	1a007f30 	.word	0x1a007f30
1a0059ac:	9b13      	ldr	r3, [sp, #76]	; 0x4c
1a0059ae:	1c5f      	adds	r7, r3, #1
1a0059b0:	4457      	add	r7, sl
1a0059b2:	ea27 73e7 	bic.w	r3, r7, r7, asr #31
1a0059b6:	9303      	str	r3, [sp, #12]
1a0059b8:	f04f 0866 	mov.w	r8, #102	; 0x66
1a0059bc:	e5a7      	b.n	1a00550e <_svfprintf_r+0x152e>
1a0059be:	f10d 0392 	add.w	r3, sp, #146	; 0x92
1a0059c2:	e769      	b.n	1a005898 <_svfprintf_r+0x18b8>
1a0059c4:	464a      	mov	r2, r9
1a0059c6:	e4e1      	b.n	1a00538c <_svfprintf_r+0x13ac>
1a0059c8:	9b09      	ldr	r3, [sp, #36]	; 0x24
1a0059ca:	f89b 8001 	ldrb.w	r8, [fp, #1]
1a0059ce:	f853 0b04 	ldr.w	r0, [r3], #4
1a0059d2:	9309      	str	r3, [sp, #36]	; 0x24
1a0059d4:	4693      	mov	fp, r2
1a0059d6:	ea40 7ae0 	orr.w	sl, r0, r0, asr #31
1a0059da:	f7fe bb61 	b.w	1a0040a0 <_svfprintf_r+0xc0>
1a0059de:	9a06      	ldr	r2, [sp, #24]
1a0059e0:	230c      	movs	r3, #12
1a0059e2:	6013      	str	r3, [r2, #0]
1a0059e4:	f04f 33ff 	mov.w	r3, #4294967295
1a0059e8:	9304      	str	r3, [sp, #16]
1a0059ea:	f7fe bbe7 	b.w	1a0041bc <_svfprintf_r+0x1dc>
1a0059ee:	4654      	mov	r4, sl
1a0059f0:	4434      	add	r4, r6
1a0059f2:	e5ea      	b.n	1a0055ca <_svfprintf_r+0x15ea>
1a0059f4:	2302      	movs	r3, #2
1a0059f6:	9316      	str	r3, [sp, #88]	; 0x58
1a0059f8:	f7ff bac9 	b.w	1a004f8e <_svfprintf_r+0xfae>
1a0059fc:	9a07      	ldr	r2, [sp, #28]
1a0059fe:	8993      	ldrh	r3, [r2, #12]
1a005a00:	f043 0340 	orr.w	r3, r3, #64	; 0x40
1a005a04:	8193      	strh	r3, [r2, #12]
1a005a06:	f7fe bbd2 	b.w	1a0041ae <_svfprintf_r+0x1ce>
1a005a0a:	461f      	mov	r7, r3
1a005a0c:	f7ff ba14 	b.w	1a004e38 <_svfprintf_r+0xe58>
1a005a10:	461f      	mov	r7, r3
1a005a12:	f7ff baeb 	b.w	1a004fec <_svfprintf_r+0x100c>
1a005a16:	461f      	mov	r7, r3
1a005a18:	f7ff bada 	b.w	1a004fd0 <_svfprintf_r+0xff0>

1a005a1c <quorem>:
1a005a1c:	e92d 4ff0 	stmdb	sp!, {r4, r5, r6, r7, r8, r9, sl, fp, lr}
1a005a20:	6903      	ldr	r3, [r0, #16]
1a005a22:	690f      	ldr	r7, [r1, #16]
1a005a24:	42bb      	cmp	r3, r7
1a005a26:	b083      	sub	sp, #12
1a005a28:	f2c0 8086 	blt.w	1a005b38 <quorem+0x11c>
1a005a2c:	3f01      	subs	r7, #1
1a005a2e:	f101 0614 	add.w	r6, r1, #20
1a005a32:	f100 0a14 	add.w	sl, r0, #20
1a005a36:	f856 3027 	ldr.w	r3, [r6, r7, lsl #2]
1a005a3a:	f85a 2027 	ldr.w	r2, [sl, r7, lsl #2]
1a005a3e:	00bc      	lsls	r4, r7, #2
1a005a40:	3301      	adds	r3, #1
1a005a42:	9400      	str	r4, [sp, #0]
1a005a44:	eb06 0904 	add.w	r9, r6, r4
1a005a48:	429a      	cmp	r2, r3
1a005a4a:	4454      	add	r4, sl
1a005a4c:	fbb2 f8f3 	udiv	r8, r2, r3
1a005a50:	9401      	str	r4, [sp, #4]
1a005a52:	d33a      	bcc.n	1a005aca <quorem+0xae>
1a005a54:	2500      	movs	r5, #0
1a005a56:	462a      	mov	r2, r5
1a005a58:	46b6      	mov	lr, r6
1a005a5a:	46d4      	mov	ip, sl
1a005a5c:	f85e 4b04 	ldr.w	r4, [lr], #4
1a005a60:	f8dc 3000 	ldr.w	r3, [ip]
1a005a64:	fa1f fb84 	uxth.w	fp, r4
1a005a68:	fb08 550b 	mla	r5, r8, fp, r5
1a005a6c:	ea4f 4b15 	mov.w	fp, r5, lsr #16
1a005a70:	0c24      	lsrs	r4, r4, #16
1a005a72:	fb08 b404 	mla	r4, r8, r4, fp
1a005a76:	b2ad      	uxth	r5, r5
1a005a78:	1b55      	subs	r5, r2, r5
1a005a7a:	b2a2      	uxth	r2, r4
1a005a7c:	ebc2 4213 	rsb	r2, r2, r3, lsr #16
1a005a80:	fa15 f383 	uxtah	r3, r5, r3
1a005a84:	eb02 4223 	add.w	r2, r2, r3, asr #16
1a005a88:	b29b      	uxth	r3, r3
1a005a8a:	ea43 4302 	orr.w	r3, r3, r2, lsl #16
1a005a8e:	45f1      	cmp	r9, lr
1a005a90:	ea4f 4514 	mov.w	r5, r4, lsr #16
1a005a94:	f84c 3b04 	str.w	r3, [ip], #4
1a005a98:	ea4f 4222 	mov.w	r2, r2, asr #16
1a005a9c:	d2de      	bcs.n	1a005a5c <quorem+0x40>
1a005a9e:	9b00      	ldr	r3, [sp, #0]
1a005aa0:	f85a 3003 	ldr.w	r3, [sl, r3]
1a005aa4:	b98b      	cbnz	r3, 1a005aca <quorem+0xae>
1a005aa6:	9a01      	ldr	r2, [sp, #4]
1a005aa8:	1f13      	subs	r3, r2, #4
1a005aaa:	459a      	cmp	sl, r3
1a005aac:	d20c      	bcs.n	1a005ac8 <quorem+0xac>
1a005aae:	f852 3c04 	ldr.w	r3, [r2, #-4]
1a005ab2:	b94b      	cbnz	r3, 1a005ac8 <quorem+0xac>
1a005ab4:	f1a2 0308 	sub.w	r3, r2, #8
1a005ab8:	e002      	b.n	1a005ac0 <quorem+0xa4>
1a005aba:	681a      	ldr	r2, [r3, #0]
1a005abc:	3b04      	subs	r3, #4
1a005abe:	b91a      	cbnz	r2, 1a005ac8 <quorem+0xac>
1a005ac0:	459a      	cmp	sl, r3
1a005ac2:	f107 37ff 	add.w	r7, r7, #4294967295
1a005ac6:	d3f8      	bcc.n	1a005aba <quorem+0x9e>
1a005ac8:	6107      	str	r7, [r0, #16]
1a005aca:	4604      	mov	r4, r0
1a005acc:	f001 fa32 	bl	1a006f34 <__mcmp>
1a005ad0:	2800      	cmp	r0, #0
1a005ad2:	db2d      	blt.n	1a005b30 <quorem+0x114>
1a005ad4:	f108 0801 	add.w	r8, r8, #1
1a005ad8:	4650      	mov	r0, sl
1a005ada:	2300      	movs	r3, #0
1a005adc:	f856 1b04 	ldr.w	r1, [r6], #4
1a005ae0:	6805      	ldr	r5, [r0, #0]
1a005ae2:	b28a      	uxth	r2, r1
1a005ae4:	1a9a      	subs	r2, r3, r2
1a005ae6:	0c0b      	lsrs	r3, r1, #16
1a005ae8:	fa12 f285 	uxtah	r2, r2, r5
1a005aec:	ebc3 4315 	rsb	r3, r3, r5, lsr #16
1a005af0:	eb03 4322 	add.w	r3, r3, r2, asr #16
1a005af4:	b292      	uxth	r2, r2
1a005af6:	ea42 4203 	orr.w	r2, r2, r3, lsl #16
1a005afa:	45b1      	cmp	r9, r6
1a005afc:	f840 2b04 	str.w	r2, [r0], #4
1a005b00:	ea4f 4323 	mov.w	r3, r3, asr #16
1a005b04:	d2ea      	bcs.n	1a005adc <quorem+0xc0>
1a005b06:	f85a 2027 	ldr.w	r2, [sl, r7, lsl #2]
1a005b0a:	eb0a 0387 	add.w	r3, sl, r7, lsl #2
1a005b0e:	b97a      	cbnz	r2, 1a005b30 <quorem+0x114>
1a005b10:	1f1a      	subs	r2, r3, #4
1a005b12:	4592      	cmp	sl, r2
1a005b14:	d20b      	bcs.n	1a005b2e <quorem+0x112>
1a005b16:	f853 2c04 	ldr.w	r2, [r3, #-4]
1a005b1a:	b942      	cbnz	r2, 1a005b2e <quorem+0x112>
1a005b1c:	3b08      	subs	r3, #8
1a005b1e:	e002      	b.n	1a005b26 <quorem+0x10a>
1a005b20:	681a      	ldr	r2, [r3, #0]
1a005b22:	3b04      	subs	r3, #4
1a005b24:	b91a      	cbnz	r2, 1a005b2e <quorem+0x112>
1a005b26:	459a      	cmp	sl, r3
1a005b28:	f107 37ff 	add.w	r7, r7, #4294967295
1a005b2c:	d3f8      	bcc.n	1a005b20 <quorem+0x104>
1a005b2e:	6127      	str	r7, [r4, #16]
1a005b30:	4640      	mov	r0, r8
1a005b32:	b003      	add	sp, #12
1a005b34:	e8bd 8ff0 	ldmia.w	sp!, {r4, r5, r6, r7, r8, r9, sl, fp, pc}
1a005b38:	2000      	movs	r0, #0
1a005b3a:	b003      	add	sp, #12
1a005b3c:	e8bd 8ff0 	ldmia.w	sp!, {r4, r5, r6, r7, r8, r9, sl, fp, pc}

1a005b40 <_dtoa_r>:
1a005b40:	e92d 4ff0 	stmdb	sp!, {r4, r5, r6, r7, r8, r9, sl, fp, lr}
1a005b44:	ec57 6b10 	vmov	r6, r7, d0
1a005b48:	b097      	sub	sp, #92	; 0x5c
1a005b4a:	6c05      	ldr	r5, [r0, #64]	; 0x40
1a005b4c:	9c20      	ldr	r4, [sp, #128]	; 0x80
1a005b4e:	9102      	str	r1, [sp, #8]
1a005b50:	4682      	mov	sl, r0
1a005b52:	920a      	str	r2, [sp, #40]	; 0x28
1a005b54:	9307      	str	r3, [sp, #28]
1a005b56:	e9cd 6700 	strd	r6, r7, [sp]
1a005b5a:	b155      	cbz	r5, 1a005b72 <_dtoa_r+0x32>
1a005b5c:	6c42      	ldr	r2, [r0, #68]	; 0x44
1a005b5e:	606a      	str	r2, [r5, #4]
1a005b60:	2301      	movs	r3, #1
1a005b62:	4093      	lsls	r3, r2
1a005b64:	60ab      	str	r3, [r5, #8]
1a005b66:	4629      	mov	r1, r5
1a005b68:	f000 fff8 	bl	1a006b5c <_Bfree>
1a005b6c:	2300      	movs	r3, #0
1a005b6e:	f8ca 3040 	str.w	r3, [sl, #64]	; 0x40
1a005b72:	1e3e      	subs	r6, r7, #0
1a005b74:	bfb4      	ite	lt
1a005b76:	2301      	movlt	r3, #1
1a005b78:	2300      	movge	r3, #0
1a005b7a:	6023      	str	r3, [r4, #0]
1a005b7c:	4b76      	ldr	r3, [pc, #472]	; (1a005d58 <_dtoa_r+0x218>)
1a005b7e:	bfbc      	itt	lt
1a005b80:	f026 4600 	biclt.w	r6, r6, #2147483648	; 0x80000000
1a005b84:	9601      	strlt	r6, [sp, #4]
1a005b86:	43b3      	bics	r3, r6
1a005b88:	f000 80ae 	beq.w	1a005ce8 <_dtoa_r+0x1a8>
1a005b8c:	ed9d 7b00 	vldr	d7, [sp]
1a005b90:	2200      	movs	r2, #0
1a005b92:	2300      	movs	r3, #0
1a005b94:	ec51 0b17 	vmov	r0, r1, d7
1a005b98:	ed8d 7b04 	vstr	d7, [sp, #16]
1a005b9c:	f7fd fa6c 	bl	1a003078 <__aeabi_dcmpeq>
1a005ba0:	4605      	mov	r5, r0
1a005ba2:	b178      	cbz	r0, 1a005bc4 <_dtoa_r+0x84>
1a005ba4:	9a07      	ldr	r2, [sp, #28]
1a005ba6:	2301      	movs	r3, #1
1a005ba8:	6013      	str	r3, [r2, #0]
1a005baa:	9b21      	ldr	r3, [sp, #132]	; 0x84
1a005bac:	2b00      	cmp	r3, #0
1a005bae:	f000 8313 	beq.w	1a0061d8 <_dtoa_r+0x698>
1a005bb2:	4b6a      	ldr	r3, [pc, #424]	; (1a005d5c <_dtoa_r+0x21c>)
1a005bb4:	9a21      	ldr	r2, [sp, #132]	; 0x84
1a005bb6:	6013      	str	r3, [r2, #0]
1a005bb8:	3b01      	subs	r3, #1
1a005bba:	9303      	str	r3, [sp, #12]
1a005bbc:	9803      	ldr	r0, [sp, #12]
1a005bbe:	b017      	add	sp, #92	; 0x5c
1a005bc0:	e8bd 8ff0 	ldmia.w	sp!, {r4, r5, r6, r7, r8, r9, sl, fp, pc}
1a005bc4:	e9dd 7804 	ldrd	r7, r8, [sp, #16]
1a005bc8:	aa14      	add	r2, sp, #80	; 0x50
1a005bca:	a915      	add	r1, sp, #84	; 0x54
1a005bcc:	ec48 7b10 	vmov	d0, r7, r8
1a005bd0:	4650      	mov	r0, sl
1a005bd2:	f001 fa47 	bl	1a007064 <__d2b>
1a005bd6:	0d34      	lsrs	r4, r6, #20
1a005bd8:	4683      	mov	fp, r0
1a005bda:	f040 809b 	bne.w	1a005d14 <_dtoa_r+0x1d4>
1a005bde:	e9dd 5414 	ldrd	r5, r4, [sp, #80]	; 0x50
1a005be2:	442c      	add	r4, r5
1a005be4:	f204 4332 	addw	r3, r4, #1074	; 0x432
1a005be8:	2b20      	cmp	r3, #32
1a005bea:	f340 83bb 	ble.w	1a006364 <_dtoa_r+0x824>
1a005bee:	f1c3 0340 	rsb	r3, r3, #64	; 0x40
1a005bf2:	409e      	lsls	r6, r3
1a005bf4:	9b00      	ldr	r3, [sp, #0]
1a005bf6:	f204 4012 	addw	r0, r4, #1042	; 0x412
1a005bfa:	fa23 f000 	lsr.w	r0, r3, r0
1a005bfe:	4330      	orrs	r0, r6
1a005c00:	f7fc ff58 	bl	1a002ab4 <__aeabi_ui2d>
1a005c04:	f1a1 73f8 	sub.w	r3, r1, #32505856	; 0x1f00000
1a005c08:	2101      	movs	r1, #1
1a005c0a:	4602      	mov	r2, r0
1a005c0c:	3c01      	subs	r4, #1
1a005c0e:	910e      	str	r1, [sp, #56]	; 0x38
1a005c10:	4610      	mov	r0, r2
1a005c12:	4619      	mov	r1, r3
1a005c14:	2200      	movs	r2, #0
1a005c16:	4b52      	ldr	r3, [pc, #328]	; (1a005d60 <_dtoa_r+0x220>)
1a005c18:	f7fc fe0e 	bl	1a002838 <__aeabi_dsub>
1a005c1c:	a348      	add	r3, pc, #288	; (adr r3, 1a005d40 <_dtoa_r+0x200>)
1a005c1e:	e9d3 2300 	ldrd	r2, r3, [r3]
1a005c22:	f7fc ffc1 	bl	1a002ba8 <__aeabi_dmul>
1a005c26:	a348      	add	r3, pc, #288	; (adr r3, 1a005d48 <_dtoa_r+0x208>)
1a005c28:	e9d3 2300 	ldrd	r2, r3, [r3]
1a005c2c:	f7fc fe06 	bl	1a00283c <__adddf3>
1a005c30:	4606      	mov	r6, r0
1a005c32:	4620      	mov	r0, r4
1a005c34:	460f      	mov	r7, r1
1a005c36:	f7fc ff4d 	bl	1a002ad4 <__aeabi_i2d>
1a005c3a:	a345      	add	r3, pc, #276	; (adr r3, 1a005d50 <_dtoa_r+0x210>)
1a005c3c:	e9d3 2300 	ldrd	r2, r3, [r3]
1a005c40:	f7fc ffb2 	bl	1a002ba8 <__aeabi_dmul>
1a005c44:	4602      	mov	r2, r0
1a005c46:	460b      	mov	r3, r1
1a005c48:	4630      	mov	r0, r6
1a005c4a:	4639      	mov	r1, r7
1a005c4c:	f7fc fdf6 	bl	1a00283c <__adddf3>
1a005c50:	4606      	mov	r6, r0
1a005c52:	460f      	mov	r7, r1
1a005c54:	f7fd fa58 	bl	1a003108 <__aeabi_d2iz>
1a005c58:	2200      	movs	r2, #0
1a005c5a:	4681      	mov	r9, r0
1a005c5c:	2300      	movs	r3, #0
1a005c5e:	4630      	mov	r0, r6
1a005c60:	4639      	mov	r1, r7
1a005c62:	f7fd fa13 	bl	1a00308c <__aeabi_dcmplt>
1a005c66:	2800      	cmp	r0, #0
1a005c68:	f040 82a9 	bne.w	1a0061be <_dtoa_r+0x67e>
1a005c6c:	1b2c      	subs	r4, r5, r4
1a005c6e:	f1b9 0f16 	cmp.w	r9, #22
1a005c72:	f104 38ff 	add.w	r8, r4, #4294967295
1a005c76:	f200 8296 	bhi.w	1a0061a6 <_dtoa_r+0x666>
1a005c7a:	4b3a      	ldr	r3, [pc, #232]	; (1a005d64 <_dtoa_r+0x224>)
1a005c7c:	eb03 03c9 	add.w	r3, r3, r9, lsl #3
1a005c80:	e9d3 2300 	ldrd	r2, r3, [r3]
1a005c84:	e9dd 0104 	ldrd	r0, r1, [sp, #16]
1a005c88:	f7fd fa00 	bl	1a00308c <__aeabi_dcmplt>
1a005c8c:	2800      	cmp	r0, #0
1a005c8e:	d06f      	beq.n	1a005d70 <_dtoa_r+0x230>
1a005c90:	2300      	movs	r3, #0
1a005c92:	f1b8 0f00 	cmp.w	r8, #0
1a005c96:	f109 39ff 	add.w	r9, r9, #4294967295
1a005c9a:	930d      	str	r3, [sp, #52]	; 0x34
1a005c9c:	f2c0 8289 	blt.w	1a0061b2 <_dtoa_r+0x672>
1a005ca0:	2300      	movs	r3, #0
1a005ca2:	9308      	str	r3, [sp, #32]
1a005ca4:	f1b9 0f00 	cmp.w	r9, #0
1a005ca8:	da68      	bge.n	1a005d7c <_dtoa_r+0x23c>
1a005caa:	9b08      	ldr	r3, [sp, #32]
1a005cac:	f8cd 9018 	str.w	r9, [sp, #24]
1a005cb0:	eba3 0309 	sub.w	r3, r3, r9
1a005cb4:	9308      	str	r3, [sp, #32]
1a005cb6:	f1c9 0300 	rsb	r3, r9, #0
1a005cba:	930c      	str	r3, [sp, #48]	; 0x30
1a005cbc:	9b02      	ldr	r3, [sp, #8]
1a005cbe:	2b09      	cmp	r3, #9
1a005cc0:	f04f 0900 	mov.w	r9, #0
1a005cc4:	d862      	bhi.n	1a005d8c <_dtoa_r+0x24c>
1a005cc6:	2b05      	cmp	r3, #5
1a005cc8:	f340 834a 	ble.w	1a006360 <_dtoa_r+0x820>
1a005ccc:	3b04      	subs	r3, #4
1a005cce:	9302      	str	r3, [sp, #8]
1a005cd0:	2400      	movs	r4, #0
1a005cd2:	9b02      	ldr	r3, [sp, #8]
1a005cd4:	3b02      	subs	r3, #2
1a005cd6:	2b03      	cmp	r3, #3
1a005cd8:	f200 8641 	bhi.w	1a00695e <_dtoa_r+0xe1e>
1a005cdc:	e8df f013 	tbh	[pc, r3, lsl #1]
1a005ce0:	04630466 	.word	0x04630466
1a005ce4:	0456043b 	.word	0x0456043b
1a005ce8:	9a07      	ldr	r2, [sp, #28]
1a005cea:	f242 730f 	movw	r3, #9999	; 0x270f
1a005cee:	6013      	str	r3, [r2, #0]
1a005cf0:	9b00      	ldr	r3, [sp, #0]
1a005cf2:	f3c6 0613 	ubfx	r6, r6, #0, #20
1a005cf6:	4333      	orrs	r3, r6
1a005cf8:	d118      	bne.n	1a005d2c <_dtoa_r+0x1ec>
1a005cfa:	9b21      	ldr	r3, [sp, #132]	; 0x84
1a005cfc:	2b00      	cmp	r3, #0
1a005cfe:	f000 8625 	beq.w	1a00694c <_dtoa_r+0xe0c>
1a005d02:	4b19      	ldr	r3, [pc, #100]	; (1a005d68 <_dtoa_r+0x228>)
1a005d04:	9303      	str	r3, [sp, #12]
1a005d06:	3308      	adds	r3, #8
1a005d08:	9a21      	ldr	r2, [sp, #132]	; 0x84
1a005d0a:	9803      	ldr	r0, [sp, #12]
1a005d0c:	6013      	str	r3, [r2, #0]
1a005d0e:	b017      	add	sp, #92	; 0x5c
1a005d10:	e8bd 8ff0 	ldmia.w	sp!, {r4, r5, r6, r7, r8, r9, sl, fp, pc}
1a005d14:	f3c8 0113 	ubfx	r1, r8, #0, #20
1a005d18:	f041 537f 	orr.w	r3, r1, #1069547520	; 0x3fc00000
1a005d1c:	950e      	str	r5, [sp, #56]	; 0x38
1a005d1e:	463a      	mov	r2, r7
1a005d20:	f2a4 34ff 	subw	r4, r4, #1023	; 0x3ff
1a005d24:	f443 1340 	orr.w	r3, r3, #3145728	; 0x300000
1a005d28:	9d14      	ldr	r5, [sp, #80]	; 0x50
1a005d2a:	e771      	b.n	1a005c10 <_dtoa_r+0xd0>
1a005d2c:	9b21      	ldr	r3, [sp, #132]	; 0x84
1a005d2e:	2b00      	cmp	r3, #0
1a005d30:	f040 8400 	bne.w	1a006534 <_dtoa_r+0x9f4>
1a005d34:	4b0d      	ldr	r3, [pc, #52]	; (1a005d6c <_dtoa_r+0x22c>)
1a005d36:	9303      	str	r3, [sp, #12]
1a005d38:	e740      	b.n	1a005bbc <_dtoa_r+0x7c>
1a005d3a:	bf00      	nop
1a005d3c:	f3af 8000 	nop.w
1a005d40:	636f4361 	.word	0x636f4361
1a005d44:	3fd287a7 	.word	0x3fd287a7
1a005d48:	8b60c8b3 	.word	0x8b60c8b3
1a005d4c:	3fc68a28 	.word	0x3fc68a28
1a005d50:	509f79fb 	.word	0x509f79fb
1a005d54:	3fd34413 	.word	0x3fd34413
1a005d58:	7ff00000 	.word	0x7ff00000
1a005d5c:	1a007f61 	.word	0x1a007f61
1a005d60:	3ff80000 	.word	0x3ff80000
1a005d64:	1a007fc0 	.word	0x1a007fc0
1a005d68:	1a007f88 	.word	0x1a007f88
1a005d6c:	1a007f84 	.word	0x1a007f84
1a005d70:	f1b8 0f00 	cmp.w	r8, #0
1a005d74:	f2c0 84b6 	blt.w	1a0066e4 <_dtoa_r+0xba4>
1a005d78:	900d      	str	r0, [sp, #52]	; 0x34
1a005d7a:	9008      	str	r0, [sp, #32]
1a005d7c:	2300      	movs	r3, #0
1a005d7e:	930c      	str	r3, [sp, #48]	; 0x30
1a005d80:	9b02      	ldr	r3, [sp, #8]
1a005d82:	f8cd 9018 	str.w	r9, [sp, #24]
1a005d86:	2b09      	cmp	r3, #9
1a005d88:	44c8      	add	r8, r9
1a005d8a:	d99c      	bls.n	1a005cc6 <_dtoa_r+0x186>
1a005d8c:	2300      	movs	r3, #0
1a005d8e:	2401      	movs	r4, #1
1a005d90:	e9cd 340a 	strd	r3, r4, [sp, #40]	; 0x28
1a005d94:	f04f 35ff 	mov.w	r5, #4294967295
1a005d98:	9302      	str	r3, [sp, #8]
1a005d9a:	9509      	str	r5, [sp, #36]	; 0x24
1a005d9c:	2100      	movs	r1, #0
1a005d9e:	f8ca 1044 	str.w	r1, [sl, #68]	; 0x44
1a005da2:	950f      	str	r5, [sp, #60]	; 0x3c
1a005da4:	4650      	mov	r0, sl
1a005da6:	f000 feb3 	bl	1a006b10 <_Balloc>
1a005daa:	2d0e      	cmp	r5, #14
1a005dac:	9003      	str	r0, [sp, #12]
1a005dae:	f8ca 0040 	str.w	r0, [sl, #64]	; 0x40
1a005db2:	f200 810a 	bhi.w	1a005fca <_dtoa_r+0x48a>
1a005db6:	2c00      	cmp	r4, #0
1a005db8:	f000 8107 	beq.w	1a005fca <_dtoa_r+0x48a>
1a005dbc:	9906      	ldr	r1, [sp, #24]
1a005dbe:	2900      	cmp	r1, #0
1a005dc0:	f340 8466 	ble.w	1a006690 <_dtoa_r+0xb50>
1a005dc4:	4bb1      	ldr	r3, [pc, #708]	; (1a00608c <_dtoa_r+0x54c>)
1a005dc6:	f001 020f 	and.w	r2, r1, #15
1a005dca:	eb03 03c2 	add.w	r3, r3, r2, lsl #3
1a005dce:	ed93 7b00 	vldr	d7, [r3]
1a005dd2:	110c      	asrs	r4, r1, #4
1a005dd4:	06e3      	lsls	r3, r4, #27
1a005dd6:	ed8d 7b10 	vstr	d7, [sp, #64]	; 0x40
1a005dda:	f140 8406 	bpl.w	1a0065ea <_dtoa_r+0xaaa>
1a005dde:	4bac      	ldr	r3, [pc, #688]	; (1a006090 <_dtoa_r+0x550>)
1a005de0:	e9dd 0104 	ldrd	r0, r1, [sp, #16]
1a005de4:	e9d3 2308 	ldrd	r2, r3, [r3, #32]
1a005de8:	f7fd f808 	bl	1a002dfc <__aeabi_ddiv>
1a005dec:	e9cd 0100 	strd	r0, r1, [sp]
1a005df0:	f004 040f 	and.w	r4, r4, #15
1a005df4:	2603      	movs	r6, #3
1a005df6:	b17c      	cbz	r4, 1a005e18 <_dtoa_r+0x2d8>
1a005df8:	e9dd 0110 	ldrd	r0, r1, [sp, #64]	; 0x40
1a005dfc:	4da4      	ldr	r5, [pc, #656]	; (1a006090 <_dtoa_r+0x550>)
1a005dfe:	07e7      	lsls	r7, r4, #31
1a005e00:	d504      	bpl.n	1a005e0c <_dtoa_r+0x2cc>
1a005e02:	e9d5 2300 	ldrd	r2, r3, [r5]
1a005e06:	f7fc fecf 	bl	1a002ba8 <__aeabi_dmul>
1a005e0a:	3601      	adds	r6, #1
1a005e0c:	1064      	asrs	r4, r4, #1
1a005e0e:	f105 0508 	add.w	r5, r5, #8
1a005e12:	d1f4      	bne.n	1a005dfe <_dtoa_r+0x2be>
1a005e14:	e9cd 0110 	strd	r0, r1, [sp, #64]	; 0x40
1a005e18:	e9dd 0100 	ldrd	r0, r1, [sp]
1a005e1c:	e9dd 2310 	ldrd	r2, r3, [sp, #64]	; 0x40
1a005e20:	f7fc ffec 	bl	1a002dfc <__aeabi_ddiv>
1a005e24:	e9cd 0100 	strd	r0, r1, [sp]
1a005e28:	9b0d      	ldr	r3, [sp, #52]	; 0x34
1a005e2a:	b153      	cbz	r3, 1a005e42 <_dtoa_r+0x302>
1a005e2c:	e9dd 4500 	ldrd	r4, r5, [sp]
1a005e30:	2200      	movs	r2, #0
1a005e32:	4b98      	ldr	r3, [pc, #608]	; (1a006094 <_dtoa_r+0x554>)
1a005e34:	4620      	mov	r0, r4
1a005e36:	4629      	mov	r1, r5
1a005e38:	f7fd f928 	bl	1a00308c <__aeabi_dcmplt>
1a005e3c:	2800      	cmp	r0, #0
1a005e3e:	f040 8521 	bne.w	1a006884 <_dtoa_r+0xd44>
1a005e42:	4630      	mov	r0, r6
1a005e44:	f7fc fe46 	bl	1a002ad4 <__aeabi_i2d>
1a005e48:	e9dd 2300 	ldrd	r2, r3, [sp]
1a005e4c:	f7fc feac 	bl	1a002ba8 <__aeabi_dmul>
1a005e50:	4b91      	ldr	r3, [pc, #580]	; (1a006098 <_dtoa_r+0x558>)
1a005e52:	2200      	movs	r2, #0
1a005e54:	f7fc fcf2 	bl	1a00283c <__adddf3>
1a005e58:	9b09      	ldr	r3, [sp, #36]	; 0x24
1a005e5a:	4604      	mov	r4, r0
1a005e5c:	f1a1 7550 	sub.w	r5, r1, #54525952	; 0x3400000
1a005e60:	2b00      	cmp	r3, #0
1a005e62:	f000 83f9 	beq.w	1a006658 <_dtoa_r+0xb18>
1a005e66:	9b06      	ldr	r3, [sp, #24]
1a005e68:	9312      	str	r3, [sp, #72]	; 0x48
1a005e6a:	9b09      	ldr	r3, [sp, #36]	; 0x24
1a005e6c:	9310      	str	r3, [sp, #64]	; 0x40
1a005e6e:	e9dd 6700 	ldrd	r6, r7, [sp]
1a005e72:	4639      	mov	r1, r7
1a005e74:	4630      	mov	r0, r6
1a005e76:	f7fd f947 	bl	1a003108 <__aeabi_d2iz>
1a005e7a:	9000      	str	r0, [sp, #0]
1a005e7c:	f7fc fe2a 	bl	1a002ad4 <__aeabi_i2d>
1a005e80:	4602      	mov	r2, r0
1a005e82:	460b      	mov	r3, r1
1a005e84:	4630      	mov	r0, r6
1a005e86:	4639      	mov	r1, r7
1a005e88:	f7fc fcd6 	bl	1a002838 <__aeabi_dsub>
1a005e8c:	4b7f      	ldr	r3, [pc, #508]	; (1a00608c <_dtoa_r+0x54c>)
1a005e8e:	9a00      	ldr	r2, [sp, #0]
1a005e90:	460f      	mov	r7, r1
1a005e92:	9910      	ldr	r1, [sp, #64]	; 0x40
1a005e94:	4606      	mov	r6, r0
1a005e96:	eb03 03c1 	add.w	r3, r3, r1, lsl #3
1a005e9a:	980b      	ldr	r0, [sp, #44]	; 0x2c
1a005e9c:	9903      	ldr	r1, [sp, #12]
1a005e9e:	3230      	adds	r2, #48	; 0x30
1a005ea0:	e9cd 4500 	strd	r4, r5, [sp]
1a005ea4:	b2d5      	uxtb	r5, r2
1a005ea6:	1c4c      	adds	r4, r1, #1
1a005ea8:	e953 2302 	ldrd	r2, r3, [r3, #-8]
1a005eac:	2800      	cmp	r0, #0
1a005eae:	f000 848d 	beq.w	1a0067cc <_dtoa_r+0xc8c>
1a005eb2:	2000      	movs	r0, #0
1a005eb4:	4979      	ldr	r1, [pc, #484]	; (1a00609c <_dtoa_r+0x55c>)
1a005eb6:	f7fc ffa1 	bl	1a002dfc <__aeabi_ddiv>
1a005eba:	e9dd 2300 	ldrd	r2, r3, [sp]
1a005ebe:	f7fc fcbb 	bl	1a002838 <__aeabi_dsub>
1a005ec2:	9b03      	ldr	r3, [sp, #12]
1a005ec4:	4632      	mov	r2, r6
1a005ec6:	701d      	strb	r5, [r3, #0]
1a005ec8:	463b      	mov	r3, r7
1a005eca:	e9cd 0100 	strd	r0, r1, [sp]
1a005ece:	f7fd f8fb 	bl	1a0030c8 <__aeabi_dcmpgt>
1a005ed2:	2800      	cmp	r0, #0
1a005ed4:	f040 84ca 	bne.w	1a00686c <_dtoa_r+0xd2c>
1a005ed8:	4632      	mov	r2, r6
1a005eda:	463b      	mov	r3, r7
1a005edc:	2000      	movs	r0, #0
1a005ede:	496d      	ldr	r1, [pc, #436]	; (1a006094 <_dtoa_r+0x554>)
1a005ee0:	f7fc fcaa 	bl	1a002838 <__aeabi_dsub>
1a005ee4:	4602      	mov	r2, r0
1a005ee6:	460b      	mov	r3, r1
1a005ee8:	e9dd 0100 	ldrd	r0, r1, [sp]
1a005eec:	f7fd f8ec 	bl	1a0030c8 <__aeabi_dcmpgt>
1a005ef0:	2800      	cmp	r0, #0
1a005ef2:	f040 8526 	bne.w	1a006942 <_dtoa_r+0xe02>
1a005ef6:	9b10      	ldr	r3, [sp, #64]	; 0x40
1a005ef8:	2b01      	cmp	r3, #1
1a005efa:	d062      	beq.n	1a005fc2 <_dtoa_r+0x482>
1a005efc:	9a03      	ldr	r2, [sp, #12]
1a005efe:	f8cd 9040 	str.w	r9, [sp, #64]	; 0x40
1a005f02:	4413      	add	r3, r2
1a005f04:	f8cd 804c 	str.w	r8, [sp, #76]	; 0x4c
1a005f08:	e9dd 8900 	ldrd	r8, r9, [sp]
1a005f0c:	f8cd b000 	str.w	fp, [sp]
1a005f10:	46d3      	mov	fp, sl
1a005f12:	469a      	mov	sl, r3
1a005f14:	e00c      	b.n	1a005f30 <_dtoa_r+0x3f0>
1a005f16:	2000      	movs	r0, #0
1a005f18:	495e      	ldr	r1, [pc, #376]	; (1a006094 <_dtoa_r+0x554>)
1a005f1a:	f7fc fc8d 	bl	1a002838 <__aeabi_dsub>
1a005f1e:	4642      	mov	r2, r8
1a005f20:	464b      	mov	r3, r9
1a005f22:	f7fd f8b3 	bl	1a00308c <__aeabi_dcmplt>
1a005f26:	2800      	cmp	r0, #0
1a005f28:	f040 84eb 	bne.w	1a006902 <_dtoa_r+0xdc2>
1a005f2c:	45a2      	cmp	sl, r4
1a005f2e:	d041      	beq.n	1a005fb4 <_dtoa_r+0x474>
1a005f30:	4640      	mov	r0, r8
1a005f32:	4649      	mov	r1, r9
1a005f34:	2200      	movs	r2, #0
1a005f36:	4b5a      	ldr	r3, [pc, #360]	; (1a0060a0 <_dtoa_r+0x560>)
1a005f38:	f7fc fe36 	bl	1a002ba8 <__aeabi_dmul>
1a005f3c:	2200      	movs	r2, #0
1a005f3e:	4b58      	ldr	r3, [pc, #352]	; (1a0060a0 <_dtoa_r+0x560>)
1a005f40:	4680      	mov	r8, r0
1a005f42:	4689      	mov	r9, r1
1a005f44:	4630      	mov	r0, r6
1a005f46:	4639      	mov	r1, r7
1a005f48:	f7fc fe2e 	bl	1a002ba8 <__aeabi_dmul>
1a005f4c:	460f      	mov	r7, r1
1a005f4e:	4606      	mov	r6, r0
1a005f50:	f7fd f8da 	bl	1a003108 <__aeabi_d2iz>
1a005f54:	4605      	mov	r5, r0
1a005f56:	f7fc fdbd 	bl	1a002ad4 <__aeabi_i2d>
1a005f5a:	4602      	mov	r2, r0
1a005f5c:	460b      	mov	r3, r1
1a005f5e:	4630      	mov	r0, r6
1a005f60:	4639      	mov	r1, r7
1a005f62:	f7fc fc69 	bl	1a002838 <__aeabi_dsub>
1a005f66:	3530      	adds	r5, #48	; 0x30
1a005f68:	b2ed      	uxtb	r5, r5
1a005f6a:	4642      	mov	r2, r8
1a005f6c:	464b      	mov	r3, r9
1a005f6e:	f804 5b01 	strb.w	r5, [r4], #1
1a005f72:	4606      	mov	r6, r0
1a005f74:	460f      	mov	r7, r1
1a005f76:	f7fd f889 	bl	1a00308c <__aeabi_dcmplt>
1a005f7a:	4632      	mov	r2, r6
1a005f7c:	463b      	mov	r3, r7
1a005f7e:	2800      	cmp	r0, #0
1a005f80:	d0c9      	beq.n	1a005f16 <_dtoa_r+0x3d6>
1a005f82:	9b12      	ldr	r3, [sp, #72]	; 0x48
1a005f84:	46da      	mov	sl, fp
1a005f86:	3301      	adds	r3, #1
1a005f88:	f8dd b000 	ldr.w	fp, [sp]
1a005f8c:	9306      	str	r3, [sp, #24]
1a005f8e:	4659      	mov	r1, fp
1a005f90:	4650      	mov	r0, sl
1a005f92:	f000 fde3 	bl	1a006b5c <_Bfree>
1a005f96:	2300      	movs	r3, #0
1a005f98:	7023      	strb	r3, [r4, #0]
1a005f9a:	9b07      	ldr	r3, [sp, #28]
1a005f9c:	461a      	mov	r2, r3
1a005f9e:	9b06      	ldr	r3, [sp, #24]
1a005fa0:	6013      	str	r3, [r2, #0]
1a005fa2:	9b21      	ldr	r3, [sp, #132]	; 0x84
1a005fa4:	2b00      	cmp	r3, #0
1a005fa6:	f43f ae09 	beq.w	1a005bbc <_dtoa_r+0x7c>
1a005faa:	9803      	ldr	r0, [sp, #12]
1a005fac:	601c      	str	r4, [r3, #0]
1a005fae:	b017      	add	sp, #92	; 0x5c
1a005fb0:	e8bd 8ff0 	ldmia.w	sp!, {r4, r5, r6, r7, r8, r9, sl, fp, pc}
1a005fb4:	46da      	mov	sl, fp
1a005fb6:	f8dd 9040 	ldr.w	r9, [sp, #64]	; 0x40
1a005fba:	f8dd 804c 	ldr.w	r8, [sp, #76]	; 0x4c
1a005fbe:	f8dd b000 	ldr.w	fp, [sp]
1a005fc2:	e9dd 3404 	ldrd	r3, r4, [sp, #16]
1a005fc6:	e9cd 3400 	strd	r3, r4, [sp]
1a005fca:	9b15      	ldr	r3, [sp, #84]	; 0x54
1a005fcc:	2b00      	cmp	r3, #0
1a005fce:	f2c0 80c9 	blt.w	1a006164 <_dtoa_r+0x624>
1a005fd2:	9a06      	ldr	r2, [sp, #24]
1a005fd4:	2a0e      	cmp	r2, #14
1a005fd6:	f300 80c5 	bgt.w	1a006164 <_dtoa_r+0x624>
1a005fda:	4b2c      	ldr	r3, [pc, #176]	; (1a00608c <_dtoa_r+0x54c>)
1a005fdc:	eb03 03c2 	add.w	r3, r3, r2, lsl #3
1a005fe0:	e9d3 8900 	ldrd	r8, r9, [r3]
1a005fe4:	9b0a      	ldr	r3, [sp, #40]	; 0x28
1a005fe6:	2b00      	cmp	r3, #0
1a005fe8:	da17      	bge.n	1a00601a <_dtoa_r+0x4da>
1a005fea:	9f09      	ldr	r7, [sp, #36]	; 0x24
1a005fec:	2f00      	cmp	r7, #0
1a005fee:	dc14      	bgt.n	1a00601a <_dtoa_r+0x4da>
1a005ff0:	f040 834b 	bne.w	1a00668a <_dtoa_r+0xb4a>
1a005ff4:	2200      	movs	r2, #0
1a005ff6:	4b2b      	ldr	r3, [pc, #172]	; (1a0060a4 <_dtoa_r+0x564>)
1a005ff8:	4640      	mov	r0, r8
1a005ffa:	4649      	mov	r1, r9
1a005ffc:	f7fc fdd4 	bl	1a002ba8 <__aeabi_dmul>
1a006000:	e9dd 2300 	ldrd	r2, r3, [sp]
1a006004:	f7fd f856 	bl	1a0030b4 <__aeabi_dcmpge>
1a006008:	2800      	cmp	r0, #0
1a00600a:	f000 83be 	beq.w	1a00678a <_dtoa_r+0xc4a>
1a00600e:	9f09      	ldr	r7, [sp, #36]	; 0x24
1a006010:	463d      	mov	r5, r7
1a006012:	9b0a      	ldr	r3, [sp, #40]	; 0x28
1a006014:	9c03      	ldr	r4, [sp, #12]
1a006016:	43db      	mvns	r3, r3
1a006018:	e260      	b.n	1a0064dc <_dtoa_r+0x99c>
1a00601a:	e9dd 4500 	ldrd	r4, r5, [sp]
1a00601e:	4642      	mov	r2, r8
1a006020:	464b      	mov	r3, r9
1a006022:	4620      	mov	r0, r4
1a006024:	4629      	mov	r1, r5
1a006026:	f7fc fee9 	bl	1a002dfc <__aeabi_ddiv>
1a00602a:	f7fd f86d 	bl	1a003108 <__aeabi_d2iz>
1a00602e:	9000      	str	r0, [sp, #0]
1a006030:	f7fc fd50 	bl	1a002ad4 <__aeabi_i2d>
1a006034:	4642      	mov	r2, r8
1a006036:	464b      	mov	r3, r9
1a006038:	f7fc fdb6 	bl	1a002ba8 <__aeabi_dmul>
1a00603c:	4602      	mov	r2, r0
1a00603e:	460b      	mov	r3, r1
1a006040:	4620      	mov	r0, r4
1a006042:	4629      	mov	r1, r5
1a006044:	f7fc fbf8 	bl	1a002838 <__aeabi_dsub>
1a006048:	9b00      	ldr	r3, [sp, #0]
1a00604a:	9c03      	ldr	r4, [sp, #12]
1a00604c:	9a06      	ldr	r2, [sp, #24]
1a00604e:	3330      	adds	r3, #48	; 0x30
1a006050:	f804 3b01 	strb.w	r3, [r4], #1
1a006054:	9b09      	ldr	r3, [sp, #36]	; 0x24
1a006056:	3201      	adds	r2, #1
1a006058:	2b01      	cmp	r3, #1
1a00605a:	4606      	mov	r6, r0
1a00605c:	460f      	mov	r7, r1
1a00605e:	9206      	str	r2, [sp, #24]
1a006060:	d054      	beq.n	1a00610c <_dtoa_r+0x5cc>
1a006062:	2200      	movs	r2, #0
1a006064:	4b0e      	ldr	r3, [pc, #56]	; (1a0060a0 <_dtoa_r+0x560>)
1a006066:	f7fc fd9f 	bl	1a002ba8 <__aeabi_dmul>
1a00606a:	2200      	movs	r2, #0
1a00606c:	2300      	movs	r3, #0
1a00606e:	4606      	mov	r6, r0
1a006070:	460f      	mov	r7, r1
1a006072:	f7fd f801 	bl	1a003078 <__aeabi_dcmpeq>
1a006076:	2800      	cmp	r0, #0
1a006078:	d189      	bne.n	1a005f8e <_dtoa_r+0x44e>
1a00607a:	f8cd b000 	str.w	fp, [sp]
1a00607e:	2501      	movs	r5, #1
1a006080:	f8dd b024 	ldr.w	fp, [sp, #36]	; 0x24
1a006084:	f8cd a008 	str.w	sl, [sp, #8]
1a006088:	e019      	b.n	1a0060be <_dtoa_r+0x57e>
1a00608a:	bf00      	nop
1a00608c:	1a007fc0 	.word	0x1a007fc0
1a006090:	1a007f98 	.word	0x1a007f98
1a006094:	3ff00000 	.word	0x3ff00000
1a006098:	401c0000 	.word	0x401c0000
1a00609c:	3fe00000 	.word	0x3fe00000
1a0060a0:	40240000 	.word	0x40240000
1a0060a4:	40140000 	.word	0x40140000
1a0060a8:	f7fc fd7e 	bl	1a002ba8 <__aeabi_dmul>
1a0060ac:	2200      	movs	r2, #0
1a0060ae:	2300      	movs	r3, #0
1a0060b0:	4606      	mov	r6, r0
1a0060b2:	460f      	mov	r7, r1
1a0060b4:	f7fc ffe0 	bl	1a003078 <__aeabi_dcmpeq>
1a0060b8:	2800      	cmp	r0, #0
1a0060ba:	f040 835c 	bne.w	1a006776 <_dtoa_r+0xc36>
1a0060be:	4642      	mov	r2, r8
1a0060c0:	464b      	mov	r3, r9
1a0060c2:	4630      	mov	r0, r6
1a0060c4:	4639      	mov	r1, r7
1a0060c6:	f7fc fe99 	bl	1a002dfc <__aeabi_ddiv>
1a0060ca:	f7fd f81d 	bl	1a003108 <__aeabi_d2iz>
1a0060ce:	4682      	mov	sl, r0
1a0060d0:	f7fc fd00 	bl	1a002ad4 <__aeabi_i2d>
1a0060d4:	4642      	mov	r2, r8
1a0060d6:	464b      	mov	r3, r9
1a0060d8:	f7fc fd66 	bl	1a002ba8 <__aeabi_dmul>
1a0060dc:	4602      	mov	r2, r0
1a0060de:	460b      	mov	r3, r1
1a0060e0:	4630      	mov	r0, r6
1a0060e2:	4639      	mov	r1, r7
1a0060e4:	f7fc fba8 	bl	1a002838 <__aeabi_dsub>
1a0060e8:	3501      	adds	r5, #1
1a0060ea:	f10a 0c30 	add.w	ip, sl, #48	; 0x30
1a0060ee:	45ab      	cmp	fp, r5
1a0060f0:	4606      	mov	r6, r0
1a0060f2:	460f      	mov	r7, r1
1a0060f4:	f04f 0200 	mov.w	r2, #0
1a0060f8:	4ba7      	ldr	r3, [pc, #668]	; (1a006398 <_dtoa_r+0x858>)
1a0060fa:	f804 cb01 	strb.w	ip, [r4], #1
1a0060fe:	d1d3      	bne.n	1a0060a8 <_dtoa_r+0x568>
1a006100:	f8dd b000 	ldr.w	fp, [sp]
1a006104:	f8cd a000 	str.w	sl, [sp]
1a006108:	f8dd a008 	ldr.w	sl, [sp, #8]
1a00610c:	4632      	mov	r2, r6
1a00610e:	463b      	mov	r3, r7
1a006110:	4630      	mov	r0, r6
1a006112:	4639      	mov	r1, r7
1a006114:	f7fc fb92 	bl	1a00283c <__adddf3>
1a006118:	4642      	mov	r2, r8
1a00611a:	464b      	mov	r3, r9
1a00611c:	4606      	mov	r6, r0
1a00611e:	460f      	mov	r7, r1
1a006120:	f7fc ffd2 	bl	1a0030c8 <__aeabi_dcmpgt>
1a006124:	b960      	cbnz	r0, 1a006140 <_dtoa_r+0x600>
1a006126:	4642      	mov	r2, r8
1a006128:	464b      	mov	r3, r9
1a00612a:	4630      	mov	r0, r6
1a00612c:	4639      	mov	r1, r7
1a00612e:	f7fc ffa3 	bl	1a003078 <__aeabi_dcmpeq>
1a006132:	2800      	cmp	r0, #0
1a006134:	f43f af2b 	beq.w	1a005f8e <_dtoa_r+0x44e>
1a006138:	9b00      	ldr	r3, [sp, #0]
1a00613a:	07db      	lsls	r3, r3, #31
1a00613c:	f57f af27 	bpl.w	1a005f8e <_dtoa_r+0x44e>
1a006140:	f814 5c01 	ldrb.w	r5, [r4, #-1]
1a006144:	9a03      	ldr	r2, [sp, #12]
1a006146:	1e63      	subs	r3, r4, #1
1a006148:	e004      	b.n	1a006154 <_dtoa_r+0x614>
1a00614a:	429a      	cmp	r2, r3
1a00614c:	f000 83c0 	beq.w	1a0068d0 <_dtoa_r+0xd90>
1a006150:	f813 5d01 	ldrb.w	r5, [r3, #-1]!
1a006154:	2d39      	cmp	r5, #57	; 0x39
1a006156:	f103 0401 	add.w	r4, r3, #1
1a00615a:	d0f6      	beq.n	1a00614a <_dtoa_r+0x60a>
1a00615c:	1c6a      	adds	r2, r5, #1
1a00615e:	b2d2      	uxtb	r2, r2
1a006160:	701a      	strb	r2, [r3, #0]
1a006162:	e714      	b.n	1a005f8e <_dtoa_r+0x44e>
1a006164:	9a0b      	ldr	r2, [sp, #44]	; 0x2c
1a006166:	2a00      	cmp	r2, #0
1a006168:	d03c      	beq.n	1a0061e4 <_dtoa_r+0x6a4>
1a00616a:	9a02      	ldr	r2, [sp, #8]
1a00616c:	2a01      	cmp	r2, #1
1a00616e:	f340 8258 	ble.w	1a006622 <_dtoa_r+0xae2>
1a006172:	9b09      	ldr	r3, [sp, #36]	; 0x24
1a006174:	1e5e      	subs	r6, r3, #1
1a006176:	9b0c      	ldr	r3, [sp, #48]	; 0x30
1a006178:	42b3      	cmp	r3, r6
1a00617a:	f280 8234 	bge.w	1a0065e6 <_dtoa_r+0xaa6>
1a00617e:	9b0c      	ldr	r3, [sp, #48]	; 0x30
1a006180:	960c      	str	r6, [sp, #48]	; 0x30
1a006182:	1af3      	subs	r3, r6, r3
1a006184:	4499      	add	r9, r3
1a006186:	2600      	movs	r6, #0
1a006188:	9b09      	ldr	r3, [sp, #36]	; 0x24
1a00618a:	2b00      	cmp	r3, #0
1a00618c:	f2c0 82f8 	blt.w	1a006780 <_dtoa_r+0xc40>
1a006190:	9a08      	ldr	r2, [sp, #32]
1a006192:	4614      	mov	r4, r2
1a006194:	441a      	add	r2, r3
1a006196:	4498      	add	r8, r3
1a006198:	9208      	str	r2, [sp, #32]
1a00619a:	2101      	movs	r1, #1
1a00619c:	4650      	mov	r0, sl
1a00619e:	f000 fd7d 	bl	1a006c9c <__i2b>
1a0061a2:	4605      	mov	r5, r0
1a0061a4:	e021      	b.n	1a0061ea <_dtoa_r+0x6aa>
1a0061a6:	2301      	movs	r3, #1
1a0061a8:	f1b8 0f00 	cmp.w	r8, #0
1a0061ac:	930d      	str	r3, [sp, #52]	; 0x34
1a0061ae:	f6bf ad77 	bge.w	1a005ca0 <_dtoa_r+0x160>
1a0061b2:	f1c4 0301 	rsb	r3, r4, #1
1a0061b6:	9308      	str	r3, [sp, #32]
1a0061b8:	f04f 0800 	mov.w	r8, #0
1a0061bc:	e572      	b.n	1a005ca4 <_dtoa_r+0x164>
1a0061be:	4648      	mov	r0, r9
1a0061c0:	f7fc fc88 	bl	1a002ad4 <__aeabi_i2d>
1a0061c4:	4632      	mov	r2, r6
1a0061c6:	463b      	mov	r3, r7
1a0061c8:	f7fc ff56 	bl	1a003078 <__aeabi_dcmpeq>
1a0061cc:	2800      	cmp	r0, #0
1a0061ce:	f47f ad4d 	bne.w	1a005c6c <_dtoa_r+0x12c>
1a0061d2:	f109 39ff 	add.w	r9, r9, #4294967295
1a0061d6:	e549      	b.n	1a005c6c <_dtoa_r+0x12c>
1a0061d8:	4b70      	ldr	r3, [pc, #448]	; (1a00639c <_dtoa_r+0x85c>)
1a0061da:	9303      	str	r3, [sp, #12]
1a0061dc:	9803      	ldr	r0, [sp, #12]
1a0061de:	b017      	add	sp, #92	; 0x5c
1a0061e0:	e8bd 8ff0 	ldmia.w	sp!, {r4, r5, r6, r7, r8, r9, sl, fp, pc}
1a0061e4:	9e0c      	ldr	r6, [sp, #48]	; 0x30
1a0061e6:	9c08      	ldr	r4, [sp, #32]
1a0061e8:	9d0b      	ldr	r5, [sp, #44]	; 0x2c
1a0061ea:	2c00      	cmp	r4, #0
1a0061ec:	dd0c      	ble.n	1a006208 <_dtoa_r+0x6c8>
1a0061ee:	f1b8 0f00 	cmp.w	r8, #0
1a0061f2:	dd09      	ble.n	1a006208 <_dtoa_r+0x6c8>
1a0061f4:	4544      	cmp	r4, r8
1a0061f6:	9a08      	ldr	r2, [sp, #32]
1a0061f8:	4623      	mov	r3, r4
1a0061fa:	bfa8      	it	ge
1a0061fc:	4643      	movge	r3, r8
1a0061fe:	1ad2      	subs	r2, r2, r3
1a006200:	9208      	str	r2, [sp, #32]
1a006202:	1ae4      	subs	r4, r4, r3
1a006204:	eba8 0803 	sub.w	r8, r8, r3
1a006208:	9b0c      	ldr	r3, [sp, #48]	; 0x30
1a00620a:	b1d3      	cbz	r3, 1a006242 <_dtoa_r+0x702>
1a00620c:	9b0b      	ldr	r3, [sp, #44]	; 0x2c
1a00620e:	2b00      	cmp	r3, #0
1a006210:	f000 8189 	beq.w	1a006526 <_dtoa_r+0x9e6>
1a006214:	2e00      	cmp	r6, #0
1a006216:	dd10      	ble.n	1a00623a <_dtoa_r+0x6fa>
1a006218:	4629      	mov	r1, r5
1a00621a:	4632      	mov	r2, r6
1a00621c:	4650      	mov	r0, sl
1a00621e:	f000 fddf 	bl	1a006de0 <__pow5mult>
1a006222:	465a      	mov	r2, fp
1a006224:	4601      	mov	r1, r0
1a006226:	4605      	mov	r5, r0
1a006228:	4650      	mov	r0, sl
1a00622a:	f000 fd41 	bl	1a006cb0 <__multiply>
1a00622e:	4659      	mov	r1, fp
1a006230:	4607      	mov	r7, r0
1a006232:	4650      	mov	r0, sl
1a006234:	f000 fc92 	bl	1a006b5c <_Bfree>
1a006238:	46bb      	mov	fp, r7
1a00623a:	9b0c      	ldr	r3, [sp, #48]	; 0x30
1a00623c:	1b9a      	subs	r2, r3, r6
1a00623e:	f040 8173 	bne.w	1a006528 <_dtoa_r+0x9e8>
1a006242:	2101      	movs	r1, #1
1a006244:	4650      	mov	r0, sl
1a006246:	f000 fd29 	bl	1a006c9c <__i2b>
1a00624a:	f1b9 0f00 	cmp.w	r9, #0
1a00624e:	4607      	mov	r7, r0
1a006250:	f300 808e 	bgt.w	1a006370 <_dtoa_r+0x830>
1a006254:	9b02      	ldr	r3, [sp, #8]
1a006256:	2b01      	cmp	r3, #1
1a006258:	f340 8171 	ble.w	1a00653e <_dtoa_r+0x9fe>
1a00625c:	2600      	movs	r6, #0
1a00625e:	2001      	movs	r0, #1
1a006260:	f1b9 0f00 	cmp.w	r9, #0
1a006264:	f040 808f 	bne.w	1a006386 <_dtoa_r+0x846>
1a006268:	4440      	add	r0, r8
1a00626a:	f010 001f 	ands.w	r0, r0, #31
1a00626e:	d075      	beq.n	1a00635c <_dtoa_r+0x81c>
1a006270:	f1c0 0320 	rsb	r3, r0, #32
1a006274:	2b04      	cmp	r3, #4
1a006276:	f340 836d 	ble.w	1a006954 <_dtoa_r+0xe14>
1a00627a:	f1c0 001c 	rsb	r0, r0, #28
1a00627e:	9b08      	ldr	r3, [sp, #32]
1a006280:	4403      	add	r3, r0
1a006282:	9308      	str	r3, [sp, #32]
1a006284:	4404      	add	r4, r0
1a006286:	4480      	add	r8, r0
1a006288:	9b08      	ldr	r3, [sp, #32]
1a00628a:	2b00      	cmp	r3, #0
1a00628c:	dd05      	ble.n	1a00629a <_dtoa_r+0x75a>
1a00628e:	4659      	mov	r1, fp
1a006290:	461a      	mov	r2, r3
1a006292:	4650      	mov	r0, sl
1a006294:	f000 fdf4 	bl	1a006e80 <__lshift>
1a006298:	4683      	mov	fp, r0
1a00629a:	f1b8 0f00 	cmp.w	r8, #0
1a00629e:	dd05      	ble.n	1a0062ac <_dtoa_r+0x76c>
1a0062a0:	4639      	mov	r1, r7
1a0062a2:	4642      	mov	r2, r8
1a0062a4:	4650      	mov	r0, sl
1a0062a6:	f000 fdeb 	bl	1a006e80 <__lshift>
1a0062aa:	4607      	mov	r7, r0
1a0062ac:	9b0d      	ldr	r3, [sp, #52]	; 0x34
1a0062ae:	2b00      	cmp	r3, #0
1a0062b0:	f040 811e 	bne.w	1a0064f0 <_dtoa_r+0x9b0>
1a0062b4:	9b09      	ldr	r3, [sp, #36]	; 0x24
1a0062b6:	2b00      	cmp	r3, #0
1a0062b8:	f340 80f5 	ble.w	1a0064a6 <_dtoa_r+0x966>
1a0062bc:	9b06      	ldr	r3, [sp, #24]
1a0062be:	3301      	adds	r3, #1
1a0062c0:	9306      	str	r3, [sp, #24]
1a0062c2:	9b0b      	ldr	r3, [sp, #44]	; 0x2c
1a0062c4:	2b00      	cmp	r3, #0
1a0062c6:	d177      	bne.n	1a0063b8 <_dtoa_r+0x878>
1a0062c8:	9c03      	ldr	r4, [sp, #12]
1a0062ca:	f8dd 8024 	ldr.w	r8, [sp, #36]	; 0x24
1a0062ce:	2601      	movs	r6, #1
1a0062d0:	e003      	b.n	1a0062da <_dtoa_r+0x79a>
1a0062d2:	f000 fc4d 	bl	1a006b70 <__multadd>
1a0062d6:	3601      	adds	r6, #1
1a0062d8:	4683      	mov	fp, r0
1a0062da:	4639      	mov	r1, r7
1a0062dc:	4658      	mov	r0, fp
1a0062de:	f7ff fb9d 	bl	1a005a1c <quorem>
1a0062e2:	4546      	cmp	r6, r8
1a0062e4:	f100 0930 	add.w	r9, r0, #48	; 0x30
1a0062e8:	f804 9b01 	strb.w	r9, [r4], #1
1a0062ec:	f04f 0300 	mov.w	r3, #0
1a0062f0:	f04f 020a 	mov.w	r2, #10
1a0062f4:	4659      	mov	r1, fp
1a0062f6:	4650      	mov	r0, sl
1a0062f8:	dbeb      	blt.n	1a0062d2 <_dtoa_r+0x792>
1a0062fa:	2300      	movs	r3, #0
1a0062fc:	9300      	str	r3, [sp, #0]
1a0062fe:	4659      	mov	r1, fp
1a006300:	2201      	movs	r2, #1
1a006302:	4650      	mov	r0, sl
1a006304:	f000 fdbc 	bl	1a006e80 <__lshift>
1a006308:	4639      	mov	r1, r7
1a00630a:	4683      	mov	fp, r0
1a00630c:	f000 fe12 	bl	1a006f34 <__mcmp>
1a006310:	2800      	cmp	r0, #0
1a006312:	f814 2c01 	ldrb.w	r2, [r4, #-1]
1a006316:	f340 816f 	ble.w	1a0065f8 <_dtoa_r+0xab8>
1a00631a:	1e63      	subs	r3, r4, #1
1a00631c:	9903      	ldr	r1, [sp, #12]
1a00631e:	e004      	b.n	1a00632a <_dtoa_r+0x7ea>
1a006320:	4299      	cmp	r1, r3
1a006322:	f000 8177 	beq.w	1a006614 <_dtoa_r+0xad4>
1a006326:	f813 2d01 	ldrb.w	r2, [r3, #-1]!
1a00632a:	2a39      	cmp	r2, #57	; 0x39
1a00632c:	f103 0401 	add.w	r4, r3, #1
1a006330:	d0f6      	beq.n	1a006320 <_dtoa_r+0x7e0>
1a006332:	3201      	adds	r2, #1
1a006334:	701a      	strb	r2, [r3, #0]
1a006336:	4639      	mov	r1, r7
1a006338:	4650      	mov	r0, sl
1a00633a:	f000 fc0f 	bl	1a006b5c <_Bfree>
1a00633e:	2d00      	cmp	r5, #0
1a006340:	f43f ae25 	beq.w	1a005f8e <_dtoa_r+0x44e>
1a006344:	9900      	ldr	r1, [sp, #0]
1a006346:	b121      	cbz	r1, 1a006352 <_dtoa_r+0x812>
1a006348:	42a9      	cmp	r1, r5
1a00634a:	d002      	beq.n	1a006352 <_dtoa_r+0x812>
1a00634c:	4650      	mov	r0, sl
1a00634e:	f000 fc05 	bl	1a006b5c <_Bfree>
1a006352:	4629      	mov	r1, r5
1a006354:	4650      	mov	r0, sl
1a006356:	f000 fc01 	bl	1a006b5c <_Bfree>
1a00635a:	e618      	b.n	1a005f8e <_dtoa_r+0x44e>
1a00635c:	201c      	movs	r0, #28
1a00635e:	e78e      	b.n	1a00627e <_dtoa_r+0x73e>
1a006360:	2401      	movs	r4, #1
1a006362:	e4b6      	b.n	1a005cd2 <_dtoa_r+0x192>
1a006364:	f1c3 0620 	rsb	r6, r3, #32
1a006368:	9b00      	ldr	r3, [sp, #0]
1a00636a:	fa03 f006 	lsl.w	r0, r3, r6
1a00636e:	e447      	b.n	1a005c00 <_dtoa_r+0xc0>
1a006370:	4601      	mov	r1, r0
1a006372:	464a      	mov	r2, r9
1a006374:	4650      	mov	r0, sl
1a006376:	f000 fd33 	bl	1a006de0 <__pow5mult>
1a00637a:	9b02      	ldr	r3, [sp, #8]
1a00637c:	2b01      	cmp	r3, #1
1a00637e:	4607      	mov	r7, r0
1a006380:	f340 81b2 	ble.w	1a0066e8 <_dtoa_r+0xba8>
1a006384:	2600      	movs	r6, #0
1a006386:	693b      	ldr	r3, [r7, #16]
1a006388:	eb07 0383 	add.w	r3, r7, r3, lsl #2
1a00638c:	6918      	ldr	r0, [r3, #16]
1a00638e:	f000 fc35 	bl	1a006bfc <__hi0bits>
1a006392:	f1c0 0020 	rsb	r0, r0, #32
1a006396:	e767      	b.n	1a006268 <_dtoa_r+0x728>
1a006398:	40240000 	.word	0x40240000
1a00639c:	1a007f60 	.word	0x1a007f60
1a0063a0:	4629      	mov	r1, r5
1a0063a2:	2300      	movs	r3, #0
1a0063a4:	220a      	movs	r2, #10
1a0063a6:	4650      	mov	r0, sl
1a0063a8:	f000 fbe2 	bl	1a006b70 <__multadd>
1a0063ac:	9b0f      	ldr	r3, [sp, #60]	; 0x3c
1a0063ae:	2b00      	cmp	r3, #0
1a0063b0:	4605      	mov	r5, r0
1a0063b2:	f340 82c1 	ble.w	1a006938 <_dtoa_r+0xdf8>
1a0063b6:	9309      	str	r3, [sp, #36]	; 0x24
1a0063b8:	2c00      	cmp	r4, #0
1a0063ba:	f300 810d 	bgt.w	1a0065d8 <_dtoa_r+0xa98>
1a0063be:	2e00      	cmp	r6, #0
1a0063c0:	f040 81c5 	bne.w	1a00674e <_dtoa_r+0xc0e>
1a0063c4:	46a8      	mov	r8, r5
1a0063c6:	9b00      	ldr	r3, [sp, #0]
1a0063c8:	9902      	ldr	r1, [sp, #8]
1a0063ca:	9e03      	ldr	r6, [sp, #12]
1a0063cc:	f003 0201 	and.w	r2, r3, #1
1a0063d0:	920b      	str	r2, [sp, #44]	; 0x2c
1a0063d2:	430a      	orrs	r2, r1
1a0063d4:	920a      	str	r2, [sp, #40]	; 0x28
1a0063d6:	9a09      	ldr	r2, [sp, #36]	; 0x24
1a0063d8:	1e73      	subs	r3, r6, #1
1a0063da:	441a      	add	r2, r3
1a0063dc:	9209      	str	r2, [sp, #36]	; 0x24
1a0063de:	463c      	mov	r4, r7
1a0063e0:	4621      	mov	r1, r4
1a0063e2:	4658      	mov	r0, fp
1a0063e4:	f7ff fb1a 	bl	1a005a1c <quorem>
1a0063e8:	4629      	mov	r1, r5
1a0063ea:	9000      	str	r0, [sp, #0]
1a0063ec:	4658      	mov	r0, fp
1a0063ee:	f000 fda1 	bl	1a006f34 <__mcmp>
1a0063f2:	4642      	mov	r2, r8
1a0063f4:	4607      	mov	r7, r0
1a0063f6:	4621      	mov	r1, r4
1a0063f8:	4650      	mov	r0, sl
1a0063fa:	f000 fdb7 	bl	1a006f6c <__mdiff>
1a0063fe:	9b00      	ldr	r3, [sp, #0]
1a006400:	f103 0230 	add.w	r2, r3, #48	; 0x30
1a006404:	68c3      	ldr	r3, [r0, #12]
1a006406:	4681      	mov	r9, r0
1a006408:	2b00      	cmp	r3, #0
1a00640a:	d13e      	bne.n	1a00648a <_dtoa_r+0x94a>
1a00640c:	4601      	mov	r1, r0
1a00640e:	4658      	mov	r0, fp
1a006410:	9208      	str	r2, [sp, #32]
1a006412:	f000 fd8f 	bl	1a006f34 <__mcmp>
1a006416:	4649      	mov	r1, r9
1a006418:	9004      	str	r0, [sp, #16]
1a00641a:	4650      	mov	r0, sl
1a00641c:	f000 fb9e 	bl	1a006b5c <_Bfree>
1a006420:	9b04      	ldr	r3, [sp, #16]
1a006422:	9a08      	ldr	r2, [sp, #32]
1a006424:	b91b      	cbnz	r3, 1a00642e <_dtoa_r+0x8ee>
1a006426:	990a      	ldr	r1, [sp, #40]	; 0x28
1a006428:	2900      	cmp	r1, #0
1a00642a:	f000 8271 	beq.w	1a006910 <_dtoa_r+0xdd0>
1a00642e:	2f00      	cmp	r7, #0
1a006430:	f106 0901 	add.w	r9, r6, #1
1a006434:	f2c0 816e 	blt.w	1a006714 <_dtoa_r+0xbd4>
1a006438:	9902      	ldr	r1, [sp, #8]
1a00643a:	430f      	orrs	r7, r1
1a00643c:	990b      	ldr	r1, [sp, #44]	; 0x2c
1a00643e:	4339      	orrs	r1, r7
1a006440:	f000 8168 	beq.w	1a006714 <_dtoa_r+0xbd4>
1a006444:	2b00      	cmp	r3, #0
1a006446:	f300 81a2 	bgt.w	1a00678e <_dtoa_r+0xc4e>
1a00644a:	9b09      	ldr	r3, [sp, #36]	; 0x24
1a00644c:	7032      	strb	r2, [r6, #0]
1a00644e:	42b3      	cmp	r3, r6
1a006450:	f000 81a9 	beq.w	1a0067a6 <_dtoa_r+0xc66>
1a006454:	4659      	mov	r1, fp
1a006456:	2300      	movs	r3, #0
1a006458:	220a      	movs	r2, #10
1a00645a:	4650      	mov	r0, sl
1a00645c:	f000 fb88 	bl	1a006b70 <__multadd>
1a006460:	4545      	cmp	r5, r8
1a006462:	4683      	mov	fp, r0
1a006464:	4629      	mov	r1, r5
1a006466:	f04f 0300 	mov.w	r3, #0
1a00646a:	f04f 020a 	mov.w	r2, #10
1a00646e:	4650      	mov	r0, sl
1a006470:	d013      	beq.n	1a00649a <_dtoa_r+0x95a>
1a006472:	f000 fb7d 	bl	1a006b70 <__multadd>
1a006476:	4641      	mov	r1, r8
1a006478:	4605      	mov	r5, r0
1a00647a:	2300      	movs	r3, #0
1a00647c:	220a      	movs	r2, #10
1a00647e:	4650      	mov	r0, sl
1a006480:	f000 fb76 	bl	1a006b70 <__multadd>
1a006484:	464e      	mov	r6, r9
1a006486:	4680      	mov	r8, r0
1a006488:	e7aa      	b.n	1a0063e0 <_dtoa_r+0x8a0>
1a00648a:	4601      	mov	r1, r0
1a00648c:	4650      	mov	r0, sl
1a00648e:	9204      	str	r2, [sp, #16]
1a006490:	f000 fb64 	bl	1a006b5c <_Bfree>
1a006494:	2301      	movs	r3, #1
1a006496:	9a04      	ldr	r2, [sp, #16]
1a006498:	e7c9      	b.n	1a00642e <_dtoa_r+0x8ee>
1a00649a:	f000 fb69 	bl	1a006b70 <__multadd>
1a00649e:	464e      	mov	r6, r9
1a0064a0:	4605      	mov	r5, r0
1a0064a2:	4680      	mov	r8, r0
1a0064a4:	e79c      	b.n	1a0063e0 <_dtoa_r+0x8a0>
1a0064a6:	9b02      	ldr	r3, [sp, #8]
1a0064a8:	2b02      	cmp	r3, #2
1a0064aa:	f340 8082 	ble.w	1a0065b2 <_dtoa_r+0xa72>
1a0064ae:	9b09      	ldr	r3, [sp, #36]	; 0x24
1a0064b0:	2b00      	cmp	r3, #0
1a0064b2:	f47f adae 	bne.w	1a006012 <_dtoa_r+0x4d2>
1a0064b6:	4639      	mov	r1, r7
1a0064b8:	2205      	movs	r2, #5
1a0064ba:	4650      	mov	r0, sl
1a0064bc:	f000 fb58 	bl	1a006b70 <__multadd>
1a0064c0:	4601      	mov	r1, r0
1a0064c2:	4607      	mov	r7, r0
1a0064c4:	4658      	mov	r0, fp
1a0064c6:	f000 fd35 	bl	1a006f34 <__mcmp>
1a0064ca:	2800      	cmp	r0, #0
1a0064cc:	f77f ada1 	ble.w	1a006012 <_dtoa_r+0x4d2>
1a0064d0:	9c03      	ldr	r4, [sp, #12]
1a0064d2:	9b06      	ldr	r3, [sp, #24]
1a0064d4:	2231      	movs	r2, #49	; 0x31
1a0064d6:	f804 2b01 	strb.w	r2, [r4], #1
1a0064da:	3301      	adds	r3, #1
1a0064dc:	3301      	adds	r3, #1
1a0064de:	4639      	mov	r1, r7
1a0064e0:	4650      	mov	r0, sl
1a0064e2:	9306      	str	r3, [sp, #24]
1a0064e4:	f000 fb3a 	bl	1a006b5c <_Bfree>
1a0064e8:	2d00      	cmp	r5, #0
1a0064ea:	f47f af32 	bne.w	1a006352 <_dtoa_r+0x812>
1a0064ee:	e54e      	b.n	1a005f8e <_dtoa_r+0x44e>
1a0064f0:	4639      	mov	r1, r7
1a0064f2:	4658      	mov	r0, fp
1a0064f4:	f000 fd1e 	bl	1a006f34 <__mcmp>
1a0064f8:	2800      	cmp	r0, #0
1a0064fa:	f6bf aedb 	bge.w	1a0062b4 <_dtoa_r+0x774>
1a0064fe:	4659      	mov	r1, fp
1a006500:	2300      	movs	r3, #0
1a006502:	220a      	movs	r2, #10
1a006504:	4650      	mov	r0, sl
1a006506:	f000 fb33 	bl	1a006b70 <__multadd>
1a00650a:	9b06      	ldr	r3, [sp, #24]
1a00650c:	f103 38ff 	add.w	r8, r3, #4294967295
1a006510:	9b0b      	ldr	r3, [sp, #44]	; 0x2c
1a006512:	4683      	mov	fp, r0
1a006514:	2b00      	cmp	r3, #0
1a006516:	f47f af43 	bne.w	1a0063a0 <_dtoa_r+0x860>
1a00651a:	9b0f      	ldr	r3, [sp, #60]	; 0x3c
1a00651c:	2b00      	cmp	r3, #0
1a00651e:	f340 8202 	ble.w	1a006926 <_dtoa_r+0xde6>
1a006522:	9309      	str	r3, [sp, #36]	; 0x24
1a006524:	e6d0      	b.n	1a0062c8 <_dtoa_r+0x788>
1a006526:	9a0c      	ldr	r2, [sp, #48]	; 0x30
1a006528:	4659      	mov	r1, fp
1a00652a:	4650      	mov	r0, sl
1a00652c:	f000 fc58 	bl	1a006de0 <__pow5mult>
1a006530:	4683      	mov	fp, r0
1a006532:	e686      	b.n	1a006242 <_dtoa_r+0x702>
1a006534:	4b9f      	ldr	r3, [pc, #636]	; (1a0067b4 <_dtoa_r+0xc74>)
1a006536:	9303      	str	r3, [sp, #12]
1a006538:	3303      	adds	r3, #3
1a00653a:	f7ff bbe5 	b.w	1a005d08 <_dtoa_r+0x1c8>
1a00653e:	e9dd 1200 	ldrd	r1, r2, [sp]
1a006542:	2900      	cmp	r1, #0
1a006544:	f47f ae8a 	bne.w	1a00625c <_dtoa_r+0x71c>
1a006548:	f3c2 0313 	ubfx	r3, r2, #0, #20
1a00654c:	2b00      	cmp	r3, #0
1a00654e:	f000 80d5 	beq.w	1a0066fc <_dtoa_r+0xbbc>
1a006552:	9e00      	ldr	r6, [sp, #0]
1a006554:	e683      	b.n	1a00625e <_dtoa_r+0x71e>
1a006556:	2301      	movs	r3, #1
1a006558:	930b      	str	r3, [sp, #44]	; 0x2c
1a00655a:	980a      	ldr	r0, [sp, #40]	; 0x28
1a00655c:	2800      	cmp	r0, #0
1a00655e:	dd46      	ble.n	1a0065ee <_dtoa_r+0xaae>
1a006560:	900f      	str	r0, [sp, #60]	; 0x3c
1a006562:	9009      	str	r0, [sp, #36]	; 0x24
1a006564:	2100      	movs	r1, #0
1a006566:	2817      	cmp	r0, #23
1a006568:	f8ca 1044 	str.w	r1, [sl, #68]	; 0x44
1a00656c:	9d09      	ldr	r5, [sp, #36]	; 0x24
1a00656e:	f77f ac19 	ble.w	1a005da4 <_dtoa_r+0x264>
1a006572:	2201      	movs	r2, #1
1a006574:	2304      	movs	r3, #4
1a006576:	005b      	lsls	r3, r3, #1
1a006578:	f103 0614 	add.w	r6, r3, #20
1a00657c:	42b0      	cmp	r0, r6
1a00657e:	4611      	mov	r1, r2
1a006580:	f102 0201 	add.w	r2, r2, #1
1a006584:	d2f7      	bcs.n	1a006576 <_dtoa_r+0xa36>
1a006586:	f8ca 1044 	str.w	r1, [sl, #68]	; 0x44
1a00658a:	e40b      	b.n	1a005da4 <_dtoa_r+0x264>
1a00658c:	2301      	movs	r3, #1
1a00658e:	930b      	str	r3, [sp, #44]	; 0x2c
1a006590:	9b0a      	ldr	r3, [sp, #40]	; 0x28
1a006592:	9a06      	ldr	r2, [sp, #24]
1a006594:	4413      	add	r3, r2
1a006596:	930f      	str	r3, [sp, #60]	; 0x3c
1a006598:	3301      	adds	r3, #1
1a00659a:	2b01      	cmp	r3, #1
1a00659c:	4618      	mov	r0, r3
1a00659e:	9309      	str	r3, [sp, #36]	; 0x24
1a0065a0:	bfb8      	it	lt
1a0065a2:	2001      	movlt	r0, #1
1a0065a4:	e7de      	b.n	1a006564 <_dtoa_r+0xa24>
1a0065a6:	2300      	movs	r3, #0
1a0065a8:	930b      	str	r3, [sp, #44]	; 0x2c
1a0065aa:	e7f1      	b.n	1a006590 <_dtoa_r+0xa50>
1a0065ac:	2300      	movs	r3, #0
1a0065ae:	930b      	str	r3, [sp, #44]	; 0x2c
1a0065b0:	e7d3      	b.n	1a00655a <_dtoa_r+0xa1a>
1a0065b2:	9b06      	ldr	r3, [sp, #24]
1a0065b4:	3301      	adds	r3, #1
1a0065b6:	9306      	str	r3, [sp, #24]
1a0065b8:	9b0b      	ldr	r3, [sp, #44]	; 0x2c
1a0065ba:	2b00      	cmp	r3, #0
1a0065bc:	f47f aefc 	bne.w	1a0063b8 <_dtoa_r+0x878>
1a0065c0:	4639      	mov	r1, r7
1a0065c2:	4658      	mov	r0, fp
1a0065c4:	f7ff fa2a 	bl	1a005a1c <quorem>
1a0065c8:	9c03      	ldr	r4, [sp, #12]
1a0065ca:	f100 0930 	add.w	r9, r0, #48	; 0x30
1a0065ce:	2300      	movs	r3, #0
1a0065d0:	f804 9b01 	strb.w	r9, [r4], #1
1a0065d4:	9300      	str	r3, [sp, #0]
1a0065d6:	e692      	b.n	1a0062fe <_dtoa_r+0x7be>
1a0065d8:	4629      	mov	r1, r5
1a0065da:	4622      	mov	r2, r4
1a0065dc:	4650      	mov	r0, sl
1a0065de:	f000 fc4f 	bl	1a006e80 <__lshift>
1a0065e2:	4605      	mov	r5, r0
1a0065e4:	e6eb      	b.n	1a0063be <_dtoa_r+0x87e>
1a0065e6:	1b9e      	subs	r6, r3, r6
1a0065e8:	e5ce      	b.n	1a006188 <_dtoa_r+0x648>
1a0065ea:	2602      	movs	r6, #2
1a0065ec:	e403      	b.n	1a005df6 <_dtoa_r+0x2b6>
1a0065ee:	2501      	movs	r5, #1
1a0065f0:	e9cd 5509 	strd	r5, r5, [sp, #36]	; 0x24
1a0065f4:	f7ff bbd2 	b.w	1a005d9c <_dtoa_r+0x25c>
1a0065f8:	d103      	bne.n	1a006602 <_dtoa_r+0xac2>
1a0065fa:	f019 0f01 	tst.w	r9, #1
1a0065fe:	f47f ae8c 	bne.w	1a00631a <_dtoa_r+0x7da>
1a006602:	1e63      	subs	r3, r4, #1
1a006604:	e001      	b.n	1a00660a <_dtoa_r+0xaca>
1a006606:	f813 2d01 	ldrb.w	r2, [r3, #-1]!
1a00660a:	2a30      	cmp	r2, #48	; 0x30
1a00660c:	f103 0401 	add.w	r4, r3, #1
1a006610:	d0f9      	beq.n	1a006606 <_dtoa_r+0xac6>
1a006612:	e690      	b.n	1a006336 <_dtoa_r+0x7f6>
1a006614:	9a06      	ldr	r2, [sp, #24]
1a006616:	3201      	adds	r2, #1
1a006618:	9206      	str	r2, [sp, #24]
1a00661a:	9a03      	ldr	r2, [sp, #12]
1a00661c:	2331      	movs	r3, #49	; 0x31
1a00661e:	7013      	strb	r3, [r2, #0]
1a006620:	e689      	b.n	1a006336 <_dtoa_r+0x7f6>
1a006622:	9a0e      	ldr	r2, [sp, #56]	; 0x38
1a006624:	2a00      	cmp	r2, #0
1a006626:	f000 8126 	beq.w	1a006876 <_dtoa_r+0xd36>
1a00662a:	f203 4333 	addw	r3, r3, #1075	; 0x433
1a00662e:	9a08      	ldr	r2, [sp, #32]
1a006630:	9e0c      	ldr	r6, [sp, #48]	; 0x30
1a006632:	4614      	mov	r4, r2
1a006634:	441a      	add	r2, r3
1a006636:	4498      	add	r8, r3
1a006638:	9208      	str	r2, [sp, #32]
1a00663a:	e5ae      	b.n	1a00619a <_dtoa_r+0x65a>
1a00663c:	4630      	mov	r0, r6
1a00663e:	f7fc fa49 	bl	1a002ad4 <__aeabi_i2d>
1a006642:	e9dd 2300 	ldrd	r2, r3, [sp]
1a006646:	f7fc faaf 	bl	1a002ba8 <__aeabi_dmul>
1a00664a:	2200      	movs	r2, #0
1a00664c:	4b5a      	ldr	r3, [pc, #360]	; (1a0067b8 <_dtoa_r+0xc78>)
1a00664e:	f7fc f8f5 	bl	1a00283c <__adddf3>
1a006652:	4604      	mov	r4, r0
1a006654:	f1a1 7550 	sub.w	r5, r1, #54525952	; 0x3400000
1a006658:	2200      	movs	r2, #0
1a00665a:	4b58      	ldr	r3, [pc, #352]	; (1a0067bc <_dtoa_r+0xc7c>)
1a00665c:	e9dd 0100 	ldrd	r0, r1, [sp]
1a006660:	f7fc f8ea 	bl	1a002838 <__aeabi_dsub>
1a006664:	4622      	mov	r2, r4
1a006666:	462b      	mov	r3, r5
1a006668:	4606      	mov	r6, r0
1a00666a:	460f      	mov	r7, r1
1a00666c:	f7fc fd2c 	bl	1a0030c8 <__aeabi_dcmpgt>
1a006670:	2800      	cmp	r0, #0
1a006672:	f040 8089 	bne.w	1a006788 <_dtoa_r+0xc48>
1a006676:	4622      	mov	r2, r4
1a006678:	f105 4300 	add.w	r3, r5, #2147483648	; 0x80000000
1a00667c:	4630      	mov	r0, r6
1a00667e:	4639      	mov	r1, r7
1a006680:	f7fc fd04 	bl	1a00308c <__aeabi_dcmplt>
1a006684:	2800      	cmp	r0, #0
1a006686:	f43f ac9c 	beq.w	1a005fc2 <_dtoa_r+0x482>
1a00668a:	2700      	movs	r7, #0
1a00668c:	463d      	mov	r5, r7
1a00668e:	e4c0      	b.n	1a006012 <_dtoa_r+0x4d2>
1a006690:	f000 80f5 	beq.w	1a00687e <_dtoa_r+0xd3e>
1a006694:	9b06      	ldr	r3, [sp, #24]
1a006696:	425c      	negs	r4, r3
1a006698:	4b49      	ldr	r3, [pc, #292]	; (1a0067c0 <_dtoa_r+0xc80>)
1a00669a:	f004 020f 	and.w	r2, r4, #15
1a00669e:	eb03 03c2 	add.w	r3, r3, r2, lsl #3
1a0066a2:	e9d3 2300 	ldrd	r2, r3, [r3]
1a0066a6:	e9dd 0104 	ldrd	r0, r1, [sp, #16]
1a0066aa:	f7fc fa7d 	bl	1a002ba8 <__aeabi_dmul>
1a0066ae:	1124      	asrs	r4, r4, #4
1a0066b0:	e9cd 0100 	strd	r0, r1, [sp]
1a0066b4:	f000 80e3 	beq.w	1a00687e <_dtoa_r+0xd3e>
1a0066b8:	4d42      	ldr	r5, [pc, #264]	; (1a0067c4 <_dtoa_r+0xc84>)
1a0066ba:	2300      	movs	r3, #0
1a0066bc:	2602      	movs	r6, #2
1a0066be:	07e2      	lsls	r2, r4, #31
1a0066c0:	d505      	bpl.n	1a0066ce <_dtoa_r+0xb8e>
1a0066c2:	e9d5 2300 	ldrd	r2, r3, [r5]
1a0066c6:	f7fc fa6f 	bl	1a002ba8 <__aeabi_dmul>
1a0066ca:	3601      	adds	r6, #1
1a0066cc:	2301      	movs	r3, #1
1a0066ce:	1064      	asrs	r4, r4, #1
1a0066d0:	f105 0508 	add.w	r5, r5, #8
1a0066d4:	d1f3      	bne.n	1a0066be <_dtoa_r+0xb7e>
1a0066d6:	2b00      	cmp	r3, #0
1a0066d8:	f43f aba6 	beq.w	1a005e28 <_dtoa_r+0x2e8>
1a0066dc:	e9cd 0100 	strd	r0, r1, [sp]
1a0066e0:	f7ff bba2 	b.w	1a005e28 <_dtoa_r+0x2e8>
1a0066e4:	900d      	str	r0, [sp, #52]	; 0x34
1a0066e6:	e564      	b.n	1a0061b2 <_dtoa_r+0x672>
1a0066e8:	e9dd 1200 	ldrd	r1, r2, [sp]
1a0066ec:	2900      	cmp	r1, #0
1a0066ee:	f47f ae49 	bne.w	1a006384 <_dtoa_r+0x844>
1a0066f2:	f3c2 0313 	ubfx	r3, r2, #0, #20
1a0066f6:	2b00      	cmp	r3, #0
1a0066f8:	f47f ae44 	bne.w	1a006384 <_dtoa_r+0x844>
1a0066fc:	4e32      	ldr	r6, [pc, #200]	; (1a0067c8 <_dtoa_r+0xc88>)
1a0066fe:	4016      	ands	r6, r2
1a006700:	2e00      	cmp	r6, #0
1a006702:	f43f adac 	beq.w	1a00625e <_dtoa_r+0x71e>
1a006706:	9b08      	ldr	r3, [sp, #32]
1a006708:	3301      	adds	r3, #1
1a00670a:	9308      	str	r3, [sp, #32]
1a00670c:	f108 0801 	add.w	r8, r8, #1
1a006710:	2601      	movs	r6, #1
1a006712:	e5a4      	b.n	1a00625e <_dtoa_r+0x71e>
1a006714:	2b00      	cmp	r3, #0
1a006716:	4627      	mov	r7, r4
1a006718:	464c      	mov	r4, r9
1a00671a:	4691      	mov	r9, r2
1a00671c:	dd12      	ble.n	1a006744 <_dtoa_r+0xc04>
1a00671e:	4659      	mov	r1, fp
1a006720:	2201      	movs	r2, #1
1a006722:	4650      	mov	r0, sl
1a006724:	f000 fbac 	bl	1a006e80 <__lshift>
1a006728:	4639      	mov	r1, r7
1a00672a:	4683      	mov	fp, r0
1a00672c:	f000 fc02 	bl	1a006f34 <__mcmp>
1a006730:	2800      	cmp	r0, #0
1a006732:	f340 80df 	ble.w	1a0068f4 <_dtoa_r+0xdb4>
1a006736:	f1b9 0f39 	cmp.w	r9, #57	; 0x39
1a00673a:	f000 80d0 	beq.w	1a0068de <_dtoa_r+0xd9e>
1a00673e:	9b00      	ldr	r3, [sp, #0]
1a006740:	f103 0931 	add.w	r9, r3, #49	; 0x31
1a006744:	9500      	str	r5, [sp, #0]
1a006746:	f886 9000 	strb.w	r9, [r6]
1a00674a:	4645      	mov	r5, r8
1a00674c:	e5f3      	b.n	1a006336 <_dtoa_r+0x7f6>
1a00674e:	6869      	ldr	r1, [r5, #4]
1a006750:	4650      	mov	r0, sl
1a006752:	f000 f9dd 	bl	1a006b10 <_Balloc>
1a006756:	692b      	ldr	r3, [r5, #16]
1a006758:	3302      	adds	r3, #2
1a00675a:	009a      	lsls	r2, r3, #2
1a00675c:	4604      	mov	r4, r0
1a00675e:	f105 010c 	add.w	r1, r5, #12
1a006762:	300c      	adds	r0, #12
1a006764:	f7fd faa0 	bl	1a003ca8 <memcpy>
1a006768:	4621      	mov	r1, r4
1a00676a:	2201      	movs	r2, #1
1a00676c:	4650      	mov	r0, sl
1a00676e:	f000 fb87 	bl	1a006e80 <__lshift>
1a006772:	4680      	mov	r8, r0
1a006774:	e627      	b.n	1a0063c6 <_dtoa_r+0x886>
1a006776:	f8dd b000 	ldr.w	fp, [sp]
1a00677a:	f8dd a008 	ldr.w	sl, [sp, #8]
1a00677e:	e406      	b.n	1a005f8e <_dtoa_r+0x44e>
1a006780:	e9dd 3208 	ldrd	r3, r2, [sp, #32]
1a006784:	1a9c      	subs	r4, r3, r2
1a006786:	e508      	b.n	1a00619a <_dtoa_r+0x65a>
1a006788:	2700      	movs	r7, #0
1a00678a:	463d      	mov	r5, r7
1a00678c:	e6a0      	b.n	1a0064d0 <_dtoa_r+0x990>
1a00678e:	2a39      	cmp	r2, #57	; 0x39
1a006790:	4627      	mov	r7, r4
1a006792:	464c      	mov	r4, r9
1a006794:	f000 80a3 	beq.w	1a0068de <_dtoa_r+0xd9e>
1a006798:	f102 0901 	add.w	r9, r2, #1
1a00679c:	9500      	str	r5, [sp, #0]
1a00679e:	f886 9000 	strb.w	r9, [r6]
1a0067a2:	4645      	mov	r5, r8
1a0067a4:	e5c7      	b.n	1a006336 <_dtoa_r+0x7f6>
1a0067a6:	4627      	mov	r7, r4
1a0067a8:	9500      	str	r5, [sp, #0]
1a0067aa:	464c      	mov	r4, r9
1a0067ac:	4645      	mov	r5, r8
1a0067ae:	4691      	mov	r9, r2
1a0067b0:	e5a5      	b.n	1a0062fe <_dtoa_r+0x7be>
1a0067b2:	bf00      	nop
1a0067b4:	1a007f84 	.word	0x1a007f84
1a0067b8:	401c0000 	.word	0x401c0000
1a0067bc:	40140000 	.word	0x40140000
1a0067c0:	1a007fc0 	.word	0x1a007fc0
1a0067c4:	1a007f98 	.word	0x1a007f98
1a0067c8:	7ff00000 	.word	0x7ff00000
1a0067cc:	e9dd 0100 	ldrd	r0, r1, [sp]
1a0067d0:	f7fc f9ea 	bl	1a002ba8 <__aeabi_dmul>
1a0067d4:	9b03      	ldr	r3, [sp, #12]
1a0067d6:	701d      	strb	r5, [r3, #0]
1a0067d8:	9b10      	ldr	r3, [sp, #64]	; 0x40
1a0067da:	2b01      	cmp	r3, #1
1a0067dc:	e9cd 0100 	strd	r0, r1, [sp]
1a0067e0:	d023      	beq.n	1a00682a <_dtoa_r+0xcea>
1a0067e2:	9b10      	ldr	r3, [sp, #64]	; 0x40
1a0067e4:	9a03      	ldr	r2, [sp, #12]
1a0067e6:	f8cd 9040 	str.w	r9, [sp, #64]	; 0x40
1a0067ea:	4413      	add	r3, r2
1a0067ec:	46c1      	mov	r9, r8
1a0067ee:	4698      	mov	r8, r3
1a0067f0:	2200      	movs	r2, #0
1a0067f2:	4b64      	ldr	r3, [pc, #400]	; (1a006984 <_dtoa_r+0xe44>)
1a0067f4:	4630      	mov	r0, r6
1a0067f6:	4639      	mov	r1, r7
1a0067f8:	f7fc f9d6 	bl	1a002ba8 <__aeabi_dmul>
1a0067fc:	460f      	mov	r7, r1
1a0067fe:	4606      	mov	r6, r0
1a006800:	f7fc fc82 	bl	1a003108 <__aeabi_d2iz>
1a006804:	4605      	mov	r5, r0
1a006806:	f7fc f965 	bl	1a002ad4 <__aeabi_i2d>
1a00680a:	3530      	adds	r5, #48	; 0x30
1a00680c:	4602      	mov	r2, r0
1a00680e:	460b      	mov	r3, r1
1a006810:	4630      	mov	r0, r6
1a006812:	4639      	mov	r1, r7
1a006814:	f7fc f810 	bl	1a002838 <__aeabi_dsub>
1a006818:	f804 5b01 	strb.w	r5, [r4], #1
1a00681c:	45a0      	cmp	r8, r4
1a00681e:	4606      	mov	r6, r0
1a006820:	460f      	mov	r7, r1
1a006822:	d1e5      	bne.n	1a0067f0 <_dtoa_r+0xcb0>
1a006824:	46c8      	mov	r8, r9
1a006826:	f8dd 9040 	ldr.w	r9, [sp, #64]	; 0x40
1a00682a:	4b57      	ldr	r3, [pc, #348]	; (1a006988 <_dtoa_r+0xe48>)
1a00682c:	2200      	movs	r2, #0
1a00682e:	e9dd 0100 	ldrd	r0, r1, [sp]
1a006832:	f7fc f803 	bl	1a00283c <__adddf3>
1a006836:	4632      	mov	r2, r6
1a006838:	463b      	mov	r3, r7
1a00683a:	f7fc fc27 	bl	1a00308c <__aeabi_dcmplt>
1a00683e:	2800      	cmp	r0, #0
1a006840:	d152      	bne.n	1a0068e8 <_dtoa_r+0xda8>
1a006842:	e9dd 2300 	ldrd	r2, r3, [sp]
1a006846:	2000      	movs	r0, #0
1a006848:	494f      	ldr	r1, [pc, #316]	; (1a006988 <_dtoa_r+0xe48>)
1a00684a:	f7fb fff5 	bl	1a002838 <__aeabi_dsub>
1a00684e:	4632      	mov	r2, r6
1a006850:	463b      	mov	r3, r7
1a006852:	f7fc fc39 	bl	1a0030c8 <__aeabi_dcmpgt>
1a006856:	2800      	cmp	r0, #0
1a006858:	f43f abb3 	beq.w	1a005fc2 <_dtoa_r+0x482>
1a00685c:	e000      	b.n	1a006860 <_dtoa_r+0xd20>
1a00685e:	4614      	mov	r4, r2
1a006860:	f814 3c01 	ldrb.w	r3, [r4, #-1]
1a006864:	2b30      	cmp	r3, #48	; 0x30
1a006866:	f104 32ff 	add.w	r2, r4, #4294967295
1a00686a:	d0f8      	beq.n	1a00685e <_dtoa_r+0xd1e>
1a00686c:	9b12      	ldr	r3, [sp, #72]	; 0x48
1a00686e:	3301      	adds	r3, #1
1a006870:	9306      	str	r3, [sp, #24]
1a006872:	f7ff bb8c 	b.w	1a005f8e <_dtoa_r+0x44e>
1a006876:	9b14      	ldr	r3, [sp, #80]	; 0x50
1a006878:	f1c3 0336 	rsb	r3, r3, #54	; 0x36
1a00687c:	e6d7      	b.n	1a00662e <_dtoa_r+0xaee>
1a00687e:	2602      	movs	r6, #2
1a006880:	f7ff bad2 	b.w	1a005e28 <_dtoa_r+0x2e8>
1a006884:	9b09      	ldr	r3, [sp, #36]	; 0x24
1a006886:	2b00      	cmp	r3, #0
1a006888:	f43f aed8 	beq.w	1a00663c <_dtoa_r+0xafc>
1a00688c:	9f0f      	ldr	r7, [sp, #60]	; 0x3c
1a00688e:	2f00      	cmp	r7, #0
1a006890:	f77f ab97 	ble.w	1a005fc2 <_dtoa_r+0x482>
1a006894:	2200      	movs	r2, #0
1a006896:	4b3b      	ldr	r3, [pc, #236]	; (1a006984 <_dtoa_r+0xe44>)
1a006898:	4620      	mov	r0, r4
1a00689a:	4629      	mov	r1, r5
1a00689c:	f7fc f984 	bl	1a002ba8 <__aeabi_dmul>
1a0068a0:	4604      	mov	r4, r0
1a0068a2:	460d      	mov	r5, r1
1a0068a4:	1c70      	adds	r0, r6, #1
1a0068a6:	e9cd 4500 	strd	r4, r5, [sp]
1a0068aa:	f7fc f913 	bl	1a002ad4 <__aeabi_i2d>
1a0068ae:	4622      	mov	r2, r4
1a0068b0:	462b      	mov	r3, r5
1a0068b2:	f7fc f979 	bl	1a002ba8 <__aeabi_dmul>
1a0068b6:	4b35      	ldr	r3, [pc, #212]	; (1a00698c <_dtoa_r+0xe4c>)
1a0068b8:	2200      	movs	r2, #0
1a0068ba:	f7fb ffbf 	bl	1a00283c <__adddf3>
1a0068be:	9b06      	ldr	r3, [sp, #24]
1a0068c0:	9710      	str	r7, [sp, #64]	; 0x40
1a0068c2:	3b01      	subs	r3, #1
1a0068c4:	4604      	mov	r4, r0
1a0068c6:	f1a1 7550 	sub.w	r5, r1, #54525952	; 0x3400000
1a0068ca:	9312      	str	r3, [sp, #72]	; 0x48
1a0068cc:	f7ff bacf 	b.w	1a005e6e <_dtoa_r+0x32e>
1a0068d0:	9a06      	ldr	r2, [sp, #24]
1a0068d2:	3201      	adds	r2, #1
1a0068d4:	9206      	str	r2, [sp, #24]
1a0068d6:	2231      	movs	r2, #49	; 0x31
1a0068d8:	701a      	strb	r2, [r3, #0]
1a0068da:	f7ff bb58 	b.w	1a005f8e <_dtoa_r+0x44e>
1a0068de:	2239      	movs	r2, #57	; 0x39
1a0068e0:	9500      	str	r5, [sp, #0]
1a0068e2:	7032      	strb	r2, [r6, #0]
1a0068e4:	4645      	mov	r5, r8
1a0068e6:	e518      	b.n	1a00631a <_dtoa_r+0x7da>
1a0068e8:	9b12      	ldr	r3, [sp, #72]	; 0x48
1a0068ea:	3301      	adds	r3, #1
1a0068ec:	9306      	str	r3, [sp, #24]
1a0068ee:	f814 5c01 	ldrb.w	r5, [r4, #-1]
1a0068f2:	e427      	b.n	1a006144 <_dtoa_r+0x604>
1a0068f4:	f47f af26 	bne.w	1a006744 <_dtoa_r+0xc04>
1a0068f8:	f019 0f01 	tst.w	r9, #1
1a0068fc:	f47f af1b 	bne.w	1a006736 <_dtoa_r+0xbf6>
1a006900:	e720      	b.n	1a006744 <_dtoa_r+0xc04>
1a006902:	9b12      	ldr	r3, [sp, #72]	; 0x48
1a006904:	3301      	adds	r3, #1
1a006906:	46da      	mov	sl, fp
1a006908:	9306      	str	r3, [sp, #24]
1a00690a:	f8dd b000 	ldr.w	fp, [sp]
1a00690e:	e419      	b.n	1a006144 <_dtoa_r+0x604>
1a006910:	2a39      	cmp	r2, #57	; 0x39
1a006912:	463b      	mov	r3, r7
1a006914:	4691      	mov	r9, r2
1a006916:	4627      	mov	r7, r4
1a006918:	f106 0401 	add.w	r4, r6, #1
1a00691c:	d0df      	beq.n	1a0068de <_dtoa_r+0xd9e>
1a00691e:	2b00      	cmp	r3, #0
1a006920:	f73f af0d 	bgt.w	1a00673e <_dtoa_r+0xbfe>
1a006924:	e70e      	b.n	1a006744 <_dtoa_r+0xc04>
1a006926:	9b02      	ldr	r3, [sp, #8]
1a006928:	2b02      	cmp	r3, #2
1a00692a:	f77f ae49 	ble.w	1a0065c0 <_dtoa_r+0xa80>
1a00692e:	9b0f      	ldr	r3, [sp, #60]	; 0x3c
1a006930:	9309      	str	r3, [sp, #36]	; 0x24
1a006932:	f8cd 8018 	str.w	r8, [sp, #24]
1a006936:	e5ba      	b.n	1a0064ae <_dtoa_r+0x96e>
1a006938:	9b02      	ldr	r3, [sp, #8]
1a00693a:	2b02      	cmp	r3, #2
1a00693c:	dcf7      	bgt.n	1a00692e <_dtoa_r+0xdee>
1a00693e:	9b0f      	ldr	r3, [sp, #60]	; 0x3c
1a006940:	e539      	b.n	1a0063b6 <_dtoa_r+0x876>
1a006942:	9b12      	ldr	r3, [sp, #72]	; 0x48
1a006944:	3301      	adds	r3, #1
1a006946:	9306      	str	r3, [sp, #24]
1a006948:	f7ff bbfc 	b.w	1a006144 <_dtoa_r+0x604>
1a00694c:	4b10      	ldr	r3, [pc, #64]	; (1a006990 <_dtoa_r+0xe50>)
1a00694e:	9303      	str	r3, [sp, #12]
1a006950:	f7ff b934 	b.w	1a005bbc <_dtoa_r+0x7c>
1a006954:	f43f ac98 	beq.w	1a006288 <_dtoa_r+0x748>
1a006958:	f1c0 003c 	rsb	r0, r0, #60	; 0x3c
1a00695c:	e48f      	b.n	1a00627e <_dtoa_r+0x73e>
1a00695e:	2400      	movs	r4, #0
1a006960:	f8ca 4044 	str.w	r4, [sl, #68]	; 0x44
1a006964:	4621      	mov	r1, r4
1a006966:	4650      	mov	r0, sl
1a006968:	f000 f8d2 	bl	1a006b10 <_Balloc>
1a00696c:	f04f 33ff 	mov.w	r3, #4294967295
1a006970:	e9cd 3409 	strd	r3, r4, [sp, #36]	; 0x24
1a006974:	930f      	str	r3, [sp, #60]	; 0x3c
1a006976:	2301      	movs	r3, #1
1a006978:	9003      	str	r0, [sp, #12]
1a00697a:	f8ca 0040 	str.w	r0, [sl, #64]	; 0x40
1a00697e:	930b      	str	r3, [sp, #44]	; 0x2c
1a006980:	f7ff bb23 	b.w	1a005fca <_dtoa_r+0x48a>
1a006984:	40240000 	.word	0x40240000
1a006988:	3fe00000 	.word	0x3fe00000
1a00698c:	401c0000 	.word	0x401c0000
1a006990:	1a007f88 	.word	0x1a007f88

1a006994 <_localeconv_r>:
1a006994:	4800      	ldr	r0, [pc, #0]	; (1a006998 <_localeconv_r+0x4>)
1a006996:	4770      	bx	lr
1a006998:	100009b0 	.word	0x100009b0
1a00699c:	ffffffff 	.word	0xffffffff

1a0069a0 <memchr>:
1a0069a0:	f001 01ff 	and.w	r1, r1, #255	; 0xff
1a0069a4:	2a10      	cmp	r2, #16
1a0069a6:	db2b      	blt.n	1a006a00 <memchr+0x60>
1a0069a8:	f010 0f07 	tst.w	r0, #7
1a0069ac:	d008      	beq.n	1a0069c0 <memchr+0x20>
1a0069ae:	f810 3b01 	ldrb.w	r3, [r0], #1
1a0069b2:	3a01      	subs	r2, #1
1a0069b4:	428b      	cmp	r3, r1
1a0069b6:	d02d      	beq.n	1a006a14 <memchr+0x74>
1a0069b8:	f010 0f07 	tst.w	r0, #7
1a0069bc:	b342      	cbz	r2, 1a006a10 <memchr+0x70>
1a0069be:	d1f6      	bne.n	1a0069ae <memchr+0xe>
1a0069c0:	b4f0      	push	{r4, r5, r6, r7}
1a0069c2:	ea41 2101 	orr.w	r1, r1, r1, lsl #8
1a0069c6:	ea41 4101 	orr.w	r1, r1, r1, lsl #16
1a0069ca:	f022 0407 	bic.w	r4, r2, #7
1a0069ce:	f07f 0700 	mvns.w	r7, #0
1a0069d2:	2300      	movs	r3, #0
1a0069d4:	e8f0 5602 	ldrd	r5, r6, [r0], #8
1a0069d8:	3c08      	subs	r4, #8
1a0069da:	ea85 0501 	eor.w	r5, r5, r1
1a0069de:	ea86 0601 	eor.w	r6, r6, r1
1a0069e2:	fa85 f547 	uadd8	r5, r5, r7
1a0069e6:	faa3 f587 	sel	r5, r3, r7
1a0069ea:	fa86 f647 	uadd8	r6, r6, r7
1a0069ee:	faa5 f687 	sel	r6, r5, r7
1a0069f2:	b98e      	cbnz	r6, 1a006a18 <memchr+0x78>
1a0069f4:	d1ee      	bne.n	1a0069d4 <memchr+0x34>
1a0069f6:	bcf0      	pop	{r4, r5, r6, r7}
1a0069f8:	f001 01ff 	and.w	r1, r1, #255	; 0xff
1a0069fc:	f002 0207 	and.w	r2, r2, #7
1a006a00:	b132      	cbz	r2, 1a006a10 <memchr+0x70>
1a006a02:	f810 3b01 	ldrb.w	r3, [r0], #1
1a006a06:	3a01      	subs	r2, #1
1a006a08:	ea83 0301 	eor.w	r3, r3, r1
1a006a0c:	b113      	cbz	r3, 1a006a14 <memchr+0x74>
1a006a0e:	d1f8      	bne.n	1a006a02 <memchr+0x62>
1a006a10:	2000      	movs	r0, #0
1a006a12:	4770      	bx	lr
1a006a14:	3801      	subs	r0, #1
1a006a16:	4770      	bx	lr
1a006a18:	2d00      	cmp	r5, #0
1a006a1a:	bf06      	itte	eq
1a006a1c:	4635      	moveq	r5, r6
1a006a1e:	3803      	subeq	r0, #3
1a006a20:	3807      	subne	r0, #7
1a006a22:	f015 0f01 	tst.w	r5, #1
1a006a26:	d107      	bne.n	1a006a38 <memchr+0x98>
1a006a28:	3001      	adds	r0, #1
1a006a2a:	f415 7f80 	tst.w	r5, #256	; 0x100
1a006a2e:	bf02      	ittt	eq
1a006a30:	3001      	addeq	r0, #1
1a006a32:	f415 3fc0 	tsteq.w	r5, #98304	; 0x18000
1a006a36:	3001      	addeq	r0, #1
1a006a38:	bcf0      	pop	{r4, r5, r6, r7}
1a006a3a:	3801      	subs	r0, #1
1a006a3c:	4770      	bx	lr
1a006a3e:	bf00      	nop

1a006a40 <memmove>:
1a006a40:	4288      	cmp	r0, r1
1a006a42:	b4f0      	push	{r4, r5, r6, r7}
1a006a44:	d90d      	bls.n	1a006a62 <memmove+0x22>
1a006a46:	188b      	adds	r3, r1, r2
1a006a48:	4283      	cmp	r3, r0
1a006a4a:	d90a      	bls.n	1a006a62 <memmove+0x22>
1a006a4c:	1884      	adds	r4, r0, r2
1a006a4e:	b132      	cbz	r2, 1a006a5e <memmove+0x1e>
1a006a50:	4622      	mov	r2, r4
1a006a52:	f813 4d01 	ldrb.w	r4, [r3, #-1]!
1a006a56:	f802 4d01 	strb.w	r4, [r2, #-1]!
1a006a5a:	4299      	cmp	r1, r3
1a006a5c:	d1f9      	bne.n	1a006a52 <memmove+0x12>
1a006a5e:	bcf0      	pop	{r4, r5, r6, r7}
1a006a60:	4770      	bx	lr
1a006a62:	2a0f      	cmp	r2, #15
1a006a64:	d80e      	bhi.n	1a006a84 <memmove+0x44>
1a006a66:	4603      	mov	r3, r0
1a006a68:	1e54      	subs	r4, r2, #1
1a006a6a:	2a00      	cmp	r2, #0
1a006a6c:	d0f7      	beq.n	1a006a5e <memmove+0x1e>
1a006a6e:	3401      	adds	r4, #1
1a006a70:	440c      	add	r4, r1
1a006a72:	3b01      	subs	r3, #1
1a006a74:	f811 2b01 	ldrb.w	r2, [r1], #1
1a006a78:	f803 2f01 	strb.w	r2, [r3, #1]!
1a006a7c:	42a1      	cmp	r1, r4
1a006a7e:	d1f9      	bne.n	1a006a74 <memmove+0x34>
1a006a80:	bcf0      	pop	{r4, r5, r6, r7}
1a006a82:	4770      	bx	lr
1a006a84:	ea40 0301 	orr.w	r3, r0, r1
1a006a88:	079b      	lsls	r3, r3, #30
1a006a8a:	d13b      	bne.n	1a006b04 <memmove+0xc4>
1a006a8c:	f1a2 0710 	sub.w	r7, r2, #16
1a006a90:	093f      	lsrs	r7, r7, #4
1a006a92:	f101 0620 	add.w	r6, r1, #32
1a006a96:	eb06 1607 	add.w	r6, r6, r7, lsl #4
1a006a9a:	f101 0310 	add.w	r3, r1, #16
1a006a9e:	f100 0410 	add.w	r4, r0, #16
1a006aa2:	f853 5c10 	ldr.w	r5, [r3, #-16]
1a006aa6:	f844 5c10 	str.w	r5, [r4, #-16]
1a006aaa:	f853 5c0c 	ldr.w	r5, [r3, #-12]
1a006aae:	f844 5c0c 	str.w	r5, [r4, #-12]
1a006ab2:	f853 5c08 	ldr.w	r5, [r3, #-8]
1a006ab6:	f844 5c08 	str.w	r5, [r4, #-8]
1a006aba:	f853 5c04 	ldr.w	r5, [r3, #-4]
1a006abe:	f844 5c04 	str.w	r5, [r4, #-4]
1a006ac2:	3310      	adds	r3, #16
1a006ac4:	42b3      	cmp	r3, r6
1a006ac6:	f104 0410 	add.w	r4, r4, #16
1a006aca:	d1ea      	bne.n	1a006aa2 <memmove+0x62>
1a006acc:	1c7b      	adds	r3, r7, #1
1a006ace:	011b      	lsls	r3, r3, #4
1a006ad0:	f012 0f0c 	tst.w	r2, #12
1a006ad4:	4419      	add	r1, r3
1a006ad6:	f002 050f 	and.w	r5, r2, #15
1a006ada:	4403      	add	r3, r0
1a006adc:	d015      	beq.n	1a006b0a <memmove+0xca>
1a006ade:	3d04      	subs	r5, #4
1a006ae0:	08ad      	lsrs	r5, r5, #2
1a006ae2:	eb03 0c85 	add.w	ip, r3, r5, lsl #2
1a006ae6:	1f1c      	subs	r4, r3, #4
1a006ae8:	460e      	mov	r6, r1
1a006aea:	f856 7b04 	ldr.w	r7, [r6], #4
1a006aee:	f844 7f04 	str.w	r7, [r4, #4]!
1a006af2:	4564      	cmp	r4, ip
1a006af4:	d1f9      	bne.n	1a006aea <memmove+0xaa>
1a006af6:	3501      	adds	r5, #1
1a006af8:	00ad      	lsls	r5, r5, #2
1a006afa:	442b      	add	r3, r5
1a006afc:	4429      	add	r1, r5
1a006afe:	f002 0203 	and.w	r2, r2, #3
1a006b02:	e7b1      	b.n	1a006a68 <memmove+0x28>
1a006b04:	1e54      	subs	r4, r2, #1
1a006b06:	4603      	mov	r3, r0
1a006b08:	e7b1      	b.n	1a006a6e <memmove+0x2e>
1a006b0a:	462a      	mov	r2, r5
1a006b0c:	e7ac      	b.n	1a006a68 <memmove+0x28>
1a006b0e:	bf00      	nop

1a006b10 <_Balloc>:
1a006b10:	6cc3      	ldr	r3, [r0, #76]	; 0x4c
1a006b12:	b570      	push	{r4, r5, r6, lr}
1a006b14:	4605      	mov	r5, r0
1a006b16:	460c      	mov	r4, r1
1a006b18:	b14b      	cbz	r3, 1a006b2e <_Balloc+0x1e>
1a006b1a:	f853 0024 	ldr.w	r0, [r3, r4, lsl #2]
1a006b1e:	b180      	cbz	r0, 1a006b42 <_Balloc+0x32>
1a006b20:	6802      	ldr	r2, [r0, #0]
1a006b22:	f843 2024 	str.w	r2, [r3, r4, lsl #2]
1a006b26:	2300      	movs	r3, #0
1a006b28:	e9c0 3303 	strd	r3, r3, [r0, #12]
1a006b2c:	bd70      	pop	{r4, r5, r6, pc}
1a006b2e:	2221      	movs	r2, #33	; 0x21
1a006b30:	2104      	movs	r1, #4
1a006b32:	f000 fd99 	bl	1a007668 <_calloc_r>
1a006b36:	4603      	mov	r3, r0
1a006b38:	64e8      	str	r0, [r5, #76]	; 0x4c
1a006b3a:	2800      	cmp	r0, #0
1a006b3c:	d1ed      	bne.n	1a006b1a <_Balloc+0xa>
1a006b3e:	2000      	movs	r0, #0
1a006b40:	bd70      	pop	{r4, r5, r6, pc}
1a006b42:	2101      	movs	r1, #1
1a006b44:	fa01 f604 	lsl.w	r6, r1, r4
1a006b48:	1d72      	adds	r2, r6, #5
1a006b4a:	4628      	mov	r0, r5
1a006b4c:	0092      	lsls	r2, r2, #2
1a006b4e:	f000 fd8b 	bl	1a007668 <_calloc_r>
1a006b52:	2800      	cmp	r0, #0
1a006b54:	d0f3      	beq.n	1a006b3e <_Balloc+0x2e>
1a006b56:	e9c0 4601 	strd	r4, r6, [r0, #4]
1a006b5a:	e7e4      	b.n	1a006b26 <_Balloc+0x16>

1a006b5c <_Bfree>:
1a006b5c:	b131      	cbz	r1, 1a006b6c <_Bfree+0x10>
1a006b5e:	6cc3      	ldr	r3, [r0, #76]	; 0x4c
1a006b60:	684a      	ldr	r2, [r1, #4]
1a006b62:	f853 0022 	ldr.w	r0, [r3, r2, lsl #2]
1a006b66:	6008      	str	r0, [r1, #0]
1a006b68:	f843 1022 	str.w	r1, [r3, r2, lsl #2]
1a006b6c:	4770      	bx	lr
1a006b6e:	bf00      	nop

1a006b70 <__multadd>:
1a006b70:	b5f0      	push	{r4, r5, r6, r7, lr}
1a006b72:	690c      	ldr	r4, [r1, #16]
1a006b74:	b083      	sub	sp, #12
1a006b76:	460d      	mov	r5, r1
1a006b78:	4606      	mov	r6, r0
1a006b7a:	f101 0c14 	add.w	ip, r1, #20
1a006b7e:	2700      	movs	r7, #0
1a006b80:	f8dc 0000 	ldr.w	r0, [ip]
1a006b84:	b281      	uxth	r1, r0
1a006b86:	fb02 3301 	mla	r3, r2, r1, r3
1a006b8a:	0c19      	lsrs	r1, r3, #16
1a006b8c:	0c00      	lsrs	r0, r0, #16
1a006b8e:	fb02 1000 	mla	r0, r2, r0, r1
1a006b92:	b29b      	uxth	r3, r3
1a006b94:	3701      	adds	r7, #1
1a006b96:	eb03 4300 	add.w	r3, r3, r0, lsl #16
1a006b9a:	42bc      	cmp	r4, r7
1a006b9c:	f84c 3b04 	str.w	r3, [ip], #4
1a006ba0:	ea4f 4310 	mov.w	r3, r0, lsr #16
1a006ba4:	dcec      	bgt.n	1a006b80 <__multadd+0x10>
1a006ba6:	b13b      	cbz	r3, 1a006bb8 <__multadd+0x48>
1a006ba8:	68aa      	ldr	r2, [r5, #8]
1a006baa:	42a2      	cmp	r2, r4
1a006bac:	dd07      	ble.n	1a006bbe <__multadd+0x4e>
1a006bae:	eb05 0284 	add.w	r2, r5, r4, lsl #2
1a006bb2:	3401      	adds	r4, #1
1a006bb4:	6153      	str	r3, [r2, #20]
1a006bb6:	612c      	str	r4, [r5, #16]
1a006bb8:	4628      	mov	r0, r5
1a006bba:	b003      	add	sp, #12
1a006bbc:	bdf0      	pop	{r4, r5, r6, r7, pc}
1a006bbe:	6869      	ldr	r1, [r5, #4]
1a006bc0:	9301      	str	r3, [sp, #4]
1a006bc2:	3101      	adds	r1, #1
1a006bc4:	4630      	mov	r0, r6
1a006bc6:	f7ff ffa3 	bl	1a006b10 <_Balloc>
1a006bca:	692a      	ldr	r2, [r5, #16]
1a006bcc:	3202      	adds	r2, #2
1a006bce:	f105 010c 	add.w	r1, r5, #12
1a006bd2:	4607      	mov	r7, r0
1a006bd4:	0092      	lsls	r2, r2, #2
1a006bd6:	300c      	adds	r0, #12
1a006bd8:	f7fd f866 	bl	1a003ca8 <memcpy>
1a006bdc:	6cf2      	ldr	r2, [r6, #76]	; 0x4c
1a006bde:	6869      	ldr	r1, [r5, #4]
1a006be0:	9b01      	ldr	r3, [sp, #4]
1a006be2:	f852 0021 	ldr.w	r0, [r2, r1, lsl #2]
1a006be6:	6028      	str	r0, [r5, #0]
1a006be8:	f842 5021 	str.w	r5, [r2, r1, lsl #2]
1a006bec:	463d      	mov	r5, r7
1a006bee:	eb05 0284 	add.w	r2, r5, r4, lsl #2
1a006bf2:	3401      	adds	r4, #1
1a006bf4:	6153      	str	r3, [r2, #20]
1a006bf6:	612c      	str	r4, [r5, #16]
1a006bf8:	e7de      	b.n	1a006bb8 <__multadd+0x48>
1a006bfa:	bf00      	nop

1a006bfc <__hi0bits>:
1a006bfc:	0c02      	lsrs	r2, r0, #16
1a006bfe:	0412      	lsls	r2, r2, #16
1a006c00:	4603      	mov	r3, r0
1a006c02:	b9ca      	cbnz	r2, 1a006c38 <__hi0bits+0x3c>
1a006c04:	0403      	lsls	r3, r0, #16
1a006c06:	2010      	movs	r0, #16
1a006c08:	f013 4f7f 	tst.w	r3, #4278190080	; 0xff000000
1a006c0c:	bf04      	itt	eq
1a006c0e:	021b      	lsleq	r3, r3, #8
1a006c10:	3008      	addeq	r0, #8
1a006c12:	f013 4f70 	tst.w	r3, #4026531840	; 0xf0000000
1a006c16:	bf04      	itt	eq
1a006c18:	011b      	lsleq	r3, r3, #4
1a006c1a:	3004      	addeq	r0, #4
1a006c1c:	f013 4f40 	tst.w	r3, #3221225472	; 0xc0000000
1a006c20:	bf04      	itt	eq
1a006c22:	009b      	lsleq	r3, r3, #2
1a006c24:	3002      	addeq	r0, #2
1a006c26:	2b00      	cmp	r3, #0
1a006c28:	db05      	blt.n	1a006c36 <__hi0bits+0x3a>
1a006c2a:	f013 4f80 	tst.w	r3, #1073741824	; 0x40000000
1a006c2e:	f100 0001 	add.w	r0, r0, #1
1a006c32:	bf08      	it	eq
1a006c34:	2020      	moveq	r0, #32
1a006c36:	4770      	bx	lr
1a006c38:	2000      	movs	r0, #0
1a006c3a:	e7e5      	b.n	1a006c08 <__hi0bits+0xc>

1a006c3c <__lo0bits>:
1a006c3c:	6803      	ldr	r3, [r0, #0]
1a006c3e:	f013 0207 	ands.w	r2, r3, #7
1a006c42:	4601      	mov	r1, r0
1a006c44:	d007      	beq.n	1a006c56 <__lo0bits+0x1a>
1a006c46:	07da      	lsls	r2, r3, #31
1a006c48:	d420      	bmi.n	1a006c8c <__lo0bits+0x50>
1a006c4a:	0798      	lsls	r0, r3, #30
1a006c4c:	d522      	bpl.n	1a006c94 <__lo0bits+0x58>
1a006c4e:	085b      	lsrs	r3, r3, #1
1a006c50:	600b      	str	r3, [r1, #0]
1a006c52:	2001      	movs	r0, #1
1a006c54:	4770      	bx	lr
1a006c56:	b298      	uxth	r0, r3
1a006c58:	b9b0      	cbnz	r0, 1a006c88 <__lo0bits+0x4c>
1a006c5a:	0c1b      	lsrs	r3, r3, #16
1a006c5c:	2010      	movs	r0, #16
1a006c5e:	f013 0fff 	tst.w	r3, #255	; 0xff
1a006c62:	bf04      	itt	eq
1a006c64:	0a1b      	lsreq	r3, r3, #8
1a006c66:	3008      	addeq	r0, #8
1a006c68:	071a      	lsls	r2, r3, #28
1a006c6a:	bf04      	itt	eq
1a006c6c:	091b      	lsreq	r3, r3, #4
1a006c6e:	3004      	addeq	r0, #4
1a006c70:	079a      	lsls	r2, r3, #30
1a006c72:	bf04      	itt	eq
1a006c74:	089b      	lsreq	r3, r3, #2
1a006c76:	3002      	addeq	r0, #2
1a006c78:	07da      	lsls	r2, r3, #31
1a006c7a:	d403      	bmi.n	1a006c84 <__lo0bits+0x48>
1a006c7c:	085b      	lsrs	r3, r3, #1
1a006c7e:	f100 0001 	add.w	r0, r0, #1
1a006c82:	d005      	beq.n	1a006c90 <__lo0bits+0x54>
1a006c84:	600b      	str	r3, [r1, #0]
1a006c86:	4770      	bx	lr
1a006c88:	4610      	mov	r0, r2
1a006c8a:	e7e8      	b.n	1a006c5e <__lo0bits+0x22>
1a006c8c:	2000      	movs	r0, #0
1a006c8e:	4770      	bx	lr
1a006c90:	2020      	movs	r0, #32
1a006c92:	4770      	bx	lr
1a006c94:	089b      	lsrs	r3, r3, #2
1a006c96:	600b      	str	r3, [r1, #0]
1a006c98:	2002      	movs	r0, #2
1a006c9a:	4770      	bx	lr

1a006c9c <__i2b>:
1a006c9c:	b510      	push	{r4, lr}
1a006c9e:	460c      	mov	r4, r1
1a006ca0:	2101      	movs	r1, #1
1a006ca2:	f7ff ff35 	bl	1a006b10 <_Balloc>
1a006ca6:	2201      	movs	r2, #1
1a006ca8:	e9c0 2404 	strd	r2, r4, [r0, #16]
1a006cac:	bd10      	pop	{r4, pc}
1a006cae:	bf00      	nop

1a006cb0 <__multiply>:
1a006cb0:	e92d 4ff0 	stmdb	sp!, {r4, r5, r6, r7, r8, r9, sl, fp, lr}
1a006cb4:	690e      	ldr	r6, [r1, #16]
1a006cb6:	6917      	ldr	r7, [r2, #16]
1a006cb8:	42be      	cmp	r6, r7
1a006cba:	b083      	sub	sp, #12
1a006cbc:	460c      	mov	r4, r1
1a006cbe:	4615      	mov	r5, r2
1a006cc0:	db05      	blt.n	1a006cce <__multiply+0x1e>
1a006cc2:	463a      	mov	r2, r7
1a006cc4:	462b      	mov	r3, r5
1a006cc6:	4637      	mov	r7, r6
1a006cc8:	460d      	mov	r5, r1
1a006cca:	4616      	mov	r6, r2
1a006ccc:	461c      	mov	r4, r3
1a006cce:	e9d5 1301 	ldrd	r1, r3, [r5, #4]
1a006cd2:	eb07 0806 	add.w	r8, r7, r6
1a006cd6:	4543      	cmp	r3, r8
1a006cd8:	bfb8      	it	lt
1a006cda:	3101      	addlt	r1, #1
1a006cdc:	f7ff ff18 	bl	1a006b10 <_Balloc>
1a006ce0:	f100 0a14 	add.w	sl, r0, #20
1a006ce4:	eb0a 0988 	add.w	r9, sl, r8, lsl #2
1a006ce8:	45ca      	cmp	sl, r9
1a006cea:	9000      	str	r0, [sp, #0]
1a006cec:	d205      	bcs.n	1a006cfa <__multiply+0x4a>
1a006cee:	4653      	mov	r3, sl
1a006cf0:	2100      	movs	r1, #0
1a006cf2:	f843 1b04 	str.w	r1, [r3], #4
1a006cf6:	4599      	cmp	r9, r3
1a006cf8:	d8fb      	bhi.n	1a006cf2 <__multiply+0x42>
1a006cfa:	f104 0e14 	add.w	lr, r4, #20
1a006cfe:	eb0e 0b86 	add.w	fp, lr, r6, lsl #2
1a006d02:	f105 0314 	add.w	r3, r5, #20
1a006d06:	45de      	cmp	lr, fp
1a006d08:	eb03 0787 	add.w	r7, r3, r7, lsl #2
1a006d0c:	d253      	bcs.n	1a006db6 <__multiply+0x106>
1a006d0e:	f8cd 8004 	str.w	r8, [sp, #4]
1a006d12:	4698      	mov	r8, r3
1a006d14:	e005      	b.n	1a006d22 <__multiply+0x72>
1a006d16:	0c09      	lsrs	r1, r1, #16
1a006d18:	d128      	bne.n	1a006d6c <__multiply+0xbc>
1a006d1a:	45f3      	cmp	fp, lr
1a006d1c:	f10a 0a04 	add.w	sl, sl, #4
1a006d20:	d947      	bls.n	1a006db2 <__multiply+0x102>
1a006d22:	f85e 1b04 	ldr.w	r1, [lr], #4
1a006d26:	b28e      	uxth	r6, r1
1a006d28:	2e00      	cmp	r6, #0
1a006d2a:	d0f4      	beq.n	1a006d16 <__multiply+0x66>
1a006d2c:	4645      	mov	r5, r8
1a006d2e:	4654      	mov	r4, sl
1a006d30:	2300      	movs	r3, #0
1a006d32:	f855 1b04 	ldr.w	r1, [r5], #4
1a006d36:	6820      	ldr	r0, [r4, #0]
1a006d38:	b28a      	uxth	r2, r1
1a006d3a:	fa1f fc80 	uxth.w	ip, r0
1a006d3e:	fb06 c202 	mla	r2, r6, r2, ip
1a006d42:	0c09      	lsrs	r1, r1, #16
1a006d44:	0c00      	lsrs	r0, r0, #16
1a006d46:	4413      	add	r3, r2
1a006d48:	fb06 0201 	mla	r2, r6, r1, r0
1a006d4c:	eb02 4213 	add.w	r2, r2, r3, lsr #16
1a006d50:	b29b      	uxth	r3, r3
1a006d52:	ea43 4302 	orr.w	r3, r3, r2, lsl #16
1a006d56:	42af      	cmp	r7, r5
1a006d58:	f844 3b04 	str.w	r3, [r4], #4
1a006d5c:	ea4f 4312 	mov.w	r3, r2, lsr #16
1a006d60:	d8e7      	bhi.n	1a006d32 <__multiply+0x82>
1a006d62:	6023      	str	r3, [r4, #0]
1a006d64:	f85e 1c04 	ldr.w	r1, [lr, #-4]
1a006d68:	0c09      	lsrs	r1, r1, #16
1a006d6a:	d0d6      	beq.n	1a006d1a <__multiply+0x6a>
1a006d6c:	f8da 3000 	ldr.w	r3, [sl]
1a006d70:	4640      	mov	r0, r8
1a006d72:	461a      	mov	r2, r3
1a006d74:	4654      	mov	r4, sl
1a006d76:	f04f 0c00 	mov.w	ip, #0
1a006d7a:	8805      	ldrh	r5, [r0, #0]
1a006d7c:	0c12      	lsrs	r2, r2, #16
1a006d7e:	fb01 2205 	mla	r2, r1, r5, r2
1a006d82:	4494      	add	ip, r2
1a006d84:	b29b      	uxth	r3, r3
1a006d86:	ea43 430c 	orr.w	r3, r3, ip, lsl #16
1a006d8a:	f844 3b04 	str.w	r3, [r4], #4
1a006d8e:	f850 3b04 	ldr.w	r3, [r0], #4
1a006d92:	6822      	ldr	r2, [r4, #0]
1a006d94:	0c1b      	lsrs	r3, r3, #16
1a006d96:	b295      	uxth	r5, r2
1a006d98:	fb01 5303 	mla	r3, r1, r3, r5
1a006d9c:	eb03 431c 	add.w	r3, r3, ip, lsr #16
1a006da0:	4287      	cmp	r7, r0
1a006da2:	ea4f 4c13 	mov.w	ip, r3, lsr #16
1a006da6:	d8e8      	bhi.n	1a006d7a <__multiply+0xca>
1a006da8:	45f3      	cmp	fp, lr
1a006daa:	6023      	str	r3, [r4, #0]
1a006dac:	f10a 0a04 	add.w	sl, sl, #4
1a006db0:	d8b7      	bhi.n	1a006d22 <__multiply+0x72>
1a006db2:	f8dd 8004 	ldr.w	r8, [sp, #4]
1a006db6:	f1b8 0f00 	cmp.w	r8, #0
1a006dba:	dd0b      	ble.n	1a006dd4 <__multiply+0x124>
1a006dbc:	f859 3c04 	ldr.w	r3, [r9, #-4]
1a006dc0:	f1a9 0904 	sub.w	r9, r9, #4
1a006dc4:	b11b      	cbz	r3, 1a006dce <__multiply+0x11e>
1a006dc6:	e005      	b.n	1a006dd4 <__multiply+0x124>
1a006dc8:	f859 3d04 	ldr.w	r3, [r9, #-4]!
1a006dcc:	b913      	cbnz	r3, 1a006dd4 <__multiply+0x124>
1a006dce:	f1b8 0801 	subs.w	r8, r8, #1
1a006dd2:	d1f9      	bne.n	1a006dc8 <__multiply+0x118>
1a006dd4:	9800      	ldr	r0, [sp, #0]
1a006dd6:	f8c0 8010 	str.w	r8, [r0, #16]
1a006dda:	b003      	add	sp, #12
1a006ddc:	e8bd 8ff0 	ldmia.w	sp!, {r4, r5, r6, r7, r8, r9, sl, fp, pc}

1a006de0 <__pow5mult>:
1a006de0:	f012 0303 	ands.w	r3, r2, #3
1a006de4:	e92d 41f0 	stmdb	sp!, {r4, r5, r6, r7, r8, lr}
1a006de8:	4614      	mov	r4, r2
1a006dea:	4607      	mov	r7, r0
1a006dec:	d12e      	bne.n	1a006e4c <__pow5mult+0x6c>
1a006dee:	460d      	mov	r5, r1
1a006df0:	10a4      	asrs	r4, r4, #2
1a006df2:	d01c      	beq.n	1a006e2e <__pow5mult+0x4e>
1a006df4:	6cbe      	ldr	r6, [r7, #72]	; 0x48
1a006df6:	b396      	cbz	r6, 1a006e5e <__pow5mult+0x7e>
1a006df8:	07e3      	lsls	r3, r4, #31
1a006dfa:	f04f 0800 	mov.w	r8, #0
1a006dfe:	d406      	bmi.n	1a006e0e <__pow5mult+0x2e>
1a006e00:	1064      	asrs	r4, r4, #1
1a006e02:	d014      	beq.n	1a006e2e <__pow5mult+0x4e>
1a006e04:	6830      	ldr	r0, [r6, #0]
1a006e06:	b1a8      	cbz	r0, 1a006e34 <__pow5mult+0x54>
1a006e08:	4606      	mov	r6, r0
1a006e0a:	07e3      	lsls	r3, r4, #31
1a006e0c:	d5f8      	bpl.n	1a006e00 <__pow5mult+0x20>
1a006e0e:	4632      	mov	r2, r6
1a006e10:	4629      	mov	r1, r5
1a006e12:	4638      	mov	r0, r7
1a006e14:	f7ff ff4c 	bl	1a006cb0 <__multiply>
1a006e18:	b1b5      	cbz	r5, 1a006e48 <__pow5mult+0x68>
1a006e1a:	686a      	ldr	r2, [r5, #4]
1a006e1c:	6cfb      	ldr	r3, [r7, #76]	; 0x4c
1a006e1e:	1064      	asrs	r4, r4, #1
1a006e20:	f853 1022 	ldr.w	r1, [r3, r2, lsl #2]
1a006e24:	6029      	str	r1, [r5, #0]
1a006e26:	f843 5022 	str.w	r5, [r3, r2, lsl #2]
1a006e2a:	4605      	mov	r5, r0
1a006e2c:	d1ea      	bne.n	1a006e04 <__pow5mult+0x24>
1a006e2e:	4628      	mov	r0, r5
1a006e30:	e8bd 81f0 	ldmia.w	sp!, {r4, r5, r6, r7, r8, pc}
1a006e34:	4632      	mov	r2, r6
1a006e36:	4631      	mov	r1, r6
1a006e38:	4638      	mov	r0, r7
1a006e3a:	f7ff ff39 	bl	1a006cb0 <__multiply>
1a006e3e:	6030      	str	r0, [r6, #0]
1a006e40:	f8c0 8000 	str.w	r8, [r0]
1a006e44:	4606      	mov	r6, r0
1a006e46:	e7e0      	b.n	1a006e0a <__pow5mult+0x2a>
1a006e48:	4605      	mov	r5, r0
1a006e4a:	e7d9      	b.n	1a006e00 <__pow5mult+0x20>
1a006e4c:	3b01      	subs	r3, #1
1a006e4e:	4a0b      	ldr	r2, [pc, #44]	; (1a006e7c <__pow5mult+0x9c>)
1a006e50:	f852 2023 	ldr.w	r2, [r2, r3, lsl #2]
1a006e54:	2300      	movs	r3, #0
1a006e56:	f7ff fe8b 	bl	1a006b70 <__multadd>
1a006e5a:	4605      	mov	r5, r0
1a006e5c:	e7c8      	b.n	1a006df0 <__pow5mult+0x10>
1a006e5e:	2101      	movs	r1, #1
1a006e60:	4638      	mov	r0, r7
1a006e62:	f7ff fe55 	bl	1a006b10 <_Balloc>
1a006e66:	f240 2371 	movw	r3, #625	; 0x271
1a006e6a:	6143      	str	r3, [r0, #20]
1a006e6c:	2201      	movs	r2, #1
1a006e6e:	2300      	movs	r3, #0
1a006e70:	6102      	str	r2, [r0, #16]
1a006e72:	4606      	mov	r6, r0
1a006e74:	64b8      	str	r0, [r7, #72]	; 0x48
1a006e76:	6003      	str	r3, [r0, #0]
1a006e78:	e7be      	b.n	1a006df8 <__pow5mult+0x18>
1a006e7a:	bf00      	nop
1a006e7c:	1a008088 	.word	0x1a008088

1a006e80 <__lshift>:
1a006e80:	e92d 43f8 	stmdb	sp!, {r3, r4, r5, r6, r7, r8, r9, lr}
1a006e84:	690e      	ldr	r6, [r1, #16]
1a006e86:	460d      	mov	r5, r1
1a006e88:	ea4f 1962 	mov.w	r9, r2, asr #5
1a006e8c:	e9d1 1301 	ldrd	r1, r3, [r1, #4]
1a006e90:	444e      	add	r6, r9
1a006e92:	1c74      	adds	r4, r6, #1
1a006e94:	429c      	cmp	r4, r3
1a006e96:	4690      	mov	r8, r2
1a006e98:	4607      	mov	r7, r0
1a006e9a:	dd04      	ble.n	1a006ea6 <__lshift+0x26>
1a006e9c:	005b      	lsls	r3, r3, #1
1a006e9e:	429c      	cmp	r4, r3
1a006ea0:	f101 0101 	add.w	r1, r1, #1
1a006ea4:	dcfa      	bgt.n	1a006e9c <__lshift+0x1c>
1a006ea6:	4638      	mov	r0, r7
1a006ea8:	f7ff fe32 	bl	1a006b10 <_Balloc>
1a006eac:	f1b9 0f00 	cmp.w	r9, #0
1a006eb0:	f100 0c14 	add.w	ip, r0, #20
1a006eb4:	dd0e      	ble.n	1a006ed4 <__lshift+0x54>
1a006eb6:	f109 0905 	add.w	r9, r9, #5
1a006eba:	ea4f 0989 	mov.w	r9, r9, lsl #2
1a006ebe:	eb00 0109 	add.w	r1, r0, r9
1a006ec2:	4663      	mov	r3, ip
1a006ec4:	2200      	movs	r2, #0
1a006ec6:	f843 2b04 	str.w	r2, [r3], #4
1a006eca:	428b      	cmp	r3, r1
1a006ecc:	d1fb      	bne.n	1a006ec6 <__lshift+0x46>
1a006ece:	f1a9 0914 	sub.w	r9, r9, #20
1a006ed2:	44cc      	add	ip, r9
1a006ed4:	6929      	ldr	r1, [r5, #16]
1a006ed6:	f105 0314 	add.w	r3, r5, #20
1a006eda:	f018 081f 	ands.w	r8, r8, #31
1a006ede:	eb03 0e81 	add.w	lr, r3, r1, lsl #2
1a006ee2:	d01d      	beq.n	1a006f20 <__lshift+0xa0>
1a006ee4:	f1c8 0920 	rsb	r9, r8, #32
1a006ee8:	2200      	movs	r2, #0
1a006eea:	6819      	ldr	r1, [r3, #0]
1a006eec:	fa01 f108 	lsl.w	r1, r1, r8
1a006ef0:	4311      	orrs	r1, r2
1a006ef2:	f84c 1b04 	str.w	r1, [ip], #4
1a006ef6:	f853 2b04 	ldr.w	r2, [r3], #4
1a006efa:	4573      	cmp	r3, lr
1a006efc:	fa22 f209 	lsr.w	r2, r2, r9
1a006f00:	d3f3      	bcc.n	1a006eea <__lshift+0x6a>
1a006f02:	f8cc 2000 	str.w	r2, [ip]
1a006f06:	2a00      	cmp	r2, #0
1a006f08:	bf18      	it	ne
1a006f0a:	4626      	movne	r6, r4
1a006f0c:	6cfb      	ldr	r3, [r7, #76]	; 0x4c
1a006f0e:	686a      	ldr	r2, [r5, #4]
1a006f10:	6106      	str	r6, [r0, #16]
1a006f12:	f853 1022 	ldr.w	r1, [r3, r2, lsl #2]
1a006f16:	6029      	str	r1, [r5, #0]
1a006f18:	f843 5022 	str.w	r5, [r3, r2, lsl #2]
1a006f1c:	e8bd 83f8 	ldmia.w	sp!, {r3, r4, r5, r6, r7, r8, r9, pc}
1a006f20:	f1ac 0c04 	sub.w	ip, ip, #4
1a006f24:	f853 2b04 	ldr.w	r2, [r3], #4
1a006f28:	f84c 2f04 	str.w	r2, [ip, #4]!
1a006f2c:	459e      	cmp	lr, r3
1a006f2e:	d8f9      	bhi.n	1a006f24 <__lshift+0xa4>
1a006f30:	e7ec      	b.n	1a006f0c <__lshift+0x8c>
1a006f32:	bf00      	nop

1a006f34 <__mcmp>:
1a006f34:	b430      	push	{r4, r5}
1a006f36:	690b      	ldr	r3, [r1, #16]
1a006f38:	4605      	mov	r5, r0
1a006f3a:	6900      	ldr	r0, [r0, #16]
1a006f3c:	1ac0      	subs	r0, r0, r3
1a006f3e:	d110      	bne.n	1a006f62 <__mcmp+0x2e>
1a006f40:	009b      	lsls	r3, r3, #2
1a006f42:	3514      	adds	r5, #20
1a006f44:	3114      	adds	r1, #20
1a006f46:	4419      	add	r1, r3
1a006f48:	442b      	add	r3, r5
1a006f4a:	e001      	b.n	1a006f50 <__mcmp+0x1c>
1a006f4c:	429d      	cmp	r5, r3
1a006f4e:	d208      	bcs.n	1a006f62 <__mcmp+0x2e>
1a006f50:	f853 4d04 	ldr.w	r4, [r3, #-4]!
1a006f54:	f851 2d04 	ldr.w	r2, [r1, #-4]!
1a006f58:	4294      	cmp	r4, r2
1a006f5a:	d0f7      	beq.n	1a006f4c <__mcmp+0x18>
1a006f5c:	d203      	bcs.n	1a006f66 <__mcmp+0x32>
1a006f5e:	f04f 30ff 	mov.w	r0, #4294967295
1a006f62:	bc30      	pop	{r4, r5}
1a006f64:	4770      	bx	lr
1a006f66:	2001      	movs	r0, #1
1a006f68:	bc30      	pop	{r4, r5}
1a006f6a:	4770      	bx	lr

1a006f6c <__mdiff>:
1a006f6c:	e92d 43f8 	stmdb	sp!, {r3, r4, r5, r6, r7, r8, r9, lr}
1a006f70:	460f      	mov	r7, r1
1a006f72:	690d      	ldr	r5, [r1, #16]
1a006f74:	6911      	ldr	r1, [r2, #16]
1a006f76:	1a6d      	subs	r5, r5, r1
1a006f78:	2d00      	cmp	r5, #0
1a006f7a:	4690      	mov	r8, r2
1a006f7c:	4684      	mov	ip, r0
1a006f7e:	f107 0414 	add.w	r4, r7, #20
1a006f82:	f102 0614 	add.w	r6, r2, #20
1a006f86:	d114      	bne.n	1a006fb2 <__mdiff+0x46>
1a006f88:	0089      	lsls	r1, r1, #2
1a006f8a:	1863      	adds	r3, r4, r1
1a006f8c:	4431      	add	r1, r6
1a006f8e:	e001      	b.n	1a006f94 <__mdiff+0x28>
1a006f90:	42a3      	cmp	r3, r4
1a006f92:	d95d      	bls.n	1a007050 <__mdiff+0xe4>
1a006f94:	f853 0d04 	ldr.w	r0, [r3, #-4]!
1a006f98:	f851 2d04 	ldr.w	r2, [r1, #-4]!
1a006f9c:	4290      	cmp	r0, r2
1a006f9e:	d0f7      	beq.n	1a006f90 <__mdiff+0x24>
1a006fa0:	d209      	bcs.n	1a006fb6 <__mdiff+0x4a>
1a006fa2:	4622      	mov	r2, r4
1a006fa4:	463b      	mov	r3, r7
1a006fa6:	4634      	mov	r4, r6
1a006fa8:	4647      	mov	r7, r8
1a006faa:	4616      	mov	r6, r2
1a006fac:	4698      	mov	r8, r3
1a006fae:	2501      	movs	r5, #1
1a006fb0:	e001      	b.n	1a006fb6 <__mdiff+0x4a>
1a006fb2:	dbf6      	blt.n	1a006fa2 <__mdiff+0x36>
1a006fb4:	2500      	movs	r5, #0
1a006fb6:	4660      	mov	r0, ip
1a006fb8:	6879      	ldr	r1, [r7, #4]
1a006fba:	f7ff fda9 	bl	1a006b10 <_Balloc>
1a006fbe:	693f      	ldr	r7, [r7, #16]
1a006fc0:	f8d8 3010 	ldr.w	r3, [r8, #16]
1a006fc4:	60c5      	str	r5, [r0, #12]
1a006fc6:	eb06 0e83 	add.w	lr, r6, r3, lsl #2
1a006fca:	eb04 0c87 	add.w	ip, r4, r7, lsl #2
1a006fce:	f100 0514 	add.w	r5, r0, #20
1a006fd2:	2200      	movs	r2, #0
1a006fd4:	e000      	b.n	1a006fd8 <__mdiff+0x6c>
1a006fd6:	460d      	mov	r5, r1
1a006fd8:	f856 1b04 	ldr.w	r1, [r6], #4
1a006fdc:	f854 8b04 	ldr.w	r8, [r4], #4
1a006fe0:	fa1f f981 	uxth.w	r9, r1
1a006fe4:	fa12 f388 	uxtah	r3, r2, r8
1a006fe8:	0c0a      	lsrs	r2, r1, #16
1a006fea:	eba3 0309 	sub.w	r3, r3, r9
1a006fee:	ebc2 4218 	rsb	r2, r2, r8, lsr #16
1a006ff2:	eb02 4223 	add.w	r2, r2, r3, asr #16
1a006ff6:	4629      	mov	r1, r5
1a006ff8:	b29b      	uxth	r3, r3
1a006ffa:	ea43 4302 	orr.w	r3, r3, r2, lsl #16
1a006ffe:	45b6      	cmp	lr, r6
1a007000:	ea4f 4222 	mov.w	r2, r2, asr #16
1a007004:	f841 3b04 	str.w	r3, [r1], #4
1a007008:	46a0      	mov	r8, r4
1a00700a:	d8e4      	bhi.n	1a006fd6 <__mdiff+0x6a>
1a00700c:	45a4      	cmp	ip, r4
1a00700e:	d916      	bls.n	1a00703e <__mdiff+0xd2>
1a007010:	460e      	mov	r6, r1
1a007012:	f858 5b04 	ldr.w	r5, [r8], #4
1a007016:	fa12 f385 	uxtah	r3, r2, r5
1a00701a:	141a      	asrs	r2, r3, #16
1a00701c:	eb02 4215 	add.w	r2, r2, r5, lsr #16
1a007020:	b29b      	uxth	r3, r3
1a007022:	ea43 4302 	orr.w	r3, r3, r2, lsl #16
1a007026:	45c4      	cmp	ip, r8
1a007028:	f846 3b04 	str.w	r3, [r6], #4
1a00702c:	ea4f 4222 	mov.w	r2, r2, asr #16
1a007030:	d8ef      	bhi.n	1a007012 <__mdiff+0xa6>
1a007032:	f10c 35ff 	add.w	r5, ip, #4294967295
1a007036:	1b2d      	subs	r5, r5, r4
1a007038:	f025 0503 	bic.w	r5, r5, #3
1a00703c:	440d      	add	r5, r1
1a00703e:	b923      	cbnz	r3, 1a00704a <__mdiff+0xde>
1a007040:	f855 3d04 	ldr.w	r3, [r5, #-4]!
1a007044:	3f01      	subs	r7, #1
1a007046:	2b00      	cmp	r3, #0
1a007048:	d0fa      	beq.n	1a007040 <__mdiff+0xd4>
1a00704a:	6107      	str	r7, [r0, #16]
1a00704c:	e8bd 83f8 	ldmia.w	sp!, {r3, r4, r5, r6, r7, r8, r9, pc}
1a007050:	4660      	mov	r0, ip
1a007052:	2100      	movs	r1, #0
1a007054:	f7ff fd5c 	bl	1a006b10 <_Balloc>
1a007058:	2201      	movs	r2, #1
1a00705a:	2300      	movs	r3, #0
1a00705c:	e9c0 2304 	strd	r2, r3, [r0, #16]
1a007060:	e8bd 83f8 	ldmia.w	sp!, {r3, r4, r5, r6, r7, r8, r9, pc}

1a007064 <__d2b>:
1a007064:	e92d 43f0 	stmdb	sp!, {r4, r5, r6, r7, r8, r9, lr}
1a007068:	460f      	mov	r7, r1
1a00706a:	b083      	sub	sp, #12
1a00706c:	2101      	movs	r1, #1
1a00706e:	ec55 4b10 	vmov	r4, r5, d0
1a007072:	4616      	mov	r6, r2
1a007074:	f7ff fd4c 	bl	1a006b10 <_Balloc>
1a007078:	f3c5 580a 	ubfx	r8, r5, #20, #11
1a00707c:	4681      	mov	r9, r0
1a00707e:	f3c5 0313 	ubfx	r3, r5, #0, #20
1a007082:	f1b8 0f00 	cmp.w	r8, #0
1a007086:	d001      	beq.n	1a00708c <__d2b+0x28>
1a007088:	f443 1380 	orr.w	r3, r3, #1048576	; 0x100000
1a00708c:	2c00      	cmp	r4, #0
1a00708e:	9301      	str	r3, [sp, #4]
1a007090:	d02b      	beq.n	1a0070ea <__d2b+0x86>
1a007092:	4668      	mov	r0, sp
1a007094:	9400      	str	r4, [sp, #0]
1a007096:	f7ff fdd1 	bl	1a006c3c <__lo0bits>
1a00709a:	b9d0      	cbnz	r0, 1a0070d2 <__d2b+0x6e>
1a00709c:	e9dd 2300 	ldrd	r2, r3, [sp]
1a0070a0:	f8c9 2014 	str.w	r2, [r9, #20]
1a0070a4:	2b00      	cmp	r3, #0
1a0070a6:	bf14      	ite	ne
1a0070a8:	2102      	movne	r1, #2
1a0070aa:	2101      	moveq	r1, #1
1a0070ac:	f8c9 3018 	str.w	r3, [r9, #24]
1a0070b0:	f8c9 1010 	str.w	r1, [r9, #16]
1a0070b4:	f1b8 0f00 	cmp.w	r8, #0
1a0070b8:	d024      	beq.n	1a007104 <__d2b+0xa0>
1a0070ba:	f2a8 4833 	subw	r8, r8, #1075	; 0x433
1a0070be:	eb08 0300 	add.w	r3, r8, r0
1a0070c2:	f1c0 0035 	rsb	r0, r0, #53	; 0x35
1a0070c6:	603b      	str	r3, [r7, #0]
1a0070c8:	6030      	str	r0, [r6, #0]
1a0070ca:	4648      	mov	r0, r9
1a0070cc:	b003      	add	sp, #12
1a0070ce:	e8bd 83f0 	ldmia.w	sp!, {r4, r5, r6, r7, r8, r9, pc}
1a0070d2:	e9dd 1300 	ldrd	r1, r3, [sp]
1a0070d6:	f1c0 0220 	rsb	r2, r0, #32
1a0070da:	fa03 f202 	lsl.w	r2, r3, r2
1a0070de:	430a      	orrs	r2, r1
1a0070e0:	40c3      	lsrs	r3, r0
1a0070e2:	9301      	str	r3, [sp, #4]
1a0070e4:	f8c9 2014 	str.w	r2, [r9, #20]
1a0070e8:	e7dc      	b.n	1a0070a4 <__d2b+0x40>
1a0070ea:	a801      	add	r0, sp, #4
1a0070ec:	f7ff fda6 	bl	1a006c3c <__lo0bits>
1a0070f0:	9b01      	ldr	r3, [sp, #4]
1a0070f2:	f8c9 3014 	str.w	r3, [r9, #20]
1a0070f6:	2101      	movs	r1, #1
1a0070f8:	3020      	adds	r0, #32
1a0070fa:	f8c9 1010 	str.w	r1, [r9, #16]
1a0070fe:	f1b8 0f00 	cmp.w	r8, #0
1a007102:	d1da      	bne.n	1a0070ba <__d2b+0x56>
1a007104:	eb09 0381 	add.w	r3, r9, r1, lsl #2
1a007108:	f2a0 4032 	subw	r0, r0, #1074	; 0x432
1a00710c:	6038      	str	r0, [r7, #0]
1a00710e:	6918      	ldr	r0, [r3, #16]
1a007110:	f7ff fd74 	bl	1a006bfc <__hi0bits>
1a007114:	ebc0 1041 	rsb	r0, r0, r1, lsl #5
1a007118:	6030      	str	r0, [r6, #0]
1a00711a:	4648      	mov	r0, r9
1a00711c:	b003      	add	sp, #12
1a00711e:	e8bd 83f0 	ldmia.w	sp!, {r4, r5, r6, r7, r8, r9, pc}
1a007122:	bf00      	nop

1a007124 <_realloc_r>:
1a007124:	e92d 4ff8 	stmdb	sp!, {r3, r4, r5, r6, r7, r8, r9, sl, fp, lr}
1a007128:	4617      	mov	r7, r2
1a00712a:	2900      	cmp	r1, #0
1a00712c:	f000 80bb 	beq.w	1a0072a6 <_realloc_r+0x182>
1a007130:	f107 040b 	add.w	r4, r7, #11
1a007134:	4681      	mov	r9, r0
1a007136:	460d      	mov	r5, r1
1a007138:	f7fc fea0 	bl	1a003e7c <__malloc_lock>
1a00713c:	2c16      	cmp	r4, #22
1a00713e:	d85e      	bhi.n	1a0071fe <_realloc_r+0xda>
1a007140:	2410      	movs	r4, #16
1a007142:	4622      	mov	r2, r4
1a007144:	42a7      	cmp	r7, r4
1a007146:	d85f      	bhi.n	1a007208 <_realloc_r+0xe4>
1a007148:	f855 ec04 	ldr.w	lr, [r5, #-4]
1a00714c:	f02e 0603 	bic.w	r6, lr, #3
1a007150:	f1a5 0808 	sub.w	r8, r5, #8
1a007154:	4296      	cmp	r6, r2
1a007156:	eb08 0a06 	add.w	sl, r8, r6
1a00715a:	f280 8081 	bge.w	1a007260 <_realloc_r+0x13c>
1a00715e:	4bcb      	ldr	r3, [pc, #812]	; (1a00748c <_realloc_r+0x368>)
1a007160:	f8da 0004 	ldr.w	r0, [sl, #4]
1a007164:	6899      	ldr	r1, [r3, #8]
1a007166:	4551      	cmp	r1, sl
1a007168:	f000 80b5 	beq.w	1a0072d6 <_realloc_r+0x1b2>
1a00716c:	f020 0301 	bic.w	r3, r0, #1
1a007170:	4453      	add	r3, sl
1a007172:	685b      	ldr	r3, [r3, #4]
1a007174:	07db      	lsls	r3, r3, #31
1a007176:	f100 808a 	bmi.w	1a00728e <_realloc_r+0x16a>
1a00717a:	f020 0003 	bic.w	r0, r0, #3
1a00717e:	1833      	adds	r3, r6, r0
1a007180:	4293      	cmp	r3, r2
1a007182:	f280 8112 	bge.w	1a0073aa <_realloc_r+0x286>
1a007186:	f01e 0f01 	tst.w	lr, #1
1a00718a:	d10f      	bne.n	1a0071ac <_realloc_r+0x88>
1a00718c:	f855 3c08 	ldr.w	r3, [r5, #-8]
1a007190:	eba8 0b03 	sub.w	fp, r8, r3
1a007194:	f8db 1004 	ldr.w	r1, [fp, #4]
1a007198:	f021 0103 	bic.w	r1, r1, #3
1a00719c:	4408      	add	r0, r1
1a00719e:	1983      	adds	r3, r0, r6
1a0071a0:	4293      	cmp	r3, r2
1a0071a2:	f280 8116 	bge.w	1a0073d2 <_realloc_r+0x2ae>
1a0071a6:	1873      	adds	r3, r6, r1
1a0071a8:	4293      	cmp	r3, r2
1a0071aa:	da34      	bge.n	1a007216 <_realloc_r+0xf2>
1a0071ac:	4639      	mov	r1, r7
1a0071ae:	4648      	mov	r0, r9
1a0071b0:	f7fc fac2 	bl	1a003738 <_malloc_r>
1a0071b4:	4607      	mov	r7, r0
1a0071b6:	b1e0      	cbz	r0, 1a0071f2 <_realloc_r+0xce>
1a0071b8:	f855 3c04 	ldr.w	r3, [r5, #-4]
1a0071bc:	f023 0301 	bic.w	r3, r3, #1
1a0071c0:	4443      	add	r3, r8
1a0071c2:	f1a0 0208 	sub.w	r2, r0, #8
1a0071c6:	4293      	cmp	r3, r2
1a0071c8:	f000 80f7 	beq.w	1a0073ba <_realloc_r+0x296>
1a0071cc:	1f32      	subs	r2, r6, #4
1a0071ce:	2a24      	cmp	r2, #36	; 0x24
1a0071d0:	f200 80fb 	bhi.w	1a0073ca <_realloc_r+0x2a6>
1a0071d4:	2a13      	cmp	r2, #19
1a0071d6:	6829      	ldr	r1, [r5, #0]
1a0071d8:	f200 80c9 	bhi.w	1a00736e <_realloc_r+0x24a>
1a0071dc:	4603      	mov	r3, r0
1a0071de:	462a      	mov	r2, r5
1a0071e0:	6019      	str	r1, [r3, #0]
1a0071e2:	6851      	ldr	r1, [r2, #4]
1a0071e4:	6059      	str	r1, [r3, #4]
1a0071e6:	6892      	ldr	r2, [r2, #8]
1a0071e8:	609a      	str	r2, [r3, #8]
1a0071ea:	4629      	mov	r1, r5
1a0071ec:	4648      	mov	r0, r9
1a0071ee:	f7fc f985 	bl	1a0034fc <_free_r>
1a0071f2:	4648      	mov	r0, r9
1a0071f4:	f7fc fe48 	bl	1a003e88 <__malloc_unlock>
1a0071f8:	4638      	mov	r0, r7
1a0071fa:	e8bd 8ff8 	ldmia.w	sp!, {r3, r4, r5, r6, r7, r8, r9, sl, fp, pc}
1a0071fe:	f024 0407 	bic.w	r4, r4, #7
1a007202:	2c00      	cmp	r4, #0
1a007204:	4622      	mov	r2, r4
1a007206:	da9d      	bge.n	1a007144 <_realloc_r+0x20>
1a007208:	230c      	movs	r3, #12
1a00720a:	f8c9 3000 	str.w	r3, [r9]
1a00720e:	2700      	movs	r7, #0
1a007210:	4638      	mov	r0, r7
1a007212:	e8bd 8ff8 	ldmia.w	sp!, {r3, r4, r5, r6, r7, r8, r9, sl, fp, pc}
1a007216:	465f      	mov	r7, fp
1a007218:	f8db 100c 	ldr.w	r1, [fp, #12]
1a00721c:	f857 0f08 	ldr.w	r0, [r7, #8]!
1a007220:	1f32      	subs	r2, r6, #4
1a007222:	2a24      	cmp	r2, #36	; 0x24
1a007224:	60c1      	str	r1, [r0, #12]
1a007226:	eb0b 0a03 	add.w	sl, fp, r3
1a00722a:	6088      	str	r0, [r1, #8]
1a00722c:	f200 80d9 	bhi.w	1a0073e2 <_realloc_r+0x2be>
1a007230:	2a13      	cmp	r2, #19
1a007232:	6829      	ldr	r1, [r5, #0]
1a007234:	f240 80d3 	bls.w	1a0073de <_realloc_r+0x2ba>
1a007238:	f8cb 1008 	str.w	r1, [fp, #8]
1a00723c:	6869      	ldr	r1, [r5, #4]
1a00723e:	f8cb 100c 	str.w	r1, [fp, #12]
1a007242:	2a1b      	cmp	r2, #27
1a007244:	68a9      	ldr	r1, [r5, #8]
1a007246:	f200 80e0 	bhi.w	1a00740a <_realloc_r+0x2e6>
1a00724a:	f10b 0210 	add.w	r2, fp, #16
1a00724e:	3508      	adds	r5, #8
1a007250:	6011      	str	r1, [r2, #0]
1a007252:	6869      	ldr	r1, [r5, #4]
1a007254:	6051      	str	r1, [r2, #4]
1a007256:	68a9      	ldr	r1, [r5, #8]
1a007258:	6091      	str	r1, [r2, #8]
1a00725a:	461e      	mov	r6, r3
1a00725c:	46d8      	mov	r8, fp
1a00725e:	463d      	mov	r5, r7
1a007260:	f8d8 3004 	ldr.w	r3, [r8, #4]
1a007264:	1b32      	subs	r2, r6, r4
1a007266:	2a0f      	cmp	r2, #15
1a007268:	f003 0301 	and.w	r3, r3, #1
1a00726c:	d820      	bhi.n	1a0072b0 <_realloc_r+0x18c>
1a00726e:	4333      	orrs	r3, r6
1a007270:	f8c8 3004 	str.w	r3, [r8, #4]
1a007274:	f8da 3004 	ldr.w	r3, [sl, #4]
1a007278:	f043 0301 	orr.w	r3, r3, #1
1a00727c:	f8ca 3004 	str.w	r3, [sl, #4]
1a007280:	4648      	mov	r0, r9
1a007282:	462f      	mov	r7, r5
1a007284:	f7fc fe00 	bl	1a003e88 <__malloc_unlock>
1a007288:	4638      	mov	r0, r7
1a00728a:	e8bd 8ff8 	ldmia.w	sp!, {r3, r4, r5, r6, r7, r8, r9, sl, fp, pc}
1a00728e:	f01e 0f01 	tst.w	lr, #1
1a007292:	d18b      	bne.n	1a0071ac <_realloc_r+0x88>
1a007294:	f855 3c08 	ldr.w	r3, [r5, #-8]
1a007298:	eba8 0b03 	sub.w	fp, r8, r3
1a00729c:	f8db 1004 	ldr.w	r1, [fp, #4]
1a0072a0:	f021 0103 	bic.w	r1, r1, #3
1a0072a4:	e77f      	b.n	1a0071a6 <_realloc_r+0x82>
1a0072a6:	4611      	mov	r1, r2
1a0072a8:	e8bd 4ff8 	ldmia.w	sp!, {r3, r4, r5, r6, r7, r8, r9, sl, fp, lr}
1a0072ac:	f7fc ba44 	b.w	1a003738 <_malloc_r>
1a0072b0:	eb08 0104 	add.w	r1, r8, r4
1a0072b4:	4323      	orrs	r3, r4
1a0072b6:	f042 0201 	orr.w	r2, r2, #1
1a0072ba:	f8c8 3004 	str.w	r3, [r8, #4]
1a0072be:	604a      	str	r2, [r1, #4]
1a0072c0:	f8da 3004 	ldr.w	r3, [sl, #4]
1a0072c4:	f043 0301 	orr.w	r3, r3, #1
1a0072c8:	3108      	adds	r1, #8
1a0072ca:	f8ca 3004 	str.w	r3, [sl, #4]
1a0072ce:	4648      	mov	r0, r9
1a0072d0:	f7fc f914 	bl	1a0034fc <_free_r>
1a0072d4:	e7d4      	b.n	1a007280 <_realloc_r+0x15c>
1a0072d6:	f020 0003 	bic.w	r0, r0, #3
1a0072da:	1831      	adds	r1, r6, r0
1a0072dc:	f104 0c10 	add.w	ip, r4, #16
1a0072e0:	4561      	cmp	r1, ip
1a0072e2:	da4f      	bge.n	1a007384 <_realloc_r+0x260>
1a0072e4:	f01e 0f01 	tst.w	lr, #1
1a0072e8:	f47f af60 	bne.w	1a0071ac <_realloc_r+0x88>
1a0072ec:	f855 1c08 	ldr.w	r1, [r5, #-8]
1a0072f0:	eba8 0b01 	sub.w	fp, r8, r1
1a0072f4:	f8db 1004 	ldr.w	r1, [fp, #4]
1a0072f8:	f021 0103 	bic.w	r1, r1, #3
1a0072fc:	4408      	add	r0, r1
1a0072fe:	eb00 0a06 	add.w	sl, r0, r6
1a007302:	45d4      	cmp	ip, sl
1a007304:	f73f af4f 	bgt.w	1a0071a6 <_realloc_r+0x82>
1a007308:	465f      	mov	r7, fp
1a00730a:	f8db 100c 	ldr.w	r1, [fp, #12]
1a00730e:	f857 0f08 	ldr.w	r0, [r7, #8]!
1a007312:	1f32      	subs	r2, r6, #4
1a007314:	2a24      	cmp	r2, #36	; 0x24
1a007316:	60c1      	str	r1, [r0, #12]
1a007318:	6088      	str	r0, [r1, #8]
1a00731a:	f200 8099 	bhi.w	1a007450 <_realloc_r+0x32c>
1a00731e:	2a13      	cmp	r2, #19
1a007320:	6829      	ldr	r1, [r5, #0]
1a007322:	f240 8093 	bls.w	1a00744c <_realloc_r+0x328>
1a007326:	f8cb 1008 	str.w	r1, [fp, #8]
1a00732a:	6869      	ldr	r1, [r5, #4]
1a00732c:	f8cb 100c 	str.w	r1, [fp, #12]
1a007330:	2a1b      	cmp	r2, #27
1a007332:	68a9      	ldr	r1, [r5, #8]
1a007334:	f200 8092 	bhi.w	1a00745c <_realloc_r+0x338>
1a007338:	f10b 0210 	add.w	r2, fp, #16
1a00733c:	3508      	adds	r5, #8
1a00733e:	6011      	str	r1, [r2, #0]
1a007340:	6869      	ldr	r1, [r5, #4]
1a007342:	6051      	str	r1, [r2, #4]
1a007344:	68a9      	ldr	r1, [r5, #8]
1a007346:	6091      	str	r1, [r2, #8]
1a007348:	eb0b 0104 	add.w	r1, fp, r4
1a00734c:	ebaa 0204 	sub.w	r2, sl, r4
1a007350:	f042 0201 	orr.w	r2, r2, #1
1a007354:	6099      	str	r1, [r3, #8]
1a007356:	604a      	str	r2, [r1, #4]
1a007358:	f8db 3004 	ldr.w	r3, [fp, #4]
1a00735c:	f003 0301 	and.w	r3, r3, #1
1a007360:	431c      	orrs	r4, r3
1a007362:	4648      	mov	r0, r9
1a007364:	f8cb 4004 	str.w	r4, [fp, #4]
1a007368:	f7fc fd8e 	bl	1a003e88 <__malloc_unlock>
1a00736c:	e750      	b.n	1a007210 <_realloc_r+0xec>
1a00736e:	6001      	str	r1, [r0, #0]
1a007370:	686b      	ldr	r3, [r5, #4]
1a007372:	6043      	str	r3, [r0, #4]
1a007374:	2a1b      	cmp	r2, #27
1a007376:	d83c      	bhi.n	1a0073f2 <_realloc_r+0x2ce>
1a007378:	f105 0208 	add.w	r2, r5, #8
1a00737c:	f100 0308 	add.w	r3, r0, #8
1a007380:	68a9      	ldr	r1, [r5, #8]
1a007382:	e72d      	b.n	1a0071e0 <_realloc_r+0xbc>
1a007384:	eb08 0004 	add.w	r0, r8, r4
1a007388:	1b0a      	subs	r2, r1, r4
1a00738a:	f042 0201 	orr.w	r2, r2, #1
1a00738e:	6098      	str	r0, [r3, #8]
1a007390:	6042      	str	r2, [r0, #4]
1a007392:	f855 3c04 	ldr.w	r3, [r5, #-4]
1a007396:	f003 0301 	and.w	r3, r3, #1
1a00739a:	431c      	orrs	r4, r3
1a00739c:	4648      	mov	r0, r9
1a00739e:	f845 4c04 	str.w	r4, [r5, #-4]
1a0073a2:	f7fc fd71 	bl	1a003e88 <__malloc_unlock>
1a0073a6:	462f      	mov	r7, r5
1a0073a8:	e732      	b.n	1a007210 <_realloc_r+0xec>
1a0073aa:	e9da 1202 	ldrd	r1, r2, [sl, #8]
1a0073ae:	461e      	mov	r6, r3
1a0073b0:	60ca      	str	r2, [r1, #12]
1a0073b2:	eb08 0a03 	add.w	sl, r8, r3
1a0073b6:	6091      	str	r1, [r2, #8]
1a0073b8:	e752      	b.n	1a007260 <_realloc_r+0x13c>
1a0073ba:	f850 3c04 	ldr.w	r3, [r0, #-4]
1a0073be:	f023 0303 	bic.w	r3, r3, #3
1a0073c2:	441e      	add	r6, r3
1a0073c4:	eb08 0a06 	add.w	sl, r8, r6
1a0073c8:	e74a      	b.n	1a007260 <_realloc_r+0x13c>
1a0073ca:	4629      	mov	r1, r5
1a0073cc:	f7ff fb38 	bl	1a006a40 <memmove>
1a0073d0:	e70b      	b.n	1a0071ea <_realloc_r+0xc6>
1a0073d2:	e9da 1202 	ldrd	r1, r2, [sl, #8]
1a0073d6:	465f      	mov	r7, fp
1a0073d8:	60ca      	str	r2, [r1, #12]
1a0073da:	6091      	str	r1, [r2, #8]
1a0073dc:	e71c      	b.n	1a007218 <_realloc_r+0xf4>
1a0073de:	463a      	mov	r2, r7
1a0073e0:	e736      	b.n	1a007250 <_realloc_r+0x12c>
1a0073e2:	4629      	mov	r1, r5
1a0073e4:	4638      	mov	r0, r7
1a0073e6:	461e      	mov	r6, r3
1a0073e8:	46d8      	mov	r8, fp
1a0073ea:	f7ff fb29 	bl	1a006a40 <memmove>
1a0073ee:	463d      	mov	r5, r7
1a0073f0:	e736      	b.n	1a007260 <_realloc_r+0x13c>
1a0073f2:	68ab      	ldr	r3, [r5, #8]
1a0073f4:	6083      	str	r3, [r0, #8]
1a0073f6:	68eb      	ldr	r3, [r5, #12]
1a0073f8:	60c3      	str	r3, [r0, #12]
1a0073fa:	2a24      	cmp	r2, #36	; 0x24
1a0073fc:	d011      	beq.n	1a007422 <_realloc_r+0x2fe>
1a0073fe:	f105 0210 	add.w	r2, r5, #16
1a007402:	f100 0310 	add.w	r3, r0, #16
1a007406:	6929      	ldr	r1, [r5, #16]
1a007408:	e6ea      	b.n	1a0071e0 <_realloc_r+0xbc>
1a00740a:	f8cb 1010 	str.w	r1, [fp, #16]
1a00740e:	68e9      	ldr	r1, [r5, #12]
1a007410:	f8cb 1014 	str.w	r1, [fp, #20]
1a007414:	2a24      	cmp	r2, #36	; 0x24
1a007416:	d00e      	beq.n	1a007436 <_realloc_r+0x312>
1a007418:	6929      	ldr	r1, [r5, #16]
1a00741a:	f10b 0218 	add.w	r2, fp, #24
1a00741e:	3510      	adds	r5, #16
1a007420:	e716      	b.n	1a007250 <_realloc_r+0x12c>
1a007422:	692b      	ldr	r3, [r5, #16]
1a007424:	6103      	str	r3, [r0, #16]
1a007426:	696b      	ldr	r3, [r5, #20]
1a007428:	6143      	str	r3, [r0, #20]
1a00742a:	69a9      	ldr	r1, [r5, #24]
1a00742c:	f105 0218 	add.w	r2, r5, #24
1a007430:	f100 0318 	add.w	r3, r0, #24
1a007434:	e6d4      	b.n	1a0071e0 <_realloc_r+0xbc>
1a007436:	692a      	ldr	r2, [r5, #16]
1a007438:	f8cb 2018 	str.w	r2, [fp, #24]
1a00743c:	696a      	ldr	r2, [r5, #20]
1a00743e:	f8cb 201c 	str.w	r2, [fp, #28]
1a007442:	69a9      	ldr	r1, [r5, #24]
1a007444:	f10b 0220 	add.w	r2, fp, #32
1a007448:	3518      	adds	r5, #24
1a00744a:	e701      	b.n	1a007250 <_realloc_r+0x12c>
1a00744c:	463a      	mov	r2, r7
1a00744e:	e776      	b.n	1a00733e <_realloc_r+0x21a>
1a007450:	4629      	mov	r1, r5
1a007452:	4638      	mov	r0, r7
1a007454:	f7ff faf4 	bl	1a006a40 <memmove>
1a007458:	4b0c      	ldr	r3, [pc, #48]	; (1a00748c <_realloc_r+0x368>)
1a00745a:	e775      	b.n	1a007348 <_realloc_r+0x224>
1a00745c:	f8cb 1010 	str.w	r1, [fp, #16]
1a007460:	68e9      	ldr	r1, [r5, #12]
1a007462:	f8cb 1014 	str.w	r1, [fp, #20]
1a007466:	2a24      	cmp	r2, #36	; 0x24
1a007468:	d004      	beq.n	1a007474 <_realloc_r+0x350>
1a00746a:	6929      	ldr	r1, [r5, #16]
1a00746c:	f10b 0218 	add.w	r2, fp, #24
1a007470:	3510      	adds	r5, #16
1a007472:	e764      	b.n	1a00733e <_realloc_r+0x21a>
1a007474:	692a      	ldr	r2, [r5, #16]
1a007476:	f8cb 2018 	str.w	r2, [fp, #24]
1a00747a:	696a      	ldr	r2, [r5, #20]
1a00747c:	f8cb 201c 	str.w	r2, [fp, #28]
1a007480:	69a9      	ldr	r1, [r5, #24]
1a007482:	f10b 0220 	add.w	r2, fp, #32
1a007486:	3518      	adds	r5, #24
1a007488:	e759      	b.n	1a00733e <_realloc_r+0x21a>
1a00748a:	bf00      	nop
1a00748c:	100004b0 	.word	0x100004b0

1a007490 <frexp>:
1a007490:	ec53 2b10 	vmov	r2, r3, d0
1a007494:	b570      	push	{r4, r5, r6, lr}
1a007496:	4e16      	ldr	r6, [pc, #88]	; (1a0074f0 <frexp+0x60>)
1a007498:	f023 4100 	bic.w	r1, r3, #2147483648	; 0x80000000
1a00749c:	2500      	movs	r5, #0
1a00749e:	42b1      	cmp	r1, r6
1a0074a0:	4604      	mov	r4, r0
1a0074a2:	6005      	str	r5, [r0, #0]
1a0074a4:	dc21      	bgt.n	1a0074ea <frexp+0x5a>
1a0074a6:	ee10 6a10 	vmov	r6, s0
1a0074aa:	430e      	orrs	r6, r1
1a0074ac:	d01d      	beq.n	1a0074ea <frexp+0x5a>
1a0074ae:	4e11      	ldr	r6, [pc, #68]	; (1a0074f4 <frexp+0x64>)
1a0074b0:	401e      	ands	r6, r3
1a0074b2:	4618      	mov	r0, r3
1a0074b4:	b966      	cbnz	r6, 1a0074d0 <frexp+0x40>
1a0074b6:	4619      	mov	r1, r3
1a0074b8:	2200      	movs	r2, #0
1a0074ba:	ee10 0a10 	vmov	r0, s0
1a0074be:	4b0e      	ldr	r3, [pc, #56]	; (1a0074f8 <frexp+0x68>)
1a0074c0:	f7fb fb72 	bl	1a002ba8 <__aeabi_dmul>
1a0074c4:	f06f 0535 	mvn.w	r5, #53	; 0x35
1a0074c8:	4602      	mov	r2, r0
1a0074ca:	4608      	mov	r0, r1
1a0074cc:	f021 4100 	bic.w	r1, r1, #2147483648	; 0x80000000
1a0074d0:	f020 40ff 	bic.w	r0, r0, #2139095040	; 0x7f800000
1a0074d4:	1509      	asrs	r1, r1, #20
1a0074d6:	f420 00e0 	bic.w	r0, r0, #7340032	; 0x700000
1a0074da:	f2a1 31fe 	subw	r1, r1, #1022	; 0x3fe
1a0074de:	f040 537f 	orr.w	r3, r0, #1069547520	; 0x3fc00000
1a0074e2:	4429      	add	r1, r5
1a0074e4:	f443 1300 	orr.w	r3, r3, #2097152	; 0x200000
1a0074e8:	6021      	str	r1, [r4, #0]
1a0074ea:	ec43 2b10 	vmov	d0, r2, r3
1a0074ee:	bd70      	pop	{r4, r5, r6, pc}
1a0074f0:	7fefffff 	.word	0x7fefffff
1a0074f4:	7ff00000 	.word	0x7ff00000
1a0074f8:	43500000 	.word	0x43500000

1a0074fc <strncpy>:
1a0074fc:	b470      	push	{r4, r5, r6}
1a0074fe:	ea40 0401 	orr.w	r4, r0, r1
1a007502:	07a3      	lsls	r3, r4, #30
1a007504:	d127      	bne.n	1a007556 <strncpy+0x5a>
1a007506:	2a03      	cmp	r2, #3
1a007508:	d925      	bls.n	1a007556 <strncpy+0x5a>
1a00750a:	460b      	mov	r3, r1
1a00750c:	4606      	mov	r6, r0
1a00750e:	4619      	mov	r1, r3
1a007510:	f853 5b04 	ldr.w	r5, [r3], #4
1a007514:	f1a5 3401 	sub.w	r4, r5, #16843009	; 0x1010101
1a007518:	ea24 0405 	bic.w	r4, r4, r5
1a00751c:	f014 3f80 	tst.w	r4, #2155905152	; 0x80808080
1a007520:	d106      	bne.n	1a007530 <strncpy+0x34>
1a007522:	3a04      	subs	r2, #4
1a007524:	2a03      	cmp	r2, #3
1a007526:	f846 5b04 	str.w	r5, [r6], #4
1a00752a:	4619      	mov	r1, r3
1a00752c:	d8ef      	bhi.n	1a00750e <strncpy+0x12>
1a00752e:	b182      	cbz	r2, 1a007552 <strncpy+0x56>
1a007530:	4633      	mov	r3, r6
1a007532:	780c      	ldrb	r4, [r1, #0]
1a007534:	f803 4b01 	strb.w	r4, [r3], #1
1a007538:	1e55      	subs	r5, r2, #1
1a00753a:	b174      	cbz	r4, 1a00755a <strncpy+0x5e>
1a00753c:	4432      	add	r2, r6
1a00753e:	442e      	add	r6, r5
1a007540:	e005      	b.n	1a00754e <strncpy+0x52>
1a007542:	f811 4f01 	ldrb.w	r4, [r1, #1]!
1a007546:	1af5      	subs	r5, r6, r3
1a007548:	f803 4b01 	strb.w	r4, [r3], #1
1a00754c:	b12c      	cbz	r4, 1a00755a <strncpy+0x5e>
1a00754e:	429a      	cmp	r2, r3
1a007550:	d1f7      	bne.n	1a007542 <strncpy+0x46>
1a007552:	bc70      	pop	{r4, r5, r6}
1a007554:	4770      	bx	lr
1a007556:	4606      	mov	r6, r0
1a007558:	e7e9      	b.n	1a00752e <strncpy+0x32>
1a00755a:	2d00      	cmp	r5, #0
1a00755c:	d0f9      	beq.n	1a007552 <strncpy+0x56>
1a00755e:	441d      	add	r5, r3
1a007560:	2200      	movs	r2, #0
1a007562:	f803 2b01 	strb.w	r2, [r3], #1
1a007566:	42ab      	cmp	r3, r5
1a007568:	d1fb      	bne.n	1a007562 <strncpy+0x66>
1a00756a:	bc70      	pop	{r4, r5, r6}
1a00756c:	4770      	bx	lr
1a00756e:	bf00      	nop

1a007570 <__ssprint_r>:
1a007570:	e92d 4ff0 	stmdb	sp!, {r4, r5, r6, r7, r8, r9, sl, fp, lr}
1a007574:	6893      	ldr	r3, [r2, #8]
1a007576:	b083      	sub	sp, #12
1a007578:	4690      	mov	r8, r2
1a00757a:	2b00      	cmp	r3, #0
1a00757c:	d06d      	beq.n	1a00765a <__ssprint_r+0xea>
1a00757e:	6817      	ldr	r7, [r2, #0]
1a007580:	688d      	ldr	r5, [r1, #8]
1a007582:	4682      	mov	sl, r0
1a007584:	460c      	mov	r4, r1
1a007586:	6808      	ldr	r0, [r1, #0]
1a007588:	3708      	adds	r7, #8
1a00758a:	e043      	b.n	1a007614 <__ssprint_r+0xa4>
1a00758c:	89a3      	ldrh	r3, [r4, #12]
1a00758e:	f413 6f90 	tst.w	r3, #1152	; 0x480
1a007592:	d02e      	beq.n	1a0075f2 <__ssprint_r+0x82>
1a007594:	e9d4 1504 	ldrd	r1, r5, [r4, #16]
1a007598:	eb05 0545 	add.w	r5, r5, r5, lsl #1
1a00759c:	eba0 0b01 	sub.w	fp, r0, r1
1a0075a0:	eb05 75d5 	add.w	r5, r5, r5, lsr #31
1a0075a4:	eb0b 0006 	add.w	r0, fp, r6
1a0075a8:	106d      	asrs	r5, r5, #1
1a0075aa:	3001      	adds	r0, #1
1a0075ac:	42a8      	cmp	r0, r5
1a0075ae:	462a      	mov	r2, r5
1a0075b0:	bf84      	itt	hi
1a0075b2:	4605      	movhi	r5, r0
1a0075b4:	462a      	movhi	r2, r5
1a0075b6:	055b      	lsls	r3, r3, #21
1a0075b8:	d536      	bpl.n	1a007628 <__ssprint_r+0xb8>
1a0075ba:	4611      	mov	r1, r2
1a0075bc:	4650      	mov	r0, sl
1a0075be:	f7fc f8bb 	bl	1a003738 <_malloc_r>
1a0075c2:	2800      	cmp	r0, #0
1a0075c4:	d03a      	beq.n	1a00763c <__ssprint_r+0xcc>
1a0075c6:	465a      	mov	r2, fp
1a0075c8:	6921      	ldr	r1, [r4, #16]
1a0075ca:	9001      	str	r0, [sp, #4]
1a0075cc:	f7fc fb6c 	bl	1a003ca8 <memcpy>
1a0075d0:	89a2      	ldrh	r2, [r4, #12]
1a0075d2:	9b01      	ldr	r3, [sp, #4]
1a0075d4:	f422 6290 	bic.w	r2, r2, #1152	; 0x480
1a0075d8:	f042 0280 	orr.w	r2, r2, #128	; 0x80
1a0075dc:	81a2      	strh	r2, [r4, #12]
1a0075de:	eba5 020b 	sub.w	r2, r5, fp
1a0075e2:	eb03 000b 	add.w	r0, r3, fp
1a0075e6:	6165      	str	r5, [r4, #20]
1a0075e8:	6123      	str	r3, [r4, #16]
1a0075ea:	6020      	str	r0, [r4, #0]
1a0075ec:	60a2      	str	r2, [r4, #8]
1a0075ee:	4635      	mov	r5, r6
1a0075f0:	46b3      	mov	fp, r6
1a0075f2:	465a      	mov	r2, fp
1a0075f4:	4649      	mov	r1, r9
1a0075f6:	f7ff fa23 	bl	1a006a40 <memmove>
1a0075fa:	f8d8 3008 	ldr.w	r3, [r8, #8]
1a0075fe:	68a2      	ldr	r2, [r4, #8]
1a007600:	6820      	ldr	r0, [r4, #0]
1a007602:	1b55      	subs	r5, r2, r5
1a007604:	4458      	add	r0, fp
1a007606:	1b9e      	subs	r6, r3, r6
1a007608:	60a5      	str	r5, [r4, #8]
1a00760a:	6020      	str	r0, [r4, #0]
1a00760c:	f8c8 6008 	str.w	r6, [r8, #8]
1a007610:	b31e      	cbz	r6, 1a00765a <__ssprint_r+0xea>
1a007612:	3708      	adds	r7, #8
1a007614:	e957 9602 	ldrd	r9, r6, [r7, #-8]
1a007618:	46ab      	mov	fp, r5
1a00761a:	2e00      	cmp	r6, #0
1a00761c:	d0f9      	beq.n	1a007612 <__ssprint_r+0xa2>
1a00761e:	42ae      	cmp	r6, r5
1a007620:	d2b4      	bcs.n	1a00758c <__ssprint_r+0x1c>
1a007622:	4635      	mov	r5, r6
1a007624:	46b3      	mov	fp, r6
1a007626:	e7e4      	b.n	1a0075f2 <__ssprint_r+0x82>
1a007628:	4650      	mov	r0, sl
1a00762a:	f7ff fd7b 	bl	1a007124 <_realloc_r>
1a00762e:	4603      	mov	r3, r0
1a007630:	2800      	cmp	r0, #0
1a007632:	d1d4      	bne.n	1a0075de <__ssprint_r+0x6e>
1a007634:	6921      	ldr	r1, [r4, #16]
1a007636:	4650      	mov	r0, sl
1a007638:	f7fb ff60 	bl	1a0034fc <_free_r>
1a00763c:	230c      	movs	r3, #12
1a00763e:	f8ca 3000 	str.w	r3, [sl]
1a007642:	89a3      	ldrh	r3, [r4, #12]
1a007644:	2200      	movs	r2, #0
1a007646:	f043 0340 	orr.w	r3, r3, #64	; 0x40
1a00764a:	f04f 30ff 	mov.w	r0, #4294967295
1a00764e:	81a3      	strh	r3, [r4, #12]
1a007650:	e9c8 2201 	strd	r2, r2, [r8, #4]
1a007654:	b003      	add	sp, #12
1a007656:	e8bd 8ff0 	ldmia.w	sp!, {r4, r5, r6, r7, r8, r9, sl, fp, pc}
1a00765a:	2000      	movs	r0, #0
1a00765c:	f8c8 0004 	str.w	r0, [r8, #4]
1a007660:	b003      	add	sp, #12
1a007662:	e8bd 8ff0 	ldmia.w	sp!, {r4, r5, r6, r7, r8, r9, sl, fp, pc}
1a007666:	bf00      	nop

1a007668 <_calloc_r>:
1a007668:	b510      	push	{r4, lr}
1a00766a:	fb02 f101 	mul.w	r1, r2, r1
1a00766e:	f7fc f863 	bl	1a003738 <_malloc_r>
1a007672:	4604      	mov	r4, r0
1a007674:	b168      	cbz	r0, 1a007692 <_calloc_r+0x2a>
1a007676:	f850 2c04 	ldr.w	r2, [r0, #-4]
1a00767a:	f022 0203 	bic.w	r2, r2, #3
1a00767e:	3a04      	subs	r2, #4
1a007680:	2a24      	cmp	r2, #36	; 0x24
1a007682:	d818      	bhi.n	1a0076b6 <_calloc_r+0x4e>
1a007684:	2a13      	cmp	r2, #19
1a007686:	d806      	bhi.n	1a007696 <_calloc_r+0x2e>
1a007688:	4602      	mov	r2, r0
1a00768a:	2300      	movs	r3, #0
1a00768c:	e9c2 3300 	strd	r3, r3, [r2]
1a007690:	6093      	str	r3, [r2, #8]
1a007692:	4620      	mov	r0, r4
1a007694:	bd10      	pop	{r4, pc}
1a007696:	2300      	movs	r3, #0
1a007698:	2a1b      	cmp	r2, #27
1a00769a:	e9c0 3300 	strd	r3, r3, [r0]
1a00769e:	d90f      	bls.n	1a0076c0 <_calloc_r+0x58>
1a0076a0:	2a24      	cmp	r2, #36	; 0x24
1a0076a2:	e9c0 3302 	strd	r3, r3, [r0, #8]
1a0076a6:	bf12      	itee	ne
1a0076a8:	f100 0210 	addne.w	r2, r0, #16
1a0076ac:	e9c0 3304 	strdeq	r3, r3, [r0, #16]
1a0076b0:	f100 0218 	addeq.w	r2, r0, #24
1a0076b4:	e7e9      	b.n	1a00768a <_calloc_r+0x22>
1a0076b6:	2100      	movs	r1, #0
1a0076b8:	f7fc fb90 	bl	1a003ddc <memset>
1a0076bc:	4620      	mov	r0, r4
1a0076be:	bd10      	pop	{r4, pc}
1a0076c0:	f100 0208 	add.w	r2, r0, #8
1a0076c4:	e7e1      	b.n	1a00768a <_calloc_r+0x22>
1a0076c6:	bf00      	nop

1a0076c8 <__ascii_mbtowc>:
1a0076c8:	b082      	sub	sp, #8
1a0076ca:	b149      	cbz	r1, 1a0076e0 <__ascii_mbtowc+0x18>
1a0076cc:	b15a      	cbz	r2, 1a0076e6 <__ascii_mbtowc+0x1e>
1a0076ce:	b16b      	cbz	r3, 1a0076ec <__ascii_mbtowc+0x24>
1a0076d0:	7813      	ldrb	r3, [r2, #0]
1a0076d2:	600b      	str	r3, [r1, #0]
1a0076d4:	7812      	ldrb	r2, [r2, #0]
1a0076d6:	1c10      	adds	r0, r2, #0
1a0076d8:	bf18      	it	ne
1a0076da:	2001      	movne	r0, #1
1a0076dc:	b002      	add	sp, #8
1a0076de:	4770      	bx	lr
1a0076e0:	a901      	add	r1, sp, #4
1a0076e2:	2a00      	cmp	r2, #0
1a0076e4:	d1f3      	bne.n	1a0076ce <__ascii_mbtowc+0x6>
1a0076e6:	4610      	mov	r0, r2
1a0076e8:	b002      	add	sp, #8
1a0076ea:	4770      	bx	lr
1a0076ec:	f06f 0001 	mvn.w	r0, #1
1a0076f0:	e7f4      	b.n	1a0076dc <__ascii_mbtowc+0x14>
1a0076f2:	bf00      	nop

1a0076f4 <__ascii_wctomb>:
1a0076f4:	b149      	cbz	r1, 1a00770a <__ascii_wctomb+0x16>
1a0076f6:	2aff      	cmp	r2, #255	; 0xff
1a0076f8:	d802      	bhi.n	1a007700 <__ascii_wctomb+0xc>
1a0076fa:	700a      	strb	r2, [r1, #0]
1a0076fc:	2001      	movs	r0, #1
1a0076fe:	4770      	bx	lr
1a007700:	238a      	movs	r3, #138	; 0x8a
1a007702:	6003      	str	r3, [r0, #0]
1a007704:	f04f 30ff 	mov.w	r0, #4294967295
1a007708:	4770      	bx	lr
1a00770a:	4608      	mov	r0, r1
1a00770c:	4770      	bx	lr
1a00770e:	bf00      	nop

1a007710 <rcon>:
1a007710:	0100 0402 1008 4020 1b80 ff36               ...... @..6.

1a00771c <sbox>:
1a00771c:	7c63 7b77 6bf2 c56f 0130 2b67 d7fe 76ab     c|w{.ko.0.g+...v
1a00772c:	82ca 7dc9 59fa f047 d4ad afa2 a49c c072     ...}.YG.......r.
1a00773c:	fdb7 2693 3f36 ccf7 a534 f1e5 d871 1531     ...&6?..4...q.1.
1a00774c:	c704 c323 9618 9a05 1207 e280 27eb 75b2     ..#..........'.u
1a00775c:	8309 1a2c 6e1b a05a 3b52 b3d6 e329 842f     ..,..nZ.R;..)./.
1a00776c:	d153 ed00 fc20 5bb1 cb6a 39be 4c4a cf58     S... ..[j..9JLX.
1a00777c:	efd0 fbaa 4d43 8533 f945 7f02 3c50 a89f     ....CM3.E...P<..
1a00778c:	a351 8f40 9d92 f538 b6bc 21da ff10 d2f3     Q.@...8....!....
1a00779c:	0ccd ec13 975f 1744 a7c4 3d7e 5d64 7319     ...._.D...~=d].s
1a0077ac:	8160 dc4f 2a22 8890 ee46 14b8 5ede db0b     `.O."*..F....^..
1a0077bc:	32e0 0a3a 0649 5c24 d3c2 62ac 9591 79e4     .2:.I.$\...b...y
1a0077cc:	c8e7 6d37 d58d a94e 566c eaf4 7a65 08ae     ..7m..N.lV..ez..
1a0077dc:	78ba 2e25 a61c c6b4 dde8 1f74 bd4b 8a8b     .x%.......t.K...
1a0077ec:	3e70 66b5 0348 0ef6 3561 b957 c186 9e1d     p>.fH...a5W.....
1a0077fc:	f8e1 1198 d969 948e 1e9b e987 55ce df28     ....i........U(.
1a00780c:	a18c 0d89 e6bf 6842 9941 0f2d 54b0 16bb     ......BhA.-..T..
1a00781c:	0ac9 1a00 0ae9 1a00 0af9 1a00 7055 696c     ............Upli
1a00782c:	6b6e 4f20 0d4b 000a 7055 696c 6b6e 4520     nk OK...Uplink E
1a00783c:	5252 524f 0a0d ff00 6f44 6e77 696c 6b6e     RROR....Downlink
1a00784c:	7220 6365 6269 6469 216f 0a0d ff00 ffff      recibido!......
1a00785c:	4f4a 4e49 5320 4355 4543 5353 2021 6f43     JOIN SUCCESS! Co
1a00786c:	656e 7463 6461 206f 6c61 6720 7461 7765     nectado al gatew
1a00787c:	7961 0a0d 0000 0000 4f4a 4e49 4620 4941     ay......JOIN FAI
1a00788c:	454c 2044 202d 6552 6e69 6574 746e 6e61     LED - Reintentan
1a00789c:	6f64 6520 206e 3031 2e73 2e2e 0a0d ff00     do en 10s.......
1a0078ac:	0a0d 3d3d 203d 6f4c 6152 4157 204e 544f     ..=== LoRaWAN OT
1a0078bc:	4141 5420 7365 2074 3d3d 0d3d 000a 0000     AA Test ===.....
1a0078cc:	6544 4576 4955 203a 3030 303a 3a30 3131     DevEUI: 00:00:11
1a0078dc:	313a 3a31 3030 303a 3a30 3131 313a 0d31     :11:00:00:11:11.
1a0078ec:	000a 0000 7246 6365 6575 636e 6169 203a     ....Frecuencia: 
1a0078fc:	5541 3139 2035 7553 2d62 6162 646e 3220     AU915 Sub-band 2
1a00790c:	2820 3139 2e36 2d38 3139 2e38 2032 484d      (916.8-918.2 MH
1a00791c:	297a 0a0d 0a0d 0000 6f4c 6152 614d 2063     z)......LoRaMac 
1a00792c:	6e69 6369 6169 696c 617a 6f64 0a0d 0000     inicializado....
1a00793c:	6e49 6574 746e 206f 6564 4a20 494f 204e     Intento de JOIN 
1a00794c:	0023 0000 6425 0000 5245 4f52 3a52 4e20     #...%d..ERROR: N
1a00795c:	206f 6573 7020 6475 206f 6f63 656e 7463     o se pudo conect
1a00796c:	7261 6120 206c 6167 6574 6177 0d79 000a     ar al gateway...
1a00797c:	6f48 616c 5220 4b41 2520 0064 6e45 6976     Hola RAK %d.Envi
1a00798c:	6e61 6f64 203a ff00 455b 5252 524f 205d     ando: ..[ERROR] 
1a00799c:	5542 5953 5020 4e49 5420 4152 4142 4f44     BUSY PIN TRABADO
1a0079ac:	4520 204e 454c 5443 5255 0d41 000a ffff      EN LECTURA.....
1a0079bc:	455b 5252 524f 205d 5542 5953 5020 4e49     [ERROR] BUSY PIN
1a0079cc:	5420 4152 4142 4f44 2820 6843 6365 206b      TRABADO (Check 
1a0079dc:	6143 6c62 7365 2921 0a0d ff00 6e49 6369     Cables!)....Inic
1a0079ec:	6169 696c 617a 646e 206f 5047 4f49 2e73     ializando GPIOs.
1a0079fc:	2e2e 0a0d 0000 0000 6148 6963 6e65 6f64     ........Haciendo
1a007a0c:	5220 5345 5445 6420 6c65 5320 3158 3632      RESET del SX126
1a007a1c:	2e32 2e2e 0a0d 0000 7345 6570 6172 646e     2.......Esperand
1a007a2c:	206f 5542 5953 2e2e 0d2e 000a 5245 4f52     o BUSY......ERRO
1a007a3c:	3a52 4220 5355 2059 6974 656d 756f 2174     R: BUSY timeout!
1a007a4c:	0a0d 0000 5542 5953 4f20 0d4b 000a 0000     ....BUSY OK.....
1a007a5c:	6f43 666e 6769 7275 6e61 6f64 5320 3158     Configurando SX1
1a007a6c:	3632 2e32 2e2e 0a0d ff00 ffff 6152 6964     262.........Radi
1a007a7c:	206f 6e69 6369 6169 696c 617a 6f64 4f20     o inicializado O
1a007a8c:	0d4b 000a 6143 616e 206c 6425 203a 2e25     K...Canal %d: %.
1a007a9c:	6631 4d20 7a48 0a0d 0000 0000 6e45 6976     1f MHz......Envi
1a007aac:	6e61 6f64 4a20 494f 204e 4552 5551 5345     ando JOIN REQUES
1a007abc:	2e54 2e2e 0a0d 0000 2020 4653 3231 202c     T.......  SF12, 
1a007acc:	5742 3231 0d35 000a 2020 6953 657a 203a     BW125...  Size: 
1a007adc:	3332 6220 7479 7365 0a0d 0000 5854 6320     23 bytes....TX c
1a007aec:	6d6f 6c70 7465 6461 0d6f 000a 5852 4420     ompletado...RX D
1a007afc:	6e6f 0d65 000a 0000 4f4a 4e49 4120 4343     one.....JOIN ACC
1a007b0c:	5045 2054 6572 6963 6962 6f64 0d21 000a     EPT recibido!...
1a007b1c:	5852 4520 7272 726f 0a0d ff00 5852 5420     RX Error....RX T
1a007b2c:	6d69 6f65 7475 0a0d ff00 ffff 5854 4420     imeout......TX D
1a007b3c:	6e6f 0d65 000a ffff 5854 5420 6d69 6f65     one.....TX Timeo
1a007b4c:	7475 0a0d ff00 ffff                         ut......

1a007b54 <au915_channels.14373>:
1a007b54:	4200 36a5 4f40 36a8 5c80 36ab 69c0 36ae     .B.6@O.6.\.6.i.6
1a007b64:	7700 36b1 8440 36b4 9180 36b7 9ec0 36ba     .w.6@..6...6...6

1a007b74 <InitClkStates>:
1a007b74:	0f01 0101                                   ....

1a007b78 <pinmuxing>:
1a007b78:	0002 0044 0102 0044 0202 0044 0a02 0040     ..D...D...D...@.
1a007b88:	0b02 0040 0c02 0040 0001 0050 0101 0050     ..@...@...P...P.
1a007b98:	0201 0050 0601 0050 0106 0050 0406 0050     ..P...P...P...P.
1a007ba8:	0506 0050 0706 0054 0806 0054 0906 0050     ..P...T...T...P.
1a007bb8:	0a06 0050 0b06 0050 0c06 0050 040f 00f0     ..P...P...P.....
1a007bc8:	0301 00d5 0401 00d5 0107 0016 0207 0056     ..............V.
1a007bd8:	0302 0052 0402 0052 0509 0052 0609 0057     ..R...R...R...W.
1a007be8:	0206 0057                                   ..W.

1a007bec <ExtRateIn>:
1a007bec:	0000 0000                                   ....

1a007bf0 <GpioButtons>:
1a007bf0:	0400 0800 0900 0901                         ........

1a007bf8 <GpioLeds>:
1a007bf8:	0005 0105 0205 0e00 0b01 0c01               ............

1a007c04 <GpioPorts>:
1a007c04:	0003 0303 0403 0f05 1005 0503 0603 0703     ................
1a007c14:	0802 ffff                                   ....

1a007c18 <OscRateIn>:
1a007c18:	1b00 00b7                                   ....

1a007c1c <InitClkStates>:
1a007c1c:	0100 0001 0909 0001 090a 0001 0701 0101     ................
1a007c2c:	0902 0001 0906 0001 090c 0101 090d 0001     ................
1a007c3c:	090e 0001 090f 0001 0910 0001 0911 0001     ................
1a007c4c:	0912 0001 0913 0001 1114 0001 1119 0001     ................
1a007c5c:	111a 0001 111b 0001 0201 0804 0f03 0f0f     ................
1a007c6c:	00ff ffff                                   ....

1a007c70 <periph_to_base>:
1a007c70:	0000 0005 000a 0020 0024 0009 0040 0040     ...... .$...@.@.
1a007c80:	0005 0060 00a6 0004 00c0 00c3 0002 00e0     ..`.............
1a007c90:	00e0 0001 0100 0100 0003 0120 0120 0006     .......... . ...
1a007ca0:	0140 0140 000c 0142 0142 0019 0162 0162     @.@...B.B...b.b.
1a007cb0:	0013 0182 0182 0012 01a2 01a2 0011 01c2     ................
1a007cc0:	01c2 0010 01e2 01e2 000f 0202 0202 000e     ................
1a007cd0:	0222 0222 000d 0223 0223 001c               "."...#.#...

1a007cdc <UART_BClock>:
1a007cdc:	01c2 01a2 0182 0162                         ......b.

1a007ce4 <UART_PClock>:
1a007ce4:	0081 0082 00a1 00a2                         ........

1a007cec <gpioPinsInit>:
1a007cec:	0104 0200 0701 0005 0d03 0501 0100 0408     ................
1a007cfc:	0002 0202 0304 0200 0403 0000 0002 0407     ................
1a007d0c:	0300 030c 0402 0905 0103 0504 0208 0403     ................
1a007d1c:	0305 0402 0504 0604 000c 0802 0b06 0300     ................
1a007d2c:	0607 0009 0503 0706 0504 060f 0004 0303     ................
1a007d3c:	0404 0200 0404 0005 0502 0604 0200 0406     ................
1a007d4c:	0408 0c05 0a04 0504 010e 0003 0a00 1401     ................
1a007d5c:	0000 010f 0012 0d00 1101 0000 010c 0010     ................
1a007d6c:	0300 0707 0300 000f 0001 0100 0000 0000     ................
1a007d7c:	0600 000a 0603 0806 0504 0610 0005 0403     ................
1a007d8c:	0106 0300 0400 0409 0d05 0401 0000 010b     ................
1a007d9c:	000f 0200 0001 0000 0104 0001 0800 0201     ................
1a007dac:	0000 0109 0006 0901 0002 0504 0200 0401     ................
1a007dbc:	0105 0202 0504 0202 000a 0e00 0b02 0100     ................
1a007dcc:	020b 000c 0c01 ffff                         ........

1a007dd4 <lpcUarts>:
1a007dd4:	1000 4008 0406 0602 0205 0018 1000 4008     ...@...........@
1a007de4:	0509 0907 0706 0018 2000 4008 0000 0000     ......... .@....
1a007df4:	0000 0019 1000 400c 0107 0706 0602 001a     .......@........
1a007e04:	1000 400c 0f01 0101 0110 001a 2000 400c     ...@......... .@
1a007e14:	0302 0202 0204 001b                         ........

1a007e1c <_ctype_>:
1a007e1c:	2000 2020 2020 2020 2020 2828 2828 2028     .         ((((( 
1a007e2c:	2020 2020 2020 2020 2020 2020 2020 2020                     
1a007e3c:	8820 1010 1010 1010 1010 1010 1010 1010      ...............
1a007e4c:	0410 0404 0404 0404 0404 1004 1010 1010     ................
1a007e5c:	1010 4141 4141 4141 0101 0101 0101 0101     ..AAAAAA........
1a007e6c:	0101 0101 0101 0101 0101 0101 1010 1010     ................
1a007e7c:	1010 4242 4242 4242 0202 0202 0202 0202     ..BBBBBB........
1a007e8c:	0202 0202 0202 0202 0202 0202 1010 1010     ................
1a007e9c:	0020 0000 0000 0000 0000 0000 0000 0000      ...............
	...
1a007f1c:	ff00 ffff 4e49 0046 6e69 0066 414e 004e     ....INF.inf.NAN.
1a007f2c:	616e 006e 3130 3332 3534 3736 3938 6261     nan.0123456789ab
1a007f3c:	6463 6665 0000 0000 3130 3332 3534 3736     cdef....01234567
1a007f4c:	3938 4241 4443 4645 0000 0000 6e28 6c75     89ABCDEF....(nul
1a007f5c:	296c 0000 0030 ffff                         l)..0...

1a007f64 <blanks.8678>:
1a007f64:	2020 2020 2020 2020 2020 2020 2020 2020                     

1a007f74 <zeroes.8679>:
1a007f74:	3030 3030 3030 3030 3030 3030 3030 3030     0000000000000000
1a007f84:	614e 004e 6e49 6966 696e 7974 ff00 ffff     NaN.Infinity....
1a007f94:	ffff ffff                                   ....

1a007f98 <__mprec_bigtens>:
1a007f98:	8000 37e0 c379 4341 6e17 b505 b8b5 4693     ...7y.AC.n.....F
1a007fa8:	f9f5 e93f 4f03 4d38 1d32 f930 7748 5a82     ..?..O8M2.0.Hw.Z
1a007fb8:	bf3c 7f73 4fdd 7515                         <.s..O.u

1a007fc0 <__mprec_tens>:
1a007fc0:	0000 0000 0000 3ff0 0000 0000 0000 4024     .......?......$@
1a007fd0:	0000 0000 0000 4059 0000 0000 4000 408f     ......Y@.....@.@
1a007fe0:	0000 0000 8800 40c3 0000 0000 6a00 40f8     .......@.....j.@
1a007ff0:	0000 0000 8480 412e 0000 0000 12d0 4163     .......A......cA
1a008000:	0000 0000 d784 4197 0000 0000 cd65 41cd     .......A....e..A
1a008010:	0000 2000 a05f 4202 0000 e800 4876 4237     ... _..B....vH7B
1a008020:	0000 a200 1a94 426d 0000 e540 309c 42a2     ......mB..@..0.B
1a008030:	0000 1e90 bcc4 42d6 0000 2634 6bf5 430c     .......B..4&.k.C
1a008040:	8000 37e0 c379 4341 a000 85d8 3457 4376     ...7y.AC....W4vC
1a008050:	c800 674e c16d 43ab 3d00 6091 58e4 43e1     ..Ngm..C.=.`.X.C
1a008060:	8c40 78b5 af1d 4415 ef50 d6e2 1ae4 444b     @..x...DP.....KD
1a008070:	d592 064d f0cf 4480 4af6 c7e1 2d02 44b5     ..M....D.J...-.D
1a008080:	9db4 79d9 7843 44ea                         ...yCx.D

1a008088 <p05.7442>:
1a008088:	0005 0000 0019 0000 007d 0000 0043 0000     ........}...C...
1a008098:	4f50 4953 0058 ffff 002e 0000               POSIX.......
