:020000041A00E0
:10000000008000103508001A7901001A7B01001ADF
:100010007D01001A7F01001A8101001A5A70FF53F6
:100020000000000000000000000000008301001A32
:100030008501001A000000008701001A051E001A41
:10004000BB01001ABB01001ABB01001A000000002E
:10005000BB01001ABB01001ABB01001ABB01001A48
:10006000291F001ABB01001ABB01001ABB01001AAC
:10007000BB01001ABB01001ABB01001ABB01001A28
:10008000BB01001ABB01001ABB01001ABB01001A18
:10009000BB01001ABB01001ABB01001ABB01001A08
:1000A000BB01001ABB01001ABB01001ABB01001AF8
:1000B000BB01001ABB01001ABB01001ABB01001AE8
:1000C000BB01001ABB01001ABB01001ABB01001AD8
:1000D000BB01001ABB01001ABB01001ABB01001AC8
:1000E000BB01001ABB01001ABB01001ABB01001AB8
:1000F00000000000BB01001ABB01001ABB01001A7E
:1001000000000000BB01001ABB01001ABB01001A6D
:10011000BB01001A68A1001A00000010F4090000D9
:1001200068A1001A000008100000000068A1001A71
:10013000000000200000000068A1001A00800020DC
:100140000000000068A1001A00C0002000000000AC
:10015000F8090010880000000000081000000000EE
:1001600000000020000000000080002000000000CF
:1001700000C0002000000000FEE7FEE7FEE7FEE70B
:10018000FEE7FEE7FEE7FEE7FEE7002393420AD222
:1001900010B450F8044B41F8044B04339342F8D3A5
:1001A0005DF8044B7047704700238B4204D2002255
:1001B00040F8042B0433F8E77047FEE7FFFFFFFF2A
:1001C000FFFFFFFFFFFFFFFFFFFFFFFFFFFFFFFF3F
:1001D000FFFFFFFFFFFFFFFFFFFFFFFFFFFFFFFF2F
:1001E000FFFFFFFFFFFFFFFFFFFFFFFFFFFFFFFF1F
:1001F000FFFFFFFFFFFFFFFFFFFFFFFFFFFFFFFF0F
:10020000FFFFFFFFFFFFFFFFFFFFFFFFFFFFFFFFFE
:10021000FFFFFFFFFFFFFFFFFFFFFFFFFFFFFFFFEE
:10022000FFFFFFFFFFFFFFFFFFFFFFFFFFFFFFFFDE
:10023000FFFFFFFFFFFFFFFFFFFFFFFFFFFFFFFFCE
:10024000FFFFFFFFFFFFFFFFFFFFFFFFFFFFFFFFBE
:10025000FFFFFFFFFFFFFFFFFFFFFFFFFFFFFFFFAE
:10026000FFFFFFFFFFFFFFFFFFFFFFFFFFFFFFFF9E
:10027000FFFFFFFFFFFFFFFFFFFFFFFFFFFFFFFF8E
:10028000FFFFFFFFFFFFFFFFFFFFFFFFFFFFFFFF7E
:10029000FFFFFFFFFFFFFFFFFFFFFFFFFFFFFFFF6E
:1002A000FFFFFFFFFFFFFFFFFFFFFFFFFFFFFFFF5E
:1002B000FFFFFFFFFFFFFFFFFFFFFFFFFFFFFFFF4E
:1002C000FFFFFFFFFFFFFFFFFFFFFFFFFFFFFFFF3E
:1002D000FFFFFFFFFFFFFFFFFFFFFFFFFFFFFFFF2E
:1002E000FFFFFFFFFFFFFFFFFFFFFFFFFFFFFFFF1E
:1002F000FFFFFFFFFFFFFFFFFFFFFFFFFFFFFFFF0E
:1003000010B59AB001F01EFE4FF4E131032001F068
:10031000CDFD002001F09EFC174803F0CBFB1748F1
:1003200003F0C8FB00F0B2F8154803F0C3FB154812
:1003300003F0C0FB0024032000F02CF82346024603
:10034000114901A803F0BEFB01AA21460F4803F0A2
:100350004FFB01A803F034FCC1B201A800F0B4F9CE
:100360000B4803F0A7FB0134E4B240F6B83000219B
:1003700001F022FEDFE700BF0097001A3497001A51
:100380005097001A7097001A9497001AC897001A8D
:10039000D897001A00B583B0022820D00023032884
:1003A00022D0012816D007EE903AB8EE677ADFED3A
:1003B000117AC7EE276ADFED107A26EEA77A77EE7C
:1003C000C77AFCEEE77ACDED017A9DF8040003B020
:1003D0005DF804FB184601F099FC0346E3E70120B1
:1003E00001F094FC0346DEE7022001F08FFC034697
:1003F000D9E700BF00C07F440000C84238B50025DF
:100400000A4C0F2001F0F1FB18B114B1013C013589
:10041000F7E70CB125B938BD054803F04BFBF9E708
:100420002946044803F0E4FAF5E700BF40420F0014
:10043000C09B001AE49B001A30B583B00D461446E9
:100440008DF80700FFF7DAFF00210D2001F098FB7F
:100450000120002101F0B0FD01220DF10701002073
:1004600001F00EFD2CB125B122462946002001F0F5
:1004700007FD0120002101F09FFD01210D2001F069
:100480007FFBFFF7BBFF03B030BDFFFF70B582B04D
:100490007B4803F00FFB00210D2001F09BFA0021A7
:1004A0000E2001F097FA01210F2001F093FA0121AB
:1004B0000D2001F065FB0F230E220D21714803F082
:1004C00097FA714803F0F6FA00210E2001F058FB6C
:1004D0001420002101F070FD01210E2001F050FBDD
:1004E0003220002101F068FD684803F0E3FAFFF7CD
:1004F00085FF674803F0DEFA664803F0DBFA002068
:1005000001F096FC644803F0D5FA00258DF8005000
:10051000012269469620FFF78FFF604803F0CAFA70
:100520002A4629468020FFF787FF0A20002101F094
:1005300043FD5B4803F0BEFA01248DF800408DF8BE
:1005400001508DF8025040238DF803300422694693
:100550009720FFF771FF0A20002101F02DFD51487F
:1005600003F0A8FA7F238DF80030224669468920DF
:10057000FFF762FF3220002101F01EFD4A4803F020
:1005800099FAE1238DF80030E9238DF80130022239
:1005900069469B20FFF750FF0A20002101F00CFD67
:1005A000424803F087FA8DF80040224669468A20C7
:1005B000FFF742FF3E4803F07DFA8DF800402246E7
:1005C00069469D20FFF738FF3A4803F073FA362357
:1005D0008DF8003044238DF80130CC238DF80230A3
:1005E0008DF80330042269468620FFF725FF324844
:1005F00003F060FA0C238DF8003004268DF80160BA
:100600008DF802408DF80340324669468B20FFF793
:1006100013FF2A4803F04EFA8DF8006007238DF887
:1006200001308DF802508DF803403246694695201E
:10063000FFF702FF0E238DF800308DF801600222D3
:1006400069468E20FFF7F8FE8DF800508DF80150B6
:10065000022269468F20FFF7EFFE14238DF8003049
:1006600024238DF80130022269469F20FFF7E4FE23
:10067000134803F01FFA134B1C7002B070BD00BF8B
:10068000EC97001A1098001A4498001A6C98001AF7
:100690008C98001AB498001AD498001A0499001A79
:1006A0002C99001A5499001A7499001AA499001AE6
:1006B000CC99001AEC99001A1C9A001A589A001A40
:1006C000809A001AF8090010F0B5C3B04F4B1B78A0
:1006D000002B00F0968006460D464D4803F088F941
:1006E00000248DF80840012202A98020FFF7A4FE13
:1006F0000520002101F060FC464803F0DBF9FFF71C
:100700007DFE21460D2001F03BFA0120002101F081
:1007100053FC0E238DF8073001220DF1070120460E
:1007200001F0AEFB8DF8064001220DF106012046D6
:1007300001F0A6FB2A463146204601F0A1FB01202C
:10074000002101F039FC01210D2001F019FAFFF719
:1007500055FE314803F0AEF98DF8084008268DF8B3
:1007600009608DF80A408DF80B5001278DF80C7048
:100770008DF80D4006220DEB06018C20FFF75CFE84
:10078000264803F097F903258DF80850FF238DF8CC
:10079000093002220DEB06011046FFF74DFE8DF8E1
:1007A00008408DF809708DF80A408DF80B408DF8DF
:1007B0000C408DF80D408DF80E408DF80F403246FC
:1007C0000DEB06013046FFF737FE154803F072F9CE
:1007D0008DF808408DF809408DF80A402A460DEB47
:1007E00006018320FFF728FE0E4803F063F94FF45B
:1007F000FA60002101F0E0FB0B4803F05BF943B025
:10080000F0BD0A4803F056F9F9E700BFF8090010F7
:10081000C89A001AF89A001A109B001A2C9B001A0A
:10082000509B001A749B001AA09B001AA49A001AED
:100830007047FFFF10B572B6194B1A4A1A6004339D
:10084000194A1A60002305E0184A4FF0FF3142F8B8
:1008500023100133072BF7D962B6154B07E003F1DC
:100860000C049A6859681868FFF78FFC2346114AF0
:100870009342F4D306E01C46596854F8080BFFF77E
:1008800093FC23460C4A9342F5D301F05FF802F043
:10089000D5FCFFF7CDFFFFF733FD30BFFDE700BF0D
:1008A000003105400010DF10FFF7DF0180E200E0BB
:1008B0001401001A5001001A7801001A704770479D
:1008C000092303604FF0FF307047582303604FF057
:1008D000FF307047022904D9092303604FF0FF302D
:1008E000704701207047582303604FF0FF30704776
:1008F00002291FD82DE9F0411D461746064600245F
:10090000AC4211D200F087F9B0F1FF3FF8D004F10A
:10091000010838550D2803D00A2801D04446EFE7D6
:1009200000F079F9404603E0132333604FF0FF30C5
:10093000BDE8F081132303604FF0FF3070470229B8
:100940000CD870B51D4616460024AC4204D2305D6A
:1009500000F05CF90134F8E7284670BD132303600A
:100960004FF0FF307047FFFF054B1B6823B1044B6E
:100970001868014419607047014B024A1A60F6E793
:10098000FC090010800A001000231C2B12D810B4A0
:10099000094A02EB830112F823404A78488802EBA7
:1009A0004412064941F8220001331C2BF0D95DF8AE
:1009B000044B7047704700BF0C9C001A0060084051
:1009C00010B5174AD2F8203123F4704343F4104392
:1009D000C2F82031D2F8243123F4704343F4104399
:1009E000C2F8243101220F49062000F063FA0024E6
:1009F0004CB10B4B5A6822F00C025A605A6842F014
:100A000003025A6010BD084800EB840101238A7874
:100A1000497810F8240000F00DFE0134E8E700BF2B
:100A20000030044000CB280C089C001A08B5FFF7E2
:100A3000ABFFFFF7C5FF08BD0022052A19D870B427
:100A40000C4911F8125001EB42014C780A4B05F5A4
:100A5000006653F826100120A040014343F82610F9
:100A600003EB4513002119550132052AE8D970BC62
:100A7000704770478C9C001A00400F400023032BE6
:100A800016D830B40B4911F8132001EB43014D780F
:100A9000094C02F5006254F822100120A84021EA16
:100AA000000144F822100133032BEBD930BC70470E
:100AB000704700BF849C001A00400F400023082BA1
:100AC00016D830B40B4911F8132001EB43014D78CF
:100AD000094C02F5006254F822100120A84021EAD6
:100AE000000144F822100133082BEBD930BC7047C9
:100AF000704700BF989C001A00400F4010B582B0AC
:100B0000084C6946204600F0B9FA074A6946204673
:100B100000F01FFB00226946204600F033FB02B0C4
:100B200010BD00BF00300E40801A060010B50B4CFF
:100B3000204600F065F9636823F0040363602368CE
:100B400023F0FF0343F0070323600549204600F02C
:100B500038F9636843F00203636010BD00500C4035
:100B6000A086010008B5002000F076F9044B40F69D
:100B70000802C3F8842C0349002000F07FF908BD67
:100B80000060084040420F0010B5074C204600F0BE
:100B900025FE4FF4E131204600F06AFE0323E360B6
:100BA0000123E36510BD00BF00100C40034B5B69DF
:100BB00013F0200FFAD0014B1860704700100C4062
:100BC000054B5B6913F0010F03D0034B1868C0B2EB
:100BD00070474FF0FF30704700100C4008B5FFF72A
:100BE000D3FF094800F012FAFFF768FFFFF786FF0E
:100BF000FFF79CFFFFF7B6FFFFF71EFFFFF73EFF73
:100C000000F0ECFA08BD00BF00400F4008B5C0B2CC
:100C1000FFF7CCFF08BD08B5FFF7D2FF08BD08B548
:100C2000FFF7B2FF08BD0B6833B14A689B5A836077
:100C30004B6802334B6070474FF6FF738360F7E7F2
:100C40000B6833B14A689B5C83604B6801334B602F
:100C50007047FF238360F8E7C36813F0040F1BD0CD
:100C6000CA680B699A4216D210B40AE0CB68023304
:100C7000CB60C36813F0040F0AD0CA680B699A42AC
:100C800006D283689BB28C68002CEFD0A352EDE7AC
:100C90005DF8044B704770477047C36813F0040F4A
:100CA0001AD0CB680A69934215D210B40AE0CB6817
:100CB0000133CB60C36813F0040F09D0CB680A6915
:100CC000934205D284688A68002AF0D0D454EEE7B3
:100CD0005DF8044B704770477047FFFF034B984225
:100CE00001D083207047A520704700BF00500C4002
:100CF000044B984202D040F2022070474FF4F1704A
:100D0000704700BF00500C40036823F47F43090282
:100D100089B2194301600261704738B504460D4637
:100D2000E36813F0040F01D0A368F9E703232362FB
:100D3000236813F0080F08D122E0A36913F0010F14
:100D400039D129462046FFF787FFEA682B699A4286
:100D500002D36A68934226D9E26812F0020FECD0FF
:100D60006A689A42E9D229462046FFF75CFFE4E729
:100D7000A36913F0010F20D129462046FFF78DFF0C
:100D8000EA682B699A4202D36A6893420BD9E268F7
:100D900012F0020FECD06A689A42E9D22946204646
:100DA000FFF74EFFE4E72B680BB1686804E0AB681F
:100DB0002BB1E86800E0002038BD0020FCE70020EF
:100DC000FAE770B506460D46FFF792FF00F0CAFC41
:100DD00002224FF0FF33002100E02146AB420BD945
:100DE0004C1C02FB04F3B0FBF3F39D42F6D2FF2C44
:100DF000F3D902320021F1E73046FFF785FF70BDDD
:100E000010B50446FFF76AFF00F078FC2046FFF7B4
:100E10006FFF00F073FC636823F0040363602368D2
:100E200023F0FF0343F00703236002492046FFF746
:100E3000C8FF10BDA0860100012909D1C0EBC00088
:100E40008200044B13441A69137DDBB2042BFBD0E0
:100E5000704700BF0000001070B50546064EC40084
:100E6000221A93003344988800F048FC641BA300C6
:100E7000F3586C229A6170BD000000102DE9F0411A
:100E80000C460B4EC5002B1A4FEA830806EB0803ED
:100E9000988800F067FCB0FBF4F056F80830420880
:100EA0001A6156F808301A69801A5861BDE8F08155
:100EB0000000001070B58AB005460E4614464CF28C
:100EC00050330993062818D0002301222946042014
:100ED00000F0B0FB4A4A536C43F0010353648DF8B1
:100EE000085001A9304600F01DFB464B9E4216D922
:100EF000019B13F0400F03D0FEE700F075FAE3E723
:100F000013F0800F05D023F0800301930025012604
:100F100007E0049B013304930125002601E000252E
:100F20002E469DF80820019B43EA0263059A43EA96
:100F30000243039A43EA0233049A43EA022343F446
:100F400000632F4A53642E4B1B6C13F0010FFAD031
:100F5000002301220921042000F06CFB06B34CF2AF
:100F600050330993099B5A1E0992002BFAD1019B19
:100F700043F0800301939DF8082043EA0263059A39
:100F800043EA0243039A43EA0233049A43EA022300
:100F900043F400631A4A5364002C2ED10AB070BD8A
:100FA000002DF9D04CF250330993099B5A1E099237
:100FB000002BFAD1049B5A1E04929DF80810019B45
:100FC00043EA0163059943EA0143039943EA013384
:100FD00043EA022343F40063094A5364DCE70A4806
:100FE00000EB8401CB788A78497810F8240000F06F
:100FF00021FB0134112CF2D9D0E70024FAE700BF1D
:101000000000054080778E06B09C001A7047FFFFF5
:10101000034B984201D0032070470420704700BF63
:1010200000400E4070B50D4614461E46FFF7F0FF17
:1010300000F098FB55B104FB06F404EB400064009B
:10104000B0FBF4F0C0B20138C0B270BD04EB840351
:1010500004EB4304F1E7036823F0E06343EA016132
:1010600001607047043150F82130002B04DAC3F3DB
:1010700089131380012070470020704738B505465A
:101080000C46FFF7C5FF01231A46194600F018FB6E
:101090000021E960084A2260217161710B23284612
:1010A000FFF7C0FF000240F400132079400400F471
:1010B00060201843286038BD801A060008B54FF438
:1010C0008072C26000220260FFF7A2FF00F030FBD6
:1010D00008BD08B5FFF7C6FF08BD012A0AD01AB13E
:1010E000022A0FD000207047006BC84000F00100BA
:1010F000C0B270470831C9B2006BC84000F00100AF
:10110000C0B27047036B1B0C14BF01200020704756
:10111000012A06D0C36801228A4023EA0203C36081
:10112000704710B4C4688A401443C4605DF8044B2F
:10113000704708B5012904D932B1036843F0006350
:101140000360FFF788FF08BD036823F000630360B6
:10115000F7E770B505460E46046824F46F2424F4BE
:1011600070640A600B79C3F10B03DBB24979FFF7B6
:1011700059FF44EA002033795B0403F460230343FE
:101180002B6070BD08B50A710A68FFF7E2FF08BD61
:10119000012A0AD0026822F0E0620260036801229C
:1011A0008A4023EA02030360704710B404688A404F
:1011B000144304605DF8044B704738B504460D468F
:1011C0000021FFF748FF25B9236823F4803323600B
:1011D00038BD236843F480332360F9E708B56920FC
:1011E00000F0C0FA014B186008BD00BF540A00109F
:1011F000F0B40B6813F0800F02D023F040030B60B3
:10120000074601253AE04B6903FB02F3B3FBF5F314
:101210001CE01C46B0EB040C27D4674506D98D6052
:10122000771CCF600A618C61CB6167460132B2F5F1
:10123000807F1DDC0C6814F0400FE4D0731C02FAB0
:1012400003FC4B6903FB0CF3B3FBF5F3DFF838C089
:101250006345EBD9DFF834C0634509D814F0800F3B
:10126000D7D1741C23FA04F4D4E7CCF1000CD4E7F2
:101270000136032E01DC0122D9E70135042D01DC02
:101280000026F6E7F0BC7047FF5E4C0900D0121351
:10129000F0B599B005460C465C22002101A802F089
:1012A0004BFB802300936369059323798DF8043009
:1012B00069462846FFF79CFF069BAB4227D0EB1AF6
:1012C0002ED41E46109B23F04003109363691593A0
:1012D00023798DF8443010A92846FFF789FF169B23
:1012E000AB421FD0EB1A25D41F462B4B9D4223D96E
:1012F0000E9BED1A33D4AE423BDCBE4231DC6D4670
:101300000FCD0FC495E80F0084E80F0006E06D468E
:101310000FCD0FC495E80F0084E80F0019B0F0BDA1
:101320005B42CEE710AD0FCD0FC495E80F0084E807
:101330000F00F3E75B42D7E74023089363690D93FF
:1013400008A92846FFF754FF0E9BAB42D0D108AD49
:101350000FCD0FC495E80F0084E80F00DEE76D4263
:10136000C9E710AD0FCD0FC495E80F0084E80F005A
:10137000D4E7AF4207DB08AD0FCD0FC495E80F00EF
:1013800084E80F00CAE710AD0FCD0FC495E80F0039
:1013900084E80F00C2E700BF80778E0630B40546B0
:1013A00000231C2000E001331C2818D103EB43026A
:1013B00051000C4A0A441479844210D003EB4301D3
:1013C0004A0008498A5AAA42EDD803EB4302510069
:1013D000044A0A445288AA42E5D32046E4E730BCD6
:1013E000704700BF049D001A82B04FF47A730193D6
:1013F0000D4A936923F0020192698A4201D00A4A98
:10140000916123F00303094A1168094A914201D905
:1014100043F00403044A9361019B5A1E0192002B7E
:10142000FAD102B0704700BF00000540AC9C001A22
:10143000FF2C31011230054B53F8200010F0010F42
:1014400002D1C0F3046070471120704700000540CE
:1014500000F11202034B53F82220034B185C00EA00
:101460009200704700000540FC9C001A08B5102847
:101470000AD8DFE800F0440B0D18210924272A2D93
:1014800009093034383C400000203AE01E4838E07A
:101490001E4BD3F82C3103F00703042B01D01C485A
:1014A0002FE000202DE0194BD3F82C3103F0070377
:1014B000042B27D0164824E0164B186821E0164B61
:1014C00018681EE0154B18681BE0144B586818E0AC
:1014D00000F068F815E0002100F09AF811E0012111
:1014E00000F096F80DE0022100F092F809E00321E7
:1014F00000F08EF805E0042100F08AF801E04FF4D6
:10150000004008BD0648FCE7001BB700003004405F
:1015100040787D01809C001AAC9C001A000A0010E3
:1015200080F0FA0238B505460C460879FFF79EFFB1
:101530006061194B2B44194A934221D818B3802378
:1015400023600023A360E360B5FBF0F32361144A3A
:10155000954203D903FB00F0A84207D02146284654
:10156000FFF796FEA3688BB1013BA360236983B1AB
:10157000E2680AB1013AE260013B2361002038BD14
:101580004FF0FF30FBE74FF0FF30F8E74FF0FF3050
:10159000F5E74FF0FF30F2E7103A6BFF1005940BC0
:1015A000FF5E4C0930B583B0174D6C6CC4F303601B
:1015B000FFF75CFF154B1B6801932B6C13F0010FB9
:1015C00020D0C4F30743C4F30132C4F30121C4F3B0
:1015D0008015013301320DF1080C614411F8041C2F
:1015E00014F0800F08D13DB94900B3FBF1F3B0FB13
:1015F000F2F000FB03F003E0B0FBF2F003FB00F0BD
:1016000003B030BD0020FBE700000540F89C001A45
:1016100038B50C460846FFF70DFF05462046FFF794
:1016200017FF04462846FFF721FF0134B0FBF4F012
:1016300038BDFFFF30B400F11604A40004F180446B
:1016400004F5A02464681B2813D811291AD00E4D64
:1016500025400AB145F400650BB145F0010545EAA6
:1016600001651630800000F1804000F5A020456043
:1016700008E044F001041630800000F1804000F5DD
:10168000A020446030BC7047FEF7FFE01B280CD858
:101690001630800000F1804000F5A020406810F076
:1016A000010F04D1C0F3046070471120704711206E
:1016B000704708B5FFF7EAFFFFF7D8FE08BDFFFF48
:1016C00071B901210AB141F00401022B0AD0B0F531
:1016D000A17F0AD3A0F59170064B43F830107047F4
:1016E0000321EFE741F02001F1E72030024B43F8FE
:1016F000301070470020054000100540B0F5A17F74
:1017000009D3094AA0F5917052F8303043F0010333
:1017100042F830307047054A203052F8303043F0FC
:10172000010342F8303070470020054000100540AA
:10173000B0F5A17F09D3094AA0F5917052F8303075
:1017400023F0010342F830307047054A203052F848
:10175000303023F0010342F830307047002005405C
:101760000010054010B5B0F5A17F09D3A0F5917325
:101770000D4A52F8334014F0010F07D1002010BD7C
:1017800000F12003094A52F83340F4E7FFF706FE60
:10179000FFF78FFF14F0E00F03D10123B0FBF3F04C
:1017A000EDE70223FAE700BF0020054000100540E6
:1017B000094B984209D003F58053984207D0A3F50E
:1017C0008023984205D000207047022070470320F4
:1017D00070470120704700BF00100C4030B583B047
:1017E0000446FFF7E5FF01231A4619460E4D35F86A
:1017F0001000FFF765FF0723A3600023E365636024
:10180000E3602362E36463652365084B9C4206D072
:101810000323E3601023A362019B03B030BD0023C8
:101820002361A3690193F3E7789D001A0020084023
:1018300038B505460C46FFF7BBFF0C4B33F81000DC
:10184000FFF790FF2301B0FBF3F3D9B2EA6842F04F
:101850008002EA602960C3F307226A60EA6822F026
:101860008002EA60B0FBF3F0000938BD709D001AF9
:101870002DE9F04F83B001908846FFF799FF324B76
:1018800033F81000FFF76EFF06464FF0FF370124D4
:101890004FF0000BA246D9462AE042424B1C17E00B
:1018A0000AB31746AB46A24699460135AC421ED94B
:1018B00033093007A4FB000104FB0311621908FB84
:1018C00002F2002301F028F802460B460028E4DB70
:1018D0009742EAD3002BE8D0190CE6D1022BDFD8CF
:1018E000002DDDD0E1E71746AB46A246994601340C
:1018F0001FB10F2C01D80025D8E7B9F1000F1ED079
:10190000019A1146D36843F08003D3605FFA89F3EC
:101910001360C9F307235360D36823F08003D360B7
:101920004FEA0A13DBB20BF00F0213438B62330949
:101930000AFB03F3DA4409FB0AF9B3FBF9F9484659
:1019400003B0BDE8F08F00BF709D001A08B50B4AC8
:101950000B4B9A6003F50C731B6903F47F63202B18
:1019600004D0FFF763F8FFF739F908BD044AD2F84D
:10197000883043F47003C2F88830F2E70000001AA0
:1019800000ED00E0044B1860044A136843F00103C3
:1019900013600120704700BF38000010001000E005
:1019A00030B40B4D00EB80002C182856087094F9C9
:1019B0000110117094F902201A7094F90320029B0F
:1019C0001A7094F90420039B1A7030BC704700BF52
:1019D000809D001A10F1020F00F0C780B0F1FF3FA8
:1019E00000F0C58070B584B00C4600238DF80F3030
:1019F0008DF80E308DF80D308DF80C308DF80B30E1
:101A00000DF10B03019303AB00930DF10D030DF1E9
:101A10000E020DF10F01FFF7C3FF052C00F2A980A4
:101A2000DFE804F08109274563035348FFF7EEFA26
:101A3000012004B070BD9DF80F109DF80E309DF888
:101A40000D2042F0D00203EB41134C4941F8232012
:101A50009DF80C309DF90B20012000FA02F1464C54
:101A600003F5006354F8232022EA010244F82320FE
:101A7000DFE79DF80F109DF80E309DF80D2042F025
:101A8000C00203EB41133D4941F823209DF80C307F
:101A90009DF90B20012000FA02F1374C03F5006399
:101AA00054F8232022EA010244F82320C1E79DF8DC
:101AB0000F109DF80E309DF80D2042F0D80203EB78
:101AC00041132E4941F823209DF80C309DF90B203D
:101AD000012000FA02F1284C03F5006354F823209A
:101AE00022EA010244F82320A3E79DF80F109DF895
:101AF0000E309DF80D2042F0C80203EB41131F4940
:101B000041F823209DF80C309DF90B20012000FAAC
:101B100002F1194C03F5006354F8232022EA010274
:101B200044F8232085E79DF80F109DF80E309DF8AE
:101B30000D2042F0D00203EB4113104941F823205D
:101B40009DF80C409DF90B20012000FA02F10A4B90
:101B500004F5006553F82560314343F82510D2B2EF
:101B600003EB44130021995463E7002070470020E1
:101B7000704700205DE700BF00400F400060084054
:101B800010F1020F2DD0B0F1FF3F2CD010B584B072
:101B90000C4600238DF80F308DF80E308DF80D3087
:101BA0008DF80C308DF80B300DF10B03019303AB66
:101BB00000930DF10D030DF10E020DF10F01FFF772
:101BC000EFFE9DF80C309DF80B20211C18BF012161
:101BD0005B0103F1402303F570239954012004B005
:101BE00010BD002070470020704710F1020F2CD06C
:101BF000B0F1FF3F2BD000B585B000238DF80F303A
:101C00008DF80E308DF80D308DF80C308DF80B30CE
:101C10000DF10B03019303AB00930DF10D030DF1D7
:101C20000E020DF10F01FFF7BBFE9DF90C309DF880
:101C30000B205B0103F1402303F57023985C003017
:101C400018BF012005B05DF804FB0120704700209B
:101C50007047FFFF30B583B018B101284AD003B0F8
:101C600030BD264B6D4693E8030085E80300244C05
:101C700029462046FFF702FA00212046FFF79DFA89
:101C8000204A29462046FFF764FA00220121204617
:101C9000FFF77EFA002201212046FFF739FA0022E1
:101CA00002212046FFF774FA002202212046FFF7A6
:101CB0002FFA002203212046FFF76AFA00220321AF
:101CC0002046FFF725FA002204212046FFF760FA9C
:101CD000002204212046FFF71BFA0B4AD2F8883C69
:101CE00043F01003C2F8883C002205212046FFF78C
:101CF0000FFAB4E70248FFF7E1F9B0E7689E001A6F
:101D000000300E40400D03000060084070B582B006
:101D10000130C4B20026ADF80660114D0122214603
:101D20002846FFF735FA324601212846FFF701FA27
:101D3000002221460A48FFF7D0F90128F8D1084DC2
:101D40000DF1060221462846FFF7C3F9002221467D
:101D50002846FFF71DFABDF8060002B070BD00BFAF
:101D600000300E40014BD3E900017047100A00100B
:101D700018B1044B07221A607047024B00221A6008
:101D8000704700BF10E000E038B550EA01042AD0E7
:101D900010F1FF3241F1FF33002B08BF322A27D266
:101DA000144BC3E90001144B1B68A3FB004503FB64
:101DB00001554FF47A7200232046294600F0ACFD0D
:101DC0000138B0F1807F09D20C4B58600C4AE021F9
:101DD00082F8231000229A6007221A600120FFF780
:101DE000C7FF012038BD0020FFF7C2FF0020F9E740
:101DF0000020F7E740000010540A001010E000E057
:101E000000ED00E008B5074A13685168013341F15D
:101E1000000113605160044B1B6813B1034A106842
:101E2000984708BD100A0010180A0010080A001090
:101E300008B10020704770B50E4C0026C4F89067BA
:101E4000C523C4F88C300523C4F890300A4D2846C9
:101E5000FEF7D6FF6B6843F002036B60C4F80463BF
:101E6000064942F20C028B5843F001038B500120CB
:101E700070BD00BF0060084000500C4000400F40A3
:101E800000B587B001910023029303930493059258
:101E900018B1002007B05DF804FB01A90248FEF765
:101EA0003CFF0120F6E700BF00500C402DE9F8434D
:101EB00080468946194C45002A189300E618E758D1
:101EC0003846FFF78BFC49463846FFF7B1FC07233D
:101ED000BB603B680123FB6530797379B27942F0CE
:101EE00018020F4903EB401341F82320F079337AAD
:101EF000727A42F0D00203EB401341F82320B8F18C
:101F0000010F01D0BDE8F883064AD36C43F03003DB
:101F1000D3641A22C1F80823F4E700BF709E001AA8
:101F2000006008400010084008B5044B1B681B689F
:101F3000DB68034A1068984708BD00BF580A0010C4
:101F40001C0A001008B5FFF749F91A4B1868FFF78B
:101F500019FD01200021FFF717FF05210020FFF7E1
:101F600039FD01212420FFF735FD01212520FFF750
:101F700031FD01212620FFF72DFD01212720FFF74C
:101F800029FD00212820FFF725FD00212920FFF74A
:101F900021FD00212A20FFF71DFD00212B20FFF746
:101FA00019FD00212C20FFF715FD00212D20FFF742
:101FB00011FD08BD540A00102DE9F84380468946FA
:101FC000FFF7D0FE06460F46FFF7CCFE841B61EB01
:101FD0000705064BD3E900234046494600F09CFC28
:101FE0008D4208BF8442EFD3BDE8F8834000001063
:101FF00081F0004102E000BF83F0004330B54FEABA
:1020000041044FEA430594EA050F08BF90EA020F26
:102010001FBF54EA000C55EA020C7FEA645C7FEAB9
:10202000655C00F0E2804FEA5454D4EB5555B8BFDC
:102030006D420CDD2C4480EA020281EA030382EA4D
:10204000000083EA010180EA020281EA0303362DDF
:1020500088BF30BD11F0004F4FEA01314FF4801CB2
:102060004CEA113102D0404261EB410113F0004FC4
:102070004FEA03334CEA133302D0524263EB43037B
:1020800094EA050F00F0A780A4F10104D5F1200E19
:102090000DDB02FA0EFC22FA05F2801841F1000174
:1020A00003FA0EF2801843FA05F359410EE0A5F148
:1020B00020050EF1200E012A03FA0EFC28BF4CF079
:1020C000020C43FA05F3C01851EBE37101F000452F
:1020D00007D54FF0000EDCF1000C7EEB00006EEB3C
:1020E0000101B1F5801F1BD3B1F5001F0CD34908C6
:1020F0005FEA30004FEA3C0C04F101044FEA44521D
:1021000012F5800F80F09A80BCF1004F08BF5FEAA3
:10211000500C50F1000041EB045141EA050130BD83
:102120005FEA4C0C404141EB010111F4801FA4F126
:102130000104E9D191F0000F04BF01460020B1FA7B
:1021400081F308BF2033A3F10B03B3F120020CDAB3
:102150000C3208DD02F1140CC2F10C0201FA0CF091
:1021600021FA02F10CE002F11402D8BFC2F1200CF6
:1021700001FA02F120FA0CFCDCBF41EA0C019040AC
:10218000E41AA2BF01EB0451294330BD6FEA0404F5
:102190001F3C1CDA0C340EDC04F11404C4F12002E0
:1021A00020FA04F001FA02F340EA030021FA04F3F2
:1021B00045EA030130BDC4F10C04C4F1200220FA49
:1021C00002F001FA04F340EA0300294630BD21FA87
:1021D00004F0294630BD94F0000F83F4801306BF4D
:1021E00081F480110134013D4EE77FEA645C18BF41
:1021F0007FEA655C29D094EA050F08BF90EA020FD8
:1022000005D054EA000C04BF1946104630BD91EACF
:10221000030F1EBF0021002030BD5FEA545C05D1D2
:102220004000494128BF41F0004130BD14F5800411
:102230003CBF01F5801130BD01F0004545F0FE4185
:1022400041F470014FF0000030BD7FEA645C1ABFBA
:10225000194610467FEA655C1CBF0B46024650EAF1
:10226000013406BF52EA033591EA030F41F400211D
:1022700030BD00BF90F0000F04BF0021704730B5A3
:102280004FF4806404F132044FF000054FF0000178
:1022900050E700BF90F0000F04BF0021704730B539
:1022A0004FF4806404F1320410F0004548BF40420E
:1022B0004FF000013EE700BF42004FEAE2014FEA63
:1022C00031014FEA02701FBF12F07F4393F07F4F3E
:1022D00081F06051704732F07F4208BF704793F041
:1022E0007F4F04BF41F40021704730B54FF4607454
:1022F00001F0004521F000411CE700BF50EA010257
:1023000008BF704730B54FF000050AE050EA0102FF
:1023100008BF704730B511F0004502D5404261EB6F
:1023200041014FF4806404F132045FEA915C3FF4B0
:10233000D8AE4FF003025FEADC0C18BF03325FEA4D
:10234000DC0C18BF033202EBDC02C2F1200300FAFE
:1023500003FC20FA02F001FA03FE40EA0E0021FA23
:1023600002F11444BDE600BF70B54FF0FF0C4CF411
:10237000E06C1CEA11541DBF1CEA135594EA0C0FC3
:1023800095EA0C0F00F0DEF82C4481EA030621EAFE
:102390004C5123EA4C5350EA013518BF52EA033539
:1023A00041F4801143F4801338D0A0FB02CE4FF0EB
:1023B0000005E1FB02E506F00042E0FB03E54FF01B
:1023C0000006E1FB03569CF0000F18BF4EF0010E13
:1023D000A4F1FF04B6F5007F64F5407404D25FEA0F
:1023E0004E0E6D4146EB060642EAC62141EA5551C2
:1023F0004FEAC52040EA5E504FEACE2EB4F1FD0C04
:1024000088BFBCF5E06F1ED8BEF1004F08BF5FEA81
:10241000500E50F1000041EB045170BD06F0004633
:1024200046EA010140EA020081EA0301B4EB5C04E0
:10243000C2BFD4EB0C0541EA045170BD41F48011D8
:102440004FF0000E013C00F3AB8014F1360FDEBFFD
:10245000002001F0004170BDC4F10004203C35DAD9
:102460000C341BDC04F11404C4F1200500FA05F35C
:1024700020FA04F001FA05F240EA020001F00042FD
:1024800021F0004110EBD37021FA04F642EB060173
:102490005EEA430E08BF20EAD37070BDC4F10C049D
:1024A000C4F1200500FA04F320FA05F001FA04F261
:1024B00040EA020001F0004110EBD37041F100014D
:1024C0005EEA430E08BF20EAD37070BDC4F1200558
:1024D00000FA05F24EEA020E20FA04F301FA05F2C0
:1024E00043EA020321FA04F001F0004121FA04F268
:1024F00020EA020000EBD3705EEA430E08BF20EA38
:10250000D37070BD94F0000F0FD101F00046400071
:1025100041EB010111F4801F08BF013CF7D041EAF3
:10252000060195F0000F18BF704703F000465200F7
:1025300043EB030313F4801F08BF013DF7D043EAC8
:102540000603704794EA0C0F0CEA135518BF95EA7E
:102550000C0F0CD050EA410618BF52EA4306D1D105
:1025600081EA030101F000414FF0000070BD50EA24
:10257000410606BF1046194652EA430619D094EAAE
:102580000C0F02D150EA013613D195EA0C0F05D198
:1025900052EA03361CBF104619460AD181EA0301EC
:1025A00001F0004141F0FE4141F470014FF00000A4
:1025B00070BD41F0FE4141F4780170BD70B54FF03F
:1025C000FF0C4CF4E06C1CEA11541DBF1CEA1355BF
:1025D00094EA0C0F95EA0C0F00F0A7F8A4EB0504A1
:1025E00081EA030E52EA03354FEA013100F0888098
:1025F0004FEA03334FF0805545EA131343EA126361
:102600004FEA022245EA111545EA10654FEA002615
:102610000EF000419D4208BF964244F1FD0404F5CE
:10262000407402D25B084FEA3202B61A65EB03052A
:102630005B084FEA32024FF480104FF4002CB6EBE7
:10264000020E75EB030E22BFB61A754640EA0C0067
:102650005B084FEA3202B6EB020E75EB030E22BFA7
:10266000B61A754640EA5C005B084FEA3202B6EBE8
:10267000020E75EB030E22BFB61A754640EA9C00A7
:102680005B084FEA3202B6EB020E75EB030E22BF77
:10269000B61A754640EADC0055EA060E18D04FEA35
:1026A000051545EA16754FEA06164FEAC30343EAD5
:1026B00052734FEAC2025FEA1C1CC0D111F4801FA2
:1026C0000BD141EA00014FF000004FF0004CB6E79B
:1026D00011F4801F04BF01430020B4F1FD0C88BF3A
:1026E000BCF5E06F3FF6AFAEB5EB030C04BFB6EB45
:1026F000020C5FEA500C50F1000041EB045170BD38
:102700000EF0004E4EEA113114EB5C04C2BFD4EB64
:102710000C0541EA045170BD41F480114FF0000EE8
:10272000013C90E645EA060E8DE60CEA135594EA64
:102730000C0F08BF95EA0C0F3FF43BAF94EA0C0F67
:102740000AD150EA01347FF434AF95EA0C0F7FF4DC
:1027500025AF104619462CE795EA0C0F06D152EA30
:1027600003353FF4FDAE1046194622E750EA410614
:1027700018BF52EA43067FF4C5AE50EA41047FF425
:102780000DAF52EA43057FF4EBAE12E74FF0FF3C8A
:1027900006E000BF4FF0010C02E000BF4FF0010C5B
:1027A0004DF804CD4FEA410C7FEA6C5C4FEA430CD4
:1027B00018BF7FEA6C5C1BD001B050EA410C0CBF23
:1027C00052EA430C91EA030F02BF90EA020F002085
:1027D000704710F1000F91EA030F58BF994208BFEC
:1027E00090422CBFD8176FEAE37040F001007047A9
:1027F0004FEA410C7FEA6C5C02D150EA013C07D100
:102800004FEA430C7FEA6C5CD6D152EA033CD3D04A
:102810005DF8040B704700BF8446104662468C4644
:102820001946634600E000BF01B5FFF7B7FF002877
:1028300048BF10F1000F01BD4DF808EDFFF7F4FFA0
:102840000CBF012000205DF808FB00BF4DF808ED2B
:10285000FFF7EAFF34BF012000205DF808FB00BF4E
:102860004DF808EDFFF7E0FF94BF012000205DF870
:1028700008FB00BF4DF808EDFFF7CEFF94BF012025
:1028800000205DF808FB00BF4DF808EDFFF7C4FF1E
:1028900034BF012000205DF808FB00BF4FEA410C67
:1028A0007FEA6C5C02D150EA013C0AD14FEA430C4A
:1028B0007FEA6C5C02D152EA033C02D14FF0000087
:1028C00070474FF0010070474FEA410212F50012C5
:1028D00015D211D56FF47873B3EB625212D94FEA67
:1028E000C12343F0004343EA505311F0004F23FA51
:1028F00002F018BF404270474FF00000704750EAA6
:10290000013005D111F0004008BF6FF00040704762
:102910004FF00000704700BF53B94AB9002908BF03
:1029200000281CBF4FF0FF314FF0FF3000F074B9AA
:10293000ADF1080C6DE904CE00F006F8DDF804E016
:10294000DDE9022304B070472DE9F047089E0446F4
:102950008846002B40F085808A42154648D9B2FA55
:1029600082F24AB1C2F1200701FA02F320FA07F716
:10297000954047EA030894404FEA154E230CB8FBF4
:10298000FEF71FFA85FC0EFB178843EA084307FB96
:102990000CF1994209D9EB1807F1FF3080F0E38080
:1029A000994240F2E080023F2B445B1AA4B2B3FB91
:1029B000FEF00EFB103344EA034400FB0CFCA4457C
:1029C00009D92C1900F1FF3380F0CB80A44540F2E7
:1029D000C88002382C4440EA0740A4EB0C040027CE
:1029E0001EB1D4400023C6E900433946BDE8F08754
:1029F000002A53D0B2FA82F2002A40F0B680491B76
:102A00004FEA154E1FFA85F80127B1FBFEFC230C97
:102A10000EFB1C1143EA014308FB0CF1994207D954
:102A2000EB180CF1FF3002D2994200F2EC808446A0
:102A3000591AA3B2B1FBFEF00EFB101443EA044492
:102A400008FB00F8A04507D92C1900F1FF3302D28A
:102A5000A04500F2DC801846A4EB080440EA0C40D4
:102A6000BEE78B4208D9002E78D00027C6E90001C6
:102A700038463946BDE8F087B3FA83F77FB98B4211
:102A800002D3824200F2BD80841A61EB030301206D
:102A90009846002EA9D0C6E90048A6E7FFDEC7F198
:102AA0002005BB4022FA05FC4CEA030C01FA07F4AE
:102AB00020FA05F821FA05F34FEA1C4E48EA04040F
:102AC000B3FBFEF9210C0EFB19331FFA8CF841EA17
:102AD000034309FB08FA9A4502FA07F200FA07F1E4
:102AE0000BD91CEB030309F1FF3080F088809A4575
:102AF00040F28580A9F102096344A3EB0A03A4B262
:102B0000B3FBFEF00EFB103344EA034400FB08F86D
:102B1000A04508D91CEB040400F1FF336BD2A0459B
:102B200069D90238644440EA0940A4EB0804A0FBD8
:102B300002894C45C6464B4654D351D0002E69D02D
:102B4000B1EB0E0264EB030404FA05F522FA07F375
:102B5000FC401D43C6E90054002746E7374630468F
:102B600043E7184637E707461FE7C2F1200320FA7C
:102B700003F7954001FA02F021FA03F34FEA154EEC
:102B80003843010CB3FBFEF71FFA85F80EFB173331
:102B900041EA034107FB08F38B4204FA02F407D928
:102BA000691807F1FF3C28D28B4226D9023F2944FD
:102BB000CB1A81B2B3FBFEF00EFB103341EA0341A6
:102BC00000FB08F38B4207D9691800F1FF3C10D2D3
:102BD0008B420ED902382944C91A40EA074714E744
:102BE0004145ABD2B8EB020E69EB0C02013813463B
:102BF000A4E76046F0E7184695E76746D8E78146C0
:102C00007BE7384645E7ACF1020C2B4410E702386D
:102C10002C4421E73746E8E6704700BF70B500292D
:102C20004AD005460C4610B1836B002B47D0636E2B
:102C3000B4F90C20D80732D5002A3DD021462846C9
:102C400000F054F8E36A064633B1E1692846984734
:102C50000028B8BF4FF0FF36A3891A063CD4216B79
:102C600041B104F14003994202D0284600F0C6F970
:102C700000232363616C21B1284600F0BFF90023D3
:102C8000636400F05FF9636E0022DB07A28128D540
:102C9000A06D00F0F9FA00F05BF9304670BD9105C7
:102CA000CCD4A06D00F0F2FAB4F90C30002BC5D1F1
:102CB000666E16F001060AD00026304670BD00F0A0
:102CC00017F9636EB4F90C20D807B5D4E7E7A06D07
:102CD00000F0DEFA304670BD2169284600F08EF91A
:102CE000BDE7A06D00F0D4FAD2E700BFB1F90C3017
:102CF0009AB22DE9F0410C461107804648D462682B
:102D000043F40063002AA3815DDDA56A002D57D03E
:102D100000229BB2D8F80060E169C8F8002013F4E3
:102D2000805254D101234046A847431C024665D037
:102D3000A389A56AE1695F0705D56068236B121A4C
:102D40000BB1E36BD21A00234046A847451C48D17B
:102D5000D8F80020B4F90C30002A5CD01D2A01D02C
:102D6000162A64D122690021C4E9002123F40063FA
:102D7000A381216BC8F8006011B304F140039942AC
:102D800002D0404600F03AF900202063BDE8F0810F
:102D90002669AEB12568266091070CBF63690023E0
:102DA000AD1BA3600AE02B463246676AE1694046E4
:102DB000B8470028A5EB000506440ADD002DF2DC2B
:102DC0000020BDE8F081E26B002A9EDCF8E7226D6E
:102DD000B1E7A38943F04003A3814FF0FF30BDE882
:102DE000F081B4F90C302269226023F400630022E0
:102DF0006260DA04A381BCD52065BAE7D8F8003058
:102E0000002B95D01D2B0FD0162B0DD0A38943F08E
:102E10004003A381D5E723F400632169A381DB0488
:102E2000C4E90012A5D5E7E7C8F80060C8E743F099
:102E30004003A381C5E700BF38B50D46044608B17D
:102E4000836BA3B1B5F90C00B8B16B6EDB0701D48D
:102E5000810515D520462946FFF748FF6B6EDA0736
:102E6000044602D4AB899B050ED5204638BD00F040
:102E70003FF8B5F90C000028E7D10446204638BDDC
:102E8000A86D00F003FAE5E7A86D00F001FA20460E
:102E900038BD00BF10B5002304468181C281C0E95E
:102EA000003383604366C0E9043383611946082216
:102EB0005C3000F041FD07480749084A084BE362CF
:102EC000C4E90740C4E9091204F15800BDE8104004
:102ED00000F0D8B9093B001A2D3B001A6D3B001ACF
:102EE0008D3B001A014900F07FB900BF1D2C001A6C
:102EF00010B50446114800F0C9F9A26BC2B904F537
:102F00003B730F48C4F8E0220321C4E9B913E0631E
:102F100004216068FFF7BEFF01220921A068FFF7C6
:102F2000B9FF02221221E068FFF7B4FF0123A36377
:102F30000248BDE8104000F0ABB900BF680A0010BD
:102F4000E52E001A014800F0A1B900BF7C0A00106C
:102F5000014800F09DB900BF7C0A0010F8B5244F6D
:102F60000C46064600F038FDBB685D68C4F57E611E
:102F70000F3125F00305294421F47F6121F00F0171
:102F8000A1F58054B4F5805F07DB00213046FDF7E2
:102F9000EBFCBB682B44984204D0304600F022FD85
:102FA0000020F8BD61423046FDF7DEFC01300DD057
:102FB000104BBA6819682D1B45F001053046091BF6
:102FC0005560196000F00EFD0120F8BD002130466B
:102FD000FDF7CAFCBA68831A0F2BDEDD064C0549E3
:102FE000246843F00103001B53600860D5E700BF6D
:102FF00078040010200A00108008001000295DD01D
:10300000F8B50F46064600F0E7FC57F804CC734CC1
:103010002CF00103A7F10800C218A168556891427D
:1030200025F003057FD01CF0010F556002EB050170
:1030300033D157F808EC4968A0EB0E0004F1080CF6
:1030400087686745734401F0010160D0D0F80CE057
:10305000C7F80CE0CEF80870002900F0898043F032
:10306000010141601360B3F5007F30D2DB08591CC9
:1030700065689A10012393402B4304EBC10254F876
:1030800031506360083AC0E9025244F83100E86008
:103090003046BDE8F84000F0A5BC4968C9070ED429
:1030A0002B4404F1080C9168614543F0010567D099
:1030B000D268CA6091604560C350D4E7704743F05E
:1030C0000101B3F5007F47F8041C1360CED35A0A00
:1030D000042A42D89A0902F13907FF0002F13801A7
:1030E000E519E259083D954251D0516821F003019C
:1030F000994202D992689542F7D1D568C0E9022574
:10310000A860D0603046BDE8F84000F06BBC0029F4
:103110005ED1D2E902122B4443F00104CA609160EF
:103120004460C350B4E71CF0010F2B4407D157F89B
:10313000082C801A1344D0E90212CA609160284A10
:10314000126843F001019A424160A060A0D8254B6B
:1031500030461968FFF702FF9AE7142A0AD9542A61
:103160001DD81A0B02F16F07FF0002F16E01B7E7DD
:103170002B4498E702F15C07FF0002F15B01AFE727
:10318000C4E90400C0E902CC4560C35080E763682D
:103190008910012707FA01F119436160AEE7B2F522
:1031A000AA7F06D8DA0B02F17807FF0002F1770157
:1031B00096E740F254518A4206D89A0C02F17D07F4
:1031C000FF0002F17C018BE74FF47E777E2187E7D9
:1031D00043F00101416013605AE700BF780400101A
:1031E00084080010500A00102DE9F84310F53877D4
:1031F0001FD0884606464FF00009D7E90154013D2B
:1032000011D4A389012B05F1FF3508D9B4F90E308B
:1032100001332146304602D0C04749EA00096B1C01
:1032200004F16804EDD13F68002FE6D14846BDE8BF
:10323000F883B9464846BDE8F88300BF70B50D4E27
:103240000D4D761BB61006D00024013455F8043B12
:103250009847A642F9D1094E094D761BFDF72FFB81
:10326000B61006D00024013455F8043B9847A64216
:10327000F9D170BD5CA1001A5CA1001A60A1001A0E
:103280005CA1001A704700BF704700BF704700BFC5
:10329000704700BF2DE9F04F01F10B05162D83B0EB
:1032A000064623D8102900F2B98000F095FB1025BE
:1032B00018230220BA4F3B44A3F108025C689442F1
:1032C00000F0B980636823F003032344D4E902517A
:1032D0005A68E96042F0010230468D605A6000F0A1
:1032E00081FB0834204603B0BDE8F08F35F00705B8
:1032F00000F19480A94200F2918000F06DFBB5F5D9
:10330000FC7FC0F0A2816B0A00F08F80042B00F2DA
:103310007881AB0903F1390003F1380CC300A04FE9
:103320003B44A3F108015C68A14206D10CE0002AED
:1033300080F22781E468A14206D0636823F003038A
:103340005A1B0F2AF3DD60463C69DFF868C264450A
:103350007CD0636823F003035A1B0F2A00F3838198
:10336000002AC7E904CC80F27481B3F5007F80F0B5
:103370002581DB08591C7A6857F83180C4F8088029
:103380004FF0010E9B100EFA03F307EBC10E13432F
:10339000AEF10802E2607B6047F83140C8F80C40AB
:1033A0008210012494409C4256D81C4206D120F041
:1033B000030064001C4200F10400FAD007EBC009CE
:1033C000CE468046DEF80C309E4507D125E1002A26
:1033D00080F22C81DB689E4500F01F81596821F046
:1033E00003014A1B0F2AF2DDD3E9028E5C1945F076
:1033F00001055D6042F00105C8F80CE03046CEF8EA
:103400000880C7E90444C4E902CC65605A500093BF
:1034100000F0E8FA009B03F1080402E00C2333609B
:103420000024204603B0BDE8F08F4FF40073402025
:103430004FF03F0C73E7DC68A34208BF02307FF413
:1034400041AF3C69DFF86CC1644582D17B68821072
:10345000012494409C42A8D9BC68636823F0030807
:10346000A84503D3A8EB05030F2B7ADCDFF84891BE
:103470004C4BD9F800201B6801322B4404EB080A9E
:1034800000F03C8103F580530F3323F47F6B2BF066
:103490000F0B59463046FDF767FA411C024600F013
:1034A000FC80824500F2F7803F4B18685844186052
:1034B000014600F05781D9F80000019301301BBF8D
:1034C000A2EB0A0A5144C9F80020196012F0070A59
:1034D00000F02081CAF108010A44CAF580519344E2
:1034E0000831A1EB0B01C1F30B09494630460092AC
:1034F000FDF73AFA421CDDE9002300F05881801AFA
:1035000000EB090B1868BA604BF001014844BC425B
:103510005160186000F03281B8F10F0F40F2308135
:103520006168A8F10C0C2CF0070C01F0010104EB10
:103530000C0E41EA0C014FF00508BCF10F0F616061
:10354000CEE9018800F23B8151681446174B1A6896
:10355000824238BF1860164B1A68824238BF186022
:103560009DE0621943F0010345F0010565603046B6
:10357000BA60536000F036FA0834204603B0BDE864
:10358000F08F2344E1685A68A56842F00102E960BF
:1035900030468D605A6000F025FA083441E700BFDC
:1035A00078040010500A0010200A0010480A001089
:1035B0004C0A001080040010800800105A0A042AE7
:1035C00063D9142A00F2B78002F15C01C9005B32B2
:1035D00007EB010E7958AEF1080E8E4500F0918090
:1035E0004A6822F003029A4202D989688E45F7D1CF
:1035F000D1F80CE07B68C4E9021ECEF80840CC602C
:10360000CEE6142B59D9542B00F29D802B0B03F1DD
:103610006F0003F16E0CC30081E608F1010818F099
:10362000030F0EF1080E7FF4CDAE51E019441C4695
:103630004A68DB6854F8085F42F001024A6030468D
:10364000EB609D6000F0CEF9EBE6E80805F10803B9
:1036500030E6234430465A6842F001025A6008348A
:1036600000F0C0F9DDE6611945F0010E42F00105F8
:10367000C4F804E03046C7E90411C1E902CC4D604A
:10368000E25000F0AFF90834CBE69A0902F13901B3
:10369000C90038329CE7BC425FD0BC68616821F049
:1036A000030BAB45ABEB050302D30F2B3FF759AF31
:1036B000304600F097F90024B3E603F15C0003F113
:1036C0005B0CC3002BE659F808394B4540F0968057
:1036D00010F0030F00F1FF30F5D17B6823EA0403FB
:1036E0007B6064009C423FF6B7AE1CB9B4E6640050
:1036F00008F104081C42FAD040465FE603F1100BC3
:10370000C7E67B6892104FF0010808FA02F21343F3
:103710007B6070E702EB0B004042C0F30B094946A7
:1037200030460092FDF720F9431CDDE900237FF4C9
:10373000E6AED146E6E6542A25D81A0B02F16F010F
:10374000C9006E3244E7B3F5AA7F25D8EB0B03F12D
:10375000780003F1770CC300E1E5294B196859445F
:103760001960A8E6CAF30B0CBCF1000F7FF4A3AEFE
:10377000C344BC684BF001016160E7E61446E5E62E
:103780000123536094E7B2F5AA7F23D8DA0B02F144
:103790007801C90077321BE740F25452934223D894
:1037A000AB0C03F17D0003F17C0CC300B7E5AAF17B
:1037B000080AD344ABEB020B4FF00009A2E604F178
:1037C000080130460093FFF719FCBC68009B616854
:1037D0001868BBE640F254518A420BD89A0C02F1A9
:1037E0007D01C9007C32F3E64FF47E737F204FF0F9
:1037F0007E0C94E54FF47E717E22E9E67B6870E7EB
:10380000200A0010844641EA000313F003036DD13F
:10381000403A41D351F8043B40F8043B51F8043B93
:1038200040F8043B51F8043B40F8043B51F8043B9A
:1038300040F8043B51F8043B40F8043B51F8043B8A
:1038400040F8043B51F8043B40F8043B51F8043B7A
:1038500040F8043B51F8043B40F8043B51F8043B6A
:1038600040F8043B51F8043B40F8043B51F8043B5A
:1038700040F8043B51F8043B40F8043B51F8043B4A
:1038800040F8043B51F8043B40F8043B51F8043B3A
:1038900040F8043B403ABDD2303211D351F8043BDA
:1038A00040F8043B51F8043B40F8043B51F8043B1A
:1038B00040F8043B51F8043B40F8043B103AEDD289
:1038C0000C3205D351F8043B40F8043B043AF9D2DA
:1038D000043208D0D2071CBF11F8013B00F8013BAD
:1038E00001D30B8803806046704700BF082A13D3BA
:1038F0008B078DD010F003038AD0C3F10403D21AD2
:10390000DB071CBF11F8013B00F8013B80D331F805
:10391000023B20F8023B7BE7043AD9D3013A11F885
:10392000013B00F8013BF9D20B7803704B784370F0
:103930008B78837060467047F0B4860746D0541E7B
:10394000002A3CD0CAB2034602E014F1FF3436D359
:1039500003F8012B9D07F8D1032C29D9CDB245EAF4
:1039600005250F2C45EA054533D9A4F11006360983
:1039700003F1200707EB061703F1100242E9045593
:1039800042E902551032BA42F8D1721C14F00C0F01
:1039900003EB021204F00F0613D0331F23F00303CE
:1039A0000433134442F8045B9342FBD106F0030452
:1039B0002CB1C9B21C4403F8011B9C42FBD1F0BCE2
:1039C000704734461346002CF3D1F8E714460346FB
:1039D000C2E71A462646E0E70148FFF757BC00BF9A
:1039E0006C0A00100148FFF753BC00BF6C0A0010BE
:1039F0000FB400B5074983B004AB086853F8042B33
:103A00008168019301F06CFE03B05DF804EB04B033
:103A1000704700BF4800001070B5054688B00846E2
:103A20000C4600F0CDF8224AAB6B04940126441CEE
:103A300004A90692022203940590AC680796CDE98A
:103A400001121BB3616EB4F90C30CE079AB201D4E7
:103A5000900525D5910406D4626E43F4005322F4F8
:103A60000052A3816266284601AA214604F04AFC5E
:103A7000636E002814BF4FF0FF350A25DA0702D421
:103A8000A3899B0506D5284608B070BD2846FFF7D8
:103A90002FFAD7E7A06DFFF7FBFB284608B070BDF3
:103AA000A06DFFF7F3FBB4F90C309AB2D2E700BF78
:103AB000E897001A024B01461868FFF7ADBF00BF38
:103AC000480000100EB430B59CB01FAB0C4C0D4D2F
:103AD00053F8042B0193014602910691206802A934
:103AE0006FF000440794CDE9044500F0D9F8029B3B
:103AF00000221A701CB0BDE8304003B0704700BF10
:103B0000480000100802FFFF10B50C46B1F90E1076
:103B1000FCF7EEFE002803DB236D0344236510BD94
:103B2000A38923F48053A38110BD00BF2DE9F04188
:103B30001646B1F90C201F46D3050C460546B1F9CF
:103B40000E1009D422F48052A2813B463246284608
:103B5000BDE8F041FCF7F3BE00220223FCF7C3FEF0
:103B6000B4F90C20B4F90E10ECE700BF10B50C4608
:103B7000B1F90E10FCF7B7FEA389421C0EBF23F467
:103B8000805343F480532065A38110BDB1F90E101A
:103B9000FCF796BEFFFFFFFFFFFFFFFFFFFFFFFFEA
:103BA000FFFFFFFFFFFFFFFFFFFFFFFFFFFFFFFF25
:103BB000FFFFFFFFFFFFFFFFFFFFFFFFFFFFFFFF15
:103BC00090F800F06DE9024520F007016FF0000C5D
:103BD00010F0070491F820F040F049804FF0000405
:103BE0006FF00700D1E9002391F840F000F10800E0
:103BF00082FA4CF2A4FA8CF283FA4CF3A2FA8CF318
:103C00004BBBD1E9022382FA4CF200F10800A4FA7E
:103C10008CF283FA4CF3A2FA8CF3E3B9D1E90423D2
:103C200082FA4CF200F10800A4FA8CF283FA4CF309
:103C3000A2FA8CF37BB9D1E9062301F1200182FAC3
:103C40004CF200F10800A4FA8CF283FA4CF3A2FAC9
:103C50008CF3002BC6D0002A04BF04301A4612BAD7
:103C6000B2FA82F2FDE8024500EBD2007047D1E9DA
:103C7000002304F00305C4F100004FEAC50514F069
:103C8000040F91F840F00CFA05F562EA05021CBF3A
:103C900063EA050362464FF00004A9E7FFFFFFFF58
:103CA0002DE9F04FD5B00C46079193460993069045
:103CB00004F0ACFC036815931846FFF781FFA38955
:103CC00013901D0603D52369002B01F018800023F3
:103CD0005E469FED917B1293CDE9293314931693A1
:103CE000CDE91833179304932BAB28939946337877
:103CF0008DED107B002B00F07781252B00F0C48622
:103D0000354603E0252B00F0968025466B786C1C29
:103D1000002BF7D1A71B00F06781DDE929320133C1
:103D20003A44072BC9F80060C9F80470CDE929327C
:103D300000F3848009F10809049A6B783A440492EC
:103D4000002B00F05181002394F8018005938DF839
:103D50008330029304F1010B4FF0FF3A2B2720210F
:103D60000BF1010BA8F120035A2B00F26C83DFE862
:103D700013F04B036A036A0344036A036A036A038A
:103D800021036A036A03150210026A03CB00F601DD
:103D90006A03EF01A800A800A800A800A800A800D6
:103DA000A800A800A8006A036A036A036A036A03FA
:103DB0006A036A03DF026A0323029601DF02DF025D
:103DC000DF026A036A036A036A038F016A036A03F4
:103DD0007E016A036A036A0352016A03CA016A0325
:103DE0006A03B7006A036A036A036A036A036A0321
:103DF0006A036A03DF026A032302D901DF02DF02DA
:103E0000DF02BF01D9015B006A0347016A031E019B
:103E10000C01DB005B006A0352015F0055036A037B
:103E20006A0389006A035F00029B43F02003029348
:103E30009BF8008094E7A71B85D06EE728AADDE9F0
:103E4000060105F04DFA80B90DF1AC0974E728AA16
:103E5000DDE9060105F044FA002800F02182089B04
:103E60001BB108990698FFF7C9F8079B9B8913F0C7
:103E7000400F049B18BF4FF0FF330493049855B0D4
:103E8000BDE8F08F264B1493029B99062DD5099C13
:103E9000073424F00703F3E802450993029AD60792
:103EA0000AD554EA050307D0302342F002028DF808
:103EB000858002928DF88430029B23F48067022370
:103EC00044E0A8F1300300221BF8018B02EB8202D0
:103ED00003EB4202A8F13003092BF5D9059241E723
:103EE000104B1493029B9906D1D4099B53F8044BB1
:103EF0000993029BDA0600F1EF85029B5B0640F115
:103F0000E785A4B20025C9E79BF80080029B43F037
:103F10000403029324E700BF00000000000000003B
:103F2000CC9F001AE09F001A099C47F6300254F813
:103F3000043BADF88420029A09941C469D4B1493CF
:103F400042F00207002502234FF0780800228DF886
:103F50008320BAF1FF3F00F09B8227F0800202929B
:103F600054EA050240F09382BAF1000F40F09084C9
:103F7000002B40F0B88017F0010700F0A785302330
:103F80008DF84F310DF24F1674E2029FBE0674D4C5
:103F9000029B099ADD0652F8044B01F19983029FB6
:103FA000780641F170800992A4B200256CE0029974
:103FB000099A8C0602F1040300F19185029AD00659
:103FC00000F1EE87029A510601F1A680029A92054D
:103FD00040F1E687099A09931268049B13705E46C4
:103FE0003378002B7FF489AE2A9B002B3FF43DAF42
:103FF000079C069828AA214605F072F9A38936E79E
:104000009BF80080029BB8F16C0F00F0638643F0D0
:1040100010030293A4E6099C54F8046B00258DF864
:104020008350002E00F07A86BAF1FF3F00F0F98746
:1040300052462946304604F06BFB0890002801F0F8
:104040005081089BAA469F1BCDE90EAA27EAE77379
:104050009DF8832009940393CDF820A0CDF830A0DB
:10406000002A00F0BB80039B01330393B6E0029B60
:1040700043F010079B0640F11786099C073424F093
:104080000703F3E80245099327F4806700235DE7FF
:10409000029B9BF8008043F00803029360E6029BBA
:1040A0009C0643F0100740F1F185099C073424F089
:1040B00007031946F1E80223099114461D46002A18
:1040C00073F10003C0F2D784BAF1FF3F00F0C7815B
:1040D00027F08003029354EA050340F0BF81BAF150
:1040E000000F41F03F804FF0000A574654AEC1E147
:1040F0009BF80080029BB8F1680F00F0E28543F066
:10410000400302932CE6029B9A0643F0100740F10D
:10411000F184099C073424F00703F3E8024509936E
:10412000012313E7029FB806BFD4099B1A1D029B07
:10413000D90601F1D082029F3B465B0640F196878B
:10414000099B0992B3F90040E51722462B46B6E7D2
:10415000029B9BF8008043F08003029300E65A46DE
:1041600012F8018BB8F12A0F01F08E82A8F130030A
:10417000092B93464FF0000A3FF6F4AD1BF8018B74
:104180000AEB8A0A03EB4A0AA8F13003092BF5D996
:10419000E8E58DF883709BF80080E1E5099B9BF8CA
:1041A000008053F8042B0592002AC0F285850993FC
:1041B000D6E500BFCC9F001A099C002354F8042BBD
:1041C0008DF8EC2001271A4603970994CDE90E22B9
:1041D0008DF88330089292460C923BAE029B13F00E
:1041E00002030A9302D0039B02330393029B2A9C8F
:1041F00013F084030B9304D1059B03995D1A002DE2
:104200005ADC72B1299A013201340DF18300012187
:10421000072ACDE92924C9E9000100F3E98209F15F
:1042200008090A9B6BB1299B0133023421A90222A0
:10423000072BCDE92934C9E9001200F3E58209F121
:1042400008090B9B802B00F0F881AAEB0705002DD5
:1042500000F33682029BDA0500F18581299BC9F8BB
:10426000006001333C44072B2A94C9F80470299359
:1042700000F3B28209F10809029B590705D5059B95
:10428000039A9D1A002D00F3CB82DDE904320399D5
:104290008A42ACBF9B185B180493002C7FF4D7AD07
:1042A00000232993089B1BB108990698FEF7A6FEE8
:1042B0000DF1AC095E4693E6102D299A29DD2046C2
:1042C00049461023B1461E97069C079E04E0103D08
:1042D000102D01F1080118DD0132C44F1030072AFA
:1042E000CDE92920C1E90073F1DD28AA3146204635
:1042F00004F0F6FF00287FF4B2AD103D102DDDE98B
:1043000029202BA94FF01003E6DC1E9F4E460446E1
:1043100089460132B54B2C44072ACDE92924C9E945
:10432000003500F3C98509F108099DF8832068E785
:10433000099C073424F00703B3EC027B55EC174BC0
:10434000099325F000431B938DED1A7ADDE91A01DC
:104350004FF0FF32A64B8DED107BFEF79FFA002841
:1043600040F0D1834FF0FF32A14BDDE91A01FEF797
:1043700077FA002840F0C783002200232046294610
:10438000FEF764FA002840F0A0869DF88320994E3D
:10439000994B02980021032720F080000397089191
:1043A0000290B8F1470FC8BF1E468A460C91CDE96E
:1043B0000E1155E6069D284604F028F94368179328
:1043C0001846FFF7FDFB19900446284604F01EF935
:1043D000836818932021002C3FF42AAD189B9BF88A
:1043E0000080002B3FF4BCAC1B78002B3FF4B8AC32
:1043F000029B43F480630293B2E4029B9BF800802B
:1044000043F001030293ABE49DF883309BF80080F6
:10441000002B7FF4A5AC8DF88310A1E4029F3B46EE
:104420009B063FF576AE029B099ADE0652F8044BD6
:1044300001F14B81029F7D0640F12F860992A4B2C3
:104440000025012382E5B8F1000F3FF4CDAD002334
:1044500001271A4603978DF8EC80B7E6029F002DDE
:1044600008BF0A2C39D2303402978DF84F4101270A
:104470000DF24F160023574508930C93CDE90E33E8
:104480003B46B8BF53469DF883200393E8E5029F5F
:10449000012BE4D0022B00F0028254A900E0314647
:1044A000E20842EA4572E80804F0070305461446AC
:1044B000303354EA050201F8013C01F1FF36EED138
:1044C000F8074CD5302B4AD03023023906F8013C8E
:1044D00054AB02970E465F1ACCE707F480630022C4
:1044E000CDF808B0CDF80C80CDF8209054AEB94688
:1044F0009346DDF860801F4607E0FEF70DFA002DB9
:1045000008BF0A2C20D304460D460A220023204669
:104510002946FEF701FA02F1300C06F801CC2046DC
:1045200029460A2200230BF1010B013E002FE4D0A3
:1045300098F800C0E345E0D1BBF1FF0FDDD09D420C
:1045400008BF944280F06986CDF848B0CDF860800D
:104550004F46DDF808B0DDF80C80DDF820900297BA
:1045600054AB9F1B86E7B8F1650F40F3E380002250
:104570000023DDE91001FEF75FF9002800F0A881B3
:10458000299B1E4AC9F80020013301340122072B60
:10459000CDE92934C9F8042000F3D18409F10809D0
:1045A000229B129A2A9C934280F28A82299B159A16
:1045B000C9F80020139AC9F8042001331444072BCA
:1045C000CDE9293400F38F8309F10809129B5D1EA0
:1045D000002D7FF751AE102D299A094B40F3BC8472
:1045E0001026DDE906789A4612E000BF00A0001A06
:1045F000FFFFEF7FBC9F001AC09F001AFC9F001AAC
:1046000010A0001A09F10809103D102D40F3A384F1
:1046100001321034072ACDE92924C9E900A6F1DDC9
:1046200028AA4146384604F05BFE00287FF417AC08
:10463000DDE929240DF1AC09E6E7059B039A9D1AF3
:10464000002D7FF702AE102D299A9F4B28DD2046C2
:104650000A974946069CB1461F46079E04E0103D56
:10466000102D01F1080116DD013210301023072A48
:10467000CDE929200F604B60F1DD28AA31462046A4
:1046800004F02EFE00287FF4EAAB103D102DDDE98A
:1046900029202BA9E8DC3B460A9F4E460446894662
:1046A00001322C44072ACDE92924C9E9003500F359
:1046B0006A84AAEB0705002D09F108097FF7CAAD46
:1046C000102D299A804B29DD20460A9749464FF044
:1046D000100AB146069C079E1F4604E0103D102DAF
:1046E00001F1080115DD01321030072ACDE929203A
:1046F000C1E9007AF2DD28AA3146204604F0F0FD37
:1047000000287FF4ACAB103D102DDDE929202BA94A
:10471000E9DC3B460A9F4E460446894601322C445A
:10472000072ACDE92924C9E9003500F3978109F169
:1047300008098FE5129A299B012A04F1010403F16B
:10474000010509F1080740F348810123072DC9F845
:104750000060CDE92954C9F8043000F39881139B17
:10476000159A691C1C4407290B91CDE92914C7E946
:10477000002300F3988108370B9A129D02F1010A79
:1047800000230022DDE91001CDF828A007F1080977
:1047900005F1FF38FEF750F8002840F031810A9B00
:1047A000C7F8048001364444072B3E602A942993BD
:1047B00000F367830B9A07F1100302324F460A9207
:1047C0009946169A7A6014440A9A2A9424AB072AC6
:1047D00029923B607FF750AD28AADDE9060104F07D
:1047E0007FFD00287FF43BAB2A9C0DF1AC0943E52B
:1047F00028AADDE9060104F073FD00287FF42FAB41
:104800002A9C0DF1AC090CE528AADDE9060104F0AB
:1048100067FD00287FF423AB2A9C0DF1AC0910E55D
:10482000102D299B20DD1026DDE9067804E0103DDF
:10483000102D09F1080917DD0133244A1034072B24
:10484000CDE92934C9E90026F1DD28AA41463846D8
:1048500004F046FD00287FF402AB103D102DDDE989
:1048600029340DF1AC09E7DC0133184A2C44072B3D
:10487000CDE92934C9E900257FF707AD28AADDE98C
:10488000060104F02DFD00287FF4E9AA2A9CFCE42F
:10489000012B00F06784022B029F7FF4FEAD149879
:1048A00054AE230904F00F0143EA05732A091C469C
:1048B0001546435C06F8013D54EA0503F1D154ABBB
:1048C00002979F1BD6E500BF10A0001A00A0001A97
:1048D000229B002B40F3FF820E9B129A9342A8BFAB
:1048E0001346002B1D460DDD299BC9F800600133DE
:1048F0002C44072B2A94C9F80450299300F3808490
:1049000009F108090E9B002DA8BF5B1B002B1D465B
:1049100000F313820E9B33449A46029B5F0500F11D
:104920003382229B129A934203DB029AD50740F10D
:10493000DE83299A1599C9F800101399C9F8041053
:1049400001320C44072A2A94299200F37C8409F14D
:104950000809129AB518A5EB0A05D31A9D42A8BFFB
:104960001D46002D0DDD299AC9F800A001322C4406
:10497000072A2A94C9F80450299200F3798509F18D
:104980000809002DACBF5D1B1D46002D7FF774ACE0
:10499000102D299AC24B40F3DF821026DDE90678FC
:1049A0009A4605E009F10809103D102D40F3D38225
:1049B00001321034072ACDE92924C9E900A6F1DD26
:1049C00028AA4146384604F08BFC00287FF447AA09
:1049D000DDE929240DF1AC09E6E7029AD0073FF59D
:1049E000B4AE0122072DC9F80060CDE92954C9F8F9
:1049F000042000F3468202330A9309F11009E0E62D
:104A0000B8F1000F7FF7DDAEB8F1100FA44B40F303
:104A100039861A46554623461026DDF81890DDF8EB
:104A20001CA0144607E00837A8F11008B8F1100FD1
:104A300040F3048301351033072DCDE92953C7E92D
:104A40000046F0DD28AA5146484604F049FC0028FB
:104A50007FF405AADDE929532BAFE5E728AADDE9B4
:104A6000060104F03DFC00287FF4F9A92A9C0DF111
:104A7000AC09FFF7EFBB2D2364428DF8833065EB63
:104A800045050123FFF765BA3446FFF75CB928AA4C
:104A9000DDE9060104F024FC00287FF4E0A9DDE94B
:104AA00029542BAF5BE628AADDE9060104F018FCC7
:104AB00000287FF4D4A9DDE929342BAF0B935BE602
:104AC000029BDB073FF572ADFFF7D6BB54AED1E4D6
:104AD000029B9F0500F11C830025FFF7DFB90499B5
:104AE00012680993CD1708462946C2E900015E46BF
:104AF000FFF776BA099B1A1D099B09921C680025CD
:104B00000123FFF723BADDE9100102460B46FDF74A
:104B1000C5FE002840F02885B8F1610F00F00D8532
:104B2000B8F1410F00F0E98328F02003BAF1FF3F0C
:104B3000039300F00783472B04D1BAF1000F08BF9D
:104B40004FF0010ADDE910450299002D41F4807211
:104B5000C0F27684CDE91C4500231E930A91089388
:104B60000292039B462B00F07C83452B00F0D484FB
:104B700026AA23ABCDE90032022122AB52469DED9D
:104B80001C0B069802F094FC039B472B064640F052
:104B90008E850A9BDB0700F17B84269FBB1B12934B
:104BA000229B0E93039B472B00F0EE82039B462B28
:104BB00000F0808303990E9B412903F1FF325FFAD5
:104BC00088F303BF0F33DBB201210021002A8DF8E7
:104BD0009030B8BF0E9B2292B6BFC3F101022B23C7
:104BE0002D23092A8DF8913040F3AE840DF19F04F6
:104BF00020462C4D01E008461A4685FB0231D317AA
:104C0000C3EBA10303EB8301A2EB41013031632A23
:104C100000F8011C00F1FF31EDDC3033821EDBB205
:104C2000944201F8013C40F245850DF1920201E009
:104C300011F8013B02F8013B8C42F9D10DF1A103BF
:104C40000DF192021B1A134424AA9B1A1693129B6D
:104C5000169A012B03EB020740F3EE84139B1F44CB
:104C60000A9B002223F4806343F48073CDE90E2273
:104C7000029327EAE7730C9203931E9B002B40F0EC
:104C8000AA829A469DF88320FFF7EAB9099B1A1D6C
:104C9000099B09921C68E51722462B46FFF70FBABD
:104CA00010A0001A67666666099B1A1D099B099287
:104CB0001C680025FFF7E8B9524205920993FFF7F7
:104CC00025B943F400739BF8018002930BF1010BAB
:104CD000FFF746B843F020039BF8018002930BF1E5
:104CE000010BFFF73DB828AADDE9060104F0F8FA48
:104CF00000287FF4B4A82A9C0DF1AC0966E4402199
:104D00000698FEF7C7FA079B18601861002800F0A4
:104D1000C684079A40235361FEF7D9BF5746062F32
:104D200028BF0627B2460C96CDE90E660896324695
:104D300003970994BE4EFFF793B9102D299ABD4BE6
:104D400040F3B881194610272346DDE9068A0C4650
:104D500005E009F10809103D102D40F3A88101324A
:104D60001033072ACDE92923C9E90047F1DD28AA34
:104D70005146404604F0B4FA00287FF470A8DDE9FB
:104D800029230DF1AC09E6E7129BCDF82CB0F318FE
:104D90000A930F9B0E964A465646A64FDDF8608052
:104DA000DDF864A02146DDE906B9002B33D00C9B69
:104DB000002B34D10F9B013B08F1FF380F93299B47
:104DC0001798106001335144072B2A91C2F804A0B0
:104DD000299366DC08320A9898F80030851B9D42BA
:104DE000A8BF1D46002D0CDD299B16600133294408
:104DF000072B2A915560299300F3B88098F800306A
:104E00000832002DACBF5D1B1D46002D0BDC1E447F
:104E10000F9B002BCBD10C9B002B00F0A6810C9B91
:104E2000013B0C93CBE7102D29981CDD102404E0E6
:104E3000103D102D02F1080215DD01301031072858
:104E4000CDE92901C2E90074F2DD28AA4946584695
:104E500004F046FA00287FF402A8103D102DDDE989
:104E600029012BAAE9DC013029440728CDE92901D1
:104E7000C2E9007500F3B68198F8003008321E448C
:104E8000C6E728AADDE9060104F02AFA00287EF424
:104E9000E6AFDDE9293401330A930DF1B4092BAFF4
:104EA0008FE428AA4946584604F01AFA00287EF4EE
:104EB000D6AF2A992BAA8EE728AADDE9060104F0CD
:104EC0000FFA00287EF4CBAF9DF883202A9C0DF1C9
:104ED000AC09FFF796B9299A5749C9F80010013271
:104EE00001340121072ACDE92924C9F8041000F36F
:104EF000F18009F10809002B5AD1029B129A03F0A4
:104F0000010313433FF4B8A9299A159BC9F800304F
:104F1000139BC9F8043001321C44072A2A942992B1
:104F200000F3028109F10809129B01321C44072A8F
:104F3000CDE92924C9E900637FF79CA94CE428AA9C
:104F4000DDE9060104F0CCF900287EF488AF0DF10C
:104F5000AC09FFF725BB534601322C44072ACDE9A3
:104F60002924C9E900357FF785A935E428AA4946EF
:104F7000584604F0B5F900287EF471AF98F8003077
:104F80002A992BAA3DE728AADDE9060104F0A8F931
:104F900000287EF464AF2A9C0DF1AC09FFF755B9E7
:104FA000099A12680993049B13605E46FFF718B8CC
:104FB000299A1599C9F800101399C9F804100132FB
:104FC0000C44072A2A94299200F3AE8009F10809BB
:104FD000002BA9DA5D421033164B80F28782194606
:104FE00010272346DDE9068A0C4605E009F1080989
:104FF000103D102D40F3778201321033072ACDE99E
:105000002923C9E90047F1DD28AA5146404604F0AA
:1050100067F900287EF423AFDDE929230DF1AC09FF
:10502000E6E73046FEF7CCFDAA460746FFF70CB888
:10503000F49F001A10A0001AFC9F001A22461C467A
:1050400013462A4601320A9207F10802C7E90038DE
:105050000A9B29934444072B2A943FF712AF01334C
:105060000A9302F108091746FFF7ABBB029F099BA1
:1050700017F4007F44D093F900400992E5172246C7
:105080002B46FFF71CB8029FB90547BF0992E4B24F
:10509000029F09920025FEF7F7BF029F0992B8050B
:1050A0004CBFE4B2029F00250123FEF74FBF21460B
:1050B0001C460B4601322C44072ACDE92924C9E9B4
:1050C000003542DC09F1080924E42D228DF8832003
:1050D000FFF75DB928AADDE9060104F001F900280F
:1050E0007EF4BDAE229B2A9C0DF1AC0903E7129A17
:1050F000B518A5EB0A05D31A9D42A8BF1D4640E48A
:105100001C680992E517029F22462B46FEF7D7BF7F
:10511000E4B20025FEF7C2BE099A09931268049B07
:1051200013805E46FEF75CBF28AADDE9060104F0A5
:10513000D7F800287EF493AE229BDDE929240DF1F7
:10514000AC0945E74FF0060AFCE428AADDE90601B0
:1051500004F0C6F800287EF482AE2A9C0DF1AC095A
:10516000FFF7D8BB029FFFF77EB9B246129B0E9E97
:10517000DDF82CB0CDF86080F3189A450C469146C6
:1051800028BF9A46FFF7CDBB0E9BDA1C01DB9A4580
:1051900005DAA8F1020828F0200303930AE5129B20
:1051A00019460E9B994200F359810A9AD70740F19C
:1051B000C981139A9F180A9B5D0503D50E9B002B8E
:1051C00000F3F68127EAE77303934FF067080023A3
:1051D0000C930F9351E52D228DF883204FF0000A98
:1051E000FEF741BF28AA4946584604F079F800283E
:1051F0007EF435AE98F800302A992BAA1E4407E6B3
:1052000028AADDE9060104F06BF800287EF427AE39
:105210002A9C0DF1AC09FFF775BB199B1799F61A7B
:105220001A46304604F022F898F801300BB108F124
:1052300001080A220023204629464FF0000BFDF703
:105240006BFBFFF760B928AADDE9060104F048F816
:1052500000287EF404AE229B2A9C0DF1AC09FFF7D6
:1052600078BB26AA23ABCDE90032032122AB5246FC
:105270009DED1C0B069802F01BF90378302B0646B7
:1052800000F0CD81229B5344F41800220023DDE975
:105290001C01FDF7D1FA08B127467FE4269FA742FB
:1052A000BFF47CAC30227B1C26933A70269FBC4214
:1052B000F9D873E40A9B0E9A03F00103002A43EA2B
:1052C0000A0340F3BF81002B40F09A810E9F4FF0FC
:1052D00066080A9B5A0500F16D8127EAE77303937C
:1052E00075E75746CDF80CA0099482460C90CDE99D
:1052F0000E009DF88320FEF7B3BE30238DF8843076
:1053000058238DF88530029BBAF1630F43F00203F6
:105310000A9300F3DD80002308933BAE029A119BB1
:1053200042F481720292002B28F020020392C0F214
:105330008C809DED107B8DED1C7B00231E93B8F1BE
:10534000610F00F01D81B8F1410F7FF40AAC22A873
:105350009DED1C0B03F054FF00224FF07F5351ECE6
:10536000100BFDF701F800220023CDE90C01FDF739
:1053700063FA08B101232293B64B0B93CDE90EB823
:105380000AF1FF35CDF848A0CDF87C90DDF82CB0BF
:10539000DDE90C89B2460C9603E0FDF74DFA20BB1F
:1053A000BA460022AC4B40464946FCF7DDFF894631
:1053B0008046FDF789FA0646FCF76CFF02460B466D
:1053C00040464946FCF718FE57461BF8064007F8CA
:1053D000014BB5F1FF3F2C46804689464FF0000255
:1053E0004FF0000305F1FF35D7D140464946002272
:1053F0009A4BDDF838B0DDF83C80CDF838A0354662
:10540000DDF87C900C9EDDF848A0CDE90C01FDF79D
:105410003BFA00283FD1DDE90C0100228F4BFDF75C
:105420000BFA08B1E90736D4002CFFF6B7AB631CC2
:105430003B44302207F8012BBB42FBD1FFF7AEBB48
:10544000029B0A93002308930292DDE9101202F1F5
:1054500000431D932D231C911E9370E7DDE912324A
:105460009F180E9B002B40F3D1804FF0670830E768
:1054700028AADDE9060103F033FF00287EF4EFAC33
:10548000229B129A2A9CD31A0DF1AC09FFF779BA24
:1054900006EB0A04F9E60E9B26930B9B17F8012CEA
:1054A000D97B91423B4609D1302003F8010C269B61
:1054B0005A1E269213F8012C9142F6D0392A0BBFBE
:1054C0000B9A0132927AD2B203F8012CFFF766BB35
:1054D0000AF101010698FDF7DDFE0646002800F0FE
:1054E000ED8008901AE721461C460B4601322C44F9
:1054F000072ACDE92924C9E900357FF713AD28AA89
:10550000DDE9060103F0ECFE00287EF4A8ACDDE93D
:1055100029240DF1AC0907E50AF1010426A923AB02
:10552000CDE90031224622AB02219DED1C0B0698ED
:1055300001F0BEFF06463444A7E630238DF88430E0
:105540007823DEE60E9F36E6002940F0988030236F
:105550008DF892300DF19303303203F8012B24AA19
:105560009B1A1693FFF773BB119B3D4E002BB6BFE2
:105570002D229DF883208DF883203A4BFEF709BF3A
:1055800022A89DED1C0B03F03BFE00224FF07F5341
:1055900051EC100BFCF7E8FE00220023CDE90C01D2
:1055A000FDF74AF908B1012322932F4B0B93E5E64F
:1055B0004FF06708189800220C920F9203780E9A09
:1055C000FF2B0CD093420ADA4178D21AA1B10F9B7B
:1055D00001330F930B46FF2B00F10100F2D10E9225
:1055E0000F9B0C9A18901344199A02FB037727EA31
:1055F000E7730393FFF741BB0C9901310C91DFE78F
:10560000139BD71857444FF0660862E6C3F10103B5
:105610001F4427EAE77303934FF06708D7E500229A
:105620000023DDE91C01FDF707F900287FF42AAE0D
:10563000CAF10103229326E60A9BDB077FF510AB34
:10564000FFF70CBB93B9012303931F464FF0660885
:10565000BDE500BFE09F001A000030400000E03FC1
:10566000C49F001AC89F001ACC9F001A139B5F1C8E
:10567000574427EAE77303934FF06608A7E50DF157
:10568000920369E74A46E1E4099B9BF8018053F8DD
:10569000040B0993934640EAE07AFEF761BB069A51
:1056A0000C2313604FF0FF330493FEF7E7BB54461F
:1056B0003444EAE502231693FFF7C9BA079A93899F
:1056C00043F040039381FEF7D2BB1F46FFF714BAA5
:1056D0001F46FFF7EBBA1F46FFF7DABAFFFFFFFFDF
:1056E0002DE9F04FD5B01C46894617460546059072
:1056F00002F08CFF036815931846FEF761FA0894D0
:1057000013901DB1AB6B002B00F01184D9F864101D
:10571000B9F90C20CD0793B202D4980540F1548713
:1057200099040AD4D9F8641042F4005321F40051CA
:10573000A9F80C30C9F864109BB21A0740F1BF8079
:10574000D9F81020002A00F0BA8003F01A020A2AC1
:1057500000F0C38000239FED9C7B1293CDE9293399
:1057600014931693CDE91833179304932BAB289316
:105770009B463B78CDF81C908DED107B002B00F004
:105780006782252B01F0AB803D4603E0252B00F01E
:10579000BB8025466B786C1C002BF7D1E61B00F014
:1057A0005782DDE9293201333244072BCBF80070F0
:1057B000CBF80460CDE9293200F3AA800BF1080B85
:1057C000049A6B7832440492002B00F0418200234B
:1057D00094F8018006938DF88330029304F1010A56
:1057E0004FF0FF392B2620210AF1010AA8F12003EE
:1057F0005A2B00F2A183DFE813F082029F039F037C
:105800007B029F039F039F0301039F039F03F602F5
:10581000DF009F03C4002B039F0324039600960020
:1058200096009600960096009600960096009F03BC
:105830009F039F039F039F039F039F0345039F03B2
:10584000A80162014503450345039F039F039F038E
:105850009F035B019F039F034E019F039F039F03D1
:1058600023019F0315019F039F03CB009F039F0309
:105870009F039F039F039F039F039F0345039F0372
:10588000A801EF004503450345037002EF005B00EC
:105890009F03EB029F03D102BD028C025B009F03BA
:1058A00023015F0087039F039F03A5009F035F0001
:1058B000029B43F0200302939AF8008094E7494644
:1058C000059801F0F9FC002841F08183B9F80C300B
:1058D00003F01A020A2A7FF43DAFB9F90E20002A1C
:1058E000FFF638AFD9F86420D60702D49D0541F100
:1058F000908123463A464946059801F09BFC049066
:10590000049855B0BDE8F08FE61B3FF460AF48E760
:1059100028AA0799059803F09BFD002841F02784E9
:105920000DF1AC0B4CE7A8F1300300221AF8018B03
:1059300002EB820203EB4202A8F13003092BF5D9F6
:10594000069253E7224B1493029B9F0625D5089C91
:10595000073424F00703F3E802450893029AD107BD
:105960000AD554EA050307D0302342F002028DF82D
:10597000858002928DF88430029B23F48066022396
:10598000D9E19AF80080029B43F0040302932BE7CD
:10599000104B1493029B9F06D9D4089B53F8044BD9
:1059A0000893029BDE0600F14F86029B5D0640F1E4
:1059B0004786A4B20025D1E78DF883609AF800806D
:1059C00012E700BFAFF300800000000000000000FD
:1059D000CC9F001AE09F001A029EB00640F10B8790
:1059E000089C073424F007031946F1E802230891C4
:1059F00014461D46002A73F1000371DBB9F1FF3F25
:105A000000F0C58226F08003029354EA050340F0BB
:105A1000BD82B9F1000F41F00E814FF000094E46F2
:105A200054AFBFE2029B9D0643F0100600F18F8247
:105A3000089B1A1D089B08921C68002501237AE127
:105A4000089C54F8047B00258DF88350002F00F04B
:105A50003787B9F1FF3F00F0BC874A4629463846F0
:105A600002F056FE0990002801F04A82099BA946DF
:105A7000DE1BCDE90E9926EAE6739DF88320089493
:105A80000393CDF82490CDF83090002A6FD0039B7B
:105A9000013303936BE0029B9C0643F0100600F178
:105AA0005F82089B1A1D089B08921C6800255EE215
:105AB000029B9AF8008043F00803029394E6029B4D
:105AC0009C0643F010068BD4089B1A1D089B089275
:105AD0001C68E51722462B46002A73F100038DDA75
:105AE00064424FF02D0365EB4505B9F1FF3F8DF89A
:105AF00083304FF0010340F02581012B00F04782F5
:105B0000022B00F0798454A900E03946E20842EA09
:105B10004572E80804F0070305461446303354EA9A
:105B2000050201F8013C01F1FF37EED1F20740F127
:105B30008882302B00F085823023023907F8013C3F
:105B400054AB02960F465E1A2CE2089C002354F8D0
:105B5000042B8DF8EC2001261A4603960894CDE913
:105B60000E228DF88330099291460C923BAF029B36
:105B700013F002030A9302D0039B02330393029BA8
:105B80002A9C13F084030B9304D1069B03995D1A9E
:105B9000002D66DC72B1299A013201340DF18300C7
:105BA0000121072ACDE92924CBE9000100F3B183C3
:105BB0000BF1080B0A9B6BB1299B0133023421A91D
:105BC0000222072BCDE92934CBE9001200F3AD8383
:105BD0000BF1080B0B9B802B00F09582A9EB0605BF
:105BE000002D00F3D382029BDB0500F12E82299B5E
:105BF000CBF8007001333444072B2A94CBF80460AF
:105C0000299300F325830BF1080B029B5D0705D553
:105C1000069B039A9D1A002D00F3AE83049B069AFF
:105C200003998A42ACBF9B185B180493002C40F088
:105C3000E78200232993099B1BB109990598FDF779
:105C4000DDF90DF1AC0B57463B78002B7FF499AD95
:105C50002A9BDDF81C90002B40F0F5860023299349
:105C600075E3102D299A29DD594620461E961023EA
:105C7000059C079EBB4604E0103D102D01F1080174
:105C800018DD0132BC4F1030072ACDE92920C1E9C7
:105C90000073F1DD28AA3146204603F0D9FB002825
:105CA00040F04F83103D102DDDE929202BA94FF046
:105CB0001003E6DC1E9E5F4604468B460132AE4B67
:105CC0002C44072ACDE92924CBE9003500F32A86A4
:105CD0000BF1080B9DF883205CE79AF80080029B8B
:105CE000B8F1680F00F0E38543F0400302937BE5D1
:105CF000029B9AF8008043F00103029374E59DF83B
:105D000083309AF80080002B7FF46EAD8DF88310FD
:105D10006AE5089C47F6300254F8043BADF884204D
:105D2000029A08941C46954B149342F002060025F3
:105D300002234FF078080022B9F1FF3F8DF883204D
:105D40003FF4DBAE26F08002029254EA050240F0F6
:105D5000DD82B9F1000F40F04883002B7FF45DAE87
:105D600016F0010600F06A8430238DF84F310DF2F1
:105D70004F1717E1029EB00600F1F280029B089ACD
:105D8000D90652F8044B01F14382029E33465B066A
:105D900040F135860892A4B20025E8E00299089AFD
:105DA000890602F1040300F15284029AD70600F139
:105DB000E185029A560600F16486029A950540F143
:105DC000D985089A08931268049B137057463BE7DD
:105DD0009AF80080029BB8F16C0F00F05F8543F0E9
:105DE0001003029300E5089B9AF8008053F8042BF7
:105DF0000692002AC0F213850893F5E4059D284613
:105E000002F004FC436817931846FDF7D9FE199079
:105E10000446284602F0FAFB836818932021002CE0
:105E20003FF44AAD189B9AF80080002B3FF4DCAC9D
:105E30001B78002B3FF4D8AC029B43F480630293A1
:105E4000D2E4029B9AF8008043F080030293CBE4F3
:105E5000524612F8018BB8F12A0F01F0BE81A8F169
:105E60003003092B92464FF000093FF6BFAC1AF8F9
:105E7000018B09EB890903EB4909A8F13003092BD0
:105E8000F5D9B3E4089C073424F00703B3EC027B94
:105E900055EC174B089325F000431B938DED1A7AB0
:105EA000DDE91A014FF0FF32354B8DED107BFCF729
:105EB000F5FC002840F0DC834FF0FF32304BDDE989
:105EC0001A01FCF7CDFC002840F0D2830022002309
:105ED00020462946FCF7BAFC002840F080879DF850
:105EE0008320284F284B02980021032620F08000B1
:105EF000039609910290B8F1470FC8BF1F46894623
:105F00000C91CDE90E11C0E5029EB4061FD4029B90
:105F1000089AD80652F8044B01F17481029E71066A
:105F200040F177850892A4B20025012303E7059884
:105F3000FCF7DEFFFFF7EABBB8F1000F3FF488AED5
:105F4000002301261A4603968DF8EC8007E6089C8C
:105F5000073424F00703F3E8024508930123EAE637
:105F6000089C073424F00703F3E80245089326F45D
:105F700080660023DFE600BF20A0001ACC9F001A35
:105F8000FFFFEF7FBC9F001AC09F001A029E002DEA
:105F900008BF0A2C13D2303402968DF84F410126E7
:105FA0000DF24F1700234E4509930C93CDE90E33A4
:105FB0003346B8BF4B469DF88320039365E506F44E
:105FC00080630022CDE902A8CDF824B054AFCB46BF
:105FD0009246B146DDF860801E4607E0FCF79CFC67
:105FE000002D08BF0A2C20D304460D460A220023A8
:105FF00020462946FCF790FC02F1300C07F801CC52
:10600000204629460A2200230AF1010A013F002EF8
:10601000E4D098F800C0E245E0D1BAF1FF0FDDD03E
:106020009D4208BF944280F01E87CDF848A04E469E
:10603000CDF86080D946DDF808A0DDF80C80DDF8E9
:1060400024B0029654ABDE1BACE7B8F1650F40F309
:106050000A8100220023DDE91001FCF7EDFB002896
:1060600000F0DE81299BC24ACBF8002001330134C5
:106070000122072BCDE92934CBF8042000F36384F7
:106080000BF1080B229B129A2A9C934280F2A58264
:10609000299B159ACBF80020139ACBF804200133E2
:1060A0001444072BCDE9293400F3EC830BF1080BE2
:1060B000129B5D1E002D7FF7A8AD102D299AAD4BC8
:1060C00040F34E841026059FDDF81C80994605E0BC
:1060D0000BF1080B103D102D40F3418401321034B8
:1060E000072ACDE92924CBE90096F1DD28AA41460B
:1060F000384603F0ADF9002840F02384DDE9292477
:106100000DF1AC0BE6E7069B039A9D1A002D7FF775
:1061100065AD102D299A974B28DD0A9659462046E1
:10612000BB46059C079E1F4604E0103D102D01F163
:10613000080116DD013210301023072ACDE929208D
:106140000F604B60F1DD28AA3146204603F080F94C
:10615000002840F0F680103D102DDDE929202BA904
:10616000E8DC0A9E3B4604465F468B4601322C44DF
:10617000072ACDE92924CBE9003500F35583A9EBA3
:106180000605002D0BF1080B7FF72DAD102D299A78
:10619000784B29DD0A9659462046BB464FF0100938
:1061A000059C079E1F4604E0103D102D01F10801DB
:1061B00015DD01321030072ACDE92920C1E9007927
:1061C000F2DD28AA3146204603F042F9002840F0CB
:1061D000B880103D102DDDE929202BA9E9DC0A9EAD
:1061E0003B4604465F468B4601322C44072ACDE9E4
:1061F0002924CBE9003500F3DA810BF1080BF2E436
:1062000028AA0799059803F023F900283FF411AD57
:10621000DDF81C9096E0299A1599CBF80010139997
:10622000CBF8041001320C44072A2A94299200F377
:10623000E1840BF1080B002BC0F2A286129B013205
:106240001C44072ACDE92924CBE900737FF7DBAC96
:1062500028AA0799059803F0FBF80028D8D12A9CB2
:106260000DF1AC0BD1E4129A299B012A04F101042F
:1062700003F101050BF1080640F358810123072DB6
:10628000CBF80070CDE92954CBF8043000F32A8311
:10629000139B159A691C1C4407290B91CDE92914FD
:1062A000C6E9002300F32A8308360B9A129D02F1F7
:1062B000010900230022DDE91001CDF8289006F144
:1062C000080B05F1FF38FCF7B7FA002840F04181D0
:1062D0000A9BC6F8048001374444072B37602A9490
:1062E000299300F3BF820B9A06F1100302325E4637
:1062F0000A929B46169A726014440A9A2A9424AB16
:10630000072A299233607FF780ACA1E7029EFFF74E
:10631000F4BB28AA0799059803F09AF800287FF49F
:1063200077AF2A9C0DF1AC0B44E428AA0799059895
:1063300003F08EF800287FF46BAF2A9C0DF1AC0BB4
:1063400048E4B146099911B10598FCF757FED9F810
:106350006420B9F80C30D40702D4980540F1DB82F0
:10636000590600F14086049855B0BDE8F08F00BF93
:10637000FC9F001A30A0001A102D299B21DD102649
:10638000059FDDF81C8004E0103D102D0BF1080B7B
:1063900017DD0133B34A1034072BCDE92934CBE99B
:1063A0000026F1DD28AA4146384603F051F80028BE
:1063B00040F0C782103D102DDDE929340DF1AC0B02
:1063C000E7DC0133A74A2C44072BCDE92934CBE97C
:1063D00000257FF723AC28AA0799059803F038F821
:1063E00000287FF415AF2A9C18E4012B00F02384C9
:1063F000022B029E7FF487AB149854AF230904F05C
:106400000F0143EA05732A091C461546435C07F849
:10641000013D54EA0503F1D154AB0296DE1BC1E500
:10642000229B002B40F3DF800E9B129A9342A8BF61
:106430001346002B1D460DDD299BCBF80070013360
:106440002C44072B2A94CBF80450299300F3FE84A4
:106450000BF1080B0E9B002DA8BF5B1B002B1D46EC
:1064600000F390820E9B3B449946029B580500F135
:106470001384229B129A934203DB029AD10740F1C4
:10648000F782299A1599CBF800101399CBF80410CC
:1064900001320C44072A2A94299200F323850BF138
:1064A000080B129ABD18A5EB0905D31A9D42A8BF87
:1064B0001D46002D0DDD299ACBF8009001322C44A9
:1064C000072A2A94CBF80450299200F346850BF151
:1064D000080B002DACBF5D1B1D46002D7FF795AB53
:1064E000102D299A604B40F33B821026059FDDF862
:1064F0001C80994605E00BF1080B103D102D40F370
:106500002E8201321034072ACDE92924CBE90096E6
:10651000F1DD28AA4146384602F09AFF002840F0F3
:106520001082DDE929240DF1AC0BE6E7029AD207CF
:106530003FF5A4AE0122072DCBF80070CDE9295418
:10654000CBF8042000F38E8102330A930BF1100B79
:10655000D0E6B8F1000F7FF7CDAEB8F1100F424B87
:1065600040F335861A464D4623461027DDF81CB009
:10657000DDF81490144607E00836A8F11008B8F1C9
:10658000100F40F35E8101351033072DCDE92953FB
:10659000C6E90047F0DD28AA5946484602F058FFF0
:1065A000002840F01D82DDE929532BAEE5E728AA3B
:1065B0000799059802F04CFF00287FF429AE2A9C29
:1065C0000DF1AC0BFFF70FBBD9F85800FCF75EFEDE
:1065D000B9F90C2093B2FFF7A3B8029BDD073FF592
:1065E00057ADFFF712BB299A2049CBF800100132B2
:1065F00001340121072ACDE92924CBF8041000F346
:1066000009840BF1080B002B7FF405AE029B129A54
:1066100003F0010313433FF4F8AA299A159BCBF822
:106620000030139BCBF8043001321C44072A2A9413
:10663000299200F3DF820BF1080BFFE554AFB1E4C0
:10664000029B980500F12D820025FFF787B9049978
:1066500012680893CD1708462946C2E9000157463B
:10666000FFF7F2BA20A0001A30A0001AFC9F001A0F
:10667000DDE9100102460B46FCF710F9002840F056
:106680003A85B8F1610F00F0D084B8F1410F00F005
:106690000C8228F02003B9F1FF3F039300F000853E
:1066A000472B04D1B9F1000F08BF4FF00109DDE914
:1066B00010450299002D41F48072C0F295830023A9
:1066C000CDE90931CDE91C451E930292039B462B6F
:1066D00000F0DF83452B00F0D28426AA23ABCDE95E
:1066E0000032022122AB4A469DED1C0B059800F0BA
:1066F000DFFE039B472B074640F08D850A9BDB0797
:1067000000F13B84269EF31B1293229B0E93039B66
:10671000472B00F09382039B462B00F0FD830399E7
:106720000E9B412903F1FF325FFA88F303BF0F3359
:10673000DBB201210021002A8DF89030B8BF0E9BFA
:106740002292B6BFC3F101022B232D23092A8DF813
:10675000913040F3C1840DF19F042046BE4D01E00D
:1067600008461A4685FB0231D317C3EBA10303EB9E
:106770008301A2EB41013031632A00F8011C00F1D2
:10678000FF31EDDC3033821EDBB2944201F8013C74
:1067900040F244850DF1920201E011F8013B02F84C
:1067A000013BA142F9D10DF1A1030DF192021B1A97
:1067B000134424AA9B1A1693129B169A012B03EBDF
:1067C000020640F3EE84139B1E440A9B002223F42E
:1067D000806343F48073CDE90E22029326EAE673C8
:1067E0000C9203931E9B002B40F04F8299469DF81C
:1067F0008320FFF74AB9089B1A1D029BD90600F1B6
:106800000485029E33465B0640F1EC80089B0892AB
:10681000B3F90040E51722462B46FFF7EBB852428A
:1068200006920893FFF7AFB828AA0799059802F0D7
:106830000FFE00287FF4ECAC2A9C0DF1AC0BFFF7A7
:10684000CDB922461C4613462A4601320A9206F169
:106850000802C6E900380A9B29934444072B2A946E
:1068600040F3008128AA0799059802F0F1FD00285D
:106870007FF4CEACDDE9293401330A930DF1B40B7A
:106880002BAE37E528AA0799059802F0E1FD00280C
:106890007FF4BEAC2A9C0DF1AC0B09E443F020035D
:1068A0009AF8018002930AF1010AFEF79DBF43F4B2
:1068B00000739AF8018002930AF1010AFEF794BF6F
:1068C0004E46062E28BF0626B9460C97CDE90E7710
:1068D00009973A4603960894604FFFF7D6B83C46AE
:1068E000FEF775BF28AA0799059802F0B1FD0028A8
:1068F0007FF48EACDDE929542BAEC9E428AA0799B0
:10690000059802F0A5FD00287FF482ACDDE929346A
:106910002BAE0B93C9E4D9F85800FCF7B9FCB9F8D1
:106920000C301DE528AA0799059802F091FD002872
:106930007FF46EAC9DF883202A9C0DF1AC0BFFF721
:1069400029B9C146FEE428AA0799059802F080FDFE
:1069500000287FF45DAC0DF1AC0BFFF793BB4B4609
:1069600001322C44072ACDE92924CBE900357FF7F1
:106970004AA96DE4089A12680893049B136057466D
:10698000FFF762B9102D299A354B50DD19461026B4
:106990002346DDF81480DDF81C900C4604E00BF172
:1069A000080B103D102D3FDD01321033072ACDE9D1
:1069B0002923CBE90046F2DD28AA4946404602F0E9
:1069C00047FD00287FF4BEACDDE929230DF1AC0BB7
:1069D000E7E73846FDF7F4F8A9460646FFF749B859
:1069E000D946AFE4029E089B16F4007F51D093F97C
:1069F00000400892E51722462B46FEF7FBBF029E99
:106A0000B70547BF0892E4B2029E08920025FFF73F
:106A1000AEBA029E089233469B054CBFE4B2029E7A
:106A200000250123FFF787B921461C460B4601329A
:106A30002C44072ACDE92924CBE9003500F3EF8067
:106A40000BF1080B0EE5059828AA494602F000FD57
:106A500000283FF403A97AE467666666F49F001A8B
:106A600030A0001A01330A9302F1080B164641E4E4
:106A7000129ABD18A5EB0905D31A9D42A8BF1D4661
:106A800027E5089A08931268049B13805746FFF77E
:106A9000DBB81C680892E517029E22462B46FEF7DB
:106AA000A9BFE4B20025FEF759BF30238DF884302A
:106AB00058238DF88530029BB9F1630F43F0020330
:106AC0000A9300F3B782002309933BAF029A119B0C
:106AD00042F481720292002B28F020020392C0F24D
:106AE00088819DED107B8DED1C7B00231E93B8F1FA
:106AF000610F00F0D982B8F1410F7FF4E7AD22A811
:106B00009DED1C0B02F07CFB00224FF07F5351ECFB
:106B1000100BFBF729FC00220023CDE90C01FBF749
:106B20008BFE08B101232293B64B0B93CDE90E8A5D
:106B300009F1FF35CDF84890CDF87CB0DDE90C893E
:106B4000DDF82CB00C97BA4603E0FBF775FE20BBCE
:106B5000B2460022AC4B40464946FBF705FC89464D
:106B60008046FBF7B1FE0746FBF794FB02460B4657
:106B700040464946FBF740FA56461BF8074006F8E0
:106B8000014BB5F1FF3F2C46804689464FF000028D
:106B90004FF0000305F1FF35D7D1404649460022AA
:106BA0009A4BDDF83880DDF87CB0CDF838A03D4652
:106BB000DDF848900C9FDDF83CA0CDE90C01FBF717
:106BC00063FE002840F01482DDE90C0100228F4BA7
:106BD000FBF732FE18B12B46DB0700F10982002CCF
:106BE000FFF691AD631C3344302206F8012B9E4220
:106BF000FBD188E528AA0799059802F029FC00280E
:106C00007FF406AB229BDDE929240DF1AC0BFFF7E5
:106C100012BBD9F85800FCF73BFBFEF76ABE28AA66
:106C20000799059802F014FC00287FF4F1AA2A9C29
:106C30000DF1AC0B16E4029EFFF7ADB90E9BDE1C06
:106C400001DB994505DAA8F1020828F02003039337
:106C500065E5129B19460E9B994200F374810A9ACE
:106C6000D40740F15482139A9E180A9B580503D505
:106C70000E9B002B00F34D8226EAE67303934FF040
:106C8000670800230C930F93ACE52D228DF8832029
:106C90004FF00009FEF7FBBE129BCDF82CA0FB18AD
:106CA0000A930F9B0E975A464F46594EDDF8608067
:106CB000DDF814A0DDF81CB0DDF864902146002B4F
:106CC00032D00C9B002B6ED10F9B013B08F1FF389B
:106CD0000F93299B1798106001334944072B2A9181
:106CE000C2F80490299362DC08320A9898F80030C0
:106CF000C51B9D42A8BF1D46002D0BDD299B1760BB
:106D000001332944072B2A91556029935ADC98F8BE
:106D100000300832002DACBF5D1B1D46002D15DC78
:106D20001F440F9B002BCCD10C9B002B3BD1B946B1
:106D3000129B0E9FDDF82CA0CDF86080FB189945C2
:106D400093460C4628BF9946FFF793BB102D299810
:106D50001CDD102404E0103D102D02F1080215DDA9
:106D6000013010310728CDE92901C2E90064F2DDC4
:106D700028AA5946504602F06BFB00287FF430AE3B
:106D8000103D102DDDE929012BAAE9DC0130294451
:106D90000728CDE92901C2E9006549DC98F80030EF
:106DA00008321F44BDE70C9B013B0C9391E728AAD6
:106DB0005946504602F04CFB00287FF411AE2A9948
:106DC0002BAA92E728AA5946504602F041FB002818
:106DD0007FF406AE98F800302A992BAA9AE72D2264
:106DE0008DF88320FFF77DB8029B0A930023099357
:106DF0000292DDE9101202F100431D932D231C9134
:106E00001E9374E6E09F001A000030400000E03F4F
:106E100030A0001A28AA0799059802F019FB00284B
:106E20007FF4F6A9229B2A9C0DF1AC0BFFF7EBBB7C
:106E300028AA5946504602F00BFB00287FF4D0AD3B
:106E400098F800302A992BAA1F446AE728AA0799C4
:106E5000059802F0FDFA00287FF4DAA92A9C0DF1CA
:106E6000AC0BFFF7F7BA199B1799FF1A1A46384669
:106E700002F0FCF998F801300BB108F101080A2280
:106E80000023204629464FF0000AFBF745FDFFF797
:106E9000ABB826AA23ABCDE90032032122AB4A4688
:106EA0009DED1C0B059800F003FB0378302B074683
:106EB00000F06181229B4B44FC1800220023DDE995
:106EC0001C01FBF7B9FC08B126461CE4269EA6422D
:106ED000BFF419AC3022731C26933270269EB44244
:106EE000F9D810E428AA0799059802F0B1FA002809
:106EF0007FF48EA9229B2A9C0DF1AC0BFFF7D1BA2F
:106F00004E46CDF80C90089481460C90CDE90E00C9
:106F10009DF88320FEF7B9BD0A9B0E9A03F001038A
:106F2000002A43EA090340F34281002B40F0198113
:106F30000E9E4FF066080A9B5A0500F1EC8026EA87
:106F4000E67303939DE6DDE912329E180E9B002B3B
:106F500040F31E814FF06708EDE728AA07990598CE
:106F600002F076FA00287FF453A9229B129A2A9CF9
:106F7000D31A0DF1AC0BFFF7ACBA07EB09049CE791
:106F80005D421033A74B63DA194610262346DDF81D
:106F90001480DDF81C900C4604E00BF1080B103D4A
:106FA000102D52DD01321033072ACDE92923CBE918
:106FB0000046F2DD28AA4946404602F049FA002878
:106FC0007FF4C0A9DDE929230DF1AC0BE7E7D9F87F
:106FD0006430DB0707D4B9F80C309F0503D4D9F827
:106FE0005800FCF755F94FF0FF330493FFF7BBB996
:106FF0000E9B26930B9B16F8012CD97B8A423346B5
:1070000009D1302003F8010C269B5A1E269213F852
:10701000012C9142F6D0392A0BBF0B9A0132927A99
:10702000D2B203F8012CFFF76EBB30238DF8843009
:1070300078233EE509F101010598FCF72BF9074695
:10704000002800F0D580099040E521461C460B46FB
:1070500001322C44072ACDE92924CBE900357FF7FA
:10706000EAAA28AA0799059802F0F2F900287FF405
:10707000CFA8DDE929240DF1AC0BFFF7DFB809F14A
:10708000010426A923ABCDE90031224622AB02211F
:107090009DED1C0B059800F00BFA07463C440CE7ED
:1070A0004FF00609FFF703BB22A89DED1C0B02F071
:1070B000A7F800224FF07F5351EC100BFBF754F967
:1070C00000220023CDE90C01FBF7B6FB08B1012338
:1070D0002293554B0B9329E500297BD130238DF862
:1070E00092300DF19303303203F8012B24AA9B1A3E
:1070F0001693FFF761BB119B4C4F002BB6BF2D229F
:107100009DF883208DF88320494BFEF7ECBE0E9E40
:10711000ABE54FF06708189800220C920F920378A5
:107120000E9AFF2B0CD093420ADA4178D21AA1B101
:107130000F9B01330F930B46FF2B00F10100F2D19F
:107140000E920F9B0C9A18901344199A02FB036637
:1071500026EAE6730393FFF745BB0C9901310C91C6
:10716000DFE7139BD6184E444FF06608E3E6DDF8E0
:107170001C90FFF7ECB800220023DDE91C01FBF7AF
:107180005BFB00287FF496AEC9F10103229392E6DF
:10719000C3F101031E4426EAE67303934FF0670828
:1071A0006FE50A9BDD077FF510ABFFF70CBB2BB932
:1071B000012303931E464FF0660862E5139B5E1C95
:1071C0004E4426EAE67303934FF0660859E55A46A3
:1071D000FFF73FBB0DF1920385E7089B9AF801800A
:1071E00053F8040B0893924640EAE079FEF7FCBAA4
:1071F000DDF81C90B9F80C3043F04003A9F80C30CE
:10720000FFF7A5B81E46FEF715BC1E46FEF75EBC8E
:107210001E46FEF748BC4C463C444EE602231693FD
:10722000FFF7CABA30A0001ACC9F001AC49F001AF8
:10723000C89F001A2DE9F0410C46ADF58D6D898986
:10724000666EE589199621F002010646E069ADF8FF
:107250000C1017464FF48061626AADF80E509846E4
:107260001AAD0023079016A809920693009504957D
:1072700002910591FCF706F843463A4669463046C6
:10728000FEF72EFA051E07DB30466946FBF7D4FDF4
:10729000002818BF4FF0FF35BDF80C305B0603D552
:1072A000A38943F04003A3811698FBF7EDFF28461E
:1072B0000DF58D6DBDE8F08138B5324B1B68054684
:1072C0000C460BB19A6B12B3B4F90C2093B21807A9
:1072D00025D5206900282DD013F0010207D063695D
:1072E00000225B42A361A26038B1002038BD99073B
:1072F00058BF6269A2600028F7D1B4F90C301A06B1
:10730000F4D543F04003A3814FF0FF3038BD184659
:10731000FBF7EEFDB4F90C2093B21807D9D4D906C7
:1073200028D5580712D4206942F00803A3819BB2E4
:107330000028D1D103F42072B2F5007FCCD02846CA
:10734000214601F095F9A3892069C5E7216B51B168
:1073500004F14003994204D02846FBF74FFEB4F9EC
:107360000C200023236300232069636022F02402A1
:107370002060D9E742F0400209232B604FF0FF3034
:10738000A28138BD480000102DE9F04F03690F6954
:10739000BB4283B0C0F28680013F01F1140600F1C8
:1073A000140A56F827305AF82720BC0001330094FD
:1073B00006EB04099A425444B2FBF3F801943AD321
:1073C00000252A46B646D4465EF8044BDCF8003069
:1073D0001FFA84FB08FB0B554FEA154B240C08FBE6
:1073E00004B4ADB2551BA2B2C2EB134215FA83F33B
:1073F00002EB23429BB243EA0243F1454FEA1445B4
:107400004CF8043B4FEA2242DED2009B5AF803308C
:107410008BB9019A131F9A450CD252F8043C4BB910
:10742000A2F1080302E01A68043B1AB99A4507F171
:10743000FF37F8D30761044601F034FC00282DDB48
:1074400008F101085046002356F8041B05688AB26B
:107450009A1A0B0C12FA85F2C3EB154303EB224385
:1074600092B242EA0342B14540F8042B4FEA23436B
:10747000EAD25AF827200AEB87037AB91A1F9245F5
:107480000BD253F8042C42B9083B02E01A68043BC3
:107490001AB99A4507F1FF37F8D32761404603B080
:1074A000BDE8F08F002003B0BDE8F08FFFFFFFFFC5
:1074B0002DE9F04F57EC106B97B0056C209C0291B2
:1074C00082460A920793CDE9006755B1426C6A6023
:1074D00001239340AB60294601F0F8F90023CAF874
:1074E00040303E1EB4BF012300232360764BBCBF57
:1074F00026F000460196B34300F0AE809DED007B80
:107500000022002351EC170B8DED047BFBF794F95F
:10751000054678B1079A01231360219B002B00F0E8
:1075200013836A4B219A1360013B0393039817B0AE
:10753000BDE8F08FDDE9047814AA15A948EC107BAA
:10754000504601F047FC340D834640F09B80DDE956
:1075500014542C4404F23243202B40F3BB83C3F178
:1075600040039E40009B04F2124023FA00F0304397
:10757000FAF780FEA1F1F87301210246013C0E9159
:10758000104619460022524BFAF736FD48A3D3E9BC
:107590000023FAF7E9FE48A3D3E90023FAF72EFD0A
:1075A000064620460F46FAF775FE45A3D3E90023A9
:1075B000FAF7DAFE02460B4630463946FAF71EFD68
:1075C00006460F46FBF780F900228146002330462D
:1075D0003946FBF73BF9002840F0A9822C1BB9F192
:1075E000160F04F1FF3800F296823A4B03EBC90301
:1075F000D3E90023DDE90401FBF728F900286FD067
:107600000023B8F1000F09F1FF390D93C0F2898210
:1076100000230893B9F1000F68DA089BCDF81890A1
:10762000A3EB09030893C9F100030C93029B092BF8
:107630004FF0000962D8052B40F34A83043B0293C4
:107640000024029B023B032B00F24186DFE813F08B
:10765000660463043B045604079A42F20F731360F6
:10766000009BC6F31306334318D1219B002B00F077
:107670002586194B03930833219A0398136017B09A
:10768000BDE8F08FC8F3130141F07F530E953A46E1
:10769000A4F2FF3443F44013149D71E7219B002BA7
:1076A00040F000840D4B039340E700BFAFF3008030
:1076B00061436F63A787D23FB3C8608B288AC63FF8
:1076C000FB799F501344D33F0000F07FFD9F001AC9
:1076D0000000F83F78A0001A44A0001A40A0001A49
:1076E000B8F1000FC0F2B6840D90089000230C93FF
:1076F000029BCDF81890092BC8449CD90023012483
:10770000CDE90A344FF0FF35029309950021CAF8FC
:1077100044100F95504601F0B3F80E2D0390CAF8AF
:10772000400000F20A81002C00F007810699002930
:1077300040F36684B14B01F00F0203EBC20393EDFB
:10774000007B0C11E3068DED107B40F10684AC4B01
:10775000DDE90401D3E90823FAF730FFCDE90001A0
:1077600004F00F0403267CB1DDE91001A44DE70706
:1077700004D5D5E90023FAF7F7FD0136641005F1C9
:107780000805F4D1CDE91001DDE90001DDE91023A0
:10779000FAF714FFCDE900010D9B53B1DDE9004577
:1077A0000022984B20462946FBF750F8002840F06D
:1077B00021853046FAF76EFDDDE90023FAF7D4FDA6
:1077C000914B0022FAF71AFC099B0446A1F150756F
:1077D000002B00F0F983069B1293099B1093DDE9BF
:1077E000006739463046FBF76FF80090FAF752FD14
:1077F00002460B4630463946FAF7FEFB7F4B009AAD
:107800000F461099064603EBC1030B9803993032DB
:10781000CDE90045D5B24C1C53E90223002800F005
:107820008D8400207949FAF7C9FEDDE90023FAF7D3
:10783000E3FB039B32461D703B46CDE90001FBF79D
:1078400023F8002840F0CA8432463B4600206D49A8
:10785000FAF7D2FB02460B46DDE90001FBF714F80C
:10786000002840F02685109B012B62D0039ACDF8AA
:1078700040901344CDF84C80DDE90089CDF800B08C
:10788000D3469A460CE000205E49FAF7B5FB424623
:107890004B46FAF7DBFF002840F0EB84A24541D0CD
:1078A0004046494600225A4BFAF75EFD0022584BEB
:1078B0008046894630463946FAF756FD0F46064659
:1078C000FBF702F80546FAF7E5FC02460B463046A0
:1078D0003946FAF791FB3035EDB242464B4604F893
:1078E000015B06460F46FAF7B1FF32463B460028D9
:1078F000C9D0129BDA460133DDF800B00693594631
:10790000504600F0E3FF00232370079B1A46069BB6
:107910001360219B002B3FF409AE03981C6017B045
:10792000BDE8F08FDA46DDF84090DDF84C80DDF8F8
:1079300000B0DDE90434CDE90034159B002BC0F222
:10794000C980069A0E2A00F3C5802C4B03EBC203B4
:10795000D3E900890A9B002B17DA099F002F14DC5A
:1079600040F04B8300222B4B40464946FAF7FCFC83
:10797000DDE90023FAF77EFF002800F0BE83099FAF
:107980003D460A9B039CDB4360E2DDE9004542463D
:107990004B4620462946FAF711FEFAF795FF00906C
:1079A000FAF778FC42464B46FAF7DEFC02460B46F5
:1079B00020462946FAF720FB009B039C069A3033A9
:1079C00004F8013B099B0132012B06460F46069243
:1079D00054D000220E4BFAF7C7FC002200230646C3
:1079E0000F46FAF729FF002889D1CDF800B001250C
:1079F000DDF824B0CDF808A019E000BF78A0001A87
:107A000050A0001A0000F03F00001C400000E03FC2
:107A10000000244000001440FAF7A6FC00220023D6
:107A200006460F46FAF708FF002840F05C834246FE
:107A30004B4630463946FAF7C1FDFAF745FF824614
:107A4000FAF728FC42464B46FAF78EFC02460B46F4
:107A500030463946FAF7D0FA01350AF1300CAB4519
:107A600006460F464FF00002A74B04F801CBD3D1D6
:107A7000DDF800B0CDF800A0DDF808A032463B46A6
:107A800030463946FAF7BAFA42464B4606460F46A2
:107A9000FAF7FAFE60B942464B4630463946FAF7E5
:107AA000CBFE00283FF42BAF009BDB077FF527AF11
:107AB00014F8015C039A631E04E09A4200F0C0834C
:107AC00013F8015D392D03F10104F6D06A1CD2B21E
:107AD0001A7014E70B9A002A3CD0029A012A40F34C
:107AE0005882099B5E1E0C9BB34280F234820C9B31
:107AF0000C96F31A99440026099B002BC0F2F882D9
:107B0000089A14461A44984408920121504600F0FD
:107B10007DFF054621E00123B8F1000F0D93BFF66C
:107B200077ADC4F1010308934FF0000872E54846B1
:107B3000FAF7B0FB32463B46FAF77EFE00287FF4A8
:107B40004DAD09F1FF3949E5704B0393039817B028
:107B5000BDE8F08F0C9E089C0B9D002C0CDDB8F14D
:107B6000000F09DD4445089A2346A8BF4346D21AB0
:107B70000892E41AA8EB03080C9BD3B10B9B002BD3
:107B800000F08981002E10DD29463246504600F073
:107B9000DFFF5A4601460546504600F041FF594670
:107BA0000746504600F092FEBB460C9B9A1B40F0E5
:107BB00073810121504600F029FFB9F1000F0746FB
:107BC00000F38E80029B012B40F37181002601207F
:107BD000B9F1000F40F08F80404410F01F0075D0C5
:107BE000C0F12003042B40F36D83C0F11C00089BFF
:107BF0000344089304448044089B002B05DD594648
:107C00001A46504600F0F4FF8346B8F1000F05DD38
:107C100039464246504600F0EBFF07460D9B002BCD
:107C200040F01E81099B002B40F3F580069B013339
:107C300006930B9B002B77D1039CDDF82480012653
:107C400003E000F04DFE0136834639465846FFF703
:107C50009BFB464500F1300904F8019B4FF00003FF
:107C60004FF00A0259465046EBDB00230093594679
:107C70000122504600F0BCFF3946834601F012F85D
:107C8000002814F8012C40F36F81631E039904E06F
:107C9000994200F0778113F8012D392A03F101048C
:107CA000F6D001321A703946504600F00FFE002D12
:107CB0003FF425AE009921B1A94202D0504600F010
:107CC00005FE2946504600F001FE18E61C208EE70E
:107CD0000124B6E4C3F12006009B03FA06F047E452
:107CE00001464A46504600F033FF029B012B0746EF
:107CF00040F3B28100263B6907EB8303186900F06B
:107D000035FEC0F1200067E700002440FC9F001A08
:107D1000294600230A22504600F0E2FD0F9B002B6B
:107D2000054640F3C1820993002C00F30D81002E1B
:107D300040F0C581A846009B0299039E03F0010212
:107D40000B920A430A92099A731E1A4409923C46FE
:107D500021465846FFF718FB29460090584600F088
:107D6000A1FF424607462146504600F0B7FF009B60
:107D700003F13002C3688146002B3ED101465846CC
:107D8000089200F08FFF49460490504600F09EFD97
:107D9000049B089A1BB90A99002900F07182002FF0
:107DA00006F10109C0F26E8102990F430B99394324
:107DB00000F06881002B00F3A281099B3270B3426E
:107DC00000F0A981594600230A22504600F088FDA0
:107DD0004545834629464FF000034FF00A025046BE
:107DE00013D000F07DFD4146054600230A2250468F
:107DF00000F076FD4E468046AAE7014650460492C2
:107E000000F064FD0123049AC9E700F069FD4E46C5
:107E1000054680469CE7029B022B40F38280099B2B
:107E2000002B7FF4AEAD39460522504600F058FDD8
:107E300001460746584600F035FF00287FF7A1AD00
:107E4000039C069B312204F8012B01330133394690
:107E50005046069300F03AFD002D7FF432AF4EE518
:107E60003946584600F01EFF0028BFF6DBAE5946E3
:107E700000230A22504600F033FD069B03F1FF3831
:107E80000B9B8346002B7FF443AF0F9B002B40F3EB
:107E900002820993D0E60C9A5946504600F058FEEB
:107EA000834686E69F4B03930333FFF7E5BBDDE98B
:107EB000001200297FF48AAEC2F31303002B00F0F6
:107EC000D580009E83E601230B930A98002846DDA7
:107ED0000F90099000211728CAF84410099D7FF7D8
:107EE00019AC012204235B0003F11406B0421146D1
:107EF00002F10102F7D2CAF844100BE401230B93FC
:107F00000A9B069A13440F930133012B18460993D9
:107F1000B8BF0120DEE700230B93F1E700230B93AA
:107F2000D3E7069B013306930B9B002B7FF4FCAE3B
:107F300039465846FFF728FA039C00F13009002320
:107F400004F8019B009392E629462246504600F031
:107F50004FFE0546EBE69E1BCEE5022603E4012517
:107F6000CDE90955FFF7D2BB03D119F0010F7FF41A
:107F70008CAE631E01E013F8012D302A03F10104D9
:107F8000F9D090E6069A01320692039A31231370D3
:107F900089E60E9A002A00F0268103F23343089AFC
:107FA0000C9E14461A4498440892AEE53046FAF7FF
:107FB00071F9DDE90023FAF7D7F900225A4BFAF7F5
:107FC0001DF80446A1F150750022584BDDE900016F
:107FD000FAF712F822462B4606460F46FAF754FCEB
:107FE000002840F08980224605F10043304639469A
:107FF000FAF72CFC00283FF49CAC00273D46C0E477
:1080000000F0F580069B5C42494B04F00F0203EB45
:10801000C203D3E90023DDE90401FAF7A5F924112D
:10802000CDE9000100F0E380424D00230226E20783
:1080300005D5D5E90023FAF797F901360123641035
:1080400005F10805F3D1002B3FF4A6ABCDE9000103
:10805000FFF7A2BB0D9064E5DDE9001200297FF473
:1080600049AEC2F31303002B7FF444AE324E1640E8
:10807000002E3FF4ACAD089B0133089308F10108D2
:108080000126A4E5002B27464C46914612DD5946B1
:108090000122504600F0ACFD3946834600F002FE56
:1080A000002840F3DF80B9F1390F00F0D080009B49
:1080B00003F13109009586F800904546F3E56968BB
:1080C000504600F0DDFB2B6902339A00044605F1AF
:1080D0000C010C30FBF796FB21460122504600F0C4
:1080E00087FD804627E6DDF800B0DDF808A006E44D
:1080F000DDE908329C1A08E500273D46A0E6392A4A
:1081000027464C4600F0A38002F10109009586F84D
:1081100000904546C7E5274600954C4645469146A2
:10812000A5E500BF40A0001A00001C40000014405C
:1081300078A0001A50A0001A0000F07FDDE90001CD
:10814000FAF712F9039B1D70109B012BCDE900017A
:1081500023D0109B039ACDF840901344C146984613
:108160000022644B30463946FAF7FEF80F460646C1
:10817000FAF7AAFB0546FAF78DF8303502460B46AA
:1081800030463946F9F738FF04F8015BA04506464A
:108190000F46E5D1C846DDF84090574B0022DDE997
:1081A0000001F9F72BFF32463B46FAF74FFB002858
:1081B00052D1DDE9002300204F49F9F71DFF324677
:1081C0003B46FAF761FB00283FF4B3AB00E01446EE
:1081D00014F8013C302B04F1FF32F8D0129B01332C
:1081E0000693FFF78CBB149BC3F13603D7E6022638
:1081F000FFF7D2BA099B002B3FF4D8AE0F9F002F98
:108200007FF797AB00223B4B20462946FAF7ACF8A4
:1082100004460D46701CCDE90045FAF73BF82246AE
:108220002B46FAF7A1F8354B0022F9F7E7FE069B3B
:108230001097013B0446A1F150751293FFF7CFBA96
:10824000069A0132069231221A70FFF758BB392282
:1082500000953270454618E5129B0133069314F8D9
:10826000015C27E47FF426AF19F0010F7FF41BAF08
:1082700020E7129B0133DA460693DDF800B019E4DB
:10828000392A3B469146274606F10104DFD0002BF0
:108290003FF70DAF0EE7029B022B7FF749AE0F9B16
:1082A0000993CDF81880BAE5029B022BF7DC0F9BEF
:1082B00039E5129B01330693FFF7FCBB104B039388
:1082C000FFF734B93FF498ACC0F13C008FE40024D0
:1082D000CAF844402146504600F0D2FA4FF0FF332E
:1082E000CDE909340F9301230390CAF840000B93A2
:1082F000FFF723BB000024400000E03F00001C40CB
:1083000044A0001A9368002B00F002812DE9F04F81
:10831000B1F90C309BB20C46190783B082469046E7
:1083200035D522699AB313F00202D8F800603DD027
:108330000027D4F824B0D4F81CC0DFF8CC923D4616
:108340004D452B463A4628BF4B4661465046D5B16F
:10835000D847002840F3D280D8F808301B1A0744C9
:108360002D1AC8F80830002B00F0B780D4F81CC0D4
:10837000D4F824B04D452B463A4628BF4B466146BB
:108380005046002DE4D1D6E900750836D8E72146DD
:108390005046FEF791FF002840F03081B4F90C30D0
:1083A000D8F800609BB213F00202C1D113F00109AA
:1083B00040F0B080A76820684D46002D54D09A0543
:1083C00040F1BC80AF42BB4600F2E78013F4906FEF
:1083D0002FD0D4E9041707EB4707A0EB010B07EBFD
:1083E000D777681C7F105844B8423A4684BF074686
:1083F0003A465B0540F1E98011465046FAF74AFFDC
:10840000002800F0F5805A4621690190FBF7FAF93F
:10841000A289019B22F4906242F08002A281A7EB24
:108420000B0203EB0B00676123612060A2602F4603
:10843000AB465A46494600F0BBF9A2682368D21BF6
:108440005B442F46A26023600025D8F80830DB1B70
:10845000B944C8F80830002B3FD0B4F90C30A768F5
:1084600020689BB2002DAAD1D6E900950836A4E772
:108470000BF1080353E902679B460833002FF9D03C
:108480003A460A21304600F043F9002853D0013023
:10849000A0EB06094B46D4E904122068BB4228BF72
:1084A0003B46884203D9A5681544AB4219DC9A4281
:1084B0007DDC1346656AE16932465046A847051ED1
:1084C0001CDDB9EB05096BD00120D8F808305B1B27
:1084D0002E447F1BC8F8083013BB002003B0BDE852
:1084E000F08F31462A4600F063F923682B4423605D
:1084F00021465046FAF7A0FC0028E2D0B4F90C302F
:1085000043F040034FF0FF30A38103B0BDE8F08F8C
:108510000020704733469146104617464E469B460C
:10852000002FA5D00028B5D13A460A21304600F0E8
:10853000EFF80028ABD17B1C9946ACE72369834256
:1085400015D36169A94212D82E4B676A9D4294BF28
:108550002B466FF000434A4693FBF1F3504601FB74
:1085600003F3E169B847071EC8DDED1B6DE7AF42B5
:1085700028BF2F463A46494600F01AF9A3682268F8
:10858000DB1B3A44A3602260002BEED1214650460B
:10859000FAF752FC0028E8D0B0E72F46AB4648E790
:1085A00021465046FAF748FC00288ED0A6E71A4626
:1085B0003146019300F0FCF8019BA1682268C91ABA
:1085C0001A44A16022601D467BE7504600F062FC21
:1085D000034600287FF423AF21695046FAF70EFDC9
:1085E000B4F90C300C2223F08003CAF8002087E78E
:1085F0000C23CAF80030B4F90C3081E74FF0FF309B
:108600006CE700BFFEFFFF7F00FCFF7F0048704764
:108610007809001070B50C46B1F90E10002996B01B
:1086200015461E4614DB6A46F8F74FF900280FDBA3
:10863000019A02F47042A2F50052B2FA82F2520993
:108640004FF480634FF4006032602B6016B070BD51
:10865000A289002312F08000336004D04022184623
:108660002A6016B070BD4FF480632B6016B070BDE9
:108670008A8992070B4606D501F1430201211A604F
:10868000C3E90421704770B582B001AB6A460C465D
:108690000646FFF7BFFF009905463046FAF7FAFD98
:1086A000B4F90C3070B11649F163019A0099206059
:1086B00043F08003A381C4E904018AB92B43A38159
:1086C00002B070BD9A05FBD423F0030304F143020A
:1086D00043F002030121A3812260C4E90421EFE7F2
:1086E0003046B4F90E10F8F7F5F810B9B4F90C30BB
:1086F000E4E7A38923F0030343F001031BB2DDE7A2
:10870000E52E001AFFFFFFFFFFFFFFFFFFFFFFFF48
:1087100001F0FF01102A2BDB10F0070F08D010F832
:10872000013B013A8B422DD010F0070F42B3F6D136
:10873000F0B441EA012141EA014122F007047FF04F
:1087400000070023F0E80256083C85EA010586EAA6
:10875000010685FA47F5A3FA87F586FA47F6A5FAE2
:1087600087F68EB9EED1F0BC01F0FF0102F00702EE
:1087700032B110F8013B013A83EA010313B1F8D199
:108780000020704701387047002D06BF354603387A
:10879000073815F0010F07D1013015F4807F02BFB3
:1087A000013015F4C03F0130F0BC0138704700BF04
:1087B0008842F0B40DD98B1883420AD9841832B19B
:1087C000224613F8014D02F8014D9942F9D1F0BC4F
:1087D00070470F2A0ED80346541E002AF7D00134E2
:1087E0000C44013B11F8012B03F8012FA142F9D1F0
:1087F000F0BC704740EA01039B073BD1A2F1100790
:108800003F0901F1200606EB071601F1100300F104
:10881000100453F8105C44F8105C53F80C5C44F8F6
:108820000C5C53F8085C44F8085C53F8045C44F8AA
:10883000045C1033B34204F11004EAD17B1C1B0129
:1088400012F00C0F194402F00F05034415D0043D3B
:10885000AD0803EB850C1C1F0E4656F8047B44F84C
:10886000047F6445F9D10135AD002B44294402F061
:108870000302B1E7541E0346B1E72A46ACE700BF46
:10888000C36C70B505460C464BB153F8240080B15B
:10889000026843F824200023C0E9033370BD21227D
:1088A000042100F0DFFD0346E8640028EDD100203C
:1088B00070BD012101FA04F6721D2846920000F0F5
:1088C000D1FD0028F3D0C0E90146E4E731B1C36C23
:1088D0004A6853F82200086043F82210704700BF2E
:1088E000F0B50C6983B00D46064601F1140C002763
:1088F000DCF8000081B202FB0133190C000C02FB12
:1089000000109BB2013703EB0043BC424CF8043B20
:108910004FEA1043ECDC3BB1AA68A24207DD05EB4D
:108920008402013453612C61284603B0F0BD6968AC
:10893000019301313046FFF7A3FF2A69023205F1A6
:108940000C01074692000C30FAF75CFFF26C696884
:10895000019B52F82100286042F821503D4605EB6A
:108960008402013453612C61DEE700BF020C120463
:108970000346CAB90304102013F07F4F04BF1B0243
:10898000083013F0704F04BF1B01043013F0404F48
:1089900004BF9B000230002B05DB13F0804F00F179
:1089A000010008BF202070470020E5E7036813F0AE
:1089B0000702014607D0DA0720D4980722D55B08C2
:1089C0000B600120704798B2B0B91B0C102013F057
:1089D000FF0F04BF1B0A08301A0704BF1B0904302D
:1089E0009A0704BF9B080230DA0703D45B0800F142
:1089F000010005D00B6070471046E8E70020704783
:108A0000202070479B080B600220704710B50C4671
:108A10000121FFF735FF0122C0E9042410BD00BF8A
:108A20002DE9F04F0E691769BE4283B00C4615461A
:108A300005DB3A462B4637460D4616461C46D5E919
:108A4000011307EB06084345B8BF0131FFF718FFD4
:108A500000F1140A0AEB8809CA45009005D2534672
:108A6000002143F8041B9945FBD804F1140E0EEBCA
:108A7000860B05F11403DE4503EB870753D2CDF8CF
:108A80000480984605E0090C28D1F3450AF1040A50
:108A900047D95EF8041B8EB2002EF4D045465446EA
:108AA000002355F8041B20688AB21FFA80FC06FBDD
:108AB00002C2090C000C134406FB010202EB134234
:108AC0009BB243EA0243AF4244F8043B4FEA1243ED
:108AD000E7D823605EF8041C090CD6D0DAF8003021
:108AE00040461A4654464FF0000C0588120C01FB14
:108AF000052294449BB243EA0C4344F8043B50F8EB
:108B0000043B22681B0C95B201FB035303EB1C438F
:108B100087424FEA134CE8D8F34523600AF1040A70
:108B2000B7D8DDF80480B8F1000F0BDD59F8043C2C
:108B3000A9F104091BB105E059F8043D13B9B8F1D6
:108B40000108F9D10098C0F8108003B0BDE8F08F9B
:108B500012F003032DE9F041144607462ED10D46CD
:108B6000A4101CD0BE6C96B3E3074FF0000806D4E7
:108B7000641014D03068A8B10646E307F8D5324631
:108B800029463846FFF74CFFB5B16A68FB6C6410A4
:108B900053F82210296043F822500546EAD12846AE
:108BA000BDE8F081324631463846FFF739FF306084
:108BB000C0F800800646E0E70546D9E7013B0B4ACE
:108BC00052F823200023FFF78BFE0546C8E701215A
:108BD0003846FFF755FE40F271234361012200231E
:108BE00002610646B8640360BEE700BF40A1001AF8
:108BF0002DE9F8430E690D464FEA6219D1E90113D8
:108C00004E44741C9C429046074604DD5B009C4227
:108C100001F10101FADC3846FFF732FEB9F1000F2D
:108C200000F1140C0EDD09F105094FEA890900EB8A
:108C300009016346002243F8042B8B42FBD1A9F1C2
:108C40001409CC44296905F1140318F01F0803EB3B
:108C5000810E1DD0C8F120090022196801FA08F11F
:108C600011434CF8041B53F8042B734522FA09F204
:108C7000F3D3CCF80020002A18BF2646FB6C6A68A4
:108C8000066153F82210296043F82250BDE8F883AA
:108C9000ACF1040C53F8042B4CF8042F9E45F9D882
:108CA000ECE700BF30B40B6905460069C01A10D16B
:108CB0009B001435143119442B4401E09D4208D225
:108CC00053F8044D51F8042D9442F7D003D24FF0DD
:108CD000FF3030BC7047012030BC70472DE9F843AD
:108CE0000F460D6911696D1A002D9046844607F1F3
:108CF000140402F1140614D189006318314401E010
:108D0000A3425DD953F8040D51F8042D9042F7D0D9
:108D100009D222463B463446474616469846012528
:108D200001E0F6DB002560467968FFF7A9FD3F69A1
:108D3000D8F81030C56006EB830E04EB870C00F109
:108D40001405002200E00D4656F8041B54F8048B6D
:108D50001FFA81F912FA88F30A0CA3EB0903C2EB9C
:108D6000184202EB234229469BB243EA0243B6452E
:108D70004FEA224241F8043BA046E4D8A44516D964
:108D80000E4658F8045B12FA85F31A1402EB1542EA
:108D90009BB243EA0243C44546F8043B4FEA2242F1
:108DA000EFD80CF1FF352D1B25F003050D4423B939
:108DB00055F8043D013F002BFAD00761BDE8F88368
:108DC00060460021FFF75CFD01220023C0E9042377
:108DD000BDE8F8832DE9F0430F4683B0012155EC3F
:108DE000104B1646FFF74CFDC5F30A588146C5F3F4
:108DF0001303B8F1000F01D043F48013002C01934A
:108E00002BD068460094FFF7D1FDD0B9DDE90023EF
:108E1000C9F81420002B14BF02210121C9F8183011
:108E2000C9F81010B8F1000F24D0A8F2334808EBAD
:108E30000003C0F135003B603060484603B0BDE838
:108E4000F083DDE90013C0F1200203FA02F20A43C5
:108E5000C3400193C9F81420DCE701A8FFF7A6FD81
:108E6000019BC9F8143001212030C9F81010B8F165
:108E7000000FDAD109EB8103A0F2324038601869A3
:108E8000FFF774FDC0EB41103060484603B0BDE809
:108E9000F08300BF2DE9F84F1746002900F0BB8092
:108EA00007F10B0481460D46FAF796FD162C5ED8A5
:108EB00010242246A7425FD855F804EC2EF0030692
:108EC000A5F10808964208EB060A80F28180CB4B98
:108ED000DAF804009968514500F0B58020F00103EC
:108EE00053445B68DB0700F18A8020F003003318ED
:108EF000934280F212811EF0010F0FD155F8083C09
:108F0000A8EB030BDBF8041021F0030108448319DC
:108F1000934280F216817318934234DA39464846F8
:108F2000FAF7B8F90746E0B155F8043C23F001031D
:108F30004344A0F10802934200F0F780321F242A34
:108F400000F2FB80132A296800F2C98003462A46F2
:108F500019605168596092689A6029464846FAF744
:108F60004DF84846FAF73EFD3846BDE8F88F24F044
:108F70000704002C22469DDA0C23C9F80030002794
:108F80003846BDE8F88F5F46DBF80C1057F8080F3D
:108F9000321F242AC1600BEB030A886000F2D980DB
:108FA000132A296840F2D380CBF808106968CBF8FF
:108FB0000C101B2AA96800F2E0800BF110020835A2
:108FC000116069685160A96891601E46D8463D46A7
:108FD000D8F80430321B0F2A03F0010320D83343A2
:108FE000C8F80430DAF8043043F00103CAF804305A
:108FF00048462F46FAF7F6FC3846BDE8F88F1EF0D3
:10900000010F8BD155F8083CA8EB030BDBF80410DB
:1090100021F003017FE71146BDE8F84FFAF73AB9AE
:1090200008EB0401234342F00102C8F804304A600F
:10903000DAF8043043F001030831CAF80430484636
:10904000F9F7DCFFD4E720F00300311804F1100C2D
:1090500061454FDA1EF0010F7FF460AF55F8081C30
:10906000A8EB010BDBF8041021F00301084400EB2E
:10907000060AD4453FF74FAF5F46DBF80C1057F8B0
:10908000080F321F242AC160886000F29980132AD9
:10909000296840F29380CBF808106968CBF80C106F
:1090A0001B2AA96800F292800BF1100208351160AA
:1090B00069685160A96891600BEB0401AAEB040296
:1090C00042F0010299604A60DBF8043003F00103CA
:1090D0001C434846CBF80440FAF784FC50E7016093
:1090E0006B6843601B2A3CD805F1080200F10803B5
:1090F000A9682DE708EB04000A1B42F00102986002
:10910000426055F8043C03F001031C43484645F80F
:10911000044CFAF767FC2F4632E7DAE902121E46E2
:10912000CA6008EB030A916052E750F8043C23F050
:1091300003031E4408EB060A4AE72946FFF738FBFB
:109140000BE7DAE902125F46CA6091601CE73A4613
:1091500036E7294638461E46D846FFF729FB3D46E6
:1091600036E7AB688360EB68C360242A11D005F151
:10917000100200F110032969EAE6CBF81010E96843
:10918000CBF81410242A0ED029690BF118021035DF
:1091900016E72B6903616B694361A96905F1180240
:1091A00000F11803D4E62A69CBF818206A69CBF8D5
:1091B0001C20A9690BF12002183501E73A4676E731
:1091C00029463846FFF7F4FA0C4B75E7CBF8101038
:1091D000E968CBF81410242A04D029690BF118028D
:1091E000103564E72A69CBF818206A69CBF81C208F
:1091F000A9690BF12002183559E700BF7804001067
:1092000053EC102B70B5164E23F000410025B142EF
:109210000446056021DC10EE106A0E431DD0114E8D
:109220001E40184666B91946002210EE100A0E4B71
:10923000F9F79AF86FF035050246084621F000412B
:1092400020F0FF40091520F4E000A1F2FE3140F0CB
:109250007F53294443F40013216043EC102B70BD6D
:10926000FFFFEF7F0000F07F0000504370B440EA42
:109270000104A30727D1032A25D90B460646194620
:1092800053F8045BA5F1013424EA050414F0803F8F
:1092900006D1043A032A46F8045B1946EFD882B196
:1092A00033460C7803F8014B551E74B132442E44FA
:1092B00005E011F8014FF51A03F8014B2CB19A4261
:1092C000F7D170BC70470646E9E7002DF9D01D4480
:1092D000002203F8012BAB42FBD170BC704700BFEA
:1092E0002DE9F04F936883B09046002B6DD017683E
:1092F0008D6882460C460868083743E0A38913F45A
:10930000906F2ED0D4E9041505EB4505A0EB010BB9
:1093100005EBD5750BEB06006D100130A8422A460F
:1093200084BF05462A465B0536D511465046F9F7F7
:10933000B1FF00283AD05A4621690190FAF762FA43
:10934000A289019B22F4906242F08002A281A5EBE7
:109350000B0203EB0B00656123612060A2603546C0
:10936000B3465A464946FFF723FAD8F80830A268B0
:109370002068551B58449E1BA5602060C8F80860F3
:109380001EB3083757E90296AB46002EF9D0AE421D
:10939000B4D23546B346E4E75046FFF77BFD0346BB
:1093A0000028D4D121695046F9F728FE0C23CAF8C9
:1093B0000030A389002243F040034FF0FF30A38127
:1093C000C8E9012203B0BDE8F08F0020C8F804000E
:1093D00003B0BDE8F08F00BF2DE9F84F4B6E9C0441
:1093E00093462DD59368126843B30E46074602F1A3
:1093F000080959E9025A5FEA9A0815D0043D002489
:1094000001E0A0450ED0324655F8041F384600F062
:10941000A9F8431C04F10104F3D10023CBE9013383
:10942000BDE8F88FDBF808302AF0030AA3EB0A0343
:10943000CBF8083009F10809002BDAD10020ECE75D
:10944000FEF760FF0023CBE90133BDE8F88F00BFD2
:1094500093680BB1FFF7C0BF10B4184653605DF8B6
:10946000044B704710B502FB01F1F9F713FF0446F6
:1094700068B150F8042C22F00302043A242A18D8C8
:10948000132A06D802460023C2E90033936020461F
:1094900010BD00231B2AC0E900330FD9242AC0E9DC
:1094A000023312BF00F11002C0E9043300F11802C8
:1094B000E9E70021FAF740FA204610BD00F1080262
:1094C000E1E700BF2DE9F04782B0804689461446A7
:1094D00000F07AF8012803D109F1FF33FE2B33D9CC
:1094E0004A4604F15C0301A9404600F0E1F8421C41
:1094F00006462FD020B39DF804C000250DF1040AC4
:1095000009E023685A1C226083F800C00135B54287
:1095100016D215F80AC0A368013B002BA360F0DA4D
:10952000A769BB4261462246404602DBBCF10A0FF6
:10953000E7D100F065F8431CE8D102B0BDE8F08740
:10954000484602B0BDE8F0875FFA89FC06468DF810
:1095500004C0D2E7A38943F04003A38102B0BDE871
:10956000F08700BF30B50546506EB2F90C30C00729
:10957000144683B09AB201D490051CD5900406D449
:10958000626E43F4005342F40052A381626628469F
:109590002246FFF797FF636EDA07054602D4A389D8
:1095A0009B0502D5284603B030BDA06DF9F770FECB
:1095B000284603B030BDA06D0191F9F767FEB4F9FC
:1095C0000C3001999AB2D9E7014B93F82801704702
:1095D0008808001082B049B15AB16BB113780B60A2
:1095E0001278101C18BF012002B0704701A9002A90
:1095F000F3D1104602B070476FF00100F4E700BFEE
:10960000F8B50D461446064610B1836B002B43D0C7
:10961000B4F90C20A369A36091B208071BD5236994
:10962000CBB1EDB289042F4622D522686169D31AE5
:10963000994229DD0133A168501C0139A1602060E5
:10964000157062699A422AD0A389DB0701D50A2DD9
:1096500025D03846F8BD21463046FDF72DFE20BB0B
:10966000B4F90C20236991B2EDB289042F46DCD401
:10967000616E42F4005221F40051A28122686166B9
:109680006169D31A9942D5DC21463046F9F7D4FBFB
:1096900058B922680123CEE7F9F72AFCB8E721463A
:1096A0003046F9F7C9FB0028D3D04FF0FF37D0E799
:1096B000F0B50B4C85B00646D4F8E0401F4621B10A
:1096C000A047431C06D005B0F0BD0A4601A9A0473B
:1096D000431CF8D100228A233A60336005B0F0BD04
:1096E0008808001049B1FF2A02D80A70012070478B
:1096F0008A2303604FF0FF3070470846704700BF71
:109700000A3D3D3D204544552D4349414120545299
:10971000414E534D49534F52204C4F524120284DFA
:109720004F444F2050525545424129203D3D3D0D6B
:1097300000000000496E696369616C697A616E645A
:109740006F205358313236322E2E2E0D000000007D
:1097500053583132363220696E696369616C697AB7
:1097600061646F20656E20393135204D487A0D00D7
:109770005472616E736D697469656E646F206361A4
:109780006461203320736567756E646F732E2E2EAF
:109790000D0A000074656D703A32342E352C6875F0
:1097A0006D5F6169723A35382C6C757A3A25642C94
:1097B00068756D5F736F696C3A34322C636F756EC8
:1097C000743A2564000000005458205B25645D3A1B
:1097D0002025730D0A00000020202D3E20456E76C6
:1097E0006961646F204F4B0D0A00FFFF20205B442E
:1097F000454255475D20436F6E6669677572616EBD
:10980000646F2070696E65732E2E2E0D00000000AF
:1098100020205B44454255475D204E53533D25640F
:109820002C205253543D25642C20425553593D253C
:1098300064202870696E6573204750494F290D0ACE
:109840000000000020205B44454255475D204861F0
:109850006369656E646F2072657365742064656CFE
:10986000205358313236322E2E2E0D0020205B44EC
:10987000454255475D204573706572616E646F2087
:10988000425553592E2E2E0D0000000020205B441F
:10989000454255475D2042555359204F4B20286380
:1098A00068697020726573706F6E6469C3B3290D47
:1098B0000000000020205B44454255475D20436F77
:1098C0006E6669677572616E646F205350492E2E03
:1098D0002E0D000020205B44454255475D20436F1C
:1098E0006E6669677572616E646F20726567756C0C
:1098F00061646F72202844432D4443292E2E2E0D7F
:109900000000000020205B44454255475D20456E25
:109910007669616E646F20636F6D616E646F205352
:1099200054414E4442592E2E2E0D000020205B44FF
:10993000454255475D20436F6E6669677572616E7B
:10994000646F205443584F20312E37562E2E2E0D43
:109950000000000020205B44454255475D204361E4
:109960006C696272616E646F20636869702E2E2E5E
:109970000D00000020205B44454255475D204361B7
:109980006C696272616E646F20696D6167656E20DB
:109990007061726120383638204D487A2E2E2E0D97
:1099A0000000000020205B44454255475D20436F86
:1099B0006E6669677572616E646F206D6F646F208B
:1099C0004C6F52612E2E2E0D0000000020205B44B3
:1099D000454255475D20436F6E6669677572616EDB
:1099E000646F2044494F322E2E2E0D0020205B4400
:1099F000454255475D20436F6E6669677572616EBB
:109A0000646F206672656375656E636961203836C0
:109A1000382E33204D487A2E2E2E0D0020205B4408
:109A2000454255475D20436F6E6669677572616E8A
:109A3000646F206D6F64756C616369C3B36E2028B9
:109A4000534631322C2042573132352C2043523488
:109A50002F35292E2E2E0D0020205B4445425547E0
:109A60005D20436F6E6669677572616E646F20502A
:109A700041202831372064426D292E2E2E0D000002
:109A800020205B44454255475D20535831323632E1
:109A900020636F6E666967757261646F204F4B213A
:109AA0000D00FFFF20205B4552524F525D2053585E
:109AB00031323632206E6F20696E696369616C697C
:109AC0007A61646F210D000020205B54585D2049AD
:109AD0006E696369616E646F207472616E736D6923
:109AE0007369C3B36E206465202564206279746550
:109AF000732E2E2E0D0A000020205B54585D204D41
:109B00006F646F205354414E444259204F4B0D0017
:109B100020205B54585D204275666665722065732F
:109B2000637269746F204F4B0D00000020205B545E
:109B3000585D20506172C3A16D6574726F732064AB
:109B4000656C2070617175657465204F4B0D000068
:109B500020205B54585D20456E7669616E646F20ED
:109B6000636F6D616E646F2053657454782E2E2E72
:109B70000D00000020205B54585D20436F6D616E26
:109B8000646F20545820656E766961646F2C20657F
:109B900073706572616E646F2E2E2E0D00000000D2
:109BA00020205B54585D205472616E736D69736937
:109BB000C3B36E20636F6D706C65746164610D007A
:109BC00020205B4552524F525D2054494D454F5520
:109BD00054206573706572616E646F2042555359ED
:109BE000210D000020205B44454255475D20425531
:109BF0005359206573706572C3B320256C7520635B
:109C000069636C6F730D0A00010F010102004400CB
:109C10000201440002024400020A4000020B40001C
:109C2000020C4000010050000101500001025000F0
:109C300001065000060150000604500006055000C1
:109C4000060754000608540006095000060A500092
:109C5000060B5000060C50000F04F0000103D50065
:109C60000104D50007011600070256000203520046
:109C70000204520009055200090657000602570067
:109C800000000000000400080009010905000501AA
:109C90000502000E010B010C030003030304050F72
:109CA00005100305030603070208FFFF001BB700AA
:109CB00000010100090901000A0901000107010171
:109CC00002090100060901000C0901010D0901004A
:109CD0000E0901000F09010010090100110901001E
:109CE00012090100130901001411010019110100EA
:109CF0001A1101001B11010001020408030F0F0FCC
:109D0000FF00FFFF000005000A00200024000900FA
:109D10004000400005006000A6000400C000C30031
:109D20000200E000E000010000010001030020014A
:109D300020010600400140010C00420142011900CF
:109D4000620162011300820182011200A201A201DC
:109D50001100C201C2011000E201E2010F00020283
:109D600002020E00220222020D00230223021C0026
:109D7000C201A2018201620181008200A100A20051
:109D80000401000201070500030D0105000108049C
:109D900002000202040300020304000002000704A0
:109DA00000030C030204050903010405080203046F
:109DB00005030204040504060C000208060B000358
:109DC000070609000305060704050F060400030340
:109DD000040400020404050002050406000206044F
:109DE0000804050C040A04050E010300000A01140E
:109DF00000000F011200000D011100000C01100005
:109E00000003070700030F0001000001000000002D
:109E100000060A00030606080405100605000304F0
:109E20000601000300040904050D010400000B01F4
:109E30000F000002010000000401010000080102FF
:109E400000000901060001090200040500020104E6
:109E500005010202040502020A00000E020B0001C5
:109E60000B020C00010CFFFF801A06000A00000024
:109E70000010084006040206050218000010084001
:109E80000905070906071800002008400000000027
:109E90000000190000100C400701060702061A0016
:109EA00000100C40010F010110011A0000200C40AD
:109EB0000203020204021B00002020202020202098
:109EC000202028282828282020202020202020206A
:109ED000202020202020202020881010101010107A
:109EE00010101010101010101004040404040404C6
:109EF0000404041010101010101041414141414160
:109F00000101010101010101010101010101010141
:109F10000101010110101010101042424242424251
:109F20000202020202020202020202020202020211
:109F300002020202101010102000000000000000B9
:109F40000000000000000000000000000000000011
:109F50000000000000000000000000000000000001
:109F600000000000000000000000000000000000F1
:109F700000000000000000000000000000000000E1
:109F800000000000000000000000000000000000D1
:109F900000000000000000000000000000000000C1
:109FA00000000000000000000000000000000000B1
:109FB000000000000000000000FFFFFF494E4600C7
:109FC000696E66004E414E006E616E003031323374
:109FD00034353637383961626364656600000000E5
:109FE00030313233343536373839414243444546CF
:109FF00000000000286E756C6C2900003000FFFF27
:10A000002020202020202020202020202020202050
:10A010003030303030303030303030303030303040
:10A020002020202020202020202020202020202030
:10A030003030303030303030303030303030303020
:10A040004E614E00496E66696E69747900FFFFFFCC
:10A050000080E03779C34143176E05B5B5B8934624
:10A06000F5F93FE9034F384D321D30F94877825AF0
:10A070003CBF737FDD4F1575000000000000F03F0E
:10A0800000000000000024400000000000005940D3
:10A090000000000000408F40000000000088C34026
:10A0A00000000000006AF8400000000080842E419B
:10A0B00000000000D01263410000000084D79741E7
:10A0C0000000000065CDCD41000000205FA00242ED
:10A0D000000000E876483742000000A2941A6D4262
:10A0E000000040E59C30A2420000901EC4BCD64255
:10A0F00000003426F56B0C430080E03779C3414300
:10A1000000A0D8855734764300C84E676DC1AB4375
:10A11000003D9160E458E143408CB5781DAF154493
:10A1200050EFE2D6E41A4B4492D54D06CFF080446E
:10A13000F64AE1C7022DB544B49DD9794378EA4483
:10A1400005000000190000007D0000004300000031
:0CA15000504F53495800FFFF2E00000044
:04A15C001F0C001ABA
:08A16000E887FF7F0100000009
:10A1680000100A4022000000390E001A000000000A
:10A1780000000000000000000000000000000E4089
:10A1880001000000390E001A000000000000000065
:10A19800000000000000000000CB280CFFFFFFFFBC
:10A1A800010000000000000050000010FFFFFFFF4A
:10A1B800000000003C030010A40300100C04001071
:10A1C8000000000000000000000000000000000087
:10A1D8000000000000000000000000000000000077
:10A1E8000000000000000000000000000000000067
:10A1F8000000000000000000000000000000000057
:10A208000000000000000000000000000000000046
:10A218000000000000000000000000000000000036
:10A228000000000000000000000000000000000026
:10A238000000000000000000000000000000000016
:10A248000000000000000000000000000000000006
:10A2580000000000000000000100000000000000F5
:10A268000E33CDAB34126DE6ECDE05000B000000BA
:10A2780000000000000000000000000000000000D6
:10A2880000000000000000000000000000000000C6
:10A2980000000000000000000000000000000000B6
:10A2A80000000000000000000000000000000000A6
:10A2B8000000000000000000000000000000000096
:10A2C8000000000000000000000000000000000086
:10A2D8000000000000000000000000000000000076
:10A2E8000000000000000000000000000000000066
:10A2F8000000000000000000000000000000000056
:10A308000000000000000000000000000000000045
:10A318000000000000000000000000000000000035
:10A328000000000000000000000000000000000025
:10A338000000000000000000000000000000000015
:10A348000000000000000000000000000000000005
:10A3580000000000000000000000000000000000F5
:10A3680000000000000000000000000000000000E5
:10A3780000000000000000000000000000000000D5
:10A3880000000000000000000000000000000000C5
:10A3980000000000000000000000000000000000B5
:10A3A80000000000000000000000000000000000A5
:10A3B8000000000000000000000000000000000095
:10A3C8000000000000000000000000000000000085
:10A3D8000000000000000000000000000000000075
:10A3E8000000000000000000000000000000000065
:10A3F8000000000000000000000000000000000055
:10A408000000000000000000000000000000000044
:10A418000000000000000000000000000000000034
:10A428000000000000000000000000000000000024
:10A438000000000000000000000000000000000014
:10A448000000000000000000000000000000000004
:10A4580000000000000000000000000000000000F4
:10A4680000000000000000000000000000000000E4
:10A4780000000000000000000000000000000000D4
:10A4880000000000000000000000000000000000C4
:10A4980000000000000000000000000000000000B4
:10A4A80000000000000000000000000000000000A4
:10A4B8000000000000000000000000000000000094
:10A4C8000000000000000000000000000000000084
:10A4D8000000000000000000000000000000000074
:10A4E8000000000000000000000000000000000064
:10A4F8000000000000000000000000000000000054
:10A508000000000000000000000000000000000043
:10A518000000000000000000000000000000000033
:10A528000000000000000000000000000000000023
:10A538000000000000000000000000000000000013
:10A548000000000000000000000000000000000003
:10A5580000000000000000000000000000000000F3
:10A5680000000000000000000000000000000000E3
:10A5780000000000000000000000000000000000D3
:10A5880000000000000000000000000000000000C3
:10A5980000000000000000000000000000000000B3
:10A5A80000000000000000000000000000000000A3
:10A5B8000000000000000000000000000000000093
:10A5C8000000000000000000000000000000000083
:10A5D8000000000000000000000000000000000073
:10A5E8007804001078040010800400108004001023
:10A5F80088040010880400109004001090040010D3
:10A608009804001098040010A0040010A004001082
:10A61800A8040010A8040010B0040010B004001032
:10A62800B8040010B8040010C0040010C0040010E2
:10A63800C8040010C8040010D0040010D004001092
:10A64800D8040010D8040010E0040010E004001042
:10A65800E8040010E8040010F0040010F0040010F2
:10A66800F8040010F80400100005001000050010A0
:10A67800080500100805001010050010100500104E
:10A6880018050010180500102005001020050010FE
:10A6980028050010280500103005001030050010AE
:10A6A800380500103805001040050010400500105E
:10A6B800480500104805001050050010500500100E
:10A6C80058050010580500106005001060050010BE
:10A6D800680500106805001070050010700500106E
:10A6E800780500107805001080050010800500101E
:10A6F80088050010880500109005001090050010CE
:10A708009805001098050010A0050010A00500107D
:10A71800A8050010A8050010B0050010B00500102D
:10A72800B8050010B8050010C0050010C0050010DD
:10A73800C8050010C8050010D0050010D00500108D
:10A74800D8050010D8050010E0050010E00500103D
:10A75800E8050010E8050010F0050010F0050010ED
:10A76800F8050010F805001000060010000600109B
:10A778000806001008060010100600101006001049
:10A7880018060010180600102006001020060010F9
:10A7980028060010280600103006001030060010A9
:10A7A8003806001038060010400600104006001059
:10A7B8004806001048060010500600105006001009
:10A7C80058060010580600106006001060060010B9
:10A7D8006806001068060010700600107006001069
:10A7E8007806001078060010800600108006001019
:10A7F80088060010880600109006001090060010C9
:10A808009806001098060010A0060010A006001078
:10A81800A8060010A8060010B0060010B006001028
:10A82800B8060010B8060010C0060010C0060010D8
:10A83800C8060010C8060010D0060010D006001088
:10A84800D8060010D8060010E0060010E006001038
:10A85800E8060010E8060010F0060010F0060010E8
:10A86800F8060010F8060010000700100007001096
:10A878000807001008070010100700101007001044
:10A8880018070010180700102007001020070010F4
:10A8980028070010280700103007001030070010A4
:10A8A8003807001038070010400700104007001054
:10A8B8004807001048070010500700105007001004
:10A8C80058070010580700106007001060070010B4
:10A8D8006807001068070010700700107007001064
:10A8E8007807001078070010800700108007001014
:10A8F80088070010880700109007001090070010C4
:10A908009807001098070010A0070010A007001073
:10A91800A8070010A8070010B0070010B007001023
:10A92800B8070010B8070010C0070010C0070010D3
:10A93800C8070010C8070010D0070010D007001083
:10A94800D8070010D8070010E0070010E007001033
:10A95800E8070010E8070010F0070010F0070010E3
:10A96800F8070010F8070010000800100008001091
:10A97800080800100808001010080010100800103F
:10A9880018080010180800102008001020080010EF
:10A99800280800102808001030080010300800109F
:10A9A800380800103808001040080010400800104F
:10A9B80048080010480800105008001050080010FF
:10A9C80058080010580800106008001060080010AF
:10A9D800680800106808001070080010700800105F
:10A9E800FFFFFFFF0000020043000000000000001E
:10A9F800000000000000000000000000000000004F
:10AA080000000000000000004300000000000000FB
:10AA1800000000000000000000000000000000002E
:10AA280000000000000000004300000000000000DB
:10AA3800000000000000000000000000000000000E
:10AA480000000000000000004300000000000000BB
:10AA580000000000000000000000000000000000EE
:10AA6800000000000000000043000000000000009B
:10AA780000000000000000000000000000000000CE
:10AA8800000000000000000043000000000000007B
:10AA980000000000000000000000000000000000AE
:10AAA800000000000000000043000000000000005B
:10AAB800000000000000000000000000000000008E
:10AAC8000000000000000000E596001AD595001A65
:10AAD80000000000B89E001A58A1001A4098001AF9
:10AAE8004098001A4098001A4098001A4098001A96
:10AAF8004098001A4098001A4098001A4098001A86
:10AB0800FFFFFFFFFFFFFFFFFFFFFFFFFFFF00004B
:10AB180001004153434949000000000000000000C3
:10AB2800000000000000000000000000000000001D
:10AB380000004153434949000000000000000000A4
:10AB480000000000000000000000000000000000FD
:04AB580000000000F9
:040000051A000835A0
:00000001FF
