
LoRa/LoraESP/program_main/out/program_main.elf:     file format elf32-littlearm
LoRa/LoraESP/program_main/out/program_main.elf
architecture: armv7e-m, flags 0x00000112:
EXEC_P, HAS_SYMS, D_PAGED
start address 0x1a000835

Program Header:
0x70000001 off    0x0001a160 vaddr 0x1a00a160 paddr 0x1a00a160 align 2**2
         filesz 0x00000008 memsz 0x00000008 flags r--
    LOAD off    0x00000000 vaddr 0x10000000 paddr 0x10000000 align 2**16
         filesz 0x000000b4 memsz 0x00000a80 flags rw-
    LOAD off    0x00010000 vaddr 0x1a000000 paddr 0x1a000000 align 2**16
         filesz 0x0000a168 memsz 0x0000a168 flags rwx
    LOAD off    0x00020000 vaddr 0x10000000 paddr 0x1a00a168 align 2**16
         filesz 0x000009f4 memsz 0x000009f4 flags rw-
private flags = 5000400: [Version5 EABI] [hard-float ABI]

Sections:
Idx Name          Size      VMA       LMA       File off  Algn
  0 .text         0000a15c  1a000000  1a000000  00010000  2**6
                  CONTENTS, ALLOC, LOAD, READONLY, CODE
  1 .data         000009f4  10000000  1a00a168  00020000  2**3
                  CONTENTS, ALLOC, LOAD, DATA
  2 .data_RAM2    00000000  10080000  10080000  000209f4  2**2
                  CONTENTS
  3 .data_RAM3    00000000  20000000  20000000  000209f4  2**2
                  CONTENTS
  4 .data_RAM4    00000000  20008000  20008000  000209f4  2**2
                  CONTENTS
  5 .data_RAM5    00000000  2000c000  2000c000  000209f4  2**2
                  CONTENTS
  6 .bss          00000088  100009f8  100009f8  000009f8  2**3
                  ALLOC
  7 .bss_RAM2     00000000  10080000  10080000  000209f4  2**2
                  CONTENTS
  8 .bss_RAM3     00000000  20000000  20000000  000209f4  2**2
                  CONTENTS
  9 .bss_RAM4     00000000  20008000  20008000  000209f4  2**2
                  CONTENTS
 10 .bss_RAM5     00000000  2000c000  2000c000  000209f4  2**2
                  CONTENTS
 11 .init_array   00000004  1a00a15c  1a00a15c  0001a15c  2**2
                  CONTENTS, ALLOC, LOAD, DATA
 12 .ARM.exidx    00000008  1a00a160  1a00a160  0001a160  2**2
                  CONTENTS, ALLOC, LOAD, READONLY, DATA
 13 .uninit_RESERVED 00000000  10000000  10000000  000209f4  2**2
                  CONTENTS
 14 .noinit_RAM2  00000000  10080000  10080000  000209f4  2**2
                  CONTENTS
 15 .noinit_RAM3  00000000  20000000  20000000  000209f4  2**2
                  CONTENTS
 16 .noinit_RAM4  00000000  20008000  20008000  000209f4  2**2
                  CONTENTS
 17 .noinit_RAM5  00000000  2000c000  2000c000  000209f4  2**2
                  CONTENTS
 18 .noinit       00000000  10000a80  10000a80  000209f4  2**2
                  CONTENTS
 19 .debug_info   00023693  00000000  00000000  000209f4  2**0
                  CONTENTS, READONLY, DEBUGGING
 20 .debug_abbrev 00004e30  00000000  00000000  00044087  2**0
                  CONTENTS, READONLY, DEBUGGING
 21 .debug_loc    00007f80  00000000  00000000  00048eb7  2**0
                  CONTENTS, READONLY, DEBUGGING
 22 .debug_aranges 000009e8  00000000  00000000  00050e37  2**0
                  CONTENTS, READONLY, DEBUGGING
 23 .debug_ranges 00000a78  00000000  00000000  0005181f  2**0
                  CONTENTS, READONLY, DEBUGGING
 24 .debug_macro  0000e44e  00000000  00000000  00052297  2**0
                  CONTENTS, READONLY, DEBUGGING
 25 .debug_line   0001337a  00000000  00000000  000606e5  2**0
                  CONTENTS, READONLY, DEBUGGING
 26 .debug_str    000299d2  00000000  00000000  00073a5f  2**0
                  CONTENTS, READONLY, DEBUGGING
 27 .comment      00000068  00000000  00000000  0009d431  2**0
                  CONTENTS, READONLY
 28 .ARM.attributes 00000032  00000000  00000000  0009d499  2**0
                  CONTENTS, READONLY
 29 .debug_frame  00002978  00000000  00000000  0009d4cc  2**2
                  CONTENTS, READONLY, DEBUGGING
SYMBOL TABLE:
1a000000 l    d  .text	00000000 .text
10000000 l    d  .data	00000000 .data
10080000 l    d  .data_RAM2	00000000 .data_RAM2
20000000 l    d  .data_RAM3	00000000 .data_RAM3
20008000 l    d  .data_RAM4	00000000 .data_RAM4
2000c000 l    d  .data_RAM5	00000000 .data_RAM5
100009f8 l    d  .bss	00000000 .bss
10080000 l    d  .bss_RAM2	00000000 .bss_RAM2
20000000 l    d  .bss_RAM3	00000000 .bss_RAM3
20008000 l    d  .bss_RAM4	00000000 .bss_RAM4
2000c000 l    d  .bss_RAM5	00000000 .bss_RAM5
1a00a15c l    d  .init_array	00000000 .init_array
1a00a160 l    d  .ARM.exidx	00000000 .ARM.exidx
10000000 l    d  .uninit_RESERVED	00000000 .uninit_RESERVED
10080000 l    d  .noinit_RAM2	00000000 .noinit_RAM2
20000000 l    d  .noinit_RAM3	00000000 .noinit_RAM3
20008000 l    d  .noinit_RAM4	00000000 .noinit_RAM4
2000c000 l    d  .noinit_RAM5	00000000 .noinit_RAM5
10000a80 l    d  .noinit	00000000 .noinit
00000000 l    d  .debug_info	00000000 .debug_info
00000000 l    d  .debug_abbrev	00000000 .debug_abbrev
00000000 l    d  .debug_loc	00000000 .debug_loc
00000000 l    d  .debug_aranges	00000000 .debug_aranges
00000000 l    d  .debug_ranges	00000000 .debug_ranges
00000000 l    d  .debug_macro	00000000 .debug_macro
00000000 l    d  .debug_line	00000000 .debug_line
00000000 l    d  .debug_str	00000000 .debug_str
00000000 l    d  .comment	00000000 .comment
00000000 l    d  .ARM.attributes	00000000 .ARM.attributes
00000000 l    d  .debug_frame	00000000 .debug_frame
00000000 l    df *ABS*	00000000 armv7m_startup.c
00000000 l    df *ABS*	00000000 vendor_interrupt.c
00000000 l    df *ABS*	00000000 crp.c
00000000 l    df *ABS*	00000000 program_main.c
00000000 l    df *ABS*	00000000 leer_adc.c
00000000 l    df *ABS*	00000000 sx1262_lora.c
1a0003fc l     F .text	0000003c sx1262_wait_busy
1a000438 l     F .text	00000052 sx1262_write_command
100009f8 l     O .bss	00000001 inicializado
00000000 l    df *ABS*	00000000 system.c
100009fc l     O .bss	00000004 heap_end.5864
00000000 l    df *ABS*	00000000 board_sysinit.c
1a009c08 l     O .text	00000004 InitClkStates
1a009c0c l     O .text	00000074 pinmuxing
00000000 l    df *ABS*	00000000 board.c
1a000a38 l     F .text	00000044 Board_LED_Init
1a000a7c l     F .text	00000040 Board_TEC_Init
1a000abc l     F .text	00000040 Board_GPIO_Init
1a000afc l     F .text	00000030 Board_ADC_Init
1a000b2c l     F .text	00000038 Board_SPI_Init
1a000b64 l     F .text	00000024 Board_I2C_Init
1a009c84 l     O .text	00000008 GpioButtons
1a009c8c l     O .text	0000000c GpioLeds
1a009c98 l     O .text	00000012 GpioPorts
00000000 l    df *ABS*	00000000 ssp_18xx_43xx.c
1a000c26 l     F .text	0000001a SSP_Write2BFifo
1a000c40 l     F .text	00000018 SSP_Write1BFifo
1a000c58 l     F .text	00000042 SSP_Read2BFifo
1a000c9a l     F .text	00000040 SSP_Read1BFifo
1a000cdc l     F .text	00000014 Chip_SSP_GetClockIndex
1a000cf0 l     F .text	00000018 Chip_SSP_GetPeriphClockIndex
00000000 l    df *ABS*	00000000 i2c_18xx_43xx.c
10000000 l     O .data	00000038 i2c
00000000 l    df *ABS*	00000000 sysinit_18xx_43xx.c
1a009cb0 l     O .text	00000048 InitClkStates
00000000 l    df *ABS*	00000000 gpio_18xx_43xx.c
00000000 l    df *ABS*	00000000 adc_18xx_43xx.c
1a001010 l     F .text	00000014 Chip_ADC_GetClockIndex
1a001024 l     F .text	00000032 getClkDiv
00000000 l    df *ABS*	00000000 chip_18xx_43xx.c
00000000 l    df *ABS*	00000000 clock_18xx_43xx.c
1a0011f0 l     F .text	000000a0 pll_calc_divs
1a001290 l     F .text	0000010c pll_get_frac
1a00139c l     F .text	0000004c Chip_Clock_FindBaseClock
1a001610 l     F .text	00000022 Chip_Clock_GetDivRate
10000a00 l     O .bss	00000008 audio_usb_pll_freq
1a009d04 l     O .text	0000006c periph_to_base
00000000 l    df *ABS*	00000000 uart_18xx_43xx.c
1a0017b0 l     F .text	0000002c Chip_UART_GetIndex
1a009d70 l     O .text	00000008 UART_BClock
1a009d78 l     O .text	00000008 UART_PClock
00000000 l    df *ABS*	00000000 sysinit.c
00000000 l    df *ABS*	00000000 sapi_cyclesCounter.c
10000038 l     O .data	00000004 ClockSpeed
00000000 l    df *ABS*	00000000 sapi_gpio.c
1a0019a0 l     F .text	00000034 gpioObtainPinInit
00000000 l    df *ABS*	00000000 sapi_adc.c
00000000 l    df *ABS*	00000000 sapi_tick.c
10000a08 l     O .bss	00000004 callBackFuncParams
10000a10 l     O .bss	00000008 tickCounter
10000a18 l     O .bss	00000004 tickHookFunction
00000000 l    df *ABS*	00000000 sapi_spi.c
00000000 l    df *ABS*	00000000 sapi_uart.c
1a009e70 l     O .text	00000048 lpcUarts
00000000 l    df *ABS*	00000000 sapi_usb_device.c
10000a1c l     O .bss	00000004 g_hUsb
00000000 l    df *ABS*	00000000 sapi_board.c
00000000 l    df *ABS*	00000000 sapi_delay.c
00000000 l    df *ABS*	00000000 _arm_addsubdf3.o
00000000 l    df *ABS*	00000000 _arm_muldivdf3.o
00000000 l    df *ABS*	00000000 _arm_cmpdf2.o
00000000 l    df *ABS*	00000000 _arm_unorddf2.o
00000000 l    df *ABS*	00000000 _arm_fixdfsi.o
00000000 l    df *ABS*	00000000 _aeabi_uldivmod.o
00000000 l    df *ABS*	00000000 libgcc2.c
00000000 l    df *ABS*	00000000 _dvmd_tls.o
00000000 l    df *ABS*	00000000 fclose.c
00000000 l    df *ABS*	00000000 fflush.c
00000000 l    df *ABS*	00000000 findfp.c
1a002e94 l     F .text	00000050 std
00000000 l    df *ABS*	00000000 mallocr.c
00000000 l    df *ABS*	00000000 fwalk.c
00000000 l    df *ABS*	00000000 init.c
00000000 l    df *ABS*	00000000 lock.c
00000000 l    df *ABS*	00000000 mallocr.c
00000000 l    df *ABS*	00000000 lib_a-memcpy.o
00000000 l    df *ABS*	00000000 memset.c
00000000 l    df *ABS*	00000000 mlock.c
00000000 l    df *ABS*	00000000 printf.c
00000000 l    df *ABS*	00000000 puts.c
00000000 l    df *ABS*	00000000 sprintf.c
00000000 l    df *ABS*	00000000 stdio.c
00000000 l    df *ABS*	00000000 lib_a-strlen.o
00000000 l    df *ABS*	00000000 vfprintf.c
1a00a000 l     O .text	00000010 blanks.8678
1a00a010 l     O .text	00000010 zeroes.8679
00000000 l    df *ABS*	00000000 vfprintf.c
1a007234 l     F .text	00000084 __sbprintf
1a00a020 l     O .text	00000010 blanks.8693
1a00a030 l     O .text	00000010 zeroes.8694
00000000 l    df *ABS*	00000000 wsetup.c
00000000 l    df *ABS*	00000000 dtoa.c
1a007388 l     F .text	00000124 quorem
00000000 l    df *ABS*	00000000 fvwrite.c
00000000 l    df *ABS*	00000000 localeconv.c
00000000 l    df *ABS*	00000000 makebuf.c
00000000 l    df *ABS*	00000000 lib_a-memchr.o
00000000 l    df *ABS*	00000000 memmove.c
00000000 l    df *ABS*	00000000 mprec.c
1a00a140 l     O .text	0000000c p05.7442
00000000 l    df *ABS*	00000000 mallocr.c
00000000 l    df *ABS*	00000000 s_frexp.c
00000000 l    df *ABS*	00000000 strncpy.c
00000000 l    df *ABS*	00000000 vfprintf.c
00000000 l    df *ABS*	00000000 vfprintf.c
1a0093d8 l     F .text	00000076 __sprint_r.part.0
00000000 l    df *ABS*	00000000 mallocr.c
00000000 l    df *ABS*	00000000 fputwc.c
00000000 l    df *ABS*	00000000 locale.c
00000000 l    df *ABS*	00000000 mbtowc_r.c
00000000 l    df *ABS*	00000000 wbuf.c
00000000 l    df *ABS*	00000000 wcrtomb.c
00000000 l    df *ABS*	00000000 wctomb_r.c
00000000 l    df *ABS*	00000000 ctype_.c
00000000 l    df *ABS*	00000000 impure.c
10000050 l     O .data	00000428 impure_data
00000000 l    df *ABS*	00000000 
1a00a160 l       .init_array	00000000 __init_array_end
1a00a15c l       .bss_RAM5	00000000 __preinit_array_end
1a00a15c l       .init_array	00000000 __init_array_start
1a00a15c l       .bss_RAM5	00000000 __preinit_array_start
1a00289c g     F .text	0000002c .hidden __aeabi_dcmpun
1a001434 g     F .text	0000001c Chip_Clock_GetDividerSource
1a0008d4 g     F .text	00000012 _isatty_r
1a002860 g     F .text	00000012 .hidden __aeabi_dcmple
1a003a18 g     F .text	0000009c _puts_r
1a0001ba  w    F .text	00000002 TIMER2_IRQHandler
1a00279c g     F .text	0000007a .hidden __cmpdf2
1a0008e6 g     F .text	0000000a _lseek_r
1a000184  w    F .text	00000002 DebugMon_Handler
1a0001ba  w    F .text	00000002 RIT_IRQHandler
1a0010bc g     F .text	00000016 Chip_ADC_DeInit
1a080000 g       *ABS*	00000000 __top_MFlashA512
1a00279c g     F .text	0000007a .hidden __eqdf2
1a0001ba  w    F .text	00000002 ADCHS_IRQHandler
1a000114 g       .text	00000000 __section_table_start
1a0001ba  w    F .text	00000002 FLASH_EEPROM_IRQHandler
1a00230c g     F .text	0000005a .hidden __floatdidf
1a0001ba  w    F .text	00000002 I2C0_IRQHandler
1a0039f0 g     F .text	00000028 printf
1a000c1e g     F .text	00000008 __stdio_init
10000a5c g     O .bss	00000001 __lock___atexit_recursive_mutex
1a0096b0 g     F .text	00000034 _wcrtomb_r
1a003b6c g     F .text	00000020 __sseek
1a002ef0 g     F .text	00000054 __sinit
1a009600 g     F .text	000000b0 __swbuf_r
1a00017a  w    F .text	00000002 HardFault_Handler
1a000000 g       *ABS*	00000000 __vectors_start__
1a001184 g     F .text	0000000c Chip_ADC_SetResolution
1a0039e4 g     F .text	0000000c __malloc_unlock
1a001e04 g     F .text	0000002c SysTick_Handler
1a001830 g     F .text	00000040 Chip_UART_SetBaud
10000a60 g     O .bss	00000001 __lock___arc4random_mutex
1a000830  w    F .text	00000002 initialise_monitor_handles
1a0001ba  w    F .text	00000002 SDIO_IRQHandler
1a000bc0 g     F .text	0000001c Board_UARTGetChar
1a0001ba  w    F .text	00000002 ATIMER_IRQHandler
1a0087b0 g     F .text	000000ce memmove
1a000186  w    F .text	00000002 PendSV_Handler
1a000178  w    F .text	00000002 NMI_Handler
1a008880 g     F .text	0000004c _Balloc
1a00a168 g       .ARM.exidx	00000000 __exidx_end
1a000150 g       .text	00000000 __data_section_table_end
1a0001ba  w    F .text	00000002 I2C1_IRQHandler
1a0001ba  w    F .text	00000002 UART1_IRQHandler
1a00278c g     F .text	0000008a .hidden __gtdf2
1a0001ba  w    F .text	00000002 GPIO5_IRQHandler
1a0001ba  w    F .text	00000002 CAN1_IRQHandler
1a0008ca g     F .text	0000000a _fstat_r
53ff705a g       *ABS*	00000000 __valid_user_code_checksum
1a00a168 g       .ARM.exidx	00000000 _etext
1a002828 g     F .text	00000010 .hidden __aeabi_cdcmple
1a0001ba  w    F .text	00000002 USB1_IRQHandler
1a0001ba  w    F .text	00000002 I2S0_IRQHandler
1a0001ba  w    F .text	00000002 TIMER3_IRQHandler
1a0016b2 g     F .text	0000000c Chip_Clock_GetBaseClocktHz
1a0001ba  w    F .text	00000002 UART0_IRQHandler
1a0001a8 g     F .text	00000012 bss_init
1a003804 g     F .text	00000134 memcpy
1a002818 g     F .text	00000020 .hidden __aeabi_cdrcmple
1a0001ba  w    F .text	00000002 SGPIO_IRQHandler
1a002ee4 g     F .text	0000000c _cleanup_r
1a003ca0 g     F .text	00001a3c _svfprintf_r
1a002294 g     F .text	00000022 .hidden __floatsidf
1a002794 g     F .text	00000082 .hidden __ltdf2
1a002918 g     F .text	00000000 .hidden __aeabi_uldivmod
10000a80 g       .noinit	00000000 _noinit
1a003ab4 g     F .text	00000010 puts
1a00048c g     F .text	0000023c sx1262_init
10000a54 g     O .bss	00000004 SystemCoreClock
1a0017dc g     F .text	00000054 Chip_UART_Init
1a0001ba  w    F .text	00000002 ADC0_IRQHandler
1a001064 g     F .text	00000018 readAdcVal
1a00a078 g     O .text	000000c8 __mprec_tens
1a000180  w    F .text	00000002 UsageFault_Handler
1a001764 g     F .text	0000004c Chip_Clock_GetRate
1a0001ba  w    F .text	00000002 GPIO6_IRQHandler
10000a50 g     O .bss	00000004 __malloc_top_pad
1a0009c0 g     F .text	0000006c Board_SetupClocking
20008000 g       *ABS*	00000000 __top_RamAHB32
1a002274 g     F .text	0000001e .hidden __aeabi_ui2d
1a00860c g     F .text	00000008 _localeconv_r
1a008a0c g     F .text	00000012 __i2b
1a008304 g     F .text	00000308 __sfvwrite_r
1a002948 g     F .text	000002d0 .hidden __udivmoddi4
1a001ff0 g     F .text	00000000 .hidden __aeabi_drsub
1a000968 g     F .text	00000020 _sbrk_r
1a009c80 g     O .text	00000004 ExtRateIn
1a0001ba  w    F .text	00000002 IntDefaultHandler
1a000300 g       .text	00000000 __CRP_WORD_END__
1a0008f0 g     F .text	0000004e _read_r
1a00284c g     F .text	00000012 .hidden __aeabi_dcmplt
1a002c1c g     F .text	000000ce _fclose_r
1a0001ba  w    F .text	00000002 GPIO1_IRQHandler
10000a48 g     O .bss	00000004 __malloc_max_sbrked_mem
1a0022b8 g     F .text	00000042 .hidden __extendsfdf2
1a0025bc g     F .text	000001d0 .hidden __aeabi_ddiv
1a0001ba  w    F .text	00000002 SSP0_IRQHandler
1a001ffc g     F .text	00000276 .hidden __adddf3
1a00a160 g       .ARM.exidx	00000000 __exidx_start
10000a64 g     O .bss	00000001 __lock___env_recursive_mutex
1a002368 g     F .text	00000254 .hidden __aeabi_dmul
1a0002fc g     O .text	00000004 CRP_WORD
1a001056 g     F .text	0000000e setStartMode
10000a68 g     O .bss	00000001 __lock___sinit_recursive_mutex
1a008e94 g     F .text	0000036c _realloc_r
1a00323c g     F .text	00000048 __libc_init_array
1a009564 g     F .text	00000064 _fputwc_r
1a00a050 g     O .text	00000028 __mprec_bigtens
1a001c54 g     F .text	000000b8 adcInit
1a002274 g     F .text	0000001e .hidden __floatunsidf
1a0001ba  w    F .text	00000002 ADC1_IRQHandler
1a008ca4 g     F .text	00000038 __mcmp
1a000bdc g     F .text	00000030 Board_Init
1a0008be  w    F .text	00000002 _init
1a000114 g       .text	00000000 __data_section_table
1a000d1a g     F .text	000000a8 Chip_SSP_RWFrames_Blocking
1a0001ba  w    F .text	00000002 RTC_IRQHandler
10000a80 g       .bss	00000000 _ebss
1a001190 g     F .text	0000002a Chip_ADC_EnableChannel
1a0001ba  w    F .text	00000002 TIMER0_IRQHandler
1a000834 g     F .text	00000088 Reset_Handler
1a001d88 g     F .text	0000007c tickInit
20010000 g       *ABS*	00000000 __top_RamAHB_ETB16
1a0001ba  w    F .text	00000002 SPI_IRQHandler
1a00896c g     F .text	00000040 __hi0bits
1a000e7c g     F .text	00000038 Chip_I2C_SetClockRate
1a0028c8 g     F .text	0000004e .hidden __fixdfsi
1a0001ba  w    F .text	00000002 LCD_IRQHandler
1a0013e8 g     F .text	0000004c Chip_Clock_EnableCrystal
10000a6c g     O .bss	00000001 __lock___malloc_recursive_mutex
1a0010d2 g     F .text	00000008 Chip_ADC_ReadValue
10008000 g       *ABS*	00000000 __top_RamLoc32
1a001ffc g     F .text	00000276 .hidden __aeabi_dadd
1a00018a g     F .text	0000001e data_init
1a002794 g     F .text	00000082 .hidden __ledf2
1a001132 g     F .text	00000020 Chip_ADC_SetStartMode
1a008b50 g     F .text	000000a0 __pow5mult
1a0022fc g     F .text	0000006a .hidden __aeabi_ul2d
1a0001ba  w    F .text	00000002 TIMER1_IRQHandler
1a000e58 g     F .text	00000024 Chip_I2C_Init
1a003290 g     F .text	00000002 __retarget_lock_release_recursive
1a0001ba  w    F .text	00000002 UART2_IRQHandler
1a0015a4 g     F .text	0000006c Chip_Clock_GetMainPLLHz
1a009d80 g     O .text	000000e6 gpioPinsInit
1a000d08 g     F .text	00000012 Chip_SSP_SetClockRate
1a002888 g     F .text	00000012 .hidden __aeabi_dcmpgt
1a0001ba  w    F .text	00000002 GPIO2_IRQHandler
1a002f44 g     F .text	0000000c __sfp_lock_acquire
1a008710 g     F .text	00000000 memchr
1a002ffc g     F .text	000001ec _free_r
1a001d0c g     F .text	00000058 adcRead
1a00168c g     F .text	00000026 Chip_Clock_GetBaseClock
1a0095c8 g     F .text	0000000c __locale_mb_cur_max
1a002874 g     F .text	00000012 .hidden __aeabi_dcmpge
100009f8 g       .bss	00000000 _bss
1a0010da g     F .text	00000036 Chip_ADC_ReadStatus
1a001152 g     F .text	00000032 Chip_ADC_SetSampleRate
1a001ff8 g     F .text	0000027a .hidden __aeabi_dsub
10000880 g     O .data	00000004 __malloc_sbrk_base
1a0022fc g     F .text	0000006a .hidden __floatundidf
1a008bf0 g     F .text	000000b2 __lshift
1a0001ba  w    F .text	00000002 I2S1_IRQHandler
1a0092e0 g     F .text	000000f6 __ssprint_r
1a000dc2 g     F .text	0000003e Chip_SSP_SetBitRate
1a00100c g     F .text	00000002 Chip_GPIO_Init
1a009cac g     O .text	00000004 OscRateIn
1a001eac g     F .text	0000007c uartInit
1a008a20 g     F .text	00000130 __multiply
10000a80 g       .noinit	00000000 _end_noinit
10008000 g       *ABS*	00000000 _vStackTop
1a00926c g     F .text	00000072 strncpy
10000a20 g     O .bss	00000028 __malloc_current_mallinfo
1a008dd4 g     F .text	000000be __d2b
1a0001ba  w    F .text	00000002 SSP1_IRQHandler
1a001e80 g     F .text	0000002c spiWrite
1a000178 g       .text	00000000 __bss_section_table_end
1a0008c0 g     F .text	0000000a _close_r
1a002294 g     F .text	00000022 .hidden __aeabi_i2d
1a0019d4 g     F .text	000001ac gpioInit
1a003288 g     F .text	00000002 __retarget_lock_close_recursive
1a0072b8 g     F .text	000000d0 __swsetup_r
1a002c18  w    F .text	00000002 .hidden __aeabi_ldiv0
1a0025bc g     F .text	000001d0 .hidden __divdf3
10000478 g     O .data	00000408 __malloc_av_
1a002368 g     F .text	00000254 .hidden __muldf3
1a003b08 g     F .text	00000022 __sread
1a001f28 g     F .text	0000001c USB0_IRQHandler
1a001730 g     F .text	00000034 Chip_Clock_Disable
1a0001ba  w    F .text	00000002 GPIO3_IRQHandler
1a0039d8 g     F .text	0000000c __malloc_lock
1a000bac g     F .text	00000014 Board_UARTPutChar
1a0001ba  w    F .text	00000002 SCT_IRQHandler
1a002e38 g     F .text	0000005a _fflush_r
1a009464 g     F .text	0000005e _calloc_r
1a001450 g     F .text	0000001c Chip_Clock_GetDividerDivisor
1a0002fc g       .text	00000000 __CRP_WORD_START__
1a00328c g     F .text	00000002 __retarget_lock_acquire_recursive
1a003938 g     F .text	000000a0 memset
1a00017c  w    F .text	00000002 MemManage_Handler
1a000300 g     F .text	00000094 main
10000a4c g     O .bss	00000004 __malloc_max_total_mem
1a003284 g     F .text	00000002 __retarget_lock_init_recursive
1a0001ba  w    F .text	00000002 WDT_IRQHandler
1a001e30 g     F .text	00000050 spiInit
2000c000 g       *ABS*	00000000 __top_RamAHB16
1008a000 g       *ABS*	00000000 __top_RamLoc40
1a000182  w    F .text	00000002 SVC_Handler
1a003b8c g     F .text	00000008 __sclose
1a0074b0 g     F .text	00000e54 _dtoa_r
1a003294 g     F .text	00000570 _malloc_r
1a0096e4 g     F .text	0000001a __ascii_wctomb
1a00230c g     F .text	0000005a .hidden __aeabi_l2d
1a0001ba  w    F .text	00000002 GPIO7_IRQHandler
1a0016c0 g     F .text	0000003c Chip_Clock_EnableOpts
1a000c16 g     F .text	00000008 __stdio_getchar
1a002f5c g     F .text	000000a0 _malloc_trim_r
1a00146c g     F .text	000000b8 Chip_Clock_GetClockInputHz
1a001524 g     F .text	00000080 Chip_Clock_CalcMainPLLValue
1a00194c g     F .text	00000038 SystemInit
1a0001ba  w    F .text	00000002 SPIFI_IRQHandler
1a001fb8 g     F .text	00000038 delay
1a0001ba  w    F .text	00000002 QEI_IRQHandler
1a000150 g       .text	00000000 __bss_section_table
1a0006c8 g     F .text	00000168 sx1262_transmit
1a00279c g     F .text	0000007a .hidden __nedf2
1a001b80 g     F .text	0000006a gpioWrite
1a0008bc  w    F .text	00000002 _fini
1a003ac4 g     F .text	00000044 sprintf
1a00107c g     F .text	00000040 Chip_ADC_Init
10000a58 g     O .bss	00000004 g_pUsbApi
1a000988 g     F .text	00000038 Board_SetupMuxing
1a001870 g     F .text	000000dc Chip_UART_SetBaudFDR
1a001d64 g     F .text	0000000c tickRead
1a00093e g     F .text	00000028 _write_r
10000040 g     O .data	00000008 tickRateMS
1a0011ba g     F .text	00000022 Chip_ADC_SetBurstCmd
1a0001ba  w    F .text	00000002 ETH_IRQHandler
10000048 g     O .data	00000004 _impure_ptr
1a002cec g     F .text	0000014a __sflush_r
10000000 g       .uninit_RESERVED	00000000 _end_uninit_RESERVED
1b000000 g       .text	00000000 __core_m0app_START__
1a0001ba  w    F .text	00000002 CAN0_IRQHandler
1a0095d4 g     F .text	0000002a __ascii_mbtowc
10000000 g       .data	00000000 _data
10000a80 g       .bss	00000000 _pvHeapStart
1a000178 g       .text	00000000 __section_table_end
1a000e00 g     F .text	00000038 Chip_SSP_Init
1a0001ba  w    F .text	00000002 GINT0_IRQHandler
1a008614 g     F .text	0000005c __swhatbuf_r
1a0001ba  w    F .text	00000002 DAC_IRQHandler
1a000b88 g     F .text	00000024 Board_Debug_Init
1a002838 g     F .text	00000012 .hidden __aeabi_dcmpeq
1a000c0c g     F .text	0000000a __stdio_putchar
1a001110 g     F .text	00000022 Chip_ADC_Int_SetChannelCmd
100009f4 g       .data	00000000 _edata
1a000e38 g     F .text	00000020 Chip_I2C_EventHandler
1a0001ba  w    F .text	00000002 M0SUB_IRQHandler
1a0094c4 g     F .text	0000009e __fputwc
10000a70 g     O .bss	00000001 __lock___at_quick_exit_mutex
1a000394 g     F .text	00000068 leerADC
1a000eb4 g     F .text	00000158 Chip_SetupCoreClock
1a003b2c g     F .text	0000003e __swrite
1a0001ba  w    F .text	00000002 GPIO0_IRQHandler
10000884 g     O .data	00000004 __malloc_trim_threshold
1a000000 g     O .text	00000040 g_pfnVectors
1a0031e8 g     F .text	00000052 _fwalk_reent
1a0011dc g     F .text	00000014 SystemCoreClockUpdate
1a008cdc g     F .text	000000f8 __mdiff
1a0028c8 g     F .text	0000004e .hidden __aeabi_d2iz
1a0001ba  w    F .text	00000002 DMA_IRQHandler
1a0001ba  w    F .text	00000002 EVRT_IRQHandler
1b080000 g       *ABS*	00000000 __top_MFlashB512
1a002f50 g     F .text	0000000c __sfp_lock_release
1a009eb8 g     O .text	00000101 _ctype_
1a002c18  w    F .text	00000002 .hidden __aeabi_idiv0
1a00289c g     F .text	0000002c .hidden __unorddf2
1a00017e  w    F .text	00000002 BusFault_Handler
10000a74 g     O .bss	00000001 __lock___dd_hash_mutex
1a008670 g     F .text	00000094 __smakebuf_r
10000a78 g     O .bss	00000001 __lock___tz_mutex
1a003bc0 g     F .text	000000dc strlen
1a0016fc g     F .text	00000034 Chip_Clock_Enable
1a002828 g     F .text	00000010 .hidden __aeabi_cdcmpeq
1a00278c g     F .text	0000008a .hidden __gedf2
1a0001ba  w    F .text	00000002 UART3_IRQHandler
1a0001ba  w    F .text	00000002 MCPWM_IRQHandler
1a009450 g     F .text	00000014 __sprint_r
1a0001ba  w    F .text	00000002 M0APP_IRQHandler
1a001bea g     F .text	00000068 gpioRead
1a0022b8 g     F .text	00000042 .hidden __aeabi_f2d
1a001f44 g     F .text	00000074 boardInit
1a000040 g     O .text	000000d4 g_pfnVendorVectors
1a001ff8 g     F .text	0000027a .hidden __subdf3
1a0056e0 g     F .text	00001b54 _vfprintf_r
1a0001ba  w    F .text	00000002 GINT1_IRQHandler
1a0089ac g     F .text	00000060 __lo0bits
1a001d70 g     F .text	00000018 tickPowerSet
1a009200 g     F .text	0000006c frexp
10000888 g     O .data	0000016c __global_locale
1a001634 g     F .text	00000058 Chip_Clock_SetBaseClock
1a001984 g     F .text	0000001c cyclesCounterInit
1a0001ba  w    F .text	00000002 GPIO4_IRQHandler
10000a7c g     O .bss	00000001 __lock___sfp_recursive_mutex
1a000a2c g     F .text	0000000c Board_SystemInit
1a0088e0 g     F .text	0000008a __multadd
1a0088cc g     F .text	00000012 _Bfree



Disassembly of section .text:

1a000000 <g_pfnVectors>:
1a000000:	00 80 00 10 35 08 00 1a 79 01 00 1a 7b 01 00 1a     ....5...y...{...
1a000010:	7d 01 00 1a 7f 01 00 1a 81 01 00 1a 5a 70 ff 53     }...........Zp.S
	...
1a00002c:	83 01 00 1a 85 01 00 1a 00 00 00 00 87 01 00 1a     ................
1a00003c:	05 1e 00 1a                                         ....

1a000040 <g_pfnVendorVectors>:
1a000040:	bb 01 00 1a bb 01 00 1a bb 01 00 1a 00 00 00 00     ................
1a000050:	bb 01 00 1a bb 01 00 1a bb 01 00 1a bb 01 00 1a     ................
1a000060:	29 1f 00 1a bb 01 00 1a bb 01 00 1a bb 01 00 1a     )...............
1a000070:	bb 01 00 1a bb 01 00 1a bb 01 00 1a bb 01 00 1a     ................
1a000080:	bb 01 00 1a bb 01 00 1a bb 01 00 1a bb 01 00 1a     ................
1a000090:	bb 01 00 1a bb 01 00 1a bb 01 00 1a bb 01 00 1a     ................
1a0000a0:	bb 01 00 1a bb 01 00 1a bb 01 00 1a bb 01 00 1a     ................
1a0000b0:	bb 01 00 1a bb 01 00 1a bb 01 00 1a bb 01 00 1a     ................
1a0000c0:	bb 01 00 1a bb 01 00 1a bb 01 00 1a bb 01 00 1a     ................
1a0000d0:	bb 01 00 1a bb 01 00 1a bb 01 00 1a bb 01 00 1a     ................
1a0000e0:	bb 01 00 1a bb 01 00 1a bb 01 00 1a bb 01 00 1a     ................
1a0000f0:	00 00 00 00 bb 01 00 1a bb 01 00 1a bb 01 00 1a     ................
1a000100:	00 00 00 00 bb 01 00 1a bb 01 00 1a bb 01 00 1a     ................
1a000110:	bb 01 00 1a                                         ....

1a000114 <__data_section_table>:
1a000114:	1a00a168 	.word	0x1a00a168
1a000118:	10000000 	.word	0x10000000
1a00011c:	000009f4 	.word	0x000009f4
1a000120:	1a00a168 	.word	0x1a00a168
1a000124:	10080000 	.word	0x10080000
1a000128:	00000000 	.word	0x00000000
1a00012c:	1a00a168 	.word	0x1a00a168
1a000130:	20000000 	.word	0x20000000
1a000134:	00000000 	.word	0x00000000
1a000138:	1a00a168 	.word	0x1a00a168
1a00013c:	20008000 	.word	0x20008000
1a000140:	00000000 	.word	0x00000000
1a000144:	1a00a168 	.word	0x1a00a168
1a000148:	2000c000 	.word	0x2000c000
1a00014c:	00000000 	.word	0x00000000

1a000150 <__bss_section_table>:
1a000150:	100009f8 	.word	0x100009f8
1a000154:	00000088 	.word	0x00000088
1a000158:	10080000 	.word	0x10080000
1a00015c:	00000000 	.word	0x00000000
1a000160:	20000000 	.word	0x20000000
1a000164:	00000000 	.word	0x00000000
1a000168:	20008000 	.word	0x20008000
1a00016c:	00000000 	.word	0x00000000
1a000170:	2000c000 	.word	0x2000c000
1a000174:	00000000 	.word	0x00000000

1a000178 <NMI_Handler>:
}

__attribute__ ((section(".after_vectors")))
void NMI_Handler(void) {
    while (1) {
    }
1a000178:	e7fe      	b.n	1a000178 <NMI_Handler>

1a00017a <HardFault_Handler>:
}
__attribute__ ((section(".after_vectors")))
void HardFault_Handler(void) {
    while (1) {
    }
1a00017a:	e7fe      	b.n	1a00017a <HardFault_Handler>

1a00017c <MemManage_Handler>:
}
__attribute__ ((section(".after_vectors")))
void MemManage_Handler(void) {
    while (1) {
    }
1a00017c:	e7fe      	b.n	1a00017c <MemManage_Handler>

1a00017e <BusFault_Handler>:
}
__attribute__ ((section(".after_vectors")))
void BusFault_Handler(void) {
    while (1) {
    }
1a00017e:	e7fe      	b.n	1a00017e <BusFault_Handler>

1a000180 <UsageFault_Handler>:
}
__attribute__ ((section(".after_vectors")))
void UsageFault_Handler(void) {
    while (1) {
    }
1a000180:	e7fe      	b.n	1a000180 <UsageFault_Handler>

1a000182 <SVC_Handler>:
}
__attribute__ ((section(".after_vectors")))
void SVC_Handler(void) {
    while (1) {
    }
1a000182:	e7fe      	b.n	1a000182 <SVC_Handler>

1a000184 <DebugMon_Handler>:
}
__attribute__ ((section(".after_vectors")))
void DebugMon_Handler(void) {
    while (1) {
    }
1a000184:	e7fe      	b.n	1a000184 <DebugMon_Handler>

1a000186 <PendSV_Handler>:
}
__attribute__ ((section(".after_vectors")))
void PendSV_Handler(void) {
    while (1) {
    }
1a000186:	e7fe      	b.n	1a000186 <PendSV_Handler>
}
__attribute__ ((section(".after_vectors")))
void SysTick_Handler(void) {
    while (1) {
    }
1a000188:	e7fe      	b.n	1a000188 <PendSV_Handler+0x2>

1a00018a <data_init>:
    for (loop = 0; loop < len; loop = loop + 4)
1a00018a:	2300      	movs	r3, #0
1a00018c:	4293      	cmp	r3, r2
1a00018e:	d20a      	bcs.n	1a0001a6 <data_init+0x1c>
void data_init(unsigned int romstart, unsigned int start, unsigned int len) {
1a000190:	b410      	push	{r4}
        *pulDest++ = *pulSrc++;
1a000192:	f850 4b04 	ldr.w	r4, [r0], #4
1a000196:	f841 4b04 	str.w	r4, [r1], #4
    for (loop = 0; loop < len; loop = loop + 4)
1a00019a:	3304      	adds	r3, #4
1a00019c:	4293      	cmp	r3, r2
1a00019e:	d3f8      	bcc.n	1a000192 <data_init+0x8>
}
1a0001a0:	f85d 4b04 	ldr.w	r4, [sp], #4
1a0001a4:	4770      	bx	lr
1a0001a6:	4770      	bx	lr

1a0001a8 <bss_init>:
    for (loop = 0; loop < len; loop = loop + 4)
1a0001a8:	2300      	movs	r3, #0
1a0001aa:	428b      	cmp	r3, r1
1a0001ac:	d204      	bcs.n	1a0001b8 <bss_init+0x10>
        *pulDest++ = 0;
1a0001ae:	2200      	movs	r2, #0
1a0001b0:	f840 2b04 	str.w	r2, [r0], #4
    for (loop = 0; loop < len; loop = loop + 4)
1a0001b4:	3304      	adds	r3, #4
1a0001b6:	e7f8      	b.n	1a0001aa <bss_init+0x2>
}
1a0001b8:	4770      	bx	lr

1a0001ba <ADC0_IRQHandler>:
#endif

__attribute__ ((section(".after_vectors")))
void IntDefaultHandler(void) {
    while (1) {
    }
1a0001ba:	e7fe      	b.n	1a0001ba <ADC0_IRQHandler>
1a0001bc:	ffff ffff 			; <UNDEFINED> instruction: 0xffffffff
1a0001c0:	ffff ffff 			; <UNDEFINED> instruction: 0xffffffff
1a0001c4:	ffff ffff 			; <UNDEFINED> instruction: 0xffffffff
1a0001c8:	ffff ffff 			; <UNDEFINED> instruction: 0xffffffff
1a0001cc:	ffff ffff 			; <UNDEFINED> instruction: 0xffffffff
1a0001d0:	ffff ffff 			; <UNDEFINED> instruction: 0xffffffff
1a0001d4:	ffff ffff 			; <UNDEFINED> instruction: 0xffffffff
1a0001d8:	ffff ffff 			; <UNDEFINED> instruction: 0xffffffff
1a0001dc:	ffff ffff 			; <UNDEFINED> instruction: 0xffffffff
1a0001e0:	ffff ffff 			; <UNDEFINED> instruction: 0xffffffff
1a0001e4:	ffff ffff 			; <UNDEFINED> instruction: 0xffffffff
1a0001e8:	ffff ffff 			; <UNDEFINED> instruction: 0xffffffff
1a0001ec:	ffff ffff 			; <UNDEFINED> instruction: 0xffffffff
1a0001f0:	ffff ffff 			; <UNDEFINED> instruction: 0xffffffff
1a0001f4:	ffff ffff 			; <UNDEFINED> instruction: 0xffffffff
1a0001f8:	ffff ffff 			; <UNDEFINED> instruction: 0xffffffff
1a0001fc:	ffff ffff 			; <UNDEFINED> instruction: 0xffffffff
1a000200:	ffff ffff 			; <UNDEFINED> instruction: 0xffffffff
1a000204:	ffff ffff 			; <UNDEFINED> instruction: 0xffffffff
1a000208:	ffff ffff 			; <UNDEFINED> instruction: 0xffffffff
1a00020c:	ffff ffff 			; <UNDEFINED> instruction: 0xffffffff
1a000210:	ffff ffff 			; <UNDEFINED> instruction: 0xffffffff
1a000214:	ffff ffff 			; <UNDEFINED> instruction: 0xffffffff
1a000218:	ffff ffff 			; <UNDEFINED> instruction: 0xffffffff
1a00021c:	ffff ffff 			; <UNDEFINED> instruction: 0xffffffff
1a000220:	ffff ffff 			; <UNDEFINED> instruction: 0xffffffff
1a000224:	ffff ffff 			; <UNDEFINED> instruction: 0xffffffff
1a000228:	ffff ffff 			; <UNDEFINED> instruction: 0xffffffff
1a00022c:	ffff ffff 			; <UNDEFINED> instruction: 0xffffffff
1a000230:	ffff ffff 			; <UNDEFINED> instruction: 0xffffffff
1a000234:	ffff ffff 			; <UNDEFINED> instruction: 0xffffffff
1a000238:	ffff ffff 			; <UNDEFINED> instruction: 0xffffffff
1a00023c:	ffff ffff 			; <UNDEFINED> instruction: 0xffffffff
1a000240:	ffff ffff 			; <UNDEFINED> instruction: 0xffffffff
1a000244:	ffff ffff 			; <UNDEFINED> instruction: 0xffffffff
1a000248:	ffff ffff 			; <UNDEFINED> instruction: 0xffffffff
1a00024c:	ffff ffff 			; <UNDEFINED> instruction: 0xffffffff
1a000250:	ffff ffff 			; <UNDEFINED> instruction: 0xffffffff
1a000254:	ffff ffff 			; <UNDEFINED> instruction: 0xffffffff
1a000258:	ffff ffff 			; <UNDEFINED> instruction: 0xffffffff
1a00025c:	ffff ffff 			; <UNDEFINED> instruction: 0xffffffff
1a000260:	ffff ffff 			; <UNDEFINED> instruction: 0xffffffff
1a000264:	ffff ffff 			; <UNDEFINED> instruction: 0xffffffff
1a000268:	ffff ffff 			; <UNDEFINED> instruction: 0xffffffff
1a00026c:	ffff ffff 			; <UNDEFINED> instruction: 0xffffffff
1a000270:	ffff ffff 			; <UNDEFINED> instruction: 0xffffffff
1a000274:	ffff ffff 			; <UNDEFINED> instruction: 0xffffffff
1a000278:	ffff ffff 			; <UNDEFINED> instruction: 0xffffffff
1a00027c:	ffff ffff 			; <UNDEFINED> instruction: 0xffffffff
1a000280:	ffff ffff 			; <UNDEFINED> instruction: 0xffffffff
1a000284:	ffff ffff 			; <UNDEFINED> instruction: 0xffffffff
1a000288:	ffff ffff 			; <UNDEFINED> instruction: 0xffffffff
1a00028c:	ffff ffff 			; <UNDEFINED> instruction: 0xffffffff
1a000290:	ffff ffff 			; <UNDEFINED> instruction: 0xffffffff
1a000294:	ffff ffff 			; <UNDEFINED> instruction: 0xffffffff
1a000298:	ffff ffff 			; <UNDEFINED> instruction: 0xffffffff
1a00029c:	ffff ffff 			; <UNDEFINED> instruction: 0xffffffff
1a0002a0:	ffff ffff 			; <UNDEFINED> instruction: 0xffffffff
1a0002a4:	ffff ffff 			; <UNDEFINED> instruction: 0xffffffff
1a0002a8:	ffff ffff 			; <UNDEFINED> instruction: 0xffffffff
1a0002ac:	ffff ffff 			; <UNDEFINED> instruction: 0xffffffff
1a0002b0:	ffff ffff 			; <UNDEFINED> instruction: 0xffffffff
1a0002b4:	ffff ffff 			; <UNDEFINED> instruction: 0xffffffff
1a0002b8:	ffff ffff 			; <UNDEFINED> instruction: 0xffffffff
1a0002bc:	ffff ffff 			; <UNDEFINED> instruction: 0xffffffff
1a0002c0:	ffff ffff 			; <UNDEFINED> instruction: 0xffffffff
1a0002c4:	ffff ffff 			; <UNDEFINED> instruction: 0xffffffff
1a0002c8:	ffff ffff 			; <UNDEFINED> instruction: 0xffffffff
1a0002cc:	ffff ffff 			; <UNDEFINED> instruction: 0xffffffff
1a0002d0:	ffff ffff 			; <UNDEFINED> instruction: 0xffffffff
1a0002d4:	ffff ffff 			; <UNDEFINED> instruction: 0xffffffff
1a0002d8:	ffff ffff 			; <UNDEFINED> instruction: 0xffffffff
1a0002dc:	ffff ffff 			; <UNDEFINED> instruction: 0xffffffff
1a0002e0:	ffff ffff 			; <UNDEFINED> instruction: 0xffffffff
1a0002e4:	ffff ffff 			; <UNDEFINED> instruction: 0xffffffff
1a0002e8:	ffff ffff 			; <UNDEFINED> instruction: 0xffffffff
1a0002ec:	ffff ffff 			; <UNDEFINED> instruction: 0xffffffff
1a0002f0:	ffff ffff 			; <UNDEFINED> instruction: 0xffffffff
1a0002f4:	ffff ffff 			; <UNDEFINED> instruction: 0xffffffff
1a0002f8:	ffff ffff 			; <UNDEFINED> instruction: 0xffffffff

1a0002fc <CRP_WORD>:
1a0002fc:	ffff ffff                                   ....

1a000300 <main>:
#include "leer_adc.h"
#include "sx1262_lora.h"
#include <stdio.h>
#include <string.h>

int main(void) {
1a000300:	b510      	push	{r4, lr}
1a000302:	b09a      	sub	sp, #104	; 0x68
    uint8_t porcentajeLuz;
    char mensaje[100];
    uint8_t contador = 0;
    
    // ----- INICIALIZACIÓN -----
    boardConfig();
1a000304:	f001 fe1e 	bl	1a001f44 <boardInit>
    uartConfig(UART_USB, 115200);
1a000308:	f44f 31e1 	mov.w	r1, #115200	; 0x1c200
1a00030c:	2003      	movs	r0, #3
1a00030e:	f001 fdcd 	bl	1a001eac <uartInit>
    adcConfig(ADC_ENABLE);
1a000312:	2000      	movs	r0, #0
1a000314:	f001 fc9e 	bl	1a001c54 <adcInit>
    
    printf("\n=== EDU-CIAA TRANSMISOR LORA (MODO PRUEBA) ===\r\n");
1a000318:	4817      	ldr	r0, [pc, #92]	; (1a000378 <main+0x78>)
1a00031a:	f003 fbcb 	bl	1a003ab4 <puts>
    printf("Inicializando SX1262...\r\n");
1a00031e:	4817      	ldr	r0, [pc, #92]	; (1a00037c <main+0x7c>)
1a000320:	f003 fbc8 	bl	1a003ab4 <puts>
    
    // Inicializar LoRa
    sx1262_init();
1a000324:	f000 f8b2 	bl	1a00048c <sx1262_init>
    
    printf("SX1262 inicializado en 915 MHz\r\n");
1a000328:	4815      	ldr	r0, [pc, #84]	; (1a000380 <main+0x80>)
1a00032a:	f003 fbc3 	bl	1a003ab4 <puts>
    printf("Transmitiendo cada 3 segundos...\r\n\n");
1a00032e:	4815      	ldr	r0, [pc, #84]	; (1a000384 <main+0x84>)
1a000330:	f003 fbc0 	bl	1a003ab4 <puts>
    uint8_t contador = 0;
1a000334:	2400      	movs	r4, #0
    
    // ----- LOOP PRINCIPAL -----
    while(true) {
        
        // Leer SOLO el sensor de luz (el que funciona)
        porcentajeLuz = leerADC(3);
1a000336:	2003      	movs	r0, #3
1a000338:	f000 f82c 	bl	1a000394 <leerADC>
        
        // Crear mensaje con luz REAL y datos ficticios para los demás
        // Formato: temp:25.5,hum_air:60,luz:XX,hum_soil:45,count:N
        sprintf(mensaje, "temp:24.5,hum_air:58,luz:%d,hum_soil:42,count:%d", 
1a00033c:	4623      	mov	r3, r4
1a00033e:	4602      	mov	r2, r0
1a000340:	4911      	ldr	r1, [pc, #68]	; (1a000388 <main+0x88>)
1a000342:	a801      	add	r0, sp, #4
1a000344:	f003 fbbe 	bl	1a003ac4 <sprintf>
                porcentajeLuz, contador);
        
        // Mostrar en consola
        printf("TX [%d]: %s\r\n", contador, mensaje);
1a000348:	aa01      	add	r2, sp, #4
1a00034a:	4621      	mov	r1, r4
1a00034c:	480f      	ldr	r0, [pc, #60]	; (1a00038c <main+0x8c>)
1a00034e:	f003 fb4f 	bl	1a0039f0 <printf>
        
        // Transmitir por LoRa
        sx1262_transmit(mensaje, strlen(mensaje));
1a000352:	a801      	add	r0, sp, #4
1a000354:	f003 fc34 	bl	1a003bc0 <strlen>
1a000358:	b2c1      	uxtb	r1, r0
1a00035a:	a801      	add	r0, sp, #4
1a00035c:	f000 f9b4 	bl	1a0006c8 <sx1262_transmit>
        
        printf("  -> Enviado OK\r\n\n");
1a000360:	480b      	ldr	r0, [pc, #44]	; (1a000390 <main+0x90>)
1a000362:	f003 fba7 	bl	1a003ab4 <puts>
        
        contador++;
1a000366:	3401      	adds	r4, #1
1a000368:	b2e4      	uxtb	r4, r4
        
        // Esperar 3 segundos
        delay(3000);
1a00036a:	f640 30b8 	movw	r0, #3000	; 0xbb8
1a00036e:	2100      	movs	r1, #0
1a000370:	f001 fe22 	bl	1a001fb8 <delay>
1a000374:	e7df      	b.n	1a000336 <main+0x36>
1a000376:	bf00      	nop
1a000378:	1a009700 	.word	0x1a009700
1a00037c:	1a009734 	.word	0x1a009734
1a000380:	1a009750 	.word	0x1a009750
1a000384:	1a009770 	.word	0x1a009770
1a000388:	1a009794 	.word	0x1a009794
1a00038c:	1a0097c8 	.word	0x1a0097c8
1a000390:	1a0097d8 	.word	0x1a0097d8

1a000394 <leerADC>:
/*
@brief Lee un valor del  adc
@param canal  que se va a leer
@return retorna en valor porcentual lo leido 
*/
   uint8_t leerADC(uint8_t channel) {
1a000394:	b500      	push	{lr}
1a000396:	b083      	sub	sp, #12
      uint16_t valorADC;
      uint8_t  valorPorcentual; // Variable para el porcentaje de 0 a 100
      // 1. Leemos el canal anal�gico seleccionado (ADC_CHN). Rango: 0 a 1023.
      switch (channel){
1a000398:	2802      	cmp	r0, #2
1a00039a:	d020      	beq.n	1a0003de <leerADC+0x4a>
1a00039c:	2300      	movs	r3, #0
1a00039e:	2803      	cmp	r0, #3
1a0003a0:	d022      	beq.n	1a0003e8 <leerADC+0x54>
1a0003a2:	2801      	cmp	r0, #1
1a0003a4:	d016      	beq.n	1a0003d4 <leerADC+0x40>
      }
      // 2. Mapeamos el valor del ADC a un porcentaje
      // Como un valor ADC ALTO significa valor porcentual bajo, debemos INVERTIR el resultado.
      // Un valor ADC cercano a 1023 ser� 0%.
      // Un valor ADC cercano a 0 ser� 100%.
      valorPorcentual = 100 - (((float)valorADC / 1023.0f) * 100.0f);
1a0003a6:	ee07 3a90 	vmov	s15, r3
1a0003aa:	eeb8 7a67 	vcvt.f32.u32	s14, s15
1a0003ae:	eddf 7a11 	vldr	s15, [pc, #68]	; 1a0003f4 <leerADC+0x60>
1a0003b2:	eec7 6a27 	vdiv.f32	s13, s14, s15
1a0003b6:	eddf 7a10 	vldr	s15, [pc, #64]	; 1a0003f8 <leerADC+0x64>
1a0003ba:	ee26 7aa7 	vmul.f32	s14, s13, s15
1a0003be:	ee77 7ac7 	vsub.f32	s15, s15, s14
1a0003c2:	eefc 7ae7 	vcvt.u32.f32	s15, s15
1a0003c6:	edcd 7a01 	vstr	s15, [sp, #4]
      return valorPorcentual;
1a0003ca:	f89d 0004 	ldrb.w	r0, [sp, #4]
1a0003ce:	b003      	add	sp, #12
1a0003d0:	f85d fb04 	ldr.w	pc, [sp], #4
            case 1: valorADC = adcRead(CH1);
1a0003d4:	4618      	mov	r0, r3
1a0003d6:	f001 fc99 	bl	1a001d0c <adcRead>
1a0003da:	4603      	mov	r3, r0
                    break;
1a0003dc:	e7e3      	b.n	1a0003a6 <leerADC+0x12>
            case 2: valorADC = adcRead(CH2);
1a0003de:	2001      	movs	r0, #1
1a0003e0:	f001 fc94 	bl	1a001d0c <adcRead>
1a0003e4:	4603      	mov	r3, r0
                    break;
1a0003e6:	e7de      	b.n	1a0003a6 <leerADC+0x12>
            case 3: valorADC = adcRead(CH3);
1a0003e8:	2002      	movs	r0, #2
1a0003ea:	f001 fc8f 	bl	1a001d0c <adcRead>
1a0003ee:	4603      	mov	r3, r0
                    break;
1a0003f0:	e7d9      	b.n	1a0003a6 <leerADC+0x12>
1a0003f2:	bf00      	nop
1a0003f4:	447fc000 	.word	0x447fc000
1a0003f8:	42c80000 	.word	0x42c80000

1a0003fc <sx1262_wait_busy>:

// Variables privadas
static bool inicializado = false;

// Esperar a que BUSY esté bajo
static void sx1262_wait_busy(void) {
1a0003fc:	b538      	push	{r3, r4, r5, lr}
    uint32_t timeout = 1000000;
    uint32_t count = 0;
1a0003fe:	2500      	movs	r5, #0
    uint32_t timeout = 1000000;
1a000400:	4c0a      	ldr	r4, [pc, #40]	; (1a00042c <sx1262_wait_busy+0x30>)
    while (gpioRead(SX1262_BUSY) && timeout > 0) {
1a000402:	200f      	movs	r0, #15
1a000404:	f001 fbf1 	bl	1a001bea <gpioRead>
1a000408:	b118      	cbz	r0, 1a000412 <sx1262_wait_busy+0x16>
1a00040a:	b114      	cbz	r4, 1a000412 <sx1262_wait_busy+0x16>
        timeout--;
1a00040c:	3c01      	subs	r4, #1
        count++;
1a00040e:	3501      	adds	r5, #1
1a000410:	e7f7      	b.n	1a000402 <sx1262_wait_busy+0x6>
    }
    if (timeout == 0) {
1a000412:	b10c      	cbz	r4, 1a000418 <sx1262_wait_busy+0x1c>
        printf("  [ERROR] TIMEOUT esperando BUSY!\r\n");
    }
    if (count > 0) {
1a000414:	b925      	cbnz	r5, 1a000420 <sx1262_wait_busy+0x24>
        printf("  [DEBUG] BUSY esperó %lu ciclos\r\n", count);
    }
}
1a000416:	bd38      	pop	{r3, r4, r5, pc}
        printf("  [ERROR] TIMEOUT esperando BUSY!\r\n");
1a000418:	4805      	ldr	r0, [pc, #20]	; (1a000430 <sx1262_wait_busy+0x34>)
1a00041a:	f003 fb4b 	bl	1a003ab4 <puts>
1a00041e:	e7f9      	b.n	1a000414 <sx1262_wait_busy+0x18>
        printf("  [DEBUG] BUSY esperó %lu ciclos\r\n", count);
1a000420:	4629      	mov	r1, r5
1a000422:	4804      	ldr	r0, [pc, #16]	; (1a000434 <sx1262_wait_busy+0x38>)
1a000424:	f003 fae4 	bl	1a0039f0 <printf>
}
1a000428:	e7f5      	b.n	1a000416 <sx1262_wait_busy+0x1a>
1a00042a:	bf00      	nop
1a00042c:	000f4240 	.word	0x000f4240
1a000430:	1a009bc0 	.word	0x1a009bc0
1a000434:	1a009be4 	.word	0x1a009be4

1a000438 <sx1262_write_command>:

// Enviar comando SPI
static void sx1262_write_command(uint8_t cmd, uint8_t* data, uint8_t length) {
1a000438:	b530      	push	{r4, r5, lr}
1a00043a:	b083      	sub	sp, #12
1a00043c:	460d      	mov	r5, r1
1a00043e:	4614      	mov	r4, r2
1a000440:	f88d 0007 	strb.w	r0, [sp, #7]
    sx1262_wait_busy();
1a000444:	f7ff ffda 	bl	1a0003fc <sx1262_wait_busy>
    
    gpioWrite(SX1262_NSS, LOW);
1a000448:	2100      	movs	r1, #0
1a00044a:	200d      	movs	r0, #13
1a00044c:	f001 fb98 	bl	1a001b80 <gpioWrite>
    delay(1);
1a000450:	2001      	movs	r0, #1
1a000452:	2100      	movs	r1, #0
1a000454:	f001 fdb0 	bl	1a001fb8 <delay>
    
    spiWrite(SPI0, &cmd, 1);
1a000458:	2201      	movs	r2, #1
1a00045a:	f10d 0107 	add.w	r1, sp, #7
1a00045e:	2000      	movs	r0, #0
1a000460:	f001 fd0e 	bl	1a001e80 <spiWrite>
    if (length > 0 && data != NULL) {
1a000464:	b12c      	cbz	r4, 1a000472 <sx1262_write_command+0x3a>
1a000466:	b125      	cbz	r5, 1a000472 <sx1262_write_command+0x3a>
        spiWrite(SPI0, data, length);
1a000468:	4622      	mov	r2, r4
1a00046a:	4629      	mov	r1, r5
1a00046c:	2000      	movs	r0, #0
1a00046e:	f001 fd07 	bl	1a001e80 <spiWrite>
    }
    
    delay(1);
1a000472:	2001      	movs	r0, #1
1a000474:	2100      	movs	r1, #0
1a000476:	f001 fd9f 	bl	1a001fb8 <delay>
    gpioWrite(SX1262_NSS, HIGH);
1a00047a:	2101      	movs	r1, #1
1a00047c:	200d      	movs	r0, #13
1a00047e:	f001 fb7f 	bl	1a001b80 <gpioWrite>
    
    sx1262_wait_busy();
1a000482:	f7ff ffbb 	bl	1a0003fc <sx1262_wait_busy>
}
1a000486:	b003      	add	sp, #12
1a000488:	bd30      	pop	{r4, r5, pc}
1a00048a:	Address 0x1a00048a is out of bounds.


1a00048c <sx1262_init>:

// Inicializar SX1262
void sx1262_init(void) {
1a00048c:	b570      	push	{r4, r5, r6, lr}
1a00048e:	b082      	sub	sp, #8
    uint8_t buffer[8];
    
    printf("  [DEBUG] Configurando pines...\r\n");
1a000490:	487b      	ldr	r0, [pc, #492]	; (1a000680 <sx1262_init+0x1f4>)
1a000492:	f003 fb0f 	bl	1a003ab4 <puts>
    
    // Configurar pines
    gpioConfig(SX1262_NSS, GPIO_OUTPUT);
1a000496:	2100      	movs	r1, #0
1a000498:	200d      	movs	r0, #13
1a00049a:	f001 fa9b 	bl	1a0019d4 <gpioInit>
    gpioConfig(SX1262_RST, GPIO_OUTPUT);
1a00049e:	2100      	movs	r1, #0
1a0004a0:	200e      	movs	r0, #14
1a0004a2:	f001 fa97 	bl	1a0019d4 <gpioInit>
    gpioConfig(SX1262_BUSY, GPIO_INPUT);
1a0004a6:	2101      	movs	r1, #1
1a0004a8:	200f      	movs	r0, #15
1a0004aa:	f001 fa93 	bl	1a0019d4 <gpioInit>
    
    gpioWrite(SX1262_NSS, HIGH);
1a0004ae:	2101      	movs	r1, #1
1a0004b0:	200d      	movs	r0, #13
1a0004b2:	f001 fb65 	bl	1a001b80 <gpioWrite>
    
    printf("  [DEBUG] NSS=%d, RST=%d, BUSY=%d (pines GPIO)\r\n", 
1a0004b6:	230f      	movs	r3, #15
1a0004b8:	220e      	movs	r2, #14
1a0004ba:	210d      	movs	r1, #13
1a0004bc:	4871      	ldr	r0, [pc, #452]	; (1a000684 <sx1262_init+0x1f8>)
1a0004be:	f003 fa97 	bl	1a0039f0 <printf>
           SX1262_NSS, SX1262_RST, SX1262_BUSY);
    
    // Reset del módulo
    printf("  [DEBUG] Haciendo reset del SX1262...\r\n");
1a0004c2:	4871      	ldr	r0, [pc, #452]	; (1a000688 <sx1262_init+0x1fc>)
1a0004c4:	f003 faf6 	bl	1a003ab4 <puts>
    gpioWrite(SX1262_RST, LOW);
1a0004c8:	2100      	movs	r1, #0
1a0004ca:	200e      	movs	r0, #14
1a0004cc:	f001 fb58 	bl	1a001b80 <gpioWrite>
    delay(20);
1a0004d0:	2014      	movs	r0, #20
1a0004d2:	2100      	movs	r1, #0
1a0004d4:	f001 fd70 	bl	1a001fb8 <delay>
    gpioWrite(SX1262_RST, HIGH);
1a0004d8:	2101      	movs	r1, #1
1a0004da:	200e      	movs	r0, #14
1a0004dc:	f001 fb50 	bl	1a001b80 <gpioWrite>
    delay(50);
1a0004e0:	2032      	movs	r0, #50	; 0x32
1a0004e2:	2100      	movs	r1, #0
1a0004e4:	f001 fd68 	bl	1a001fb8 <delay>
    
    printf("  [DEBUG] Esperando BUSY...\r\n");
1a0004e8:	4868      	ldr	r0, [pc, #416]	; (1a00068c <sx1262_init+0x200>)
1a0004ea:	f003 fae3 	bl	1a003ab4 <puts>
    sx1262_wait_busy();
1a0004ee:	f7ff ff85 	bl	1a0003fc <sx1262_wait_busy>
    printf("  [DEBUG] BUSY OK (chip respondió)\r\n");
1a0004f2:	4867      	ldr	r0, [pc, #412]	; (1a000690 <sx1262_init+0x204>)
1a0004f4:	f003 fade 	bl	1a003ab4 <puts>
    
    // Configurar SPI
    printf("  [DEBUG] Configurando SPI...\r\n");
1a0004f8:	4866      	ldr	r0, [pc, #408]	; (1a000694 <sx1262_init+0x208>)
1a0004fa:	f003 fadb 	bl	1a003ab4 <puts>
    spiConfig(SPI0);
1a0004fe:	2000      	movs	r0, #0
1a000500:	f001 fc96 	bl	1a001e30 <spiInit>
    
    // *** CONFIGURAR REGULADOR (CRÍTICO) ***
    printf("  [DEBUG] Configurando regulador (DC-DC)...\r\n");
1a000504:	4864      	ldr	r0, [pc, #400]	; (1a000698 <sx1262_init+0x20c>)
1a000506:	f003 fad5 	bl	1a003ab4 <puts>
    buffer[0] = 0x00; // Usar DC-DC
1a00050a:	2500      	movs	r5, #0
1a00050c:	f88d 5000 	strb.w	r5, [sp]
    sx1262_write_command(0x96, buffer, 1); // SetRegulatorMode
1a000510:	2201      	movs	r2, #1
1a000512:	4669      	mov	r1, sp
1a000514:	2096      	movs	r0, #150	; 0x96
1a000516:	f7ff ff8f 	bl	1a000438 <sx1262_write_command>
    
    // Poner en STANDBY
    printf("  [DEBUG] Enviando comando STANDBY...\r\n");
1a00051a:	4860      	ldr	r0, [pc, #384]	; (1a00069c <sx1262_init+0x210>)
1a00051c:	f003 faca 	bl	1a003ab4 <puts>
    sx1262_write_command(SX1262_CMD_SET_STANDBY, NULL, 0);
1a000520:	462a      	mov	r2, r5
1a000522:	4629      	mov	r1, r5
1a000524:	2080      	movs	r0, #128	; 0x80
1a000526:	f7ff ff87 	bl	1a000438 <sx1262_write_command>
    delay(10);
1a00052a:	200a      	movs	r0, #10
1a00052c:	2100      	movs	r1, #0
1a00052e:	f001 fd43 	bl	1a001fb8 <delay>
    
    // *** CONFIGURAR TCXO (CRÍTICO - SIN ESTO NO TRANSMITE) ***
    printf("  [DEBUG] Configurando TCXO 1.7V...\r\n");
1a000532:	485b      	ldr	r0, [pc, #364]	; (1a0006a0 <sx1262_init+0x214>)
1a000534:	f003 fabe 	bl	1a003ab4 <puts>
    buffer[0] = 0x01; // 1.7V
1a000538:	2401      	movs	r4, #1
1a00053a:	f88d 4000 	strb.w	r4, [sp]
    buffer[1] = 0x00; // Timeout MSB
1a00053e:	f88d 5001 	strb.w	r5, [sp, #1]
    buffer[2] = 0x00; // Timeout
1a000542:	f88d 5002 	strb.w	r5, [sp, #2]
    buffer[3] = 0x40; // Timeout LSB (64ms)
1a000546:	2340      	movs	r3, #64	; 0x40
1a000548:	f88d 3003 	strb.w	r3, [sp, #3]
    sx1262_write_command(0x97, buffer, 4); // SetDIO3AsTCXOCtrl
1a00054c:	2204      	movs	r2, #4
1a00054e:	4669      	mov	r1, sp
1a000550:	2097      	movs	r0, #151	; 0x97
1a000552:	f7ff ff71 	bl	1a000438 <sx1262_write_command>
    delay(10);
1a000556:	200a      	movs	r0, #10
1a000558:	2100      	movs	r1, #0
1a00055a:	f001 fd2d 	bl	1a001fb8 <delay>
    
    // *** CALIBRAR (OBLIGATORIO) ***
    printf("  [DEBUG] Calibrando chip...\r\n");
1a00055e:	4851      	ldr	r0, [pc, #324]	; (1a0006a4 <sx1262_init+0x218>)
1a000560:	f003 faa8 	bl	1a003ab4 <puts>
    buffer[0] = 0x7F; // Calibrar todo (RC64k, RC13M, PLL, ADC, Image)
1a000564:	237f      	movs	r3, #127	; 0x7f
1a000566:	f88d 3000 	strb.w	r3, [sp]
    sx1262_write_command(0x89, buffer, 1); // Calibrate
1a00056a:	4622      	mov	r2, r4
1a00056c:	4669      	mov	r1, sp
1a00056e:	2089      	movs	r0, #137	; 0x89
1a000570:	f7ff ff62 	bl	1a000438 <sx1262_write_command>
    delay(50); // Esperar calibración
1a000574:	2032      	movs	r0, #50	; 0x32
1a000576:	2100      	movs	r1, #0
1a000578:	f001 fd1e 	bl	1a001fb8 <delay>
    
    // Calibrar imagen para 868 MHz
    printf("  [DEBUG] Calibrando imagen para 868 MHz...\r\n");
1a00057c:	484a      	ldr	r0, [pc, #296]	; (1a0006a8 <sx1262_init+0x21c>)
1a00057e:	f003 fa99 	bl	1a003ab4 <puts>
    buffer[0] = 0xE1; // freq1 (863-870 MHz)
1a000582:	23e1      	movs	r3, #225	; 0xe1
1a000584:	f88d 3000 	strb.w	r3, [sp]
    buffer[1] = 0xE9; // freq2
1a000588:	23e9      	movs	r3, #233	; 0xe9
1a00058a:	f88d 3001 	strb.w	r3, [sp, #1]
    sx1262_write_command(0x9B, buffer, 2); // CalibrateImage
1a00058e:	2202      	movs	r2, #2
1a000590:	4669      	mov	r1, sp
1a000592:	209b      	movs	r0, #155	; 0x9b
1a000594:	f7ff ff50 	bl	1a000438 <sx1262_write_command>
    delay(10);
1a000598:	200a      	movs	r0, #10
1a00059a:	2100      	movs	r1, #0
1a00059c:	f001 fd0c 	bl	1a001fb8 <delay>
    
    // Configurar tipo de paquete (LoRa)
    printf("  [DEBUG] Configurando modo LoRa...\r\n");
1a0005a0:	4842      	ldr	r0, [pc, #264]	; (1a0006ac <sx1262_init+0x220>)
1a0005a2:	f003 fa87 	bl	1a003ab4 <puts>
    buffer[0] = 0x01; // LoRa
1a0005a6:	f88d 4000 	strb.w	r4, [sp]
    sx1262_write_command(0x8A, buffer, 1); // SetPacketType
1a0005aa:	4622      	mov	r2, r4
1a0005ac:	4669      	mov	r1, sp
1a0005ae:	208a      	movs	r0, #138	; 0x8a
1a0005b0:	f7ff ff42 	bl	1a000438 <sx1262_write_command>
    
    // Configurar DIO2 como RF switch
    printf("  [DEBUG] Configurando DIO2...\r\n");
1a0005b4:	483e      	ldr	r0, [pc, #248]	; (1a0006b0 <sx1262_init+0x224>)
1a0005b6:	f003 fa7d 	bl	1a003ab4 <puts>
    buffer[0] = 0x01;
1a0005ba:	f88d 4000 	strb.w	r4, [sp]
    sx1262_write_command(SX1262_CMD_SET_DIO2_AS_RF_SW, buffer, 1);
1a0005be:	4622      	mov	r2, r4
1a0005c0:	4669      	mov	r1, sp
1a0005c2:	209d      	movs	r0, #157	; 0x9d
1a0005c4:	f7ff ff38 	bl	1a000438 <sx1262_write_command>
    
    // Configurar frecuencia 868.3 MHz (test)
    printf("  [DEBUG] Configurando frecuencia 868.3 MHz...\r\n");
1a0005c8:	483a      	ldr	r0, [pc, #232]	; (1a0006b4 <sx1262_init+0x228>)
1a0005ca:	f003 fa73 	bl	1a003ab4 <puts>
    // freq = (frf * 32000000) / 2^25
    // frf = (868300000 * 2^25) / 32000000 = 910557184 = 0x3644CCCC (approx 0x3644C000)
    buffer[0] = 0x36;
1a0005ce:	2336      	movs	r3, #54	; 0x36
1a0005d0:	f88d 3000 	strb.w	r3, [sp]
    buffer[1] = 0x44;
1a0005d4:	2344      	movs	r3, #68	; 0x44
1a0005d6:	f88d 3001 	strb.w	r3, [sp, #1]
    buffer[2] = 0xCC;
1a0005da:	23cc      	movs	r3, #204	; 0xcc
1a0005dc:	f88d 3002 	strb.w	r3, [sp, #2]
    buffer[3] = 0xCC;
1a0005e0:	f88d 3003 	strb.w	r3, [sp, #3]
    sx1262_write_command(SX1262_CMD_SET_RF_FREQUENCY, buffer, 4);
1a0005e4:	2204      	movs	r2, #4
1a0005e6:	4669      	mov	r1, sp
1a0005e8:	2086      	movs	r0, #134	; 0x86
1a0005ea:	f7ff ff25 	bl	1a000438 <sx1262_write_command>
    
    // Configurar modulación LoRa: SF12, BW125, CR4/5 (IGUAL AL EJEMPLO)
    printf("  [DEBUG] Configurando modulación (SF12, BW125, CR4/5)...\r\n");
1a0005ee:	4832      	ldr	r0, [pc, #200]	; (1a0006b8 <sx1262_init+0x22c>)
1a0005f0:	f003 fa60 	bl	1a003ab4 <puts>
    buffer[0] = 0x0C;  // SF12 (no SF7)
1a0005f4:	230c      	movs	r3, #12
1a0005f6:	f88d 3000 	strb.w	r3, [sp]
    buffer[1] = 0x04;  // BW125
1a0005fa:	2604      	movs	r6, #4
1a0005fc:	f88d 6001 	strb.w	r6, [sp, #1]
    buffer[2] = 0x01;  // CR 4/5
1a000600:	f88d 4002 	strb.w	r4, [sp, #2]
    buffer[3] = 0x01;  // LowDataRateOptimize on
1a000604:	f88d 4003 	strb.w	r4, [sp, #3]
    sx1262_write_command(SX1262_CMD_SET_MODULATION, buffer, 4);
1a000608:	4632      	mov	r2, r6
1a00060a:	4669      	mov	r1, sp
1a00060c:	208b      	movs	r0, #139	; 0x8b
1a00060e:	f7ff ff13 	bl	1a000438 <sx1262_write_command>
    
    // Configurar PA (Power Amplifier) - potencia media
    printf("  [DEBUG] Configurando PA (17 dBm)...\r\n");
1a000612:	482a      	ldr	r0, [pc, #168]	; (1a0006bc <sx1262_init+0x230>)
1a000614:	f003 fa4e 	bl	1a003ab4 <puts>
    buffer[0] = 0x04;  // PA duty cycle
1a000618:	f88d 6000 	strb.w	r6, [sp]
    buffer[1] = 0x07;  // HP max
1a00061c:	2307      	movs	r3, #7
1a00061e:	f88d 3001 	strb.w	r3, [sp, #1]
    buffer[2] = 0x00;  // Device sel
1a000622:	f88d 5002 	strb.w	r5, [sp, #2]
    buffer[3] = 0x01;  // PA LUT
1a000626:	f88d 4003 	strb.w	r4, [sp, #3]
    sx1262_write_command(SX1262_CMD_SET_PA_CONFIG, buffer, 4);
1a00062a:	4632      	mov	r2, r6
1a00062c:	4669      	mov	r1, sp
1a00062e:	2095      	movs	r0, #149	; 0x95
1a000630:	f7ff ff02 	bl	1a000438 <sx1262_write_command>
    
    // Configurar potencia de transmisión
    buffer[0] = 0x0E; // 22 dBm
1a000634:	230e      	movs	r3, #14
1a000636:	f88d 3000 	strb.w	r3, [sp]
    buffer[1] = 0x04; // Ramping time
1a00063a:	f88d 6001 	strb.w	r6, [sp, #1]
    sx1262_write_command(0x8E, buffer, 2); // SetTxParams
1a00063e:	2202      	movs	r2, #2
1a000640:	4669      	mov	r1, sp
1a000642:	208e      	movs	r0, #142	; 0x8e
1a000644:	f7ff fef8 	bl	1a000438 <sx1262_write_command>
    
    // Configurar Buffer Base Address
    buffer[0] = 0x00; // TX base
1a000648:	f88d 5000 	strb.w	r5, [sp]
    buffer[1] = 0x00; // RX base
1a00064c:	f88d 5001 	strb.w	r5, [sp, #1]
    sx1262_write_command(0x8F, buffer, 2); // SetBufferBaseAddress
1a000650:	2202      	movs	r2, #2
1a000652:	4669      	mov	r1, sp
1a000654:	208f      	movs	r0, #143	; 0x8f
1a000656:	f7ff feef 	bl	1a000438 <sx1262_write_command>
    
    // Configurar Sync Word (0x21 = como ejemplo)
    buffer[0] = 0x14;
1a00065a:	2314      	movs	r3, #20
1a00065c:	f88d 3000 	strb.w	r3, [sp]
    buffer[1] = 0x24;
1a000660:	2324      	movs	r3, #36	; 0x24
1a000662:	f88d 3001 	strb.w	r3, [sp, #1]
    sx1262_write_command(0x9F, buffer, 2); // SetLoRaSyncWord
1a000666:	2202      	movs	r2, #2
1a000668:	4669      	mov	r1, sp
1a00066a:	209f      	movs	r0, #159	; 0x9f
1a00066c:	f7ff fee4 	bl	1a000438 <sx1262_write_command>
    
    printf("  [DEBUG] SX1262 configurado OK!\r\n");
1a000670:	4813      	ldr	r0, [pc, #76]	; (1a0006c0 <sx1262_init+0x234>)
1a000672:	f003 fa1f 	bl	1a003ab4 <puts>
    
    inicializado = true;
1a000676:	4b13      	ldr	r3, [pc, #76]	; (1a0006c4 <sx1262_init+0x238>)
1a000678:	701c      	strb	r4, [r3, #0]
}
1a00067a:	b002      	add	sp, #8
1a00067c:	bd70      	pop	{r4, r5, r6, pc}
1a00067e:	bf00      	nop
1a000680:	1a0097ec 	.word	0x1a0097ec
1a000684:	1a009810 	.word	0x1a009810
1a000688:	1a009844 	.word	0x1a009844
1a00068c:	1a00986c 	.word	0x1a00986c
1a000690:	1a00988c 	.word	0x1a00988c
1a000694:	1a0098b4 	.word	0x1a0098b4
1a000698:	1a0098d4 	.word	0x1a0098d4
1a00069c:	1a009904 	.word	0x1a009904
1a0006a0:	1a00992c 	.word	0x1a00992c
1a0006a4:	1a009954 	.word	0x1a009954
1a0006a8:	1a009974 	.word	0x1a009974
1a0006ac:	1a0099a4 	.word	0x1a0099a4
1a0006b0:	1a0099cc 	.word	0x1a0099cc
1a0006b4:	1a0099ec 	.word	0x1a0099ec
1a0006b8:	1a009a1c 	.word	0x1a009a1c
1a0006bc:	1a009a58 	.word	0x1a009a58
1a0006c0:	1a009a80 	.word	0x1a009a80
1a0006c4:	100009f8 	.word	0x100009f8

1a0006c8 <sx1262_transmit>:

// Transmitir datos
void sx1262_transmit(const char* data, uint8_t length) {
1a0006c8:	b5f0      	push	{r4, r5, r6, r7, lr}
1a0006ca:	b0c3      	sub	sp, #268	; 0x10c
    if (!inicializado) {
1a0006cc:	4b4f      	ldr	r3, [pc, #316]	; (1a00080c <sx1262_transmit+0x144>)
1a0006ce:	781b      	ldrb	r3, [r3, #0]
1a0006d0:	2b00      	cmp	r3, #0
1a0006d2:	f000 8096 	beq.w	1a000802 <sx1262_transmit+0x13a>
1a0006d6:	4606      	mov	r6, r0
1a0006d8:	460d      	mov	r5, r1
        return;
    }
    
    uint8_t buffer[256];
    
    printf("  [TX] Iniciando transmisión de %d bytes...\r\n", length);
1a0006da:	484d      	ldr	r0, [pc, #308]	; (1a000810 <sx1262_transmit+0x148>)
1a0006dc:	f003 f988 	bl	1a0039f0 <printf>
    
    // 1. Poner en STANDBY
    buffer[0] = 0x00; // STDBY_RC
1a0006e0:	2400      	movs	r4, #0
1a0006e2:	f88d 4008 	strb.w	r4, [sp, #8]
    sx1262_write_command(0x80, buffer, 1); // SetStandby
1a0006e6:	2201      	movs	r2, #1
1a0006e8:	a902      	add	r1, sp, #8
1a0006ea:	2080      	movs	r0, #128	; 0x80
1a0006ec:	f7ff fea4 	bl	1a000438 <sx1262_write_command>
    delay(5);
1a0006f0:	2005      	movs	r0, #5
1a0006f2:	2100      	movs	r1, #0
1a0006f4:	f001 fc60 	bl	1a001fb8 <delay>
    printf("  [TX] Modo STANDBY OK\r\n");
1a0006f8:	4846      	ldr	r0, [pc, #280]	; (1a000814 <sx1262_transmit+0x14c>)
1a0006fa:	f003 f9db 	bl	1a003ab4 <puts>
    
    // 2. Escribir datos al buffer TX
    sx1262_wait_busy();
1a0006fe:	f7ff fe7d 	bl	1a0003fc <sx1262_wait_busy>
    gpioWrite(SX1262_NSS, LOW);
1a000702:	4621      	mov	r1, r4
1a000704:	200d      	movs	r0, #13
1a000706:	f001 fa3b 	bl	1a001b80 <gpioWrite>
    delay(1);
1a00070a:	2001      	movs	r0, #1
1a00070c:	2100      	movs	r1, #0
1a00070e:	f001 fc53 	bl	1a001fb8 <delay>
    
    uint8_t cmd = 0x0E; // WriteBuffer
1a000712:	230e      	movs	r3, #14
1a000714:	f88d 3007 	strb.w	r3, [sp, #7]
    spiWrite(SPI0, &cmd, 1);
1a000718:	2201      	movs	r2, #1
1a00071a:	f10d 0107 	add.w	r1, sp, #7
1a00071e:	4620      	mov	r0, r4
1a000720:	f001 fbae 	bl	1a001e80 <spiWrite>
    uint8_t offset = 0x00;
1a000724:	f88d 4006 	strb.w	r4, [sp, #6]
    spiWrite(SPI0, &offset, 1);
1a000728:	2201      	movs	r2, #1
1a00072a:	f10d 0106 	add.w	r1, sp, #6
1a00072e:	4620      	mov	r0, r4
1a000730:	f001 fba6 	bl	1a001e80 <spiWrite>
    spiWrite(SPI0, (uint8_t*)data, length);
1a000734:	462a      	mov	r2, r5
1a000736:	4631      	mov	r1, r6
1a000738:	4620      	mov	r0, r4
1a00073a:	f001 fba1 	bl	1a001e80 <spiWrite>
    
    delay(1);
1a00073e:	2001      	movs	r0, #1
1a000740:	2100      	movs	r1, #0
1a000742:	f001 fc39 	bl	1a001fb8 <delay>
    gpioWrite(SX1262_NSS, HIGH);
1a000746:	2101      	movs	r1, #1
1a000748:	200d      	movs	r0, #13
1a00074a:	f001 fa19 	bl	1a001b80 <gpioWrite>
    sx1262_wait_busy();
1a00074e:	f7ff fe55 	bl	1a0003fc <sx1262_wait_busy>
    printf("  [TX] Buffer escrito OK\r\n");
1a000752:	4831      	ldr	r0, [pc, #196]	; (1a000818 <sx1262_transmit+0x150>)
1a000754:	f003 f9ae 	bl	1a003ab4 <puts>
    
    // 3. Configurar parámetros del paquete
    buffer[0] = 0x00;   // PreambleLengthMSB
1a000758:	f88d 4008 	strb.w	r4, [sp, #8]
    buffer[1] = 0x08;   // PreambleLengthLSB (8 symbols)
1a00075c:	2608      	movs	r6, #8
1a00075e:	f88d 6009 	strb.w	r6, [sp, #9]
    buffer[2] = 0x00;   // HeaderType (Variable length)
1a000762:	f88d 400a 	strb.w	r4, [sp, #10]
    buffer[3] = length; // PayloadLength
1a000766:	f88d 500b 	strb.w	r5, [sp, #11]
    buffer[4] = 0x01;   // CRC ON
1a00076a:	2701      	movs	r7, #1
1a00076c:	f88d 700c 	strb.w	r7, [sp, #12]
    buffer[5] = 0x00;   // InvertIQ standard
1a000770:	f88d 400d 	strb.w	r4, [sp, #13]
    sx1262_write_command(0x8C, buffer, 6); // SetPacketParams
1a000774:	2206      	movs	r2, #6
1a000776:	eb0d 0106 	add.w	r1, sp, r6
1a00077a:	208c      	movs	r0, #140	; 0x8c
1a00077c:	f7ff fe5c 	bl	1a000438 <sx1262_write_command>
    printf("  [TX] Parámetros del paquete OK\r\n");
1a000780:	4826      	ldr	r0, [pc, #152]	; (1a00081c <sx1262_transmit+0x154>)
1a000782:	f003 f997 	bl	1a003ab4 <puts>
    
    // 4. Limpiar IRQ
    buffer[0] = 0x03; // Clear all
1a000786:	2503      	movs	r5, #3
1a000788:	f88d 5008 	strb.w	r5, [sp, #8]
    buffer[1] = 0xFF;
1a00078c:	23ff      	movs	r3, #255	; 0xff
1a00078e:	f88d 3009 	strb.w	r3, [sp, #9]
    sx1262_write_command(0x02, buffer, 2); // ClearIrqStatus
1a000792:	2202      	movs	r2, #2
1a000794:	eb0d 0106 	add.w	r1, sp, r6
1a000798:	4610      	mov	r0, r2
1a00079a:	f7ff fe4d 	bl	1a000438 <sx1262_write_command>
    
    // 5. Configurar DIO1 para TxDone
    buffer[0] = 0x00;
1a00079e:	f88d 4008 	strb.w	r4, [sp, #8]
    buffer[1] = 0x01; // TxDone en DIO1
1a0007a2:	f88d 7009 	strb.w	r7, [sp, #9]
    buffer[2] = 0x00;
1a0007a6:	f88d 400a 	strb.w	r4, [sp, #10]
    buffer[3] = 0x00;
1a0007aa:	f88d 400b 	strb.w	r4, [sp, #11]
    buffer[4] = 0x00;
1a0007ae:	f88d 400c 	strb.w	r4, [sp, #12]
    buffer[5] = 0x00;
1a0007b2:	f88d 400d 	strb.w	r4, [sp, #13]
    buffer[6] = 0x00;
1a0007b6:	f88d 400e 	strb.w	r4, [sp, #14]
    buffer[7] = 0x00;
1a0007ba:	f88d 400f 	strb.w	r4, [sp, #15]
    sx1262_write_command(0x08, buffer, 8); // SetDioIrqParams
1a0007be:	4632      	mov	r2, r6
1a0007c0:	eb0d 0106 	add.w	r1, sp, r6
1a0007c4:	4630      	mov	r0, r6
1a0007c6:	f7ff fe37 	bl	1a000438 <sx1262_write_command>
    
    // 6. Transmitir con timeout
    printf("  [TX] Enviando comando SetTx...\r\n");
1a0007ca:	4815      	ldr	r0, [pc, #84]	; (1a000820 <sx1262_transmit+0x158>)
1a0007cc:	f003 f972 	bl	1a003ab4 <puts>
    buffer[0] = 0x00; // Timeout 15.625ms * 64 = 1 segundo
1a0007d0:	f88d 4008 	strb.w	r4, [sp, #8]
    buffer[1] = 0x00;
1a0007d4:	f88d 4009 	strb.w	r4, [sp, #9]
    buffer[2] = 0x00;
1a0007d8:	f88d 400a 	strb.w	r4, [sp, #10]
    sx1262_write_command(0x83, buffer, 3); // SetTx
1a0007dc:	462a      	mov	r2, r5
1a0007de:	eb0d 0106 	add.w	r1, sp, r6
1a0007e2:	2083      	movs	r0, #131	; 0x83
1a0007e4:	f7ff fe28 	bl	1a000438 <sx1262_write_command>
    
    printf("  [TX] Comando TX enviado, esperando...\r\n");
1a0007e8:	480e      	ldr	r0, [pc, #56]	; (1a000824 <sx1262_transmit+0x15c>)
1a0007ea:	f003 f963 	bl	1a003ab4 <puts>
    // Esperar TX
    delay(2000);
1a0007ee:	f44f 60fa 	mov.w	r0, #2000	; 0x7d0
1a0007f2:	2100      	movs	r1, #0
1a0007f4:	f001 fbe0 	bl	1a001fb8 <delay>
    printf("  [TX] Transmisión completada\r\n");
1a0007f8:	480b      	ldr	r0, [pc, #44]	; (1a000828 <sx1262_transmit+0x160>)
1a0007fa:	f003 f95b 	bl	1a003ab4 <puts>
}
1a0007fe:	b043      	add	sp, #268	; 0x10c
1a000800:	bdf0      	pop	{r4, r5, r6, r7, pc}
        printf("  [ERROR] SX1262 no inicializado!\r\n");
1a000802:	480a      	ldr	r0, [pc, #40]	; (1a00082c <sx1262_transmit+0x164>)
1a000804:	f003 f956 	bl	1a003ab4 <puts>
        return;
1a000808:	e7f9      	b.n	1a0007fe <sx1262_transmit+0x136>
1a00080a:	bf00      	nop
1a00080c:	100009f8 	.word	0x100009f8
1a000810:	1a009ac8 	.word	0x1a009ac8
1a000814:	1a009af8 	.word	0x1a009af8
1a000818:	1a009b10 	.word	0x1a009b10
1a00081c:	1a009b2c 	.word	0x1a009b2c
1a000820:	1a009b50 	.word	0x1a009b50
1a000824:	1a009b74 	.word	0x1a009b74
1a000828:	1a009ba0 	.word	0x1a009ba0
1a00082c:	1a009aa4 	.word	0x1a009aa4

1a000830 <initialise_monitor_handles>:
}
1a000830:	4770      	bx	lr
1a000832:	Address 0x1a000832 is out of bounds.


1a000834 <Reset_Handler>:
void Reset_Handler(void) {
1a000834:	b510      	push	{r4, lr}
    __asm__ volatile("cpsid i");
1a000836:	b672      	cpsid	i
    *(RESET_CONTROL + 0) = 0x10DF1000;
1a000838:	4b19      	ldr	r3, [pc, #100]	; (1a0008a0 <Reset_Handler+0x6c>)
1a00083a:	4a1a      	ldr	r2, [pc, #104]	; (1a0008a4 <Reset_Handler+0x70>)
1a00083c:	601a      	str	r2, [r3, #0]
    *(RESET_CONTROL + 1) = 0x01DFF7FF;
1a00083e:	3304      	adds	r3, #4
1a000840:	4a19      	ldr	r2, [pc, #100]	; (1a0008a8 <Reset_Handler+0x74>)
1a000842:	601a      	str	r2, [r3, #0]
    for (irqpendloop = 0; irqpendloop < 8; irqpendloop++) {
1a000844:	2300      	movs	r3, #0
1a000846:	e005      	b.n	1a000854 <Reset_Handler+0x20>
        *(NVIC_ICPR + irqpendloop) = 0xFFFFFFFF;
1a000848:	4a18      	ldr	r2, [pc, #96]	; (1a0008ac <Reset_Handler+0x78>)
1a00084a:	f04f 31ff 	mov.w	r1, #4294967295
1a00084e:	f842 1023 	str.w	r1, [r2, r3, lsl #2]
    for (irqpendloop = 0; irqpendloop < 8; irqpendloop++) {
1a000852:	3301      	adds	r3, #1
1a000854:	2b07      	cmp	r3, #7
1a000856:	d9f7      	bls.n	1a000848 <Reset_Handler+0x14>
    __asm__ volatile("cpsie i");
1a000858:	b662      	cpsie	i
    SectionTableAddr = &__data_section_table;
1a00085a:	4b15      	ldr	r3, [pc, #84]	; (1a0008b0 <Reset_Handler+0x7c>)
    while (SectionTableAddr < &__data_section_table_end) {
1a00085c:	e007      	b.n	1a00086e <Reset_Handler+0x3a>
        SectionLen = *SectionTableAddr++;
1a00085e:	f103 040c 	add.w	r4, r3, #12
        data_init(LoadAddr, ExeAddr, SectionLen);
1a000862:	689a      	ldr	r2, [r3, #8]
1a000864:	6859      	ldr	r1, [r3, #4]
1a000866:	6818      	ldr	r0, [r3, #0]
1a000868:	f7ff fc8f 	bl	1a00018a <data_init>
        SectionLen = *SectionTableAddr++;
1a00086c:	4623      	mov	r3, r4
    while (SectionTableAddr < &__data_section_table_end) {
1a00086e:	4a11      	ldr	r2, [pc, #68]	; (1a0008b4 <Reset_Handler+0x80>)
1a000870:	4293      	cmp	r3, r2
1a000872:	d3f4      	bcc.n	1a00085e <Reset_Handler+0x2a>
1a000874:	e006      	b.n	1a000884 <Reset_Handler+0x50>
        ExeAddr = *SectionTableAddr++;
1a000876:	461c      	mov	r4, r3
        bss_init(ExeAddr, SectionLen);
1a000878:	6859      	ldr	r1, [r3, #4]
1a00087a:	f854 0b08 	ldr.w	r0, [r4], #8
1a00087e:	f7ff fc93 	bl	1a0001a8 <bss_init>
        SectionLen = *SectionTableAddr++;
1a000882:	4623      	mov	r3, r4
    while (SectionTableAddr < &__bss_section_table_end) {
1a000884:	4a0c      	ldr	r2, [pc, #48]	; (1a0008b8 <Reset_Handler+0x84>)
1a000886:	4293      	cmp	r3, r2
1a000888:	d3f5      	bcc.n	1a000876 <Reset_Handler+0x42>
    SystemInit();
1a00088a:	f001 f85f 	bl	1a00194c <SystemInit>
    __libc_init_array();
1a00088e:	f002 fcd5 	bl	1a00323c <__libc_init_array>
    initialise_monitor_handles();
1a000892:	f7ff ffcd 	bl	1a000830 <initialise_monitor_handles>
    main();
1a000896:	f7ff fd33 	bl	1a000300 <main>
        __asm__ volatile("wfi");
1a00089a:	bf30      	wfi
1a00089c:	e7fd      	b.n	1a00089a <Reset_Handler+0x66>
1a00089e:	bf00      	nop
1a0008a0:	40053100 	.word	0x40053100
1a0008a4:	10df1000 	.word	0x10df1000
1a0008a8:	01dff7ff 	.word	0x01dff7ff
1a0008ac:	e000e280 	.word	0xe000e280
1a0008b0:	1a000114 	.word	0x1a000114
1a0008b4:	1a000150 	.word	0x1a000150
1a0008b8:	1a000178 	.word	0x1a000178

1a0008bc <_fini>:
void _fini(void) {}
1a0008bc:	4770      	bx	lr

1a0008be <_init>:
void _init(void) {}
1a0008be:	4770      	bx	lr

1a0008c0 <_close_r>:
   (void) __params__;
}

USED int _close_r(struct _reent *r, int fd) {
   UNUSED(fd);
   SET_ERR(EBADF);
1a0008c0:	2309      	movs	r3, #9
1a0008c2:	6003      	str	r3, [r0, #0]
   return -1;
}
1a0008c4:	f04f 30ff 	mov.w	r0, #4294967295
1a0008c8:	4770      	bx	lr

1a0008ca <_fstat_r>:
}

USED int _fstat_r(struct _reent *r, int fd, struct stat *st) {
   UNUSED(fd);
   UNUSED(st);
   SET_ERR(ENOSYS);
1a0008ca:	2358      	movs	r3, #88	; 0x58
1a0008cc:	6003      	str	r3, [r0, #0]
   return -1;
}
1a0008ce:	f04f 30ff 	mov.w	r0, #4294967295
1a0008d2:	4770      	bx	lr

1a0008d4 <_isatty_r>:
   UNUSED(r);
   return 1;
}

USED int _isatty_r(struct _reent *r, int fd) {
   switch (fd) {
1a0008d4:	2902      	cmp	r1, #2
1a0008d6:	d904      	bls.n	1a0008e2 <_isatty_r+0xe>
   case 0:
   case 1:
   case 2:
       return 1;
   default:
       SET_ERR(EBADF);
1a0008d8:	2309      	movs	r3, #9
1a0008da:	6003      	str	r3, [r0, #0]
       return -1;
1a0008dc:	f04f 30ff 	mov.w	r0, #4294967295
1a0008e0:	4770      	bx	lr
       return 1;
1a0008e2:	2001      	movs	r0, #1
   }
}
1a0008e4:	4770      	bx	lr

1a0008e6 <_lseek_r>:

USED _off_t _lseek_r(struct _reent *r, int fd, _off_t off, int w) {
   UNUSED(fd);
   UNUSED(off);
   UNUSED(w);
   SET_ERR(ENOSYS);
1a0008e6:	2358      	movs	r3, #88	; 0x58
1a0008e8:	6003      	str	r3, [r0, #0]
   return -1;
}
1a0008ea:	f04f 30ff 	mov.w	r0, #4294967295
1a0008ee:	4770      	bx	lr

1a0008f0 <_read_r>:
   }
}
*/
USED _ssize_t _read_r(struct _reent *r, int fd, void *b, size_t n) {
  size_t i = 0;
  switch (fd) {
1a0008f0:	2902      	cmp	r1, #2
1a0008f2:	d81f      	bhi.n	1a000934 <_read_r+0x44>
USED _ssize_t _read_r(struct _reent *r, int fd, void *b, size_t n) {
1a0008f4:	e92d 41f0 	stmdb	sp!, {r4, r5, r6, r7, r8, lr}
1a0008f8:	461d      	mov	r5, r3
1a0008fa:	4617      	mov	r7, r2
1a0008fc:	4606      	mov	r6, r0
  size_t i = 0;
1a0008fe:	2400      	movs	r4, #0
  case 0:
  case 1:
  case 2:
      while( i < n ){
1a000900:	42ac      	cmp	r4, r5
1a000902:	d211      	bcs.n	1a000928 <_read_r+0x38>
         int c = __stdio_getchar();
1a000904:	f000 f987 	bl	1a000c16 <__stdio_getchar>
         if( c != -1 ){
1a000908:	f1b0 3fff 	cmp.w	r0, #4294967295
1a00090c:	d0f8      	beq.n	1a000900 <_read_r+0x10>
            ((char*) b)[i++] = (char) c;
1a00090e:	f104 0801 	add.w	r8, r4, #1
1a000912:	5538      	strb	r0, [r7, r4]
            if( c == '\r' || c == '\n' ){
1a000914:	280d      	cmp	r0, #13
1a000916:	d003      	beq.n	1a000920 <_read_r+0x30>
1a000918:	280a      	cmp	r0, #10
1a00091a:	d001      	beq.n	1a000920 <_read_r+0x30>
            ((char*) b)[i++] = (char) c;
1a00091c:	4644      	mov	r4, r8
1a00091e:	e7ef      	b.n	1a000900 <_read_r+0x10>
               // read anotherone to prevent \r\n
               (void) __stdio_getchar();
1a000920:	f000 f979 	bl	1a000c16 <__stdio_getchar>
               return i;
1a000924:	4640      	mov	r0, r8
1a000926:	e003      	b.n	1a000930 <_read_r+0x40>
            }
         }
      }
      SET_ERR(ENODEV);
1a000928:	2313      	movs	r3, #19
1a00092a:	6033      	str	r3, [r6, #0]
      return -1;
1a00092c:	f04f 30ff 	mov.w	r0, #4294967295
  default:
      SET_ERR(ENODEV);
      return -1;
  }
}
1a000930:	e8bd 81f0 	ldmia.w	sp!, {r4, r5, r6, r7, r8, pc}
      SET_ERR(ENODEV);
1a000934:	2313      	movs	r3, #19
1a000936:	6003      	str	r3, [r0, #0]
      return -1;
1a000938:	f04f 30ff 	mov.w	r0, #4294967295
}
1a00093c:	4770      	bx	lr

1a00093e <_write_r>:
   return -1;
}

USED _ssize_t _write_r(struct _reent *r, int fd, const void *b, size_t n) {
   size_t i;
   switch (fd) {
1a00093e:	2902      	cmp	r1, #2
1a000940:	d80c      	bhi.n	1a00095c <_write_r+0x1e>
USED _ssize_t _write_r(struct _reent *r, int fd, const void *b, size_t n) {
1a000942:	b570      	push	{r4, r5, r6, lr}
1a000944:	461d      	mov	r5, r3
1a000946:	4616      	mov	r6, r2
   case 0:
   case 1:
   case 2:
       for (i = 0; i < n; i++)
1a000948:	2400      	movs	r4, #0
1a00094a:	42ac      	cmp	r4, r5
1a00094c:	d204      	bcs.n	1a000958 <_write_r+0x1a>
           __stdio_putchar(((char*) b)[i]);
1a00094e:	5d30      	ldrb	r0, [r6, r4]
1a000950:	f000 f95c 	bl	1a000c0c <__stdio_putchar>
       for (i = 0; i < n; i++)
1a000954:	3401      	adds	r4, #1
1a000956:	e7f8      	b.n	1a00094a <_write_r+0xc>
       return n;
1a000958:	4628      	mov	r0, r5
   default:
       SET_ERR(ENODEV);
       return -1;
   }
}
1a00095a:	bd70      	pop	{r4, r5, r6, pc}
       SET_ERR(ENODEV);
1a00095c:	2313      	movs	r3, #19
1a00095e:	6003      	str	r3, [r0, #0]
       return -1;
1a000960:	f04f 30ff 	mov.w	r0, #4294967295
}
1a000964:	4770      	bx	lr
1a000966:	Address 0x1a000966 is out of bounds.


1a000968 <_sbrk_r>:

USED void *_sbrk_r(struct _reent *r, ptrdiff_t incr) {
   extern int _pvHeapStart;
   static void *heap_end;
   void *prev_heap_end;
   if (heap_end == 0) {
1a000968:	4b05      	ldr	r3, [pc, #20]	; (1a000980 <_sbrk_r+0x18>)
1a00096a:	681b      	ldr	r3, [r3, #0]
1a00096c:	b123      	cbz	r3, 1a000978 <_sbrk_r+0x10>
       heap_end = &_pvHeapStart;
   }
   prev_heap_end = heap_end;
1a00096e:	4b04      	ldr	r3, [pc, #16]	; (1a000980 <_sbrk_r+0x18>)
1a000970:	6818      	ldr	r0, [r3, #0]
   heap_end += incr;
1a000972:	4401      	add	r1, r0
1a000974:	6019      	str	r1, [r3, #0]
   return prev_heap_end;
}
1a000976:	4770      	bx	lr
       heap_end = &_pvHeapStart;
1a000978:	4b01      	ldr	r3, [pc, #4]	; (1a000980 <_sbrk_r+0x18>)
1a00097a:	4a02      	ldr	r2, [pc, #8]	; (1a000984 <_sbrk_r+0x1c>)
1a00097c:	601a      	str	r2, [r3, #0]
1a00097e:	e7f6      	b.n	1a00096e <_sbrk_r+0x6>
1a000980:	100009fc 	.word	0x100009fc
1a000984:	10000a80 	.word	0x10000a80

1a000988 <Board_SetupMuxing>:
 * @return	Nothing
 */
STATIC INLINE void Chip_SCU_SetPinMuxing(const PINMUX_GRP_T *pinArray, uint32_t arrayLength)
{
	uint32_t ix;
	for (ix = 0; ix < arrayLength; ix++ ) {
1a000988:	2300      	movs	r3, #0
1a00098a:	2b1c      	cmp	r3, #28
1a00098c:	d812      	bhi.n	1a0009b4 <Board_SetupMuxing+0x2c>
    #endif
};


void Board_SetupMuxing(void)
{
1a00098e:	b410      	push	{r4}
		Chip_SCU_PinMuxSet(pinArray[ix].pingrp, pinArray[ix].pinnum, pinArray[ix].modefunc);
1a000990:	4a09      	ldr	r2, [pc, #36]	; (1a0009b8 <Board_SetupMuxing+0x30>)
1a000992:	eb02 0183 	add.w	r1, r2, r3, lsl #2
1a000996:	f812 4023 	ldrb.w	r4, [r2, r3, lsl #2]
1a00099a:	784a      	ldrb	r2, [r1, #1]
1a00099c:	8848      	ldrh	r0, [r1, #2]
	LPC_SCU->SFSP[port][pin] = modefunc;
1a00099e:	eb02 1244 	add.w	r2, r2, r4, lsl #5
1a0009a2:	4906      	ldr	r1, [pc, #24]	; (1a0009bc <Board_SetupMuxing+0x34>)
1a0009a4:	f841 0022 	str.w	r0, [r1, r2, lsl #2]
	for (ix = 0; ix < arrayLength; ix++ ) {
1a0009a8:	3301      	adds	r3, #1
1a0009aa:	2b1c      	cmp	r3, #28
1a0009ac:	d9f0      	bls.n	1a000990 <Board_SetupMuxing+0x8>
    Chip_SCU_SetPinMuxing(pinmuxing, sizeof(pinmuxing) / sizeof(PINMUX_GRP_T));
}
1a0009ae:	f85d 4b04 	ldr.w	r4, [sp], #4
1a0009b2:	4770      	bx	lr
1a0009b4:	4770      	bx	lr
1a0009b6:	bf00      	nop
1a0009b8:	1a009c0c 	.word	0x1a009c0c
1a0009bc:	40086000 	.word	0x40086000

1a0009c0 <Board_SetupClocking>:


void Board_SetupClocking(void)
{
1a0009c0:	b510      	push	{r4, lr}
 */
STATIC INLINE void Chip_CREG_SetFlashAcceleration(uint32_t Hz)
{
	uint32_t FAValue = Hz / 21510000;

	LPC_CREG->FLASHCFGA = (LPC_CREG->FLASHCFGA & (~(0xF << 12))) | (FAValue << 12);
1a0009c2:	4a17      	ldr	r2, [pc, #92]	; (1a000a20 <Board_SetupClocking+0x60>)
1a0009c4:	f8d2 3120 	ldr.w	r3, [r2, #288]	; 0x120
1a0009c8:	f423 4370 	bic.w	r3, r3, #61440	; 0xf000
1a0009cc:	f443 4310 	orr.w	r3, r3, #36864	; 0x9000
1a0009d0:	f8c2 3120 	str.w	r3, [r2, #288]	; 0x120
	LPC_CREG->FLASHCFGB = (LPC_CREG->FLASHCFGB & (~(0xF << 12))) | (FAValue << 12);
1a0009d4:	f8d2 3124 	ldr.w	r3, [r2, #292]	; 0x124
1a0009d8:	f423 4370 	bic.w	r3, r3, #61440	; 0xf000
1a0009dc:	f443 4310 	orr.w	r3, r3, #36864	; 0x9000
1a0009e0:	f8c2 3124 	str.w	r3, [r2, #292]	; 0x124
    Chip_CREG_SetFlashAcceleration(MAX_CLOCK_FREQ);
    Chip_SetupCoreClock(CLKIN_CRYSTAL, MAX_CLOCK_FREQ, true);
1a0009e4:	2201      	movs	r2, #1
1a0009e6:	490f      	ldr	r1, [pc, #60]	; (1a000a24 <Board_SetupClocking+0x64>)
1a0009e8:	2006      	movs	r0, #6
1a0009ea:	f000 fa63 	bl	1a000eb4 <Chip_SetupCoreClock>

    /* Setup system base clocks and initial states. This won't enable and
       disable individual clocks, but sets up the base clock sources for
       each individual peripheral clock. */
    for (uint32_t i = 0; i < (sizeof(InitClkStates) / sizeof(InitClkStates[0])); ++i)
1a0009ee:	2400      	movs	r4, #0
1a0009f0:	b14c      	cbz	r4, 1a000a06 <Board_SetupClocking+0x46>
        Chip_Clock_SetBaseClock (c->clk, c->clkin, c->autoblock_enab,
                                c->powerdn);
    }

    /* Reset and enable 32Khz oscillator */
    LPC_CREG->CREG0 &= ~((1 << 3) | (1 << 2));
1a0009f2:	4b0b      	ldr	r3, [pc, #44]	; (1a000a20 <Board_SetupClocking+0x60>)
1a0009f4:	685a      	ldr	r2, [r3, #4]
1a0009f6:	f022 020c 	bic.w	r2, r2, #12
1a0009fa:	605a      	str	r2, [r3, #4]
    LPC_CREG->CREG0 |= (1 << 1) | (1 << 0);
1a0009fc:	685a      	ldr	r2, [r3, #4]
1a0009fe:	f042 0203 	orr.w	r2, r2, #3
1a000a02:	605a      	str	r2, [r3, #4]
}
1a000a04:	bd10      	pop	{r4, pc}
        Chip_Clock_SetBaseClock (c->clk, c->clkin, c->autoblock_enab,
1a000a06:	4808      	ldr	r0, [pc, #32]	; (1a000a28 <Board_SetupClocking+0x68>)
1a000a08:	eb00 0184 	add.w	r1, r0, r4, lsl #2
1a000a0c:	2301      	movs	r3, #1
1a000a0e:	788a      	ldrb	r2, [r1, #2]
1a000a10:	7849      	ldrb	r1, [r1, #1]
1a000a12:	f810 0024 	ldrb.w	r0, [r0, r4, lsl #2]
1a000a16:	f000 fe0d 	bl	1a001634 <Chip_Clock_SetBaseClock>
    for (uint32_t i = 0; i < (sizeof(InitClkStates) / sizeof(InitClkStates[0])); ++i)
1a000a1a:	3401      	adds	r4, #1
1a000a1c:	e7e8      	b.n	1a0009f0 <Board_SetupClocking+0x30>
1a000a1e:	bf00      	nop
1a000a20:	40043000 	.word	0x40043000
1a000a24:	0c28cb00 	.word	0x0c28cb00
1a000a28:	1a009c08 	.word	0x1a009c08

1a000a2c <Board_SystemInit>:


/* Set up and initialize hardware prior to call to main */
void Board_SystemInit(void)
{
1a000a2c:	b508      	push	{r3, lr}
    /* Setup system clocking and memory. This is done early to allow the
       application and tools to clear memory and use scatter loading to
       external memory. */
    Board_SetupMuxing();
1a000a2e:	f7ff ffab 	bl	1a000988 <Board_SetupMuxing>
    Board_SetupClocking();
1a000a32:	f7ff ffc5 	bl	1a0009c0 <Board_SetupClocking>
}
1a000a36:	bd08      	pop	{r3, pc}

1a000a38 <Board_LED_Init>:
#define GPIO_PORTS_SIZE     (sizeof(GpioPorts) / sizeof(struct gpio_t))


static void Board_LED_Init()
{
   for (uint32_t i = 0; i < GPIO_LEDS_SIZE; ++i) {
1a000a38:	2200      	movs	r2, #0
1a000a3a:	2a05      	cmp	r2, #5
1a000a3c:	d819      	bhi.n	1a000a72 <Board_LED_Init+0x3a>
{
1a000a3e:	b470      	push	{r4, r5, r6}
      const struct gpio_t *io = &GpioLeds[i];
      Chip_GPIO_SetPinDIROutput(LPC_GPIO_PORT, io->port, io->pin);
1a000a40:	490c      	ldr	r1, [pc, #48]	; (1a000a74 <Board_LED_Init+0x3c>)
1a000a42:	f811 5012 	ldrb.w	r5, [r1, r2, lsl #1]
1a000a46:	eb01 0142 	add.w	r1, r1, r2, lsl #1
1a000a4a:	784c      	ldrb	r4, [r1, #1]
 * @param	pin		: GPIO pin to set direction on as output
 * @return	Nothing
 */
STATIC INLINE void Chip_GPIO_SetPinDIROutput(LPC_GPIO_T *pGPIO, uint8_t port, uint8_t pin)
{
	pGPIO->DIR[port] |= 1UL << pin;
1a000a4c:	4b0a      	ldr	r3, [pc, #40]	; (1a000a78 <Board_LED_Init+0x40>)
1a000a4e:	f505 6600 	add.w	r6, r5, #2048	; 0x800
1a000a52:	f853 1026 	ldr.w	r1, [r3, r6, lsl #2]
1a000a56:	2001      	movs	r0, #1
1a000a58:	40a0      	lsls	r0, r4
1a000a5a:	4301      	orrs	r1, r0
1a000a5c:	f843 1026 	str.w	r1, [r3, r6, lsl #2]
	pGPIO->B[port][pin] = setting;
1a000a60:	eb03 1345 	add.w	r3, r3, r5, lsl #5
1a000a64:	2100      	movs	r1, #0
1a000a66:	5519      	strb	r1, [r3, r4]
   for (uint32_t i = 0; i < GPIO_LEDS_SIZE; ++i) {
1a000a68:	3201      	adds	r2, #1
1a000a6a:	2a05      	cmp	r2, #5
1a000a6c:	d9e8      	bls.n	1a000a40 <Board_LED_Init+0x8>
      Chip_GPIO_SetPinState(LPC_GPIO_PORT, io->port, io->pin, false);
   }
}
1a000a6e:	bc70      	pop	{r4, r5, r6}
1a000a70:	4770      	bx	lr
1a000a72:	4770      	bx	lr
1a000a74:	1a009c8c 	.word	0x1a009c8c
1a000a78:	400f4000 	.word	0x400f4000

1a000a7c <Board_TEC_Init>:


static void Board_TEC_Init()
{
   for (uint32_t i = 0; i < GPIO_BUTTONS_SIZE; ++i) {
1a000a7c:	2300      	movs	r3, #0
1a000a7e:	2b03      	cmp	r3, #3
1a000a80:	d816      	bhi.n	1a000ab0 <Board_TEC_Init+0x34>
{
1a000a82:	b430      	push	{r4, r5}
      const struct gpio_t *io = &GpioButtons[i];
      Chip_GPIO_SetPinDIRInput(LPC_GPIO_PORT, io->port, io->pin);
1a000a84:	490b      	ldr	r1, [pc, #44]	; (1a000ab4 <Board_TEC_Init+0x38>)
1a000a86:	f811 2013 	ldrb.w	r2, [r1, r3, lsl #1]
1a000a8a:	eb01 0143 	add.w	r1, r1, r3, lsl #1
1a000a8e:	784d      	ldrb	r5, [r1, #1]
 * @param	pin		: GPIO pin to set direction on as input
 * @return	Nothing
 */
STATIC INLINE void Chip_GPIO_SetPinDIRInput(LPC_GPIO_T *pGPIO, uint8_t port, uint8_t pin)
{
	pGPIO->DIR[port] &= ~(1UL << pin);
1a000a90:	4c09      	ldr	r4, [pc, #36]	; (1a000ab8 <Board_TEC_Init+0x3c>)
1a000a92:	f502 6200 	add.w	r2, r2, #2048	; 0x800
1a000a96:	f854 1022 	ldr.w	r1, [r4, r2, lsl #2]
1a000a9a:	2001      	movs	r0, #1
1a000a9c:	40a8      	lsls	r0, r5
1a000a9e:	ea21 0100 	bic.w	r1, r1, r0
1a000aa2:	f844 1022 	str.w	r1, [r4, r2, lsl #2]
   for (uint32_t i = 0; i < GPIO_BUTTONS_SIZE; ++i) {
1a000aa6:	3301      	adds	r3, #1
1a000aa8:	2b03      	cmp	r3, #3
1a000aaa:	d9eb      	bls.n	1a000a84 <Board_TEC_Init+0x8>
   }
}
1a000aac:	bc30      	pop	{r4, r5}
1a000aae:	4770      	bx	lr
1a000ab0:	4770      	bx	lr
1a000ab2:	bf00      	nop
1a000ab4:	1a009c84 	.word	0x1a009c84
1a000ab8:	400f4000 	.word	0x400f4000

1a000abc <Board_GPIO_Init>:


static void Board_GPIO_Init()
{
   for (uint32_t i = 0; i < GPIO_PORTS_SIZE; ++i) {
1a000abc:	2300      	movs	r3, #0
1a000abe:	2b08      	cmp	r3, #8
1a000ac0:	d816      	bhi.n	1a000af0 <Board_GPIO_Init+0x34>
{
1a000ac2:	b430      	push	{r4, r5}
      const struct gpio_t *io = &GpioPorts[i];
      Chip_GPIO_SetPinDIRInput(LPC_GPIO_PORT, io->port, io->pin);
1a000ac4:	490b      	ldr	r1, [pc, #44]	; (1a000af4 <Board_GPIO_Init+0x38>)
1a000ac6:	f811 2013 	ldrb.w	r2, [r1, r3, lsl #1]
1a000aca:	eb01 0143 	add.w	r1, r1, r3, lsl #1
1a000ace:	784d      	ldrb	r5, [r1, #1]
1a000ad0:	4c09      	ldr	r4, [pc, #36]	; (1a000af8 <Board_GPIO_Init+0x3c>)
1a000ad2:	f502 6200 	add.w	r2, r2, #2048	; 0x800
1a000ad6:	f854 1022 	ldr.w	r1, [r4, r2, lsl #2]
1a000ada:	2001      	movs	r0, #1
1a000adc:	40a8      	lsls	r0, r5
1a000ade:	ea21 0100 	bic.w	r1, r1, r0
1a000ae2:	f844 1022 	str.w	r1, [r4, r2, lsl #2]
   for (uint32_t i = 0; i < GPIO_PORTS_SIZE; ++i) {
1a000ae6:	3301      	adds	r3, #1
1a000ae8:	2b08      	cmp	r3, #8
1a000aea:	d9eb      	bls.n	1a000ac4 <Board_GPIO_Init+0x8>
   }
}
1a000aec:	bc30      	pop	{r4, r5}
1a000aee:	4770      	bx	lr
1a000af0:	4770      	bx	lr
1a000af2:	bf00      	nop
1a000af4:	1a009c98 	.word	0x1a009c98
1a000af8:	400f4000 	.word	0x400f4000

1a000afc <Board_ADC_Init>:
   Chip_SSP_Enable(LPC_SSP1);
}


static void Board_ADC_Init()
{
1a000afc:	b510      	push	{r4, lr}
1a000afe:	b082      	sub	sp, #8
   ADC_CLOCK_SETUP_T cs;

   Chip_ADC_Init(LPC_ADC0, &cs);
1a000b00:	4c08      	ldr	r4, [pc, #32]	; (1a000b24 <Board_ADC_Init+0x28>)
1a000b02:	4669      	mov	r1, sp
1a000b04:	4620      	mov	r0, r4
1a000b06:	f000 fab9 	bl	1a00107c <Chip_ADC_Init>
   Chip_ADC_SetSampleRate(LPC_ADC0, &cs, BOARD_ADC_SAMPLE_RATE);
1a000b0a:	4a07      	ldr	r2, [pc, #28]	; (1a000b28 <Board_ADC_Init+0x2c>)
1a000b0c:	4669      	mov	r1, sp
1a000b0e:	4620      	mov	r0, r4
1a000b10:	f000 fb1f 	bl	1a001152 <Chip_ADC_SetSampleRate>
   Chip_ADC_SetResolution(LPC_ADC0, &cs, BOARD_ADC_RESOLUTION);
1a000b14:	2200      	movs	r2, #0
1a000b16:	4669      	mov	r1, sp
1a000b18:	4620      	mov	r0, r4
1a000b1a:	f000 fb33 	bl	1a001184 <Chip_ADC_SetResolution>
}
1a000b1e:	b002      	add	sp, #8
1a000b20:	bd10      	pop	{r4, pc}
1a000b22:	bf00      	nop
1a000b24:	400e3000 	.word	0x400e3000
1a000b28:	00061a80 	.word	0x00061a80

1a000b2c <Board_SPI_Init>:
{
1a000b2c:	b510      	push	{r4, lr}
   Chip_SSP_Init(LPC_SSP1);
1a000b2e:	4c0b      	ldr	r4, [pc, #44]	; (1a000b5c <Board_SPI_Init+0x30>)
1a000b30:	4620      	mov	r0, r4
1a000b32:	f000 f965 	bl	1a000e00 <Chip_SSP_Init>
 *						- SSP_MODE_SLAVE
 * @return	 Nothing
 */
STATIC INLINE void Chip_SSP_Set_Mode(LPC_SSP_T *pSSP, uint32_t mode)
{
	pSSP->CR1 = (pSSP->CR1 & ~(1 << 2)) | mode;
1a000b36:	6863      	ldr	r3, [r4, #4]
1a000b38:	f023 0304 	bic.w	r3, r3, #4
1a000b3c:	6063      	str	r3, [r4, #4]
	pSSP->CR0 = (pSSP->CR0 & ~0xFF) | bits | frameFormat | clockMode;
1a000b3e:	6823      	ldr	r3, [r4, #0]
1a000b40:	f023 03ff 	bic.w	r3, r3, #255	; 0xff
1a000b44:	f043 0307 	orr.w	r3, r3, #7
1a000b48:	6023      	str	r3, [r4, #0]
   Chip_SSP_SetBitRate(LPC_SSP1, BOARD_SPI_SPEED);
1a000b4a:	4905      	ldr	r1, [pc, #20]	; (1a000b60 <Board_SPI_Init+0x34>)
1a000b4c:	4620      	mov	r0, r4
1a000b4e:	f000 f938 	bl	1a000dc2 <Chip_SSP_SetBitRate>
	pSSP->CR1 |= SSP_CR1_SSP_EN;
1a000b52:	6863      	ldr	r3, [r4, #4]
1a000b54:	f043 0302 	orr.w	r3, r3, #2
1a000b58:	6063      	str	r3, [r4, #4]
}
1a000b5a:	bd10      	pop	{r4, pc}
1a000b5c:	400c5000 	.word	0x400c5000
1a000b60:	000186a0 	.word	0x000186a0

1a000b64 <Board_I2C_Init>:
{
1a000b64:	b508      	push	{r3, lr}
   Chip_I2C_Init(I2C0);
1a000b66:	2000      	movs	r0, #0
1a000b68:	f000 f976 	bl	1a000e58 <Chip_I2C_Init>
	LPC_SCU->SFSI2C0 = I2C0Mode;
1a000b6c:	4b04      	ldr	r3, [pc, #16]	; (1a000b80 <Board_I2C_Init+0x1c>)
1a000b6e:	f640 0208 	movw	r2, #2056	; 0x808
1a000b72:	f8c3 2c84 	str.w	r2, [r3, #3204]	; 0xc84
   Chip_I2C_SetClockRate(I2C0, BOARD_I2C_SPEED);
1a000b76:	4903      	ldr	r1, [pc, #12]	; (1a000b84 <Board_I2C_Init+0x20>)
1a000b78:	2000      	movs	r0, #0
1a000b7a:	f000 f97f 	bl	1a000e7c <Chip_I2C_SetClockRate>
}
1a000b7e:	bd08      	pop	{r3, pc}
1a000b80:	40086000 	.word	0x40086000
1a000b84:	000f4240 	.word	0x000f4240

1a000b88 <Board_Debug_Init>:


void Board_Debug_Init(void)
{
1a000b88:	b510      	push	{r4, lr}
   Chip_UART_Init(DEBUG_UART);
1a000b8a:	4c07      	ldr	r4, [pc, #28]	; (1a000ba8 <Board_Debug_Init+0x20>)
1a000b8c:	4620      	mov	r0, r4
1a000b8e:	f000 fe25 	bl	1a0017dc <Chip_UART_Init>
   Chip_UART_SetBaudFDR(DEBUG_UART, DEBUG_UART_BAUD_RATE);
1a000b92:	f44f 31e1 	mov.w	r1, #115200	; 0x1c200
1a000b96:	4620      	mov	r0, r4
1a000b98:	f000 fe6a 	bl	1a001870 <Chip_UART_SetBaudFDR>
 *			stop bit, and even (enabled) parity would be
 *			(UART_LCR_WLEN8 | UART_LCR_SBS_1BIT | UART_LCR_PARITY_EN | UART_LCR_PARITY_EVEN)
 */
STATIC INLINE void Chip_UART_ConfigData(LPC_USART_T *pUART, uint32_t config)
{
	pUART->LCR = config;
1a000b9c:	2303      	movs	r3, #3
1a000b9e:	60e3      	str	r3, [r4, #12]
    pUART->TER2 = UART_TER2_TXEN;
1a000ba0:	2301      	movs	r3, #1
1a000ba2:	65e3      	str	r3, [r4, #92]	; 0x5c
   Chip_UART_ConfigData(DEBUG_UART, DEBUG_UART_CONFIG);
   Chip_UART_TXEnable(DEBUG_UART);
}
1a000ba4:	bd10      	pop	{r4, pc}
1a000ba6:	bf00      	nop
1a000ba8:	400c1000 	.word	0x400c1000

1a000bac <Board_UARTPutChar>:
 * @note	Mask bits of the returned status value with UART_LSR_*
 *			definitions for specific statuses.
 */
STATIC INLINE uint32_t Chip_UART_ReadLineStatus(LPC_USART_T *pUART)
{
	return pUART->LSR;
1a000bac:	4b03      	ldr	r3, [pc, #12]	; (1a000bbc <Board_UARTPutChar+0x10>)
1a000bae:	695b      	ldr	r3, [r3, #20]


void Board_UARTPutChar(char ch)
{
   while ( !(Chip_UART_ReadLineStatus(DEBUG_UART) & UART_LSR_THRE));
1a000bb0:	f013 0f20 	tst.w	r3, #32
1a000bb4:	d0fa      	beq.n	1a000bac <Board_UARTPutChar>
	pUART->THR = (uint32_t) data;
1a000bb6:	4b01      	ldr	r3, [pc, #4]	; (1a000bbc <Board_UARTPutChar+0x10>)
1a000bb8:	6018      	str	r0, [r3, #0]
   Chip_UART_SendByte(DEBUG_UART, (uint8_t) ch);
}
1a000bba:	4770      	bx	lr
1a000bbc:	400c1000 	.word	0x400c1000

1a000bc0 <Board_UARTGetChar>:
	return pUART->LSR;
1a000bc0:	4b05      	ldr	r3, [pc, #20]	; (1a000bd8 <Board_UARTGetChar+0x18>)
1a000bc2:	695b      	ldr	r3, [r3, #20]


int Board_UARTGetChar(void)
{
   if (Chip_UART_ReadLineStatus(DEBUG_UART) & UART_LSR_RDR) {
1a000bc4:	f013 0f01 	tst.w	r3, #1
1a000bc8:	d003      	beq.n	1a000bd2 <Board_UARTGetChar+0x12>
	return (uint8_t) (pUART->RBR & UART_RBR_MASKBIT);
1a000bca:	4b03      	ldr	r3, [pc, #12]	; (1a000bd8 <Board_UARTGetChar+0x18>)
1a000bcc:	6818      	ldr	r0, [r3, #0]
      return (int) Chip_UART_ReadByte(DEBUG_UART);
1a000bce:	b2c0      	uxtb	r0, r0
1a000bd0:	4770      	bx	lr
   }
   return EOF;
1a000bd2:	f04f 30ff 	mov.w	r0, #4294967295
}
1a000bd6:	4770      	bx	lr
1a000bd8:	400c1000 	.word	0x400c1000

1a000bdc <Board_Init>:
   Board_LED_Set(LEDNumber, !Board_LED_Test(LEDNumber));
}


void Board_Init(void)
{
1a000bdc:	b508      	push	{r3, lr}
   DEBUGINIT();
1a000bde:	f7ff ffd3 	bl	1a000b88 <Board_Debug_Init>
   Chip_GPIO_Init (LPC_GPIO_PORT);
1a000be2:	4809      	ldr	r0, [pc, #36]	; (1a000c08 <Board_Init+0x2c>)
1a000be4:	f000 fa12 	bl	1a00100c <Chip_GPIO_Init>

   Board_GPIO_Init();
1a000be8:	f7ff ff68 	bl	1a000abc <Board_GPIO_Init>
   Board_ADC_Init();
1a000bec:	f7ff ff86 	bl	1a000afc <Board_ADC_Init>
   Board_SPI_Init();
1a000bf0:	f7ff ff9c 	bl	1a000b2c <Board_SPI_Init>
   Board_I2C_Init();
1a000bf4:	f7ff ffb6 	bl	1a000b64 <Board_I2C_Init>

   Board_LED_Init();
1a000bf8:	f7ff ff1e 	bl	1a000a38 <Board_LED_Init>
   Board_TEC_Init();
1a000bfc:	f7ff ff3e 	bl	1a000a7c <Board_TEC_Init>
#ifdef USE_RMII
   Chip_ENET_RMIIEnable(LPC_ETHERNET);
#endif

   // Read clock settings and update SystemCoreClock variable
   SystemCoreClockUpdate(); // @Eric
1a000c00:	f000 faec 	bl	1a0011dc <SystemCoreClockUpdate>
}
1a000c04:	bd08      	pop	{r3, pc}
1a000c06:	bf00      	nop
1a000c08:	400f4000 	.word	0x400f4000

1a000c0c <__stdio_putchar>:
   curADCChannel = 0xFF;
   return data;
}

void __stdio_putchar(int c)
{
1a000c0c:	b508      	push	{r3, lr}
   Board_UARTPutChar(c);
1a000c0e:	b2c0      	uxtb	r0, r0
1a000c10:	f7ff ffcc 	bl	1a000bac <Board_UARTPutChar>
}
1a000c14:	bd08      	pop	{r3, pc}

1a000c16 <__stdio_getchar>:

int __stdio_getchar()
{
1a000c16:	b508      	push	{r3, lr}
   return Board_UARTGetChar();;
1a000c18:	f7ff ffd2 	bl	1a000bc0 <Board_UARTGetChar>
}
1a000c1c:	bd08      	pop	{r3, pc}

1a000c1e <__stdio_init>:

void __stdio_init()
{
1a000c1e:	b508      	push	{r3, lr}
   Board_Debug_Init();
1a000c20:	f7ff ffb2 	bl	1a000b88 <Board_Debug_Init>
1a000c24:	bd08      	pop	{r3, pc}

1a000c26 <SSP_Write2BFifo>:
 * Private functions
 ****************************************************************************/

STATIC void SSP_Write2BFifo(LPC_SSP_T *pSSP, Chip_SSP_DATA_SETUP_T *xf_setup)
{
	if (xf_setup->tx_data) {
1a000c26:	680b      	ldr	r3, [r1, #0]
1a000c28:	b133      	cbz	r3, 1a000c38 <SSP_Write2BFifo+0x12>
		Chip_SSP_SendFrame(pSSP, (*(uint16_t *) ((uint32_t) xf_setup->tx_data +
												 xf_setup->tx_cnt)));
1a000c2a:	684a      	ldr	r2, [r1, #4]
		Chip_SSP_SendFrame(pSSP, (*(uint16_t *) ((uint32_t) xf_setup->tx_data +
1a000c2c:	5a9b      	ldrh	r3, [r3, r2]
	pSSP->DR = SSP_DR_BITMASK(tx_data);
1a000c2e:	6083      	str	r3, [r0, #8]
	}
	else {
		Chip_SSP_SendFrame(pSSP, 0xFFFF);
	}

	xf_setup->tx_cnt += 2;
1a000c30:	684b      	ldr	r3, [r1, #4]
1a000c32:	3302      	adds	r3, #2
1a000c34:	604b      	str	r3, [r1, #4]
}
1a000c36:	4770      	bx	lr
1a000c38:	f64f 73ff 	movw	r3, #65535	; 0xffff
1a000c3c:	6083      	str	r3, [r0, #8]
1a000c3e:	e7f7      	b.n	1a000c30 <SSP_Write2BFifo+0xa>

1a000c40 <SSP_Write1BFifo>:

/** SSP macro: write 1 bytes to FIFO buffer */
STATIC void SSP_Write1BFifo(LPC_SSP_T *pSSP, Chip_SSP_DATA_SETUP_T *xf_setup)
{
	if (xf_setup->tx_data) {
1a000c40:	680b      	ldr	r3, [r1, #0]
1a000c42:	b133      	cbz	r3, 1a000c52 <SSP_Write1BFifo+0x12>
		Chip_SSP_SendFrame(pSSP, (*(uint8_t *) ((uint32_t) xf_setup->tx_data + xf_setup->tx_cnt)));
1a000c44:	684a      	ldr	r2, [r1, #4]
1a000c46:	5c9b      	ldrb	r3, [r3, r2]
1a000c48:	6083      	str	r3, [r0, #8]
	}
	else {
		Chip_SSP_SendFrame(pSSP, 0xFF);
	}

	xf_setup->tx_cnt++;
1a000c4a:	684b      	ldr	r3, [r1, #4]
1a000c4c:	3301      	adds	r3, #1
1a000c4e:	604b      	str	r3, [r1, #4]
}
1a000c50:	4770      	bx	lr
1a000c52:	23ff      	movs	r3, #255	; 0xff
1a000c54:	6083      	str	r3, [r0, #8]
1a000c56:	e7f8      	b.n	1a000c4a <SSP_Write1BFifo+0xa>

1a000c58 <SSP_Read2BFifo>:
	return (pSSP->SR & Stat) ? SET : RESET;
1a000c58:	68c3      	ldr	r3, [r0, #12]
/** SSP macro: read 1 bytes from FIFO buffer */
STATIC void SSP_Read2BFifo(LPC_SSP_T *pSSP, Chip_SSP_DATA_SETUP_T *xf_setup)
{
	uint16_t rDat;

	while ((Chip_SSP_GetStatus(pSSP, SSP_STAT_RNE) == SET) &&
1a000c5a:	f013 0f04 	tst.w	r3, #4
1a000c5e:	d01b      	beq.n	1a000c98 <SSP_Read2BFifo+0x40>
		   (xf_setup->rx_cnt < xf_setup->length)) {
1a000c60:	68ca      	ldr	r2, [r1, #12]
1a000c62:	690b      	ldr	r3, [r1, #16]
	while ((Chip_SSP_GetStatus(pSSP, SSP_STAT_RNE) == SET) &&
1a000c64:	429a      	cmp	r2, r3
1a000c66:	d216      	bcs.n	1a000c96 <SSP_Read2BFifo+0x3e>
{
1a000c68:	b410      	push	{r4}
1a000c6a:	e00a      	b.n	1a000c82 <SSP_Read2BFifo+0x2a>
		rDat = Chip_SSP_ReceiveFrame(pSSP);
		if (xf_setup->rx_data) {
			*(uint16_t *) ((uint32_t) xf_setup->rx_data + xf_setup->rx_cnt) = rDat;
		}

		xf_setup->rx_cnt += 2;
1a000c6c:	68cb      	ldr	r3, [r1, #12]
1a000c6e:	3302      	adds	r3, #2
1a000c70:	60cb      	str	r3, [r1, #12]
1a000c72:	68c3      	ldr	r3, [r0, #12]
	while ((Chip_SSP_GetStatus(pSSP, SSP_STAT_RNE) == SET) &&
1a000c74:	f013 0f04 	tst.w	r3, #4
1a000c78:	d00a      	beq.n	1a000c90 <SSP_Read2BFifo+0x38>
		   (xf_setup->rx_cnt < xf_setup->length)) {
1a000c7a:	68ca      	ldr	r2, [r1, #12]
1a000c7c:	690b      	ldr	r3, [r1, #16]
	while ((Chip_SSP_GetStatus(pSSP, SSP_STAT_RNE) == SET) &&
1a000c7e:	429a      	cmp	r2, r3
1a000c80:	d206      	bcs.n	1a000c90 <SSP_Read2BFifo+0x38>
	return (uint16_t) (SSP_DR_BITMASK(pSSP->DR));
1a000c82:	6883      	ldr	r3, [r0, #8]
1a000c84:	b29b      	uxth	r3, r3
		if (xf_setup->rx_data) {
1a000c86:	688c      	ldr	r4, [r1, #8]
1a000c88:	2c00      	cmp	r4, #0
1a000c8a:	d0ef      	beq.n	1a000c6c <SSP_Read2BFifo+0x14>
			*(uint16_t *) ((uint32_t) xf_setup->rx_data + xf_setup->rx_cnt) = rDat;
1a000c8c:	52a3      	strh	r3, [r4, r2]
1a000c8e:	e7ed      	b.n	1a000c6c <SSP_Read2BFifo+0x14>
	}
}
1a000c90:	f85d 4b04 	ldr.w	r4, [sp], #4
1a000c94:	4770      	bx	lr
1a000c96:	4770      	bx	lr
1a000c98:	4770      	bx	lr

1a000c9a <SSP_Read1BFifo>:
	return (pSSP->SR & Stat) ? SET : RESET;
1a000c9a:	68c3      	ldr	r3, [r0, #12]
/** SSP macro: read 2 bytes from FIFO buffer */
STATIC void SSP_Read1BFifo(LPC_SSP_T *pSSP, Chip_SSP_DATA_SETUP_T *xf_setup)
{
	uint16_t rDat;

	while ((Chip_SSP_GetStatus(pSSP, SSP_STAT_RNE) == SET) &&
1a000c9c:	f013 0f04 	tst.w	r3, #4
1a000ca0:	d01a      	beq.n	1a000cd8 <SSP_Read1BFifo+0x3e>
		   (xf_setup->rx_cnt < xf_setup->length)) {
1a000ca2:	68cb      	ldr	r3, [r1, #12]
1a000ca4:	690a      	ldr	r2, [r1, #16]
	while ((Chip_SSP_GetStatus(pSSP, SSP_STAT_RNE) == SET) &&
1a000ca6:	4293      	cmp	r3, r2
1a000ca8:	d215      	bcs.n	1a000cd6 <SSP_Read1BFifo+0x3c>
{
1a000caa:	b410      	push	{r4}
1a000cac:	e00a      	b.n	1a000cc4 <SSP_Read1BFifo+0x2a>
		rDat = Chip_SSP_ReceiveFrame(pSSP);
		if (xf_setup->rx_data) {
			*(uint8_t *) ((uint32_t) xf_setup->rx_data + xf_setup->rx_cnt) = rDat;
		}

		xf_setup->rx_cnt++;
1a000cae:	68cb      	ldr	r3, [r1, #12]
1a000cb0:	3301      	adds	r3, #1
1a000cb2:	60cb      	str	r3, [r1, #12]
1a000cb4:	68c3      	ldr	r3, [r0, #12]
	while ((Chip_SSP_GetStatus(pSSP, SSP_STAT_RNE) == SET) &&
1a000cb6:	f013 0f04 	tst.w	r3, #4
1a000cba:	d009      	beq.n	1a000cd0 <SSP_Read1BFifo+0x36>
		   (xf_setup->rx_cnt < xf_setup->length)) {
1a000cbc:	68cb      	ldr	r3, [r1, #12]
1a000cbe:	690a      	ldr	r2, [r1, #16]
	while ((Chip_SSP_GetStatus(pSSP, SSP_STAT_RNE) == SET) &&
1a000cc0:	4293      	cmp	r3, r2
1a000cc2:	d205      	bcs.n	1a000cd0 <SSP_Read1BFifo+0x36>
	return (uint16_t) (SSP_DR_BITMASK(pSSP->DR));
1a000cc4:	6884      	ldr	r4, [r0, #8]
		if (xf_setup->rx_data) {
1a000cc6:	688a      	ldr	r2, [r1, #8]
1a000cc8:	2a00      	cmp	r2, #0
1a000cca:	d0f0      	beq.n	1a000cae <SSP_Read1BFifo+0x14>
			*(uint8_t *) ((uint32_t) xf_setup->rx_data + xf_setup->rx_cnt) = rDat;
1a000ccc:	54d4      	strb	r4, [r2, r3]
1a000cce:	e7ee      	b.n	1a000cae <SSP_Read1BFifo+0x14>
	}
}
1a000cd0:	f85d 4b04 	ldr.w	r4, [sp], #4
1a000cd4:	4770      	bx	lr
1a000cd6:	4770      	bx	lr
1a000cd8:	4770      	bx	lr
1a000cda:	Address 0x1a000cda is out of bounds.


1a000cdc <Chip_SSP_GetClockIndex>:
/* Returns clock index for the register interface */
STATIC CHIP_CCU_CLK_T Chip_SSP_GetClockIndex(LPC_SSP_T *pSSP)
{
	CHIP_CCU_CLK_T clkSSP;

	if (pSSP == LPC_SSP1) {
1a000cdc:	4b03      	ldr	r3, [pc, #12]	; (1a000cec <Chip_SSP_GetClockIndex+0x10>)
1a000cde:	4298      	cmp	r0, r3
1a000ce0:	d001      	beq.n	1a000ce6 <Chip_SSP_GetClockIndex+0xa>
		clkSSP = CLK_MX_SSP1;
	}
	else {
		clkSSP = CLK_MX_SSP0;
1a000ce2:	2083      	movs	r0, #131	; 0x83
	}

	return clkSSP;
}
1a000ce4:	4770      	bx	lr
		clkSSP = CLK_MX_SSP1;
1a000ce6:	20a5      	movs	r0, #165	; 0xa5
1a000ce8:	4770      	bx	lr
1a000cea:	bf00      	nop
1a000cec:	400c5000 	.word	0x400c5000

1a000cf0 <Chip_SSP_GetPeriphClockIndex>:
/* Returns clock index for the peripheral block */
STATIC CHIP_CCU_CLK_T Chip_SSP_GetPeriphClockIndex(LPC_SSP_T *pSSP)
{
	CHIP_CCU_CLK_T clkSSP;

	if (pSSP == LPC_SSP1) {
1a000cf0:	4b04      	ldr	r3, [pc, #16]	; (1a000d04 <Chip_SSP_GetPeriphClockIndex+0x14>)
1a000cf2:	4298      	cmp	r0, r3
1a000cf4:	d002      	beq.n	1a000cfc <Chip_SSP_GetPeriphClockIndex+0xc>
		clkSSP = CLK_APB2_SSP1;
	}
	else {
		clkSSP = CLK_APB0_SSP0;
1a000cf6:	f240 2002 	movw	r0, #514	; 0x202
	}

	return clkSSP;
}
1a000cfa:	4770      	bx	lr
		clkSSP = CLK_APB2_SSP1;
1a000cfc:	f44f 70f1 	mov.w	r0, #482	; 0x1e2
1a000d00:	4770      	bx	lr
1a000d02:	bf00      	nop
1a000d04:	400c5000 	.word	0x400c5000

1a000d08 <Chip_SSP_SetClockRate>:

/*Set up output clocks per bit for SSP bus*/
void Chip_SSP_SetClockRate(LPC_SSP_T *pSSP, uint32_t clk_rate, uint32_t prescale)
{
	uint32_t temp;
	temp = pSSP->CR0 & (~(SSP_CR0_SCR(0xFF)));
1a000d08:	6803      	ldr	r3, [r0, #0]
1a000d0a:	f423 437f 	bic.w	r3, r3, #65280	; 0xff00
	pSSP->CR0 = temp | (SSP_CR0_SCR(clk_rate));
1a000d0e:	0209      	lsls	r1, r1, #8
1a000d10:	b289      	uxth	r1, r1
1a000d12:	4319      	orrs	r1, r3
1a000d14:	6001      	str	r1, [r0, #0]
	pSSP->CPSR = prescale;
1a000d16:	6102      	str	r2, [r0, #16]
}
1a000d18:	4770      	bx	lr

1a000d1a <Chip_SSP_RWFrames_Blocking>:

/* SSP Polling Read/Write in blocking mode */
uint32_t Chip_SSP_RWFrames_Blocking(LPC_SSP_T *pSSP, Chip_SSP_DATA_SETUP_T *xf_setup)
{
1a000d1a:	b538      	push	{r3, r4, r5, lr}
1a000d1c:	4604      	mov	r4, r0
1a000d1e:	460d      	mov	r5, r1
	return (pSSP->SR & Stat) ? SET : RESET;
1a000d20:	68e3      	ldr	r3, [r4, #12]
	/* Clear all remaining frames in RX FIFO */
	while (Chip_SSP_GetStatus(pSSP, SSP_STAT_RNE)) {
1a000d22:	f013 0f04 	tst.w	r3, #4
1a000d26:	d001      	beq.n	1a000d2c <Chip_SSP_RWFrames_Blocking+0x12>
	return (uint16_t) (SSP_DR_BITMASK(pSSP->DR));
1a000d28:	68a3      	ldr	r3, [r4, #8]
1a000d2a:	e7f9      	b.n	1a000d20 <Chip_SSP_RWFrames_Blocking+0x6>
	pSSP->ICR = IntClear;
1a000d2c:	2303      	movs	r3, #3
1a000d2e:	6223      	str	r3, [r4, #32]
	return SSP_CR0_DSS(pSSP->CR0);
1a000d30:	6823      	ldr	r3, [r4, #0]
	}

	/* Clear status */
	Chip_SSP_ClearIntPending(pSSP, SSP_INT_CLEAR_BITMASK);

	if (Chip_SSP_GetDataSize(pSSP) > SSP_BITS_8) {
1a000d32:	f013 0f08 	tst.w	r3, #8
1a000d36:	d108      	bne.n	1a000d4a <Chip_SSP_RWFrames_Blocking+0x30>
1a000d38:	e022      	b.n	1a000d80 <Chip_SSP_RWFrames_Blocking+0x66>
	return (pSSP->RIS & RawInt) ? SET : RESET;
1a000d3a:	69a3      	ldr	r3, [r4, #24]
			if (( Chip_SSP_GetStatus(pSSP, SSP_STAT_TNF) == SET) && ( xf_setup->tx_cnt < xf_setup->length) ) {
				SSP_Write2BFifo(pSSP, xf_setup);
			}

			/* Check overrun error */
			if (Chip_SSP_GetRawIntStatus(pSSP, SSP_RORRIS) == SET) {
1a000d3c:	f013 0f01 	tst.w	r3, #1
1a000d40:	d139      	bne.n	1a000db6 <Chip_SSP_RWFrames_Blocking+0x9c>
				return ERROR;
			}

			/* Check for any data available in RX FIFO */
			SSP_Read2BFifo(pSSP, xf_setup);
1a000d42:	4629      	mov	r1, r5
1a000d44:	4620      	mov	r0, r4
1a000d46:	f7ff ff87 	bl	1a000c58 <SSP_Read2BFifo>
		while (xf_setup->rx_cnt < xf_setup->length || xf_setup->tx_cnt < xf_setup->length) {
1a000d4a:	68ea      	ldr	r2, [r5, #12]
1a000d4c:	692b      	ldr	r3, [r5, #16]
1a000d4e:	429a      	cmp	r2, r3
1a000d50:	d302      	bcc.n	1a000d58 <Chip_SSP_RWFrames_Blocking+0x3e>
1a000d52:	686a      	ldr	r2, [r5, #4]
1a000d54:	4293      	cmp	r3, r2
1a000d56:	d926      	bls.n	1a000da6 <Chip_SSP_RWFrames_Blocking+0x8c>
	return (pSSP->SR & Stat) ? SET : RESET;
1a000d58:	68e2      	ldr	r2, [r4, #12]
			if (( Chip_SSP_GetStatus(pSSP, SSP_STAT_TNF) == SET) && ( xf_setup->tx_cnt < xf_setup->length) ) {
1a000d5a:	f012 0f02 	tst.w	r2, #2
1a000d5e:	d0ec      	beq.n	1a000d3a <Chip_SSP_RWFrames_Blocking+0x20>
1a000d60:	686a      	ldr	r2, [r5, #4]
1a000d62:	429a      	cmp	r2, r3
1a000d64:	d2e9      	bcs.n	1a000d3a <Chip_SSP_RWFrames_Blocking+0x20>
				SSP_Write2BFifo(pSSP, xf_setup);
1a000d66:	4629      	mov	r1, r5
1a000d68:	4620      	mov	r0, r4
1a000d6a:	f7ff ff5c 	bl	1a000c26 <SSP_Write2BFifo>
1a000d6e:	e7e4      	b.n	1a000d3a <Chip_SSP_RWFrames_Blocking+0x20>
	return (pSSP->RIS & RawInt) ? SET : RESET;
1a000d70:	69a3      	ldr	r3, [r4, #24]
			if (( Chip_SSP_GetStatus(pSSP, SSP_STAT_TNF) == SET) && ( xf_setup->tx_cnt < xf_setup->length) ) {
				SSP_Write1BFifo(pSSP, xf_setup);
			}

			/* Check overrun error */
			if (Chip_SSP_GetRawIntStatus(pSSP, SSP_RORRIS) == SET) {
1a000d72:	f013 0f01 	tst.w	r3, #1
1a000d76:	d120      	bne.n	1a000dba <Chip_SSP_RWFrames_Blocking+0xa0>
				return ERROR;
			}

			/* Check for any data available in RX FIFO */
			SSP_Read1BFifo(pSSP, xf_setup);
1a000d78:	4629      	mov	r1, r5
1a000d7a:	4620      	mov	r0, r4
1a000d7c:	f7ff ff8d 	bl	1a000c9a <SSP_Read1BFifo>
		while (xf_setup->rx_cnt < xf_setup->length || xf_setup->tx_cnt < xf_setup->length) {
1a000d80:	68ea      	ldr	r2, [r5, #12]
1a000d82:	692b      	ldr	r3, [r5, #16]
1a000d84:	429a      	cmp	r2, r3
1a000d86:	d302      	bcc.n	1a000d8e <Chip_SSP_RWFrames_Blocking+0x74>
1a000d88:	686a      	ldr	r2, [r5, #4]
1a000d8a:	4293      	cmp	r3, r2
1a000d8c:	d90b      	bls.n	1a000da6 <Chip_SSP_RWFrames_Blocking+0x8c>
	return (pSSP->SR & Stat) ? SET : RESET;
1a000d8e:	68e2      	ldr	r2, [r4, #12]
			if (( Chip_SSP_GetStatus(pSSP, SSP_STAT_TNF) == SET) && ( xf_setup->tx_cnt < xf_setup->length) ) {
1a000d90:	f012 0f02 	tst.w	r2, #2
1a000d94:	d0ec      	beq.n	1a000d70 <Chip_SSP_RWFrames_Blocking+0x56>
1a000d96:	686a      	ldr	r2, [r5, #4]
1a000d98:	429a      	cmp	r2, r3
1a000d9a:	d2e9      	bcs.n	1a000d70 <Chip_SSP_RWFrames_Blocking+0x56>
				SSP_Write1BFifo(pSSP, xf_setup);
1a000d9c:	4629      	mov	r1, r5
1a000d9e:	4620      	mov	r0, r4
1a000da0:	f7ff ff4e 	bl	1a000c40 <SSP_Write1BFifo>
1a000da4:	e7e4      	b.n	1a000d70 <Chip_SSP_RWFrames_Blocking+0x56>
		}
	}
	if (xf_setup->tx_data) {
1a000da6:	682b      	ldr	r3, [r5, #0]
1a000da8:	b10b      	cbz	r3, 1a000dae <Chip_SSP_RWFrames_Blocking+0x94>
		return xf_setup->tx_cnt;
1a000daa:	6868      	ldr	r0, [r5, #4]
1a000dac:	e004      	b.n	1a000db8 <Chip_SSP_RWFrames_Blocking+0x9e>
	}
	else if (xf_setup->rx_data) {
1a000dae:	68ab      	ldr	r3, [r5, #8]
1a000db0:	b12b      	cbz	r3, 1a000dbe <Chip_SSP_RWFrames_Blocking+0xa4>
		return xf_setup->rx_cnt;
1a000db2:	68e8      	ldr	r0, [r5, #12]
1a000db4:	e000      	b.n	1a000db8 <Chip_SSP_RWFrames_Blocking+0x9e>
				return ERROR;
1a000db6:	2000      	movs	r0, #0
	}

	return 0;
}
1a000db8:	bd38      	pop	{r3, r4, r5, pc}
				return ERROR;
1a000dba:	2000      	movs	r0, #0
1a000dbc:	e7fc      	b.n	1a000db8 <Chip_SSP_RWFrames_Blocking+0x9e>
	return 0;
1a000dbe:	2000      	movs	r0, #0
1a000dc0:	e7fa      	b.n	1a000db8 <Chip_SSP_RWFrames_Blocking+0x9e>

1a000dc2 <Chip_SSP_SetBitRate>:
	}
}

/* Set the clock frequency for SSP interface */
void Chip_SSP_SetBitRate(LPC_SSP_T *pSSP, uint32_t bitRate)
{
1a000dc2:	b570      	push	{r4, r5, r6, lr}
1a000dc4:	4606      	mov	r6, r0
1a000dc6:	460d      	mov	r5, r1
	uint32_t ssp_clk, cr0_div, cmp_clk, prescale;

	ssp_clk = Chip_Clock_GetRate(Chip_SSP_GetPeriphClockIndex(pSSP));
1a000dc8:	f7ff ff92 	bl	1a000cf0 <Chip_SSP_GetPeriphClockIndex>
1a000dcc:	f000 fcca 	bl	1a001764 <Chip_Clock_GetRate>

	cr0_div = 0;
	cmp_clk = 0xFFFFFFFF;
	prescale = 2;
1a000dd0:	2202      	movs	r2, #2
	cmp_clk = 0xFFFFFFFF;
1a000dd2:	f04f 33ff 	mov.w	r3, #4294967295
	cr0_div = 0;
1a000dd6:	2100      	movs	r1, #0

	while (cmp_clk > bitRate) {
1a000dd8:	e000      	b.n	1a000ddc <Chip_SSP_SetBitRate+0x1a>
		cmp_clk = ssp_clk / ((cr0_div + 1) * prescale);
		if (cmp_clk > bitRate) {
			cr0_div++;
1a000dda:	4621      	mov	r1, r4
	while (cmp_clk > bitRate) {
1a000ddc:	42ab      	cmp	r3, r5
1a000dde:	d90b      	bls.n	1a000df8 <Chip_SSP_SetBitRate+0x36>
		cmp_clk = ssp_clk / ((cr0_div + 1) * prescale);
1a000de0:	1c4c      	adds	r4, r1, #1
1a000de2:	fb02 f304 	mul.w	r3, r2, r4
1a000de6:	fbb0 f3f3 	udiv	r3, r0, r3
		if (cmp_clk > bitRate) {
1a000dea:	429d      	cmp	r5, r3
1a000dec:	d2f6      	bcs.n	1a000ddc <Chip_SSP_SetBitRate+0x1a>
			if (cr0_div > 0xFF) {
1a000dee:	2cff      	cmp	r4, #255	; 0xff
1a000df0:	d9f3      	bls.n	1a000dda <Chip_SSP_SetBitRate+0x18>
				cr0_div = 0;
				prescale += 2;
1a000df2:	3202      	adds	r2, #2
				cr0_div = 0;
1a000df4:	2100      	movs	r1, #0
1a000df6:	e7f1      	b.n	1a000ddc <Chip_SSP_SetBitRate+0x1a>
			}
		}
	}

	Chip_SSP_SetClockRate(pSSP, cr0_div, prescale);
1a000df8:	4630      	mov	r0, r6
1a000dfa:	f7ff ff85 	bl	1a000d08 <Chip_SSP_SetClockRate>
}
1a000dfe:	bd70      	pop	{r4, r5, r6, pc}

1a000e00 <Chip_SSP_Init>:

/* Initialize the SSP */
void Chip_SSP_Init(LPC_SSP_T *pSSP)
{
1a000e00:	b510      	push	{r4, lr}
1a000e02:	4604      	mov	r4, r0
	Chip_Clock_Enable(Chip_SSP_GetClockIndex(pSSP));
1a000e04:	f7ff ff6a 	bl	1a000cdc <Chip_SSP_GetClockIndex>
1a000e08:	f000 fc78 	bl	1a0016fc <Chip_Clock_Enable>
	Chip_Clock_Enable(Chip_SSP_GetPeriphClockIndex(pSSP));
1a000e0c:	4620      	mov	r0, r4
1a000e0e:	f7ff ff6f 	bl	1a000cf0 <Chip_SSP_GetPeriphClockIndex>
1a000e12:	f000 fc73 	bl	1a0016fc <Chip_Clock_Enable>
	pSSP->CR1 = (pSSP->CR1 & ~(1 << 2)) | mode;
1a000e16:	6863      	ldr	r3, [r4, #4]
1a000e18:	f023 0304 	bic.w	r3, r3, #4
1a000e1c:	6063      	str	r3, [r4, #4]
	pSSP->CR0 = (pSSP->CR0 & ~0xFF) | bits | frameFormat | clockMode;
1a000e1e:	6823      	ldr	r3, [r4, #0]
1a000e20:	f023 03ff 	bic.w	r3, r3, #255	; 0xff
1a000e24:	f043 0307 	orr.w	r3, r3, #7
1a000e28:	6023      	str	r3, [r4, #0]

	Chip_SSP_Set_Mode(pSSP, SSP_MODE_MASTER);
	Chip_SSP_SetFormat(pSSP, SSP_BITS_8, SSP_FRAMEFORMAT_SPI, SSP_CLOCK_CPHA0_CPOL0);
	Chip_SSP_SetBitRate(pSSP, 100000);
1a000e2a:	4902      	ldr	r1, [pc, #8]	; (1a000e34 <Chip_SSP_Init+0x34>)
1a000e2c:	4620      	mov	r0, r4
1a000e2e:	f7ff ffc8 	bl	1a000dc2 <Chip_SSP_SetBitRate>
}
1a000e32:	bd10      	pop	{r4, pc}
1a000e34:	000186a0 	.word	0x000186a0

1a000e38 <Chip_I2C_EventHandler>:
{
	struct i2c_interface *iic = &i2c[id];
	volatile I2C_STATUS_T *stat;

	/* Only WAIT event needs to be handled */
	if (event != I2C_EVENT_WAIT) {
1a000e38:	2901      	cmp	r1, #1
1a000e3a:	d109      	bne.n	1a000e50 <Chip_I2C_EventHandler+0x18>
		return;
	}

	stat = &iic->mXfer->status;
1a000e3c:	ebc0 00c0 	rsb	r0, r0, r0, lsl #3
1a000e40:	0082      	lsls	r2, r0, #2
1a000e42:	4b04      	ldr	r3, [pc, #16]	; (1a000e54 <Chip_I2C_EventHandler+0x1c>)
1a000e44:	4413      	add	r3, r2
1a000e46:	691a      	ldr	r2, [r3, #16]
	/* Wait for the status to change */
	while (*stat == I2C_STATUS_BUSY) {}
1a000e48:	7d13      	ldrb	r3, [r2, #20]
1a000e4a:	b2db      	uxtb	r3, r3
1a000e4c:	2b04      	cmp	r3, #4
1a000e4e:	d0fb      	beq.n	1a000e48 <Chip_I2C_EventHandler+0x10>
}
1a000e50:	4770      	bx	lr
1a000e52:	bf00      	nop
1a000e54:	10000000 	.word	0x10000000

1a000e58 <Chip_I2C_Init>:
	}
}

/* Initializes the LPC_I2C peripheral with specified parameter */
void Chip_I2C_Init(I2C_ID_T id)
{
1a000e58:	b570      	push	{r4, r5, r6, lr}
1a000e5a:	4605      	mov	r5, r0
	Chip_Clock_Enable(i2c[id].clk);
1a000e5c:	4e06      	ldr	r6, [pc, #24]	; (1a000e78 <Chip_I2C_Init+0x20>)
1a000e5e:	00c4      	lsls	r4, r0, #3
1a000e60:	1a22      	subs	r2, r4, r0
1a000e62:	0093      	lsls	r3, r2, #2
1a000e64:	4433      	add	r3, r6
1a000e66:	8898      	ldrh	r0, [r3, #4]
1a000e68:	f000 fc48 	bl	1a0016fc <Chip_Clock_Enable>
	enableClk(id);

	/* Set I2C operation to default */
	LPC_I2Cx(id)->CONCLR = (I2C_CON_AA | I2C_CON_SI | I2C_CON_STA | I2C_CON_I2EN);
1a000e6c:	1b64      	subs	r4, r4, r5
1a000e6e:	00a3      	lsls	r3, r4, #2
1a000e70:	58f3      	ldr	r3, [r6, r3]
1a000e72:	226c      	movs	r2, #108	; 0x6c
1a000e74:	619a      	str	r2, [r3, #24]
}
1a000e76:	bd70      	pop	{r4, r5, r6, pc}
1a000e78:	10000000 	.word	0x10000000

1a000e7c <Chip_I2C_SetClockRate>:
	disableClk(id);
}

/* Set up clock rate for LPC_I2C peripheral */
void Chip_I2C_SetClockRate(I2C_ID_T id, uint32_t clockrate)
{
1a000e7c:	e92d 41f0 	stmdb	sp!, {r4, r5, r6, r7, r8, lr}
1a000e80:	460c      	mov	r4, r1
	return Chip_Clock_GetRate(i2c[id].clk);
1a000e82:	4e0b      	ldr	r6, [pc, #44]	; (1a000eb0 <Chip_I2C_SetClockRate+0x34>)
1a000e84:	00c5      	lsls	r5, r0, #3
1a000e86:	1a2b      	subs	r3, r5, r0
1a000e88:	ea4f 0883 	mov.w	r8, r3, lsl #2
1a000e8c:	eb06 0308 	add.w	r3, r6, r8
1a000e90:	8898      	ldrh	r0, [r3, #4]
1a000e92:	f000 fc67 	bl	1a001764 <Chip_Clock_GetRate>
	uint32_t SCLValue;

	SCLValue = (getClkRate(id) / clockrate);
1a000e96:	fbb0 f0f4 	udiv	r0, r0, r4
	LPC_I2Cx(id)->SCLH = (uint32_t) (SCLValue >> 1);
1a000e9a:	f856 3008 	ldr.w	r3, [r6, r8]
1a000e9e:	0842      	lsrs	r2, r0, #1
1a000ea0:	611a      	str	r2, [r3, #16]
	LPC_I2Cx(id)->SCLL = (uint32_t) (SCLValue - LPC_I2Cx(id)->SCLH);
1a000ea2:	f856 3008 	ldr.w	r3, [r6, r8]
1a000ea6:	691a      	ldr	r2, [r3, #16]
1a000ea8:	1a80      	subs	r0, r0, r2
1a000eaa:	6158      	str	r0, [r3, #20]
}
1a000eac:	e8bd 81f0 	ldmia.w	sp!, {r4, r5, r6, r7, r8, pc}
1a000eb0:	10000000 	.word	0x10000000

1a000eb4 <Chip_SetupCoreClock>:
/*****************************************************************************
 * Public functions
 ****************************************************************************/
/* Setup Chip Core clock */
void Chip_SetupCoreClock(CHIP_CGU_CLKIN_T clkin, uint32_t core_freq, bool setbase)
{
1a000eb4:	b570      	push	{r4, r5, r6, lr}
1a000eb6:	b08a      	sub	sp, #40	; 0x28
1a000eb8:	4605      	mov	r5, r0
1a000eba:	460e      	mov	r6, r1
1a000ebc:	4614      	mov	r4, r2
	int i;
	volatile uint32_t delay = 50000; // FIXME: original was 500, fix for horrible crystals. @Eric
1a000ebe:	f24c 3350 	movw	r3, #50000	; 0xc350
1a000ec2:	9309      	str	r3, [sp, #36]	; 0x24
	uint32_t direct = 0, pdivide = 0;
	PLL_PARAM_T ppll;

	if (clkin == CLKIN_CRYSTAL) {
1a000ec4:	2806      	cmp	r0, #6
1a000ec6:	d018      	beq.n	1a000efa <Chip_SetupCoreClock+0x46>
		/* Switch main system clocking to crystal */
		Chip_Clock_EnableCrystal();
	}
	Chip_Clock_SetBaseClock(CLK_BASE_MX, clkin, true, false);
1a000ec8:	2300      	movs	r3, #0
1a000eca:	2201      	movs	r2, #1
1a000ecc:	4629      	mov	r1, r5
1a000ece:	2004      	movs	r0, #4
1a000ed0:	f000 fbb0 	bl	1a001634 <Chip_Clock_SetBaseClock>
 * Saves power if the main PLL is not needed.
 */
__STATIC_INLINE void Chip_Clock_DisableMainPLL(void)
{
	/* power down main PLL */
	LPC_CGU->PLL1_CTRL |= 1;
1a000ed4:	4a4a      	ldr	r2, [pc, #296]	; (1a001000 <Chip_SetupCoreClock+0x14c>)
1a000ed6:	6c53      	ldr	r3, [r2, #68]	; 0x44
1a000ed8:	f043 0301 	orr.w	r3, r3, #1
1a000edc:	6453      	str	r3, [r2, #68]	; 0x44
	Chip_Clock_DisableMainPLL(); /* Disable PLL */

	/* Calculate the PLL Parameters */
	ppll.srcin = clkin;
1a000ede:	f88d 5008 	strb.w	r5, [sp, #8]
	Chip_Clock_CalcMainPLLValue(core_freq, &ppll);
1a000ee2:	a901      	add	r1, sp, #4
1a000ee4:	4630      	mov	r0, r6
1a000ee6:	f000 fb1d 	bl	1a001524 <Chip_Clock_CalcMainPLLValue>

	if (core_freq > 110000000UL) {
1a000eea:	4b46      	ldr	r3, [pc, #280]	; (1a001004 <Chip_SetupCoreClock+0x150>)
1a000eec:	429e      	cmp	r6, r3
1a000eee:	d916      	bls.n	1a000f1e <Chip_SetupCoreClock+0x6a>
		if (ppll.ctrl & (1 << 6)) {
1a000ef0:	9b01      	ldr	r3, [sp, #4]
1a000ef2:	f013 0f40 	tst.w	r3, #64	; 0x40
1a000ef6:	d003      	beq.n	1a000f00 <Chip_SetupCoreClock+0x4c>
			while(1);		// to run in integer mode above 110 MHz, you need to use IDIV clock to boot strap CPU to that freq
1a000ef8:	e7fe      	b.n	1a000ef8 <Chip_SetupCoreClock+0x44>
		Chip_Clock_EnableCrystal();
1a000efa:	f000 fa75 	bl	1a0013e8 <Chip_Clock_EnableCrystal>
1a000efe:	e7e3      	b.n	1a000ec8 <Chip_SetupCoreClock+0x14>
		} else if (ppll.ctrl & (1 << 7)){
1a000f00:	f013 0f80 	tst.w	r3, #128	; 0x80
1a000f04:	d005      	beq.n	1a000f12 <Chip_SetupCoreClock+0x5e>
			direct = 1;
			ppll.ctrl &= ~(1 << 7);
1a000f06:	f023 0380 	bic.w	r3, r3, #128	; 0x80
1a000f0a:	9301      	str	r3, [sp, #4]
	uint32_t direct = 0, pdivide = 0;
1a000f0c:	2500      	movs	r5, #0
			direct = 1;
1a000f0e:	2601      	movs	r6, #1
1a000f10:	e007      	b.n	1a000f22 <Chip_SetupCoreClock+0x6e>
		} else {
			pdivide = 1;
			ppll.psel++;
1a000f12:	9b04      	ldr	r3, [sp, #16]
1a000f14:	3301      	adds	r3, #1
1a000f16:	9304      	str	r3, [sp, #16]
			pdivide = 1;
1a000f18:	2501      	movs	r5, #1
	uint32_t direct = 0, pdivide = 0;
1a000f1a:	2600      	movs	r6, #0
1a000f1c:	e001      	b.n	1a000f22 <Chip_SetupCoreClock+0x6e>
1a000f1e:	2500      	movs	r5, #0
1a000f20:	462e      	mov	r6, r5
 * Make sure the main PLL is enabled.
 */
__STATIC_INLINE void Chip_Clock_SetupMainPLL(const PLL_PARAM_T *ppll)
{
	/* power up main PLL */
    LPC_CGU->PLL1_CTRL = ppll->ctrl | ((uint32_t) ppll->srcin << 24) | (ppll->msel << 16) | (ppll->nsel << 12) | (ppll->psel << 8) | ( 1 << 11);	
1a000f22:	f89d 2008 	ldrb.w	r2, [sp, #8]
1a000f26:	9b01      	ldr	r3, [sp, #4]
1a000f28:	ea43 6302 	orr.w	r3, r3, r2, lsl #24
1a000f2c:	9a05      	ldr	r2, [sp, #20]
1a000f2e:	ea43 4302 	orr.w	r3, r3, r2, lsl #16
1a000f32:	9a03      	ldr	r2, [sp, #12]
1a000f34:	ea43 3302 	orr.w	r3, r3, r2, lsl #12
1a000f38:	9a04      	ldr	r2, [sp, #16]
1a000f3a:	ea43 2302 	orr.w	r3, r3, r2, lsl #8
1a000f3e:	f443 6300 	orr.w	r3, r3, #2048	; 0x800
1a000f42:	4a2f      	ldr	r2, [pc, #188]	; (1a001000 <Chip_SetupCoreClock+0x14c>)
1a000f44:	6453      	str	r3, [r2, #68]	; 0x44
 * @note	The main PLL should be locked prior to using it as a clock input for a base clock.
 */
__STATIC_INLINE int Chip_Clock_MainPLLLocked(void)
{
	/* Return true if locked */
	return (LPC_CGU->PLL1_STAT & 1) != 0;
1a000f46:	4b2e      	ldr	r3, [pc, #184]	; (1a001000 <Chip_SetupCoreClock+0x14c>)
1a000f48:	6c1b      	ldr	r3, [r3, #64]	; 0x40

	/* Setup and start the PLL */
	Chip_Clock_SetupMainPLL(&ppll);

	/* Wait for the PLL to lock */
	while(!Chip_Clock_MainPLLLocked()) {}
1a000f4a:	f013 0f01 	tst.w	r3, #1
1a000f4e:	d0fa      	beq.n	1a000f46 <Chip_SetupCoreClock+0x92>

	/* Set core clock base as PLL1 */
	Chip_Clock_SetBaseClock(CLK_BASE_MX, CLKIN_MAINPLL, true, false);
1a000f50:	2300      	movs	r3, #0
1a000f52:	2201      	movs	r2, #1
1a000f54:	2109      	movs	r1, #9
1a000f56:	2004      	movs	r0, #4
1a000f58:	f000 fb6c 	bl	1a001634 <Chip_Clock_SetBaseClock>

	if (direct) {
1a000f5c:	b306      	cbz	r6, 1a000fa0 <Chip_SetupCoreClock+0xec>
		delay = 50000; // FIXME: original was 1000, fix for horrible crystals. @Eric
1a000f5e:	f24c 3350 	movw	r3, #50000	; 0xc350
1a000f62:	9309      	str	r3, [sp, #36]	; 0x24
		while(delay --){} /* Wait for approx 50 uSec -- for power supply to stabilize*/
1a000f64:	9b09      	ldr	r3, [sp, #36]	; 0x24
1a000f66:	1e5a      	subs	r2, r3, #1
1a000f68:	9209      	str	r2, [sp, #36]	; 0x24
1a000f6a:	2b00      	cmp	r3, #0
1a000f6c:	d1fa      	bne.n	1a000f64 <Chip_SetupCoreClock+0xb0>
		ppll.ctrl |= 1 << 7;
1a000f6e:	9b01      	ldr	r3, [sp, #4]
1a000f70:	f043 0380 	orr.w	r3, r3, #128	; 0x80
1a000f74:	9301      	str	r3, [sp, #4]
    LPC_CGU->PLL1_CTRL = ppll->ctrl | ((uint32_t) ppll->srcin << 24) | (ppll->msel << 16) | (ppll->nsel << 12) | (ppll->psel << 8) | ( 1 << 11);	
1a000f76:	f89d 2008 	ldrb.w	r2, [sp, #8]
1a000f7a:	ea43 6302 	orr.w	r3, r3, r2, lsl #24
1a000f7e:	9a05      	ldr	r2, [sp, #20]
1a000f80:	ea43 4302 	orr.w	r3, r3, r2, lsl #16
1a000f84:	9a03      	ldr	r2, [sp, #12]
1a000f86:	ea43 3302 	orr.w	r3, r3, r2, lsl #12
1a000f8a:	9a04      	ldr	r2, [sp, #16]
1a000f8c:	ea43 2302 	orr.w	r3, r3, r2, lsl #8
1a000f90:	f443 6300 	orr.w	r3, r3, #2048	; 0x800
1a000f94:	4a1a      	ldr	r2, [pc, #104]	; (1a001000 <Chip_SetupCoreClock+0x14c>)
1a000f96:	6453      	str	r3, [r2, #68]	; 0x44
		while(delay --){} /* Wait for approx 50 uSec -- for power supply to stabilize */
		ppll.psel--;
		Chip_Clock_SetupMainPLL(&ppll); /* Set PDIV to operate at full frequency */
	}

	if (setbase) {
1a000f98:	2c00      	cmp	r4, #0
1a000f9a:	d12e      	bne.n	1a000ffa <Chip_SetupCoreClock+0x146>
		for (i = 0; i < (sizeof(InitClkStates) / sizeof(InitClkStates[0])); i++) {
			Chip_Clock_SetBaseClock(InitClkStates[i].clk, InitClkStates[i].clkin,
									InitClkStates[i].autoblock_enab, InitClkStates[i].powerdn);
		}
	}
}
1a000f9c:	b00a      	add	sp, #40	; 0x28
1a000f9e:	bd70      	pop	{r4, r5, r6, pc}
	} else if (pdivide) {
1a000fa0:	2d00      	cmp	r5, #0
1a000fa2:	d0f9      	beq.n	1a000f98 <Chip_SetupCoreClock+0xe4>
		delay = 50000; // FIXME: original was 1000, fix for horrible crystals. @Eric
1a000fa4:	f24c 3350 	movw	r3, #50000	; 0xc350
1a000fa8:	9309      	str	r3, [sp, #36]	; 0x24
		while(delay --){} /* Wait for approx 50 uSec -- for power supply to stabilize */
1a000faa:	9b09      	ldr	r3, [sp, #36]	; 0x24
1a000fac:	1e5a      	subs	r2, r3, #1
1a000fae:	9209      	str	r2, [sp, #36]	; 0x24
1a000fb0:	2b00      	cmp	r3, #0
1a000fb2:	d1fa      	bne.n	1a000faa <Chip_SetupCoreClock+0xf6>
		ppll.psel--;
1a000fb4:	9b04      	ldr	r3, [sp, #16]
1a000fb6:	1e5a      	subs	r2, r3, #1
1a000fb8:	9204      	str	r2, [sp, #16]
1a000fba:	f89d 1008 	ldrb.w	r1, [sp, #8]
1a000fbe:	9b01      	ldr	r3, [sp, #4]
1a000fc0:	ea43 6301 	orr.w	r3, r3, r1, lsl #24
1a000fc4:	9905      	ldr	r1, [sp, #20]
1a000fc6:	ea43 4301 	orr.w	r3, r3, r1, lsl #16
1a000fca:	9903      	ldr	r1, [sp, #12]
1a000fcc:	ea43 3301 	orr.w	r3, r3, r1, lsl #12
1a000fd0:	ea43 2302 	orr.w	r3, r3, r2, lsl #8
1a000fd4:	f443 6300 	orr.w	r3, r3, #2048	; 0x800
1a000fd8:	4a09      	ldr	r2, [pc, #36]	; (1a001000 <Chip_SetupCoreClock+0x14c>)
1a000fda:	6453      	str	r3, [r2, #68]	; 0x44
1a000fdc:	e7dc      	b.n	1a000f98 <Chip_SetupCoreClock+0xe4>
			Chip_Clock_SetBaseClock(InitClkStates[i].clk, InitClkStates[i].clkin,
1a000fde:	480a      	ldr	r0, [pc, #40]	; (1a001008 <Chip_SetupCoreClock+0x154>)
1a000fe0:	eb00 0184 	add.w	r1, r0, r4, lsl #2
1a000fe4:	78cb      	ldrb	r3, [r1, #3]
1a000fe6:	788a      	ldrb	r2, [r1, #2]
1a000fe8:	7849      	ldrb	r1, [r1, #1]
1a000fea:	f810 0024 	ldrb.w	r0, [r0, r4, lsl #2]
1a000fee:	f000 fb21 	bl	1a001634 <Chip_Clock_SetBaseClock>
		for (i = 0; i < (sizeof(InitClkStates) / sizeof(InitClkStates[0])); i++) {
1a000ff2:	3401      	adds	r4, #1
1a000ff4:	2c11      	cmp	r4, #17
1a000ff6:	d9f2      	bls.n	1a000fde <Chip_SetupCoreClock+0x12a>
1a000ff8:	e7d0      	b.n	1a000f9c <Chip_SetupCoreClock+0xe8>
1a000ffa:	2400      	movs	r4, #0
1a000ffc:	e7fa      	b.n	1a000ff4 <Chip_SetupCoreClock+0x140>
1a000ffe:	bf00      	nop
1a001000:	40050000 	.word	0x40050000
1a001004:	068e7780 	.word	0x068e7780
1a001008:	1a009cb0 	.word	0x1a009cb0

1a00100c <Chip_GPIO_Init>:
 ****************************************************************************/

/* Initialize GPIO block */
void Chip_GPIO_Init(LPC_GPIO_T *pGPIO)
{
}
1a00100c:	4770      	bx	lr
1a00100e:	Address 0x1a00100e is out of bounds.


1a001010 <Chip_ADC_GetClockIndex>:
/* Returns clock index for the peripheral block */
STATIC CHIP_CCU_CLK_T Chip_ADC_GetClockIndex(LPC_ADC_T *pADC)
{
	CHIP_CCU_CLK_T clkADC;

	if (pADC == LPC_ADC1) {
1a001010:	4b03      	ldr	r3, [pc, #12]	; (1a001020 <Chip_ADC_GetClockIndex+0x10>)
1a001012:	4298      	cmp	r0, r3
1a001014:	d001      	beq.n	1a00101a <Chip_ADC_GetClockIndex+0xa>
		clkADC = CLK_APB3_ADC1;
	}
	else {
		clkADC = CLK_APB3_ADC0;
1a001016:	2003      	movs	r0, #3
	}

	return clkADC;
}
1a001018:	4770      	bx	lr
		clkADC = CLK_APB3_ADC1;
1a00101a:	2004      	movs	r0, #4
1a00101c:	4770      	bx	lr
1a00101e:	bf00      	nop
1a001020:	400e4000 	.word	0x400e4000

1a001024 <getClkDiv>:

/* Get divider value */
STATIC uint8_t getClkDiv(LPC_ADC_T *pADC, bool burstMode, uint32_t adcRate, uint8_t clks)
{
1a001024:	b570      	push	{r4, r5, r6, lr}
1a001026:	460d      	mov	r5, r1
1a001028:	4614      	mov	r4, r2
1a00102a:	461e      	mov	r6, r3
	   A/D converter, which should be less than or equal to 4.5MHz.
	   A fully conversion requires (bits_accuracy+1) of these clocks.
	   ADC Clock = PCLK_ADC0 / (CLKDIV + 1);
	   ADC rate = ADC clock / (the number of clocks required for each conversion);
	 */
	adcBlockFreq = Chip_Clock_GetRate(Chip_ADC_GetClockIndex(pADC));
1a00102c:	f7ff fff0 	bl	1a001010 <Chip_ADC_GetClockIndex>
1a001030:	f000 fb98 	bl	1a001764 <Chip_Clock_GetRate>
	if (burstMode) {
1a001034:	b155      	cbz	r5, 1a00104c <getClkDiv+0x28>
		fullAdcRate = adcRate * clks;
1a001036:	fb04 f406 	mul.w	r4, r4, r6
	else {
		fullAdcRate = adcRate * getFullConvClk();
	}

	/* Get the round value by fomular: (2*A + B)/(2*B) */
	div = ((adcBlockFreq * 2 + fullAdcRate) / (fullAdcRate * 2)) - 1;
1a00103a:	eb04 0040 	add.w	r0, r4, r0, lsl #1
1a00103e:	0064      	lsls	r4, r4, #1
1a001040:	fbb0 f0f4 	udiv	r0, r0, r4
1a001044:	b2c0      	uxtb	r0, r0
1a001046:	3801      	subs	r0, #1
	return div;
}
1a001048:	b2c0      	uxtb	r0, r0
1a00104a:	bd70      	pop	{r4, r5, r6, pc}
		fullAdcRate = adcRate * getFullConvClk();
1a00104c:	eb04 0384 	add.w	r3, r4, r4, lsl #2
1a001050:	eb04 0443 	add.w	r4, r4, r3, lsl #1
1a001054:	e7f1      	b.n	1a00103a <getClkDiv+0x16>

1a001056 <setStartMode>:

/* Set start mode for ADC */
void setStartMode(LPC_ADC_T *pADC, uint8_t start_mode)
{
	uint32_t temp;
	temp = pADC->CR & (~ADC_CR_START_MASK);
1a001056:	6803      	ldr	r3, [r0, #0]
1a001058:	f023 63e0 	bic.w	r3, r3, #117440512	; 0x7000000
	pADC->CR = temp | (ADC_CR_START_MODE_SEL((uint32_t) start_mode));
1a00105c:	ea43 6101 	orr.w	r1, r3, r1, lsl #24
1a001060:	6001      	str	r1, [r0, #0]
}
1a001062:	4770      	bx	lr

1a001064 <readAdcVal>:

/* Get the ADC value */
Status readAdcVal(LPC_ADC_T *pADC, uint8_t channel, uint16_t *data)
{
	uint32_t temp;
	temp = pADC->DR[channel];
1a001064:	3104      	adds	r1, #4
1a001066:	f850 3021 	ldr.w	r3, [r0, r1, lsl #2]
	if (!ADC_DR_DONE(temp)) {
1a00106a:	2b00      	cmp	r3, #0
1a00106c:	da04      	bge.n	1a001078 <readAdcVal+0x14>
		return ERROR;
	}
	/*	if(ADC_DR_OVERRUN(temp) && (pADC->CR & ADC_CR_BURST)) */
	/*	return ERROR; */
	*data = (uint16_t) ADC_DR_RESULT(temp);
1a00106e:	f3c3 1389 	ubfx	r3, r3, #6, #10
1a001072:	8013      	strh	r3, [r2, #0]
	return SUCCESS;
1a001074:	2001      	movs	r0, #1
1a001076:	4770      	bx	lr
		return ERROR;
1a001078:	2000      	movs	r0, #0
}
1a00107a:	4770      	bx	lr

1a00107c <Chip_ADC_Init>:
 * Public functions
 ****************************************************************************/

/* Initialize the ADC peripheral and the ADC setup structure to default value */
void Chip_ADC_Init(LPC_ADC_T *pADC, ADC_CLOCK_SETUP_T *ADCSetup)
{
1a00107c:	b538      	push	{r3, r4, r5, lr}
1a00107e:	4605      	mov	r5, r0
1a001080:	460c      	mov	r4, r1
	uint8_t div;
	uint32_t cr = 0;
	uint32_t clk;

	Chip_Clock_EnableOpts(Chip_ADC_GetClockIndex(pADC), true, true, 1);
1a001082:	f7ff ffc5 	bl	1a001010 <Chip_ADC_GetClockIndex>
1a001086:	2301      	movs	r3, #1
1a001088:	461a      	mov	r2, r3
1a00108a:	4619      	mov	r1, r3
1a00108c:	f000 fb18 	bl	1a0016c0 <Chip_Clock_EnableOpts>

	pADC->INTEN = 0;		/* Disable all interrupts */
1a001090:	2100      	movs	r1, #0
1a001092:	60e9      	str	r1, [r5, #12]

	cr |= ADC_CR_PDN;
	ADCSetup->adcRate = ADC_MAX_SAMPLE_RATE;
1a001094:	4a08      	ldr	r2, [pc, #32]	; (1a0010b8 <Chip_ADC_Init+0x3c>)
1a001096:	6022      	str	r2, [r4, #0]
	ADCSetup->bitsAccuracy = ADC_10BITS;
1a001098:	7121      	strb	r1, [r4, #4]
	clk = 11;
	ADCSetup->burstMode = false;
1a00109a:	7161      	strb	r1, [r4, #5]
	div = getClkDiv(pADC, false, ADCSetup->adcRate, clk);
1a00109c:	230b      	movs	r3, #11
1a00109e:	4628      	mov	r0, r5
1a0010a0:	f7ff ffc0 	bl	1a001024 <getClkDiv>
	cr |= ADC_CR_CLKDIV(div);
1a0010a4:	0200      	lsls	r0, r0, #8
1a0010a6:	f440 1300 	orr.w	r3, r0, #2097152	; 0x200000
	cr |= ADC_CR_BITACC(ADCSetup->bitsAccuracy);
1a0010aa:	7920      	ldrb	r0, [r4, #4]
1a0010ac:	0440      	lsls	r0, r0, #17
1a0010ae:	f400 2060 	and.w	r0, r0, #917504	; 0xe0000
1a0010b2:	4318      	orrs	r0, r3
	pADC->CR = cr;
1a0010b4:	6028      	str	r0, [r5, #0]
}
1a0010b6:	bd38      	pop	{r3, r4, r5, pc}
1a0010b8:	00061a80 	.word	0x00061a80

1a0010bc <Chip_ADC_DeInit>:

/* Shutdown ADC */
void Chip_ADC_DeInit(LPC_ADC_T *pADC)
{
1a0010bc:	b508      	push	{r3, lr}
	pADC->INTEN = 0x00000100;
1a0010be:	f44f 7280 	mov.w	r2, #256	; 0x100
1a0010c2:	60c2      	str	r2, [r0, #12]
	pADC->CR = 0;
1a0010c4:	2200      	movs	r2, #0
1a0010c6:	6002      	str	r2, [r0, #0]
	Chip_Clock_Disable(Chip_ADC_GetClockIndex(pADC));
1a0010c8:	f7ff ffa2 	bl	1a001010 <Chip_ADC_GetClockIndex>
1a0010cc:	f000 fb30 	bl	1a001730 <Chip_Clock_Disable>
}
1a0010d0:	bd08      	pop	{r3, pc}

1a0010d2 <Chip_ADC_ReadValue>:

/* Get the ADC value */
Status Chip_ADC_ReadValue(LPC_ADC_T *pADC, uint8_t channel, uint16_t *data)
{
1a0010d2:	b508      	push	{r3, lr}
	return readAdcVal(pADC, channel, data);
1a0010d4:	f7ff ffc6 	bl	1a001064 <readAdcVal>
}
1a0010d8:	bd08      	pop	{r3, pc}

1a0010da <Chip_ADC_ReadStatus>:

/* Get ADC Channel status from ADC data register */
FlagStatus Chip_ADC_ReadStatus(LPC_ADC_T *pADC, uint8_t channel, uint32_t StatusType)
{
	switch (StatusType) {
1a0010da:	2a01      	cmp	r2, #1
1a0010dc:	d00a      	beq.n	1a0010f4 <Chip_ADC_ReadStatus+0x1a>
1a0010de:	b11a      	cbz	r2, 1a0010e8 <Chip_ADC_ReadStatus+0xe>
1a0010e0:	2a02      	cmp	r2, #2
1a0010e2:	d00f      	beq.n	1a001104 <Chip_ADC_ReadStatus+0x2a>
		return pADC->STAT >> 16 ? SET : RESET;

	default:
		break;
	}
	return RESET;
1a0010e4:	2000      	movs	r0, #0
1a0010e6:	4770      	bx	lr
		return (pADC->STAT & (1UL << channel)) ? SET : RESET;
1a0010e8:	6b00      	ldr	r0, [r0, #48]	; 0x30
1a0010ea:	40c8      	lsrs	r0, r1
1a0010ec:	f000 0001 	and.w	r0, r0, #1
1a0010f0:	b2c0      	uxtb	r0, r0
1a0010f2:	4770      	bx	lr
		channel += 8;
1a0010f4:	3108      	adds	r1, #8
1a0010f6:	b2c9      	uxtb	r1, r1
		return (pADC->STAT & (1UL << channel)) ? SET : RESET;
1a0010f8:	6b00      	ldr	r0, [r0, #48]	; 0x30
1a0010fa:	40c8      	lsrs	r0, r1
1a0010fc:	f000 0001 	and.w	r0, r0, #1
1a001100:	b2c0      	uxtb	r0, r0
1a001102:	4770      	bx	lr
		return pADC->STAT >> 16 ? SET : RESET;
1a001104:	6b03      	ldr	r3, [r0, #48]	; 0x30
1a001106:	0c1b      	lsrs	r3, r3, #16
1a001108:	bf14      	ite	ne
1a00110a:	2001      	movne	r0, #1
1a00110c:	2000      	moveq	r0, #0
}
1a00110e:	4770      	bx	lr

1a001110 <Chip_ADC_Int_SetChannelCmd>:

/* Enable/Disable interrupt for ADC channel */
void Chip_ADC_Int_SetChannelCmd(LPC_ADC_T *pADC, uint8_t channel, FunctionalState NewState)
{
	if (NewState == ENABLE) {
1a001110:	2a01      	cmp	r2, #1
1a001112:	d006      	beq.n	1a001122 <Chip_ADC_Int_SetChannelCmd+0x12>
		pADC->INTEN |= (1UL << channel);
	}
	else {
		pADC->INTEN &= (~(1UL << channel));
1a001114:	68c3      	ldr	r3, [r0, #12]
1a001116:	2201      	movs	r2, #1
1a001118:	408a      	lsls	r2, r1
1a00111a:	ea23 0302 	bic.w	r3, r3, r2
1a00111e:	60c3      	str	r3, [r0, #12]
1a001120:	4770      	bx	lr
{
1a001122:	b410      	push	{r4}
		pADC->INTEN |= (1UL << channel);
1a001124:	68c4      	ldr	r4, [r0, #12]
1a001126:	408a      	lsls	r2, r1
1a001128:	4314      	orrs	r4, r2
1a00112a:	60c4      	str	r4, [r0, #12]
	}
}
1a00112c:	f85d 4b04 	ldr.w	r4, [sp], #4
1a001130:	4770      	bx	lr

1a001132 <Chip_ADC_SetStartMode>:

/* Select the mode starting the AD conversion */
void Chip_ADC_SetStartMode(LPC_ADC_T *pADC, ADC_START_MODE_T mode, ADC_EDGE_CFG_T EdgeOption)
{
1a001132:	b508      	push	{r3, lr}
	if ((mode != ADC_START_NOW) && (mode != ADC_NO_START)) {
1a001134:	2901      	cmp	r1, #1
1a001136:	d904      	bls.n	1a001142 <Chip_ADC_SetStartMode+0x10>
		if (EdgeOption) {
1a001138:	b132      	cbz	r2, 1a001148 <Chip_ADC_SetStartMode+0x16>
			pADC->CR |= ADC_CR_EDGE;
1a00113a:	6803      	ldr	r3, [r0, #0]
1a00113c:	f043 6300 	orr.w	r3, r3, #134217728	; 0x8000000
1a001140:	6003      	str	r3, [r0, #0]
		}
		else {
			pADC->CR &= ~ADC_CR_EDGE;
		}
	}
	setStartMode(pADC, (uint8_t) mode);
1a001142:	f7ff ff88 	bl	1a001056 <setStartMode>
}
1a001146:	bd08      	pop	{r3, pc}
			pADC->CR &= ~ADC_CR_EDGE;
1a001148:	6803      	ldr	r3, [r0, #0]
1a00114a:	f023 6300 	bic.w	r3, r3, #134217728	; 0x8000000
1a00114e:	6003      	str	r3, [r0, #0]
1a001150:	e7f7      	b.n	1a001142 <Chip_ADC_SetStartMode+0x10>

1a001152 <Chip_ADC_SetSampleRate>:

/* Set the ADC Sample rate */
void Chip_ADC_SetSampleRate(LPC_ADC_T *pADC, ADC_CLOCK_SETUP_T *ADCSetup, uint32_t rate)
{
1a001152:	b570      	push	{r4, r5, r6, lr}
1a001154:	4605      	mov	r5, r0
1a001156:	460e      	mov	r6, r1
	uint8_t div;
	uint32_t cr;

	cr = pADC->CR & (~ADC_SAMPLE_RATE_CONFIG_MASK);
1a001158:	6804      	ldr	r4, [r0, #0]
1a00115a:	f424 246f 	bic.w	r4, r4, #978944	; 0xef000
1a00115e:	f424 6470 	bic.w	r4, r4, #3840	; 0xf00
	ADCSetup->adcRate = rate;
1a001162:	600a      	str	r2, [r1, #0]
	div = getClkDiv(pADC, ADCSetup->burstMode, rate, (11 - ADCSetup->bitsAccuracy));
1a001164:	790b      	ldrb	r3, [r1, #4]
1a001166:	f1c3 030b 	rsb	r3, r3, #11
1a00116a:	b2db      	uxtb	r3, r3
1a00116c:	7949      	ldrb	r1, [r1, #5]
1a00116e:	f7ff ff59 	bl	1a001024 <getClkDiv>
	cr |= ADC_CR_CLKDIV(div);
1a001172:	ea44 2000 	orr.w	r0, r4, r0, lsl #8
	cr |= ADC_CR_BITACC(ADCSetup->bitsAccuracy);
1a001176:	7933      	ldrb	r3, [r6, #4]
1a001178:	045b      	lsls	r3, r3, #17
1a00117a:	f403 2360 	and.w	r3, r3, #917504	; 0xe0000
1a00117e:	4303      	orrs	r3, r0
	pADC->CR = cr;
1a001180:	602b      	str	r3, [r5, #0]
}
1a001182:	bd70      	pop	{r4, r5, r6, pc}

1a001184 <Chip_ADC_SetResolution>:

/* Set the ADC accuracy bits */
void Chip_ADC_SetResolution(LPC_ADC_T *pADC, ADC_CLOCK_SETUP_T *ADCSetup, ADC_RESOLUTION_T resolution)
{
1a001184:	b508      	push	{r3, lr}
	ADCSetup->bitsAccuracy = resolution;
1a001186:	710a      	strb	r2, [r1, #4]
	Chip_ADC_SetSampleRate(pADC, ADCSetup, ADCSetup->adcRate);
1a001188:	680a      	ldr	r2, [r1, #0]
1a00118a:	f7ff ffe2 	bl	1a001152 <Chip_ADC_SetSampleRate>
}
1a00118e:	bd08      	pop	{r3, pc}

1a001190 <Chip_ADC_EnableChannel>:

/* Enable or disable the ADC channel on ADC peripheral */
void Chip_ADC_EnableChannel(LPC_ADC_T *pADC, ADC_CHANNEL_T channel, FunctionalState NewState)
{
	if (NewState == ENABLE) {
1a001190:	2a01      	cmp	r2, #1
1a001192:	d00a      	beq.n	1a0011aa <Chip_ADC_EnableChannel+0x1a>
		pADC->CR |= ADC_CR_CH_SEL(channel);
	}
	else {
		pADC->CR &= ~ADC_CR_START_MASK;
1a001194:	6802      	ldr	r2, [r0, #0]
1a001196:	f022 62e0 	bic.w	r2, r2, #117440512	; 0x7000000
1a00119a:	6002      	str	r2, [r0, #0]
		pADC->CR &= ~ADC_CR_CH_SEL(channel);
1a00119c:	6803      	ldr	r3, [r0, #0]
1a00119e:	2201      	movs	r2, #1
1a0011a0:	408a      	lsls	r2, r1
1a0011a2:	ea23 0302 	bic.w	r3, r3, r2
1a0011a6:	6003      	str	r3, [r0, #0]
1a0011a8:	4770      	bx	lr
{
1a0011aa:	b410      	push	{r4}
		pADC->CR |= ADC_CR_CH_SEL(channel);
1a0011ac:	6804      	ldr	r4, [r0, #0]
1a0011ae:	408a      	lsls	r2, r1
1a0011b0:	4314      	orrs	r4, r2
1a0011b2:	6004      	str	r4, [r0, #0]
	}
}
1a0011b4:	f85d 4b04 	ldr.w	r4, [sp], #4
1a0011b8:	4770      	bx	lr

1a0011ba <Chip_ADC_SetBurstCmd>:

/* Enable burst mode */
void Chip_ADC_SetBurstCmd(LPC_ADC_T *pADC, FunctionalState NewState)
{
1a0011ba:	b538      	push	{r3, r4, r5, lr}
1a0011bc:	4604      	mov	r4, r0
1a0011be:	460d      	mov	r5, r1
	setStartMode(pADC, ADC_NO_START);
1a0011c0:	2100      	movs	r1, #0
1a0011c2:	f7ff ff48 	bl	1a001056 <setStartMode>
	
    if (NewState == DISABLE) {
1a0011c6:	b925      	cbnz	r5, 1a0011d2 <Chip_ADC_SetBurstCmd+0x18>
		pADC->CR &= ~ADC_CR_BURST;
1a0011c8:	6823      	ldr	r3, [r4, #0]
1a0011ca:	f423 3380 	bic.w	r3, r3, #65536	; 0x10000
1a0011ce:	6023      	str	r3, [r4, #0]
	}
	else {
		pADC->CR |= ADC_CR_BURST;
	}
}
1a0011d0:	bd38      	pop	{r3, r4, r5, pc}
		pADC->CR |= ADC_CR_BURST;
1a0011d2:	6823      	ldr	r3, [r4, #0]
1a0011d4:	f443 3380 	orr.w	r3, r3, #65536	; 0x10000
1a0011d8:	6023      	str	r3, [r4, #0]
}
1a0011da:	e7f9      	b.n	1a0011d0 <Chip_ADC_SetBurstCmd+0x16>

1a0011dc <SystemCoreClockUpdate>:


/* Update system core clock rate, should be called if the system has
   a clock rate change */
void SystemCoreClockUpdate(void)
{
1a0011dc:	b508      	push	{r3, lr}
	/* CPU core speed */
	SystemCoreClock = Chip_Clock_GetRate(CLK_MX_MXCORE);
1a0011de:	2069      	movs	r0, #105	; 0x69
1a0011e0:	f000 fac0 	bl	1a001764 <Chip_Clock_GetRate>
1a0011e4:	4b01      	ldr	r3, [pc, #4]	; (1a0011ec <SystemCoreClockUpdate+0x10>)
1a0011e6:	6018      	str	r0, [r3, #0]
}
1a0011e8:	bd08      	pop	{r3, pc}
1a0011ea:	bf00      	nop
1a0011ec:	10000a54 	.word	0x10000a54

1a0011f0 <pll_calc_divs>:
		return -val;
	return val;
}

static void pll_calc_divs(uint32_t freq, PLL_PARAM_T *ppll)
{
1a0011f0:	b4f0      	push	{r4, r5, r6, r7}

	uint32_t prev = freq;
	int n, m, p;

	/* When direct mode is set FBSEL should be a don't care */
	if (ppll->ctrl & (1 << 7)) {
1a0011f2:	680b      	ldr	r3, [r1, #0]
1a0011f4:	f013 0f80 	tst.w	r3, #128	; 0x80
1a0011f8:	d002      	beq.n	1a001200 <pll_calc_divs+0x10>
		ppll->ctrl &= ~(1 << 6);
1a0011fa:	f023 0340 	bic.w	r3, r3, #64	; 0x40
1a0011fe:	600b      	str	r3, [r1, #0]
	}
	for (n = 1; n <= 4; n++) {
		for (p = 0; p < 4; p ++) {
1a001200:	4607      	mov	r7, r0
1a001202:	2501      	movs	r5, #1
1a001204:	e03a      	b.n	1a00127c <pll_calc_divs+0x8c>
			for (m = 1; m <= 256; m++) {
				uint32_t fcco, fout;
				if (ppll->ctrl & (1 << 6)) {
					fcco = ((m << (p + 1)) * ppll->fin) / n;
				} else {
					fcco = (m * ppll->fin) / n;
1a001206:	694b      	ldr	r3, [r1, #20]
1a001208:	fb03 f302 	mul.w	r3, r3, r2
1a00120c:	fbb3 f3f5 	udiv	r3, r3, r5
1a001210:	e01c      	b.n	1a00124c <pll_calc_divs+0x5c>
				}
				if (fcco < PLL_MIN_CCO_FREQ) continue;
				if (fcco > PLL_MAX_CCO_FREQ) break;
				if (ppll->ctrl & (1 << 7)) {
					fout = fcco;
1a001212:	461c      	mov	r4, r3
	if (val < 0)
1a001214:	ebb0 0c04 	subs.w	ip, r0, r4
1a001218:	d427      	bmi.n	1a00126a <pll_calc_divs+0x7a>
				} else {
					fout = fcco >> (p + 1);
				}

				if (ABS(freq - fout) < prev) {
1a00121a:	4567      	cmp	r7, ip
1a00121c:	d906      	bls.n	1a00122c <pll_calc_divs+0x3c>
					ppll->nsel = n;
1a00121e:	608d      	str	r5, [r1, #8]
					ppll->psel = p + 1;
1a001220:	1c77      	adds	r7, r6, #1
1a001222:	60cf      	str	r7, [r1, #12]
					ppll->msel = m;
1a001224:	610a      	str	r2, [r1, #16]
					ppll->fout = fout;
1a001226:	618c      	str	r4, [r1, #24]
					ppll->fcco = fcco;
1a001228:	61cb      	str	r3, [r1, #28]
					prev = ABS(freq - fout);
1a00122a:	4667      	mov	r7, ip
			for (m = 1; m <= 256; m++) {
1a00122c:	3201      	adds	r2, #1
1a00122e:	f5b2 7f80 	cmp.w	r2, #256	; 0x100
1a001232:	dc1d      	bgt.n	1a001270 <pll_calc_divs+0x80>
				if (ppll->ctrl & (1 << 6)) {
1a001234:	680c      	ldr	r4, [r1, #0]
1a001236:	f014 0f40 	tst.w	r4, #64	; 0x40
1a00123a:	d0e4      	beq.n	1a001206 <pll_calc_divs+0x16>
					fcco = ((m << (p + 1)) * ppll->fin) / n;
1a00123c:	1c73      	adds	r3, r6, #1
1a00123e:	fa02 fc03 	lsl.w	ip, r2, r3
1a001242:	694b      	ldr	r3, [r1, #20]
1a001244:	fb03 f30c 	mul.w	r3, r3, ip
1a001248:	fbb3 f3f5 	udiv	r3, r3, r5
				if (fcco < PLL_MIN_CCO_FREQ) continue;
1a00124c:	f8df c038 	ldr.w	ip, [pc, #56]	; 1a001288 <pll_calc_divs+0x98>
1a001250:	4563      	cmp	r3, ip
1a001252:	d9eb      	bls.n	1a00122c <pll_calc_divs+0x3c>
				if (fcco > PLL_MAX_CCO_FREQ) break;
1a001254:	f8df c034 	ldr.w	ip, [pc, #52]	; 1a00128c <pll_calc_divs+0x9c>
1a001258:	4563      	cmp	r3, ip
1a00125a:	d809      	bhi.n	1a001270 <pll_calc_divs+0x80>
				if (ppll->ctrl & (1 << 7)) {
1a00125c:	f014 0f80 	tst.w	r4, #128	; 0x80
1a001260:	d1d7      	bne.n	1a001212 <pll_calc_divs+0x22>
					fout = fcco >> (p + 1);
1a001262:	1c74      	adds	r4, r6, #1
1a001264:	fa23 f404 	lsr.w	r4, r3, r4
1a001268:	e7d4      	b.n	1a001214 <pll_calc_divs+0x24>
		return -val;
1a00126a:	f1cc 0c00 	rsb	ip, ip, #0
1a00126e:	e7d4      	b.n	1a00121a <pll_calc_divs+0x2a>
		for (p = 0; p < 4; p ++) {
1a001270:	3601      	adds	r6, #1
1a001272:	2e03      	cmp	r6, #3
1a001274:	dc01      	bgt.n	1a00127a <pll_calc_divs+0x8a>
			for (m = 1; m <= 256; m++) {
1a001276:	2201      	movs	r2, #1
1a001278:	e7d9      	b.n	1a00122e <pll_calc_divs+0x3e>
	for (n = 1; n <= 4; n++) {
1a00127a:	3501      	adds	r5, #1
1a00127c:	2d04      	cmp	r5, #4
1a00127e:	dc01      	bgt.n	1a001284 <pll_calc_divs+0x94>
		for (p = 0; p < 4; p ++) {
1a001280:	2600      	movs	r6, #0
1a001282:	e7f6      	b.n	1a001272 <pll_calc_divs+0x82>
				}
			}
		}
	}
}
1a001284:	bcf0      	pop	{r4, r5, r6, r7}
1a001286:	4770      	bx	lr
1a001288:	094c5eff 	.word	0x094c5eff
1a00128c:	1312d000 	.word	0x1312d000

1a001290 <pll_get_frac>:

static void pll_get_frac(uint32_t freq, PLL_PARAM_T *ppll)
{
1a001290:	b5f0      	push	{r4, r5, r6, r7, lr}
1a001292:	b099      	sub	sp, #100	; 0x64
1a001294:	4605      	mov	r5, r0
1a001296:	460c      	mov	r4, r1
	int diff[3];
	PLL_PARAM_T pll[3] = {{0},{0},{0}};
1a001298:	225c      	movs	r2, #92	; 0x5c
1a00129a:	2100      	movs	r1, #0
1a00129c:	a801      	add	r0, sp, #4
1a00129e:	f002 fb4b 	bl	1a003938 <memset>

	/* Try direct mode */
	pll[0].ctrl |= (1 << 7);
1a0012a2:	2380      	movs	r3, #128	; 0x80
1a0012a4:	9300      	str	r3, [sp, #0]
	pll[0].fin = ppll->fin;
1a0012a6:	6963      	ldr	r3, [r4, #20]
1a0012a8:	9305      	str	r3, [sp, #20]
	pll[0].srcin = ppll->srcin;
1a0012aa:	7923      	ldrb	r3, [r4, #4]
1a0012ac:	f88d 3004 	strb.w	r3, [sp, #4]
	pll_calc_divs(freq, &pll[0]);
1a0012b0:	4669      	mov	r1, sp
1a0012b2:	4628      	mov	r0, r5
1a0012b4:	f7ff ff9c 	bl	1a0011f0 <pll_calc_divs>
	if (pll[0].fout == freq) {
1a0012b8:	9b06      	ldr	r3, [sp, #24]
1a0012ba:	42ab      	cmp	r3, r5
1a0012bc:	d027      	beq.n	1a00130e <pll_get_frac+0x7e>
	if (val < 0)
1a0012be:	1aeb      	subs	r3, r5, r3
1a0012c0:	d42e      	bmi.n	1a001320 <pll_get_frac+0x90>
		*ppll = pll[0];
		return ;
	}
	diff[0] = ABS(freq - pll[0].fout);
1a0012c2:	461e      	mov	r6, r3

	/* Try non-Integer mode */
	pll[2].ctrl &= ~(1 << 6);			// need to set FBSEL to 0
1a0012c4:	9b10      	ldr	r3, [sp, #64]	; 0x40
1a0012c6:	f023 0340 	bic.w	r3, r3, #64	; 0x40
1a0012ca:	9310      	str	r3, [sp, #64]	; 0x40
	pll[2].fin = ppll->fin;
1a0012cc:	6963      	ldr	r3, [r4, #20]
1a0012ce:	9315      	str	r3, [sp, #84]	; 0x54
	pll[2].srcin = ppll->srcin;
1a0012d0:	7923      	ldrb	r3, [r4, #4]
1a0012d2:	f88d 3044 	strb.w	r3, [sp, #68]	; 0x44
	pll_calc_divs(freq, &pll[2]);
1a0012d6:	a910      	add	r1, sp, #64	; 0x40
1a0012d8:	4628      	mov	r0, r5
1a0012da:	f7ff ff89 	bl	1a0011f0 <pll_calc_divs>
	if (pll[2].fout == freq) {
1a0012de:	9b16      	ldr	r3, [sp, #88]	; 0x58
1a0012e0:	42ab      	cmp	r3, r5
1a0012e2:	d01f      	beq.n	1a001324 <pll_get_frac+0x94>
	if (val < 0)
1a0012e4:	1aeb      	subs	r3, r5, r3
1a0012e6:	d425      	bmi.n	1a001334 <pll_get_frac+0xa4>
		*ppll = pll[2];
		return ;
	}
	diff[2] = ABS(freq - pll[2].fout);
1a0012e8:	461f      	mov	r7, r3
	
	if (freq <= 110000000) {
1a0012ea:	4b2b      	ldr	r3, [pc, #172]	; (1a001398 <pll_get_frac+0x108>)
1a0012ec:	429d      	cmp	r5, r3
1a0012ee:	d923      	bls.n	1a001338 <pll_get_frac+0xa8>
		if (pll[1].fout == freq) {
			*ppll = pll[1];
			return ;
		}
	}
	diff[1] = ABS(freq - pll[1].fout);
1a0012f0:	9b0e      	ldr	r3, [sp, #56]	; 0x38
	if (val < 0)
1a0012f2:	1aed      	subs	r5, r5, r3
1a0012f4:	d433      	bmi.n	1a00135e <pll_get_frac+0xce>

	/* Find the min of 3 and return */
	if (diff[0] <= diff[1]) {
1a0012f6:	42ae      	cmp	r6, r5
1a0012f8:	dc3b      	bgt.n	1a001372 <pll_get_frac+0xe2>
		if (diff[0] <= diff[2]) {
1a0012fa:	42be      	cmp	r6, r7
1a0012fc:	dc31      	bgt.n	1a001362 <pll_get_frac+0xd2>
			*ppll = pll[0];
1a0012fe:	466d      	mov	r5, sp
1a001300:	cd0f      	ldmia	r5!, {r0, r1, r2, r3}
1a001302:	c40f      	stmia	r4!, {r0, r1, r2, r3}
1a001304:	e895 000f 	ldmia.w	r5, {r0, r1, r2, r3}
1a001308:	e884 000f 	stmia.w	r4, {r0, r1, r2, r3}
1a00130c:	e006      	b.n	1a00131c <pll_get_frac+0x8c>
		*ppll = pll[0];
1a00130e:	466d      	mov	r5, sp
1a001310:	cd0f      	ldmia	r5!, {r0, r1, r2, r3}
1a001312:	c40f      	stmia	r4!, {r0, r1, r2, r3}
1a001314:	e895 000f 	ldmia.w	r5, {r0, r1, r2, r3}
1a001318:	e884 000f 	stmia.w	r4, {r0, r1, r2, r3}
			*ppll = pll[1];
		} else {
			*ppll = pll[2];
		}
	}
}
1a00131c:	b019      	add	sp, #100	; 0x64
1a00131e:	bdf0      	pop	{r4, r5, r6, r7, pc}
		return -val;
1a001320:	425b      	negs	r3, r3
1a001322:	e7ce      	b.n	1a0012c2 <pll_get_frac+0x32>
		*ppll = pll[2];
1a001324:	ad10      	add	r5, sp, #64	; 0x40
1a001326:	cd0f      	ldmia	r5!, {r0, r1, r2, r3}
1a001328:	c40f      	stmia	r4!, {r0, r1, r2, r3}
1a00132a:	e895 000f 	ldmia.w	r5, {r0, r1, r2, r3}
1a00132e:	e884 000f 	stmia.w	r4, {r0, r1, r2, r3}
		return ;
1a001332:	e7f3      	b.n	1a00131c <pll_get_frac+0x8c>
		return -val;
1a001334:	425b      	negs	r3, r3
1a001336:	e7d7      	b.n	1a0012e8 <pll_get_frac+0x58>
		pll[1].ctrl = (1 << 6);
1a001338:	2340      	movs	r3, #64	; 0x40
1a00133a:	9308      	str	r3, [sp, #32]
		pll[1].fin = ppll->fin;
1a00133c:	6963      	ldr	r3, [r4, #20]
1a00133e:	930d      	str	r3, [sp, #52]	; 0x34
		pll_calc_divs(freq, &pll[1]);
1a001340:	a908      	add	r1, sp, #32
1a001342:	4628      	mov	r0, r5
1a001344:	f7ff ff54 	bl	1a0011f0 <pll_calc_divs>
		if (pll[1].fout == freq) {
1a001348:	9b0e      	ldr	r3, [sp, #56]	; 0x38
1a00134a:	42ab      	cmp	r3, r5
1a00134c:	d1d0      	bne.n	1a0012f0 <pll_get_frac+0x60>
			*ppll = pll[1];
1a00134e:	ad08      	add	r5, sp, #32
1a001350:	cd0f      	ldmia	r5!, {r0, r1, r2, r3}
1a001352:	c40f      	stmia	r4!, {r0, r1, r2, r3}
1a001354:	e895 000f 	ldmia.w	r5, {r0, r1, r2, r3}
1a001358:	e884 000f 	stmia.w	r4, {r0, r1, r2, r3}
			return ;
1a00135c:	e7de      	b.n	1a00131c <pll_get_frac+0x8c>
		return -val;
1a00135e:	426d      	negs	r5, r5
1a001360:	e7c9      	b.n	1a0012f6 <pll_get_frac+0x66>
			*ppll = pll[2];
1a001362:	ad10      	add	r5, sp, #64	; 0x40
1a001364:	cd0f      	ldmia	r5!, {r0, r1, r2, r3}
1a001366:	c40f      	stmia	r4!, {r0, r1, r2, r3}
1a001368:	e895 000f 	ldmia.w	r5, {r0, r1, r2, r3}
1a00136c:	e884 000f 	stmia.w	r4, {r0, r1, r2, r3}
1a001370:	e7d4      	b.n	1a00131c <pll_get_frac+0x8c>
		if (diff[1] <= diff[2]) {
1a001372:	42af      	cmp	r7, r5
1a001374:	db07      	blt.n	1a001386 <pll_get_frac+0xf6>
			*ppll = pll[1];
1a001376:	ad08      	add	r5, sp, #32
1a001378:	cd0f      	ldmia	r5!, {r0, r1, r2, r3}
1a00137a:	c40f      	stmia	r4!, {r0, r1, r2, r3}
1a00137c:	e895 000f 	ldmia.w	r5, {r0, r1, r2, r3}
1a001380:	e884 000f 	stmia.w	r4, {r0, r1, r2, r3}
1a001384:	e7ca      	b.n	1a00131c <pll_get_frac+0x8c>
			*ppll = pll[2];
1a001386:	ad10      	add	r5, sp, #64	; 0x40
1a001388:	cd0f      	ldmia	r5!, {r0, r1, r2, r3}
1a00138a:	c40f      	stmia	r4!, {r0, r1, r2, r3}
1a00138c:	e895 000f 	ldmia.w	r5, {r0, r1, r2, r3}
1a001390:	e884 000f 	stmia.w	r4, {r0, r1, r2, r3}
1a001394:	e7c2      	b.n	1a00131c <pll_get_frac+0x8c>
1a001396:	bf00      	nop
1a001398:	068e7780 	.word	0x068e7780

1a00139c <Chip_Clock_FindBaseClock>:
	return Chip_Clock_GetClockInputHz(input) / (div + 1);
}

/* Finds the base clock for the peripheral clock */
static CHIP_CGU_BASE_CLK_T Chip_Clock_FindBaseClock(CHIP_CCU_CLK_T clk)
{
1a00139c:	b430      	push	{r4, r5}
1a00139e:	4605      	mov	r5, r0
	CHIP_CGU_BASE_CLK_T baseclk = CLK_BASE_NONE;
	int i = 0;
1a0013a0:	2300      	movs	r3, #0
	CHIP_CGU_BASE_CLK_T baseclk = CLK_BASE_NONE;
1a0013a2:	201c      	movs	r0, #28

	while ((baseclk == CLK_BASE_NONE) && (periph_to_base[i].clkbase != baseclk)) {
1a0013a4:	e000      	b.n	1a0013a8 <Chip_Clock_FindBaseClock+0xc>
		if ((clk >= periph_to_base[i].clkstart) && (clk <= periph_to_base[i].clkend)) {
			baseclk = periph_to_base[i].clkbase;
		}
		else {
			i++;
1a0013a6:	3301      	adds	r3, #1
	while ((baseclk == CLK_BASE_NONE) && (periph_to_base[i].clkbase != baseclk)) {
1a0013a8:	281c      	cmp	r0, #28
1a0013aa:	d118      	bne.n	1a0013de <Chip_Clock_FindBaseClock+0x42>
1a0013ac:	eb03 0243 	add.w	r2, r3, r3, lsl #1
1a0013b0:	0051      	lsls	r1, r2, #1
1a0013b2:	4a0c      	ldr	r2, [pc, #48]	; (1a0013e4 <Chip_Clock_FindBaseClock+0x48>)
1a0013b4:	440a      	add	r2, r1
1a0013b6:	7914      	ldrb	r4, [r2, #4]
1a0013b8:	4284      	cmp	r4, r0
1a0013ba:	d010      	beq.n	1a0013de <Chip_Clock_FindBaseClock+0x42>
		if ((clk >= periph_to_base[i].clkstart) && (clk <= periph_to_base[i].clkend)) {
1a0013bc:	eb03 0143 	add.w	r1, r3, r3, lsl #1
1a0013c0:	004a      	lsls	r2, r1, #1
1a0013c2:	4908      	ldr	r1, [pc, #32]	; (1a0013e4 <Chip_Clock_FindBaseClock+0x48>)
1a0013c4:	5a8a      	ldrh	r2, [r1, r2]
1a0013c6:	42aa      	cmp	r2, r5
1a0013c8:	d8ed      	bhi.n	1a0013a6 <Chip_Clock_FindBaseClock+0xa>
1a0013ca:	eb03 0243 	add.w	r2, r3, r3, lsl #1
1a0013ce:	0051      	lsls	r1, r2, #1
1a0013d0:	4a04      	ldr	r2, [pc, #16]	; (1a0013e4 <Chip_Clock_FindBaseClock+0x48>)
1a0013d2:	440a      	add	r2, r1
1a0013d4:	8852      	ldrh	r2, [r2, #2]
1a0013d6:	42aa      	cmp	r2, r5
1a0013d8:	d3e5      	bcc.n	1a0013a6 <Chip_Clock_FindBaseClock+0xa>
			baseclk = periph_to_base[i].clkbase;
1a0013da:	4620      	mov	r0, r4
1a0013dc:	e7e4      	b.n	1a0013a8 <Chip_Clock_FindBaseClock+0xc>
		}
	}

	return baseclk;
}
1a0013de:	bc30      	pop	{r4, r5}
1a0013e0:	4770      	bx	lr
1a0013e2:	bf00      	nop
1a0013e4:	1a009d04 	.word	0x1a009d04

1a0013e8 <Chip_Clock_EnableCrystal>:
 * Public functions
 ****************************************************************************/

/* Enables the crystal oscillator */
void Chip_Clock_EnableCrystal(void)
{
1a0013e8:	b082      	sub	sp, #8
	volatile uint32_t delay = 1000;
1a0013ea:	f44f 737a 	mov.w	r3, #1000	; 0x3e8
1a0013ee:	9301      	str	r3, [sp, #4]

	uint32_t OldCrystalConfig = LPC_CGU->XTAL_OSC_CTRL;
1a0013f0:	4a0d      	ldr	r2, [pc, #52]	; (1a001428 <Chip_Clock_EnableCrystal+0x40>)
1a0013f2:	6993      	ldr	r3, [r2, #24]

	/* Clear bypass mode */
	OldCrystalConfig &= (~2);
1a0013f4:	f023 0102 	bic.w	r1, r3, #2
	if (OldCrystalConfig != LPC_CGU->XTAL_OSC_CTRL) {
1a0013f8:	6992      	ldr	r2, [r2, #24]
1a0013fa:	428a      	cmp	r2, r1
1a0013fc:	d001      	beq.n	1a001402 <Chip_Clock_EnableCrystal+0x1a>
		LPC_CGU->XTAL_OSC_CTRL = OldCrystalConfig;
1a0013fe:	4a0a      	ldr	r2, [pc, #40]	; (1a001428 <Chip_Clock_EnableCrystal+0x40>)
1a001400:	6191      	str	r1, [r2, #24]
	}

	/* Enable crystal oscillator */
	OldCrystalConfig &= (~1);
1a001402:	f023 0303 	bic.w	r3, r3, #3
	if (OscRateIn >= 20000000) {
1a001406:	4a09      	ldr	r2, [pc, #36]	; (1a00142c <Chip_Clock_EnableCrystal+0x44>)
1a001408:	6811      	ldr	r1, [r2, #0]
1a00140a:	4a09      	ldr	r2, [pc, #36]	; (1a001430 <Chip_Clock_EnableCrystal+0x48>)
1a00140c:	4291      	cmp	r1, r2
1a00140e:	d901      	bls.n	1a001414 <Chip_Clock_EnableCrystal+0x2c>
		OldCrystalConfig |= 4;	/* Set high frequency mode */
1a001410:	f043 0304 	orr.w	r3, r3, #4

	}
	LPC_CGU->XTAL_OSC_CTRL = OldCrystalConfig;
1a001414:	4a04      	ldr	r2, [pc, #16]	; (1a001428 <Chip_Clock_EnableCrystal+0x40>)
1a001416:	6193      	str	r3, [r2, #24]

	/* Delay for 250uSec */
	while(delay--) {}
1a001418:	9b01      	ldr	r3, [sp, #4]
1a00141a:	1e5a      	subs	r2, r3, #1
1a00141c:	9201      	str	r2, [sp, #4]
1a00141e:	2b00      	cmp	r3, #0
1a001420:	d1fa      	bne.n	1a001418 <Chip_Clock_EnableCrystal+0x30>
}
1a001422:	b002      	add	sp, #8
1a001424:	4770      	bx	lr
1a001426:	bf00      	nop
1a001428:	40050000 	.word	0x40050000
1a00142c:	1a009cac 	.word	0x1a009cac
1a001430:	01312cff 	.word	0x01312cff

1a001434 <Chip_Clock_GetDividerSource>:
}

/* Gets a CGU clock divider source */
CHIP_CGU_CLKIN_T Chip_Clock_GetDividerSource(CHIP_CGU_IDIV_T Divider)
{
	uint32_t reg = LPC_CGU->IDIV_CTRL[Divider];
1a001434:	3012      	adds	r0, #18
1a001436:	4b05      	ldr	r3, [pc, #20]	; (1a00144c <Chip_Clock_GetDividerSource+0x18>)
1a001438:	f853 0020 	ldr.w	r0, [r3, r0, lsl #2]

	if (reg & 1) {	/* divider is powered down */
1a00143c:	f010 0f01 	tst.w	r0, #1
1a001440:	d102      	bne.n	1a001448 <Chip_Clock_GetDividerSource+0x14>
		return CLKINPUT_PD;
	}

	return (CHIP_CGU_CLKIN_T) ((reg >> 24) & 0x1F);
1a001442:	f3c0 6004 	ubfx	r0, r0, #24, #5
1a001446:	4770      	bx	lr
		return CLKINPUT_PD;
1a001448:	2011      	movs	r0, #17
}
1a00144a:	4770      	bx	lr
1a00144c:	40050000 	.word	0x40050000

1a001450 <Chip_Clock_GetDividerDivisor>:

/* Gets a CGU clock divider divisor */
uint32_t Chip_Clock_GetDividerDivisor(CHIP_CGU_IDIV_T Divider)
{
	return (CHIP_CGU_CLKIN_T) ((LPC_CGU->IDIV_CTRL[Divider] >> 2) & CHIP_CGU_IDIV_MASK(Divider));
1a001450:	f100 0212 	add.w	r2, r0, #18
1a001454:	4b03      	ldr	r3, [pc, #12]	; (1a001464 <Chip_Clock_GetDividerDivisor+0x14>)
1a001456:	f853 2022 	ldr.w	r2, [r3, r2, lsl #2]
1a00145a:	4b03      	ldr	r3, [pc, #12]	; (1a001468 <Chip_Clock_GetDividerDivisor+0x18>)
1a00145c:	5c18      	ldrb	r0, [r3, r0]
}
1a00145e:	ea00 0092 	and.w	r0, r0, r2, lsr #2
1a001462:	4770      	bx	lr
1a001464:	40050000 	.word	0x40050000
1a001468:	1a009cfc 	.word	0x1a009cfc

1a00146c <Chip_Clock_GetClockInputHz>:

/* Returns the frequency of the specified input clock source */
uint32_t Chip_Clock_GetClockInputHz(CHIP_CGU_CLKIN_T input)
{
1a00146c:	b508      	push	{r3, lr}
	uint32_t rate = 0;

	switch (input) {
1a00146e:	2810      	cmp	r0, #16
1a001470:	d80a      	bhi.n	1a001488 <Chip_Clock_GetClockInputHz+0x1c>
1a001472:	e8df f000 	tbb	[pc, r0]
1a001476:	0b44      	.short	0x0b44
1a001478:	0921180d 	.word	0x0921180d
1a00147c:	2d2a2724 	.word	0x2d2a2724
1a001480:	34300909 	.word	0x34300909
1a001484:	3c38      	.short	0x3c38
1a001486:	40          	.byte	0x40
1a001487:	00          	.byte	0x00
	uint32_t rate = 0;
1a001488:	2000      	movs	r0, #0
1a00148a:	e03a      	b.n	1a001502 <Chip_Clock_GetClockInputHz+0x96>
	case CLKIN_32K:
		rate = CRYSTAL_32K_FREQ_IN;
		break;

	case CLKIN_IRC:
		rate = CGU_IRC_FREQ;
1a00148c:	481e      	ldr	r0, [pc, #120]	; (1a001508 <Chip_Clock_GetClockInputHz+0x9c>)
		break;
1a00148e:	e038      	b.n	1a001502 <Chip_Clock_GetClockInputHz+0x96>

	case CLKIN_ENET_RX:
		if ((LPC_CREG->CREG6 & 0x07) != 0x4) {
1a001490:	4b1e      	ldr	r3, [pc, #120]	; (1a00150c <Chip_Clock_GetClockInputHz+0xa0>)
1a001492:	f8d3 312c 	ldr.w	r3, [r3, #300]	; 0x12c
1a001496:	f003 0307 	and.w	r3, r3, #7
1a00149a:	2b04      	cmp	r3, #4
1a00149c:	d001      	beq.n	1a0014a2 <Chip_Clock_GetClockInputHz+0x36>
			/* MII mode requires 25MHz clock */
			rate = 25000000;
1a00149e:	481c      	ldr	r0, [pc, #112]	; (1a001510 <Chip_Clock_GetClockInputHz+0xa4>)
1a0014a0:	e02f      	b.n	1a001502 <Chip_Clock_GetClockInputHz+0x96>
	uint32_t rate = 0;
1a0014a2:	2000      	movs	r0, #0
1a0014a4:	e02d      	b.n	1a001502 <Chip_Clock_GetClockInputHz+0x96>
		}
		break;

	case CLKIN_ENET_TX:
		if ((LPC_CREG->CREG6 & 0x07) != 0x4) {
1a0014a6:	4b19      	ldr	r3, [pc, #100]	; (1a00150c <Chip_Clock_GetClockInputHz+0xa0>)
1a0014a8:	f8d3 312c 	ldr.w	r3, [r3, #300]	; 0x12c
1a0014ac:	f003 0307 	and.w	r3, r3, #7
1a0014b0:	2b04      	cmp	r3, #4
1a0014b2:	d027      	beq.n	1a001504 <Chip_Clock_GetClockInputHz+0x98>
			rate = 25000000; /* MII uses 25 MHz */
1a0014b4:	4816      	ldr	r0, [pc, #88]	; (1a001510 <Chip_Clock_GetClockInputHz+0xa4>)
1a0014b6:	e024      	b.n	1a001502 <Chip_Clock_GetClockInputHz+0x96>
			rate = 50000000; /* RMII uses 50 MHz */
		}
		break;

	case CLKIN_CLKIN:
		rate = ExtRateIn;
1a0014b8:	4b16      	ldr	r3, [pc, #88]	; (1a001514 <Chip_Clock_GetClockInputHz+0xa8>)
1a0014ba:	6818      	ldr	r0, [r3, #0]
		break;
1a0014bc:	e021      	b.n	1a001502 <Chip_Clock_GetClockInputHz+0x96>

	case CLKIN_CRYSTAL:
		rate = OscRateIn;
1a0014be:	4b16      	ldr	r3, [pc, #88]	; (1a001518 <Chip_Clock_GetClockInputHz+0xac>)
1a0014c0:	6818      	ldr	r0, [r3, #0]
		break;
1a0014c2:	e01e      	b.n	1a001502 <Chip_Clock_GetClockInputHz+0x96>

	case CLKIN_USBPLL:
		rate = audio_usb_pll_freq[CGU_USB_PLL];
1a0014c4:	4b15      	ldr	r3, [pc, #84]	; (1a00151c <Chip_Clock_GetClockInputHz+0xb0>)
1a0014c6:	6818      	ldr	r0, [r3, #0]
		break;
1a0014c8:	e01b      	b.n	1a001502 <Chip_Clock_GetClockInputHz+0x96>

	case CLKIN_AUDIOPLL:
		rate = audio_usb_pll_freq[CGU_AUDIO_PLL];
1a0014ca:	4b14      	ldr	r3, [pc, #80]	; (1a00151c <Chip_Clock_GetClockInputHz+0xb0>)
1a0014cc:	6858      	ldr	r0, [r3, #4]
		break;
1a0014ce:	e018      	b.n	1a001502 <Chip_Clock_GetClockInputHz+0x96>

	case CLKIN_MAINPLL:
		rate = Chip_Clock_GetMainPLLHz();
1a0014d0:	f000 f868 	bl	1a0015a4 <Chip_Clock_GetMainPLLHz>
		break;
1a0014d4:	e015      	b.n	1a001502 <Chip_Clock_GetClockInputHz+0x96>

	case CLKIN_IDIVA:
		rate = Chip_Clock_GetDivRate(input, CLK_IDIV_A);
1a0014d6:	2100      	movs	r1, #0
1a0014d8:	f000 f89a 	bl	1a001610 <Chip_Clock_GetDivRate>
		break;
1a0014dc:	e011      	b.n	1a001502 <Chip_Clock_GetClockInputHz+0x96>

	case CLKIN_IDIVB:
		rate = Chip_Clock_GetDivRate(input, CLK_IDIV_B);
1a0014de:	2101      	movs	r1, #1
1a0014e0:	f000 f896 	bl	1a001610 <Chip_Clock_GetDivRate>
		break;
1a0014e4:	e00d      	b.n	1a001502 <Chip_Clock_GetClockInputHz+0x96>

	case CLKIN_IDIVC:
		rate = Chip_Clock_GetDivRate(input, CLK_IDIV_C);
1a0014e6:	2102      	movs	r1, #2
1a0014e8:	f000 f892 	bl	1a001610 <Chip_Clock_GetDivRate>
		break;
1a0014ec:	e009      	b.n	1a001502 <Chip_Clock_GetClockInputHz+0x96>

	case CLKIN_IDIVD:
		rate = Chip_Clock_GetDivRate(input, CLK_IDIV_D);
1a0014ee:	2103      	movs	r1, #3
1a0014f0:	f000 f88e 	bl	1a001610 <Chip_Clock_GetDivRate>
		break;
1a0014f4:	e005      	b.n	1a001502 <Chip_Clock_GetClockInputHz+0x96>

	case CLKIN_IDIVE:
		rate = Chip_Clock_GetDivRate(input, CLK_IDIV_E);
1a0014f6:	2104      	movs	r1, #4
1a0014f8:	f000 f88a 	bl	1a001610 <Chip_Clock_GetDivRate>
		break;
1a0014fc:	e001      	b.n	1a001502 <Chip_Clock_GetClockInputHz+0x96>
		rate = CRYSTAL_32K_FREQ_IN;
1a0014fe:	f44f 4000 	mov.w	r0, #32768	; 0x8000
	default:
		break;
	}

	return rate;
}
1a001502:	bd08      	pop	{r3, pc}
			rate = 50000000; /* RMII uses 50 MHz */
1a001504:	4806      	ldr	r0, [pc, #24]	; (1a001520 <Chip_Clock_GetClockInputHz+0xb4>)
	return rate;
1a001506:	e7fc      	b.n	1a001502 <Chip_Clock_GetClockInputHz+0x96>
1a001508:	00b71b00 	.word	0x00b71b00
1a00150c:	40043000 	.word	0x40043000
1a001510:	017d7840 	.word	0x017d7840
1a001514:	1a009c80 	.word	0x1a009c80
1a001518:	1a009cac 	.word	0x1a009cac
1a00151c:	10000a00 	.word	0x10000a00
1a001520:	02faf080 	.word	0x02faf080

1a001524 <Chip_Clock_CalcMainPLLValue>:
{
1a001524:	b538      	push	{r3, r4, r5, lr}
1a001526:	4605      	mov	r5, r0
1a001528:	460c      	mov	r4, r1
	ppll->fin = Chip_Clock_GetClockInputHz(ppll->srcin);
1a00152a:	7908      	ldrb	r0, [r1, #4]
1a00152c:	f7ff ff9e 	bl	1a00146c <Chip_Clock_GetClockInputHz>
1a001530:	6160      	str	r0, [r4, #20]
	if (freq > MAX_CLOCK_FREQ || freq < (PLL_MIN_CCO_FREQ / 16) || !ppll->fin) {
1a001532:	4b19      	ldr	r3, [pc, #100]	; (1a001598 <Chip_Clock_CalcMainPLLValue+0x74>)
1a001534:	442b      	add	r3, r5
1a001536:	4a19      	ldr	r2, [pc, #100]	; (1a00159c <Chip_Clock_CalcMainPLLValue+0x78>)
1a001538:	4293      	cmp	r3, r2
1a00153a:	d821      	bhi.n	1a001580 <Chip_Clock_CalcMainPLLValue+0x5c>
1a00153c:	b318      	cbz	r0, 1a001586 <Chip_Clock_CalcMainPLLValue+0x62>
	ppll->ctrl = 1 << 7; /* Enable direct mode [If possible] */
1a00153e:	2380      	movs	r3, #128	; 0x80
1a001540:	6023      	str	r3, [r4, #0]
	ppll->nsel = 0;
1a001542:	2300      	movs	r3, #0
1a001544:	60a3      	str	r3, [r4, #8]
	ppll->psel = 0;
1a001546:	60e3      	str	r3, [r4, #12]
	ppll->msel = freq / ppll->fin;
1a001548:	fbb5 f3f0 	udiv	r3, r5, r0
1a00154c:	6123      	str	r3, [r4, #16]
	if (freq < PLL_MIN_CCO_FREQ || ppll->msel * ppll->fin != freq) {
1a00154e:	4a14      	ldr	r2, [pc, #80]	; (1a0015a0 <Chip_Clock_CalcMainPLLValue+0x7c>)
1a001550:	4295      	cmp	r5, r2
1a001552:	d903      	bls.n	1a00155c <Chip_Clock_CalcMainPLLValue+0x38>
1a001554:	fb03 f000 	mul.w	r0, r3, r0
1a001558:	42a8      	cmp	r0, r5
1a00155a:	d007      	beq.n	1a00156c <Chip_Clock_CalcMainPLLValue+0x48>
		pll_get_frac(freq, ppll);
1a00155c:	4621      	mov	r1, r4
1a00155e:	4628      	mov	r0, r5
1a001560:	f7ff fe96 	bl	1a001290 <pll_get_frac>
		if (!ppll->nsel) {
1a001564:	68a3      	ldr	r3, [r4, #8]
1a001566:	b18b      	cbz	r3, 1a00158c <Chip_Clock_CalcMainPLLValue+0x68>
		ppll->nsel --;
1a001568:	3b01      	subs	r3, #1
1a00156a:	60a3      	str	r3, [r4, #8]
	if (ppll->msel == 0) {
1a00156c:	6923      	ldr	r3, [r4, #16]
1a00156e:	b183      	cbz	r3, 1a001592 <Chip_Clock_CalcMainPLLValue+0x6e>
	if (ppll->psel) {
1a001570:	68e2      	ldr	r2, [r4, #12]
1a001572:	b10a      	cbz	r2, 1a001578 <Chip_Clock_CalcMainPLLValue+0x54>
		ppll->psel --;
1a001574:	3a01      	subs	r2, #1
1a001576:	60e2      	str	r2, [r4, #12]
	ppll->msel --;
1a001578:	3b01      	subs	r3, #1
1a00157a:	6123      	str	r3, [r4, #16]
	return 0;
1a00157c:	2000      	movs	r0, #0
}
1a00157e:	bd38      	pop	{r3, r4, r5, pc}
		return -1;
1a001580:	f04f 30ff 	mov.w	r0, #4294967295
1a001584:	e7fb      	b.n	1a00157e <Chip_Clock_CalcMainPLLValue+0x5a>
1a001586:	f04f 30ff 	mov.w	r0, #4294967295
1a00158a:	e7f8      	b.n	1a00157e <Chip_Clock_CalcMainPLLValue+0x5a>
			return -1;
1a00158c:	f04f 30ff 	mov.w	r0, #4294967295
1a001590:	e7f5      	b.n	1a00157e <Chip_Clock_CalcMainPLLValue+0x5a>
		return - 1;
1a001592:	f04f 30ff 	mov.w	r0, #4294967295
1a001596:	e7f2      	b.n	1a00157e <Chip_Clock_CalcMainPLLValue+0x5a>
1a001598:	ff6b3a10 	.word	0xff6b3a10
1a00159c:	0b940510 	.word	0x0b940510
1a0015a0:	094c5eff 	.word	0x094c5eff

1a0015a4 <Chip_Clock_GetMainPLLHz>:
{
1a0015a4:	b530      	push	{r4, r5, lr}
1a0015a6:	b083      	sub	sp, #12
	uint32_t PLLReg = LPC_CGU->PLL1_CTRL;
1a0015a8:	4d17      	ldr	r5, [pc, #92]	; (1a001608 <Chip_Clock_GetMainPLLHz+0x64>)
1a0015aa:	6c6c      	ldr	r4, [r5, #68]	; 0x44
	uint32_t freq = Chip_Clock_GetClockInputHz((CHIP_CGU_CLKIN_T) ((PLLReg >> 24) & 0xF));
1a0015ac:	f3c4 6003 	ubfx	r0, r4, #24, #4
1a0015b0:	f7ff ff5c 	bl	1a00146c <Chip_Clock_GetClockInputHz>
	const uint8_t ptab[] = {1, 2, 4, 8};
1a0015b4:	4b15      	ldr	r3, [pc, #84]	; (1a00160c <Chip_Clock_GetMainPLLHz+0x68>)
1a0015b6:	681b      	ldr	r3, [r3, #0]
1a0015b8:	9301      	str	r3, [sp, #4]
	if (!(LPC_CGU->PLL1_STAT & 1)) {
1a0015ba:	6c2b      	ldr	r3, [r5, #64]	; 0x40
1a0015bc:	f013 0f01 	tst.w	r3, #1
1a0015c0:	d020      	beq.n	1a001604 <Chip_Clock_GetMainPLLHz+0x60>
	msel = (PLLReg >> 16) & 0xFF;
1a0015c2:	f3c4 4307 	ubfx	r3, r4, #16, #8
	nsel = (PLLReg >> 12) & 0x3;
1a0015c6:	f3c4 3201 	ubfx	r2, r4, #12, #2
	psel = (PLLReg >> 8) & 0x3;
1a0015ca:	f3c4 2101 	ubfx	r1, r4, #8, #2
	fbsel = (PLLReg >> 6) & 0x1;
1a0015ce:	f3c4 1580 	ubfx	r5, r4, #6, #1
	m = msel + 1;
1a0015d2:	3301      	adds	r3, #1
	n = nsel + 1;
1a0015d4:	3201      	adds	r2, #1
	p = ptab[psel];
1a0015d6:	f10d 0c08 	add.w	ip, sp, #8
1a0015da:	4461      	add	r1, ip
1a0015dc:	f811 1c04 	ldrb.w	r1, [r1, #-4]
	if (direct || fbsel) {
1a0015e0:	f014 0f80 	tst.w	r4, #128	; 0x80
1a0015e4:	d108      	bne.n	1a0015f8 <Chip_Clock_GetMainPLLHz+0x54>
1a0015e6:	b93d      	cbnz	r5, 1a0015f8 <Chip_Clock_GetMainPLLHz+0x54>
	return (m / (2 * p)) * (freq / n);
1a0015e8:	0049      	lsls	r1, r1, #1
1a0015ea:	fbb3 f3f1 	udiv	r3, r3, r1
1a0015ee:	fbb0 f0f2 	udiv	r0, r0, r2
1a0015f2:	fb00 f003 	mul.w	r0, r0, r3
1a0015f6:	e003      	b.n	1a001600 <Chip_Clock_GetMainPLLHz+0x5c>
		return m * (freq / n);
1a0015f8:	fbb0 f0f2 	udiv	r0, r0, r2
1a0015fc:	fb03 f000 	mul.w	r0, r3, r0
}
1a001600:	b003      	add	sp, #12
1a001602:	bd30      	pop	{r4, r5, pc}
		return 0;
1a001604:	2000      	movs	r0, #0
1a001606:	e7fb      	b.n	1a001600 <Chip_Clock_GetMainPLLHz+0x5c>
1a001608:	40050000 	.word	0x40050000
1a00160c:	1a009cf8 	.word	0x1a009cf8

1a001610 <Chip_Clock_GetDivRate>:
{
1a001610:	b538      	push	{r3, r4, r5, lr}
1a001612:	460c      	mov	r4, r1
	input = Chip_Clock_GetDividerSource(divider);
1a001614:	4608      	mov	r0, r1
1a001616:	f7ff ff0d 	bl	1a001434 <Chip_Clock_GetDividerSource>
1a00161a:	4605      	mov	r5, r0
	div = Chip_Clock_GetDividerDivisor(divider);
1a00161c:	4620      	mov	r0, r4
1a00161e:	f7ff ff17 	bl	1a001450 <Chip_Clock_GetDividerDivisor>
1a001622:	4604      	mov	r4, r0
	return Chip_Clock_GetClockInputHz(input) / (div + 1);
1a001624:	4628      	mov	r0, r5
1a001626:	f7ff ff21 	bl	1a00146c <Chip_Clock_GetClockInputHz>
1a00162a:	3401      	adds	r4, #1
}
1a00162c:	fbb0 f0f4 	udiv	r0, r0, r4
1a001630:	bd38      	pop	{r3, r4, r5, pc}
1a001632:	Address 0x1a001632 is out of bounds.


1a001634 <Chip_Clock_SetBaseClock>:
	return Chip_Clock_GetClockInputHz(Chip_Clock_GetBaseClock(clock));
}

/* Sets a CGU Base Clock clock source */
void Chip_Clock_SetBaseClock(CHIP_CGU_BASE_CLK_T BaseClock, CHIP_CGU_CLKIN_T Input, bool autoblocken, bool powerdn)
{
1a001634:	b430      	push	{r4, r5}
	uint32_t reg = LPC_CGU->BASE_CLK[BaseClock];
1a001636:	f100 0416 	add.w	r4, r0, #22
1a00163a:	00a4      	lsls	r4, r4, #2
1a00163c:	f104 4480 	add.w	r4, r4, #1073741824	; 0x40000000
1a001640:	f504 24a0 	add.w	r4, r4, #327680	; 0x50000
1a001644:	6864      	ldr	r4, [r4, #4]

	if (BaseClock < CLK_BASE_NONE) {
1a001646:	281b      	cmp	r0, #27
1a001648:	d813      	bhi.n	1a001672 <Chip_Clock_SetBaseClock+0x3e>
		if (Input != CLKINPUT_PD) {
1a00164a:	2911      	cmp	r1, #17
1a00164c:	d01a      	beq.n	1a001684 <Chip_Clock_SetBaseClock+0x50>
			/* Mask off fields we plan to update */
			reg &= ~((0x1F << 24) | 1 | (1 << 11));
1a00164e:	4d0e      	ldr	r5, [pc, #56]	; (1a001688 <Chip_Clock_SetBaseClock+0x54>)
1a001650:	4025      	ands	r5, r4

			if (autoblocken) {
1a001652:	b10a      	cbz	r2, 1a001658 <Chip_Clock_SetBaseClock+0x24>
				reg |= (1 << 11);
1a001654:	f445 6500 	orr.w	r5, r5, #2048	; 0x800
			}
			if (powerdn) {
1a001658:	b10b      	cbz	r3, 1a00165e <Chip_Clock_SetBaseClock+0x2a>
				reg |= (1 << 0);
1a00165a:	f045 0501 	orr.w	r5, r5, #1
			}

			/* Set clock source */
			reg |= (Input << 24);
1a00165e:	ea45 6501 	orr.w	r5, r5, r1, lsl #24

			LPC_CGU->BASE_CLK[BaseClock] = reg;
1a001662:	3016      	adds	r0, #22
1a001664:	0080      	lsls	r0, r0, #2
1a001666:	f100 4080 	add.w	r0, r0, #1073741824	; 0x40000000
1a00166a:	f500 20a0 	add.w	r0, r0, #327680	; 0x50000
1a00166e:	6045      	str	r5, [r0, #4]
1a001670:	e008      	b.n	1a001684 <Chip_Clock_SetBaseClock+0x50>
		}
	}
	else {
		LPC_CGU->BASE_CLK[BaseClock] = reg | 1;	/* Power down this base clock */
1a001672:	f044 0401 	orr.w	r4, r4, #1
1a001676:	3016      	adds	r0, #22
1a001678:	0080      	lsls	r0, r0, #2
1a00167a:	f100 4080 	add.w	r0, r0, #1073741824	; 0x40000000
1a00167e:	f500 20a0 	add.w	r0, r0, #327680	; 0x50000
1a001682:	6044      	str	r4, [r0, #4]
	}
}
1a001684:	bc30      	pop	{r4, r5}
1a001686:	4770      	bx	lr
1a001688:	e0fff7fe 	.word	0xe0fff7fe

1a00168c <Chip_Clock_GetBaseClock>:
/* Gets a CGU Base Clock clock source */
CHIP_CGU_CLKIN_T Chip_Clock_GetBaseClock(CHIP_CGU_BASE_CLK_T BaseClock)
{
	uint32_t reg;

	if (BaseClock >= CLK_BASE_NONE) {
1a00168c:	281b      	cmp	r0, #27
1a00168e:	d80c      	bhi.n	1a0016aa <Chip_Clock_GetBaseClock+0x1e>
		return CLKINPUT_PD;
	}

	reg = LPC_CGU->BASE_CLK[BaseClock];
1a001690:	3016      	adds	r0, #22
1a001692:	0080      	lsls	r0, r0, #2
1a001694:	f100 4080 	add.w	r0, r0, #1073741824	; 0x40000000
1a001698:	f500 20a0 	add.w	r0, r0, #327680	; 0x50000
1a00169c:	6840      	ldr	r0, [r0, #4]

	/* base clock is powered down? */
	if (reg & 1) {
1a00169e:	f010 0f01 	tst.w	r0, #1
1a0016a2:	d104      	bne.n	1a0016ae <Chip_Clock_GetBaseClock+0x22>
		return CLKINPUT_PD;
	}

	return (CHIP_CGU_CLKIN_T) ((reg >> 24) & 0x1F);
1a0016a4:	f3c0 6004 	ubfx	r0, r0, #24, #5
1a0016a8:	4770      	bx	lr
		return CLKINPUT_PD;
1a0016aa:	2011      	movs	r0, #17
1a0016ac:	4770      	bx	lr
		return CLKINPUT_PD;
1a0016ae:	2011      	movs	r0, #17
}
1a0016b0:	4770      	bx	lr

1a0016b2 <Chip_Clock_GetBaseClocktHz>:
{
1a0016b2:	b508      	push	{r3, lr}
	return Chip_Clock_GetClockInputHz(Chip_Clock_GetBaseClock(clock));
1a0016b4:	f7ff ffea 	bl	1a00168c <Chip_Clock_GetBaseClock>
1a0016b8:	f7ff fed8 	bl	1a00146c <Chip_Clock_GetClockInputHz>
}
1a0016bc:	bd08      	pop	{r3, pc}
1a0016be:	Address 0x1a0016be is out of bounds.


1a0016c0 <Chip_Clock_EnableOpts>:
/* Enables a peripheral clock and sets clock states */
void Chip_Clock_EnableOpts(CHIP_CCU_CLK_T clk, bool autoen, bool wakeupen, int div)
{
	uint32_t reg = 1;

	if (autoen) {
1a0016c0:	b971      	cbnz	r1, 1a0016e0 <Chip_Clock_EnableOpts+0x20>
	uint32_t reg = 1;
1a0016c2:	2101      	movs	r1, #1
		reg |= (1 << 1);
	}
	if (wakeupen) {
1a0016c4:	b10a      	cbz	r2, 1a0016ca <Chip_Clock_EnableOpts+0xa>
		reg |= (1 << 2);
1a0016c6:	f041 0104 	orr.w	r1, r1, #4
	}

	/* Not all clocks support a divider, but we won't check that here. Only
	   dividers of 1 and 2 are allowed. Assume 1 if not 2 */
	if (div == 2) {
1a0016ca:	2b02      	cmp	r3, #2
1a0016cc:	d00a      	beq.n	1a0016e4 <Chip_Clock_EnableOpts+0x24>
		reg |= (1 << 5);
	}

	/* Setup peripheral clock and start running */
	if (clk >= CLK_CCU2_START) {
1a0016ce:	f5b0 7fa1 	cmp.w	r0, #322	; 0x142
1a0016d2:	d30a      	bcc.n	1a0016ea <Chip_Clock_EnableOpts+0x2a>
		LPC_CCU2->CLKCCU[clk - CLK_CCU2_START].CFG = reg;
1a0016d4:	f5a0 7091 	sub.w	r0, r0, #290	; 0x122
1a0016d8:	4b06      	ldr	r3, [pc, #24]	; (1a0016f4 <Chip_Clock_EnableOpts+0x34>)
1a0016da:	f843 1030 	str.w	r1, [r3, r0, lsl #3]
1a0016de:	4770      	bx	lr
		reg |= (1 << 1);
1a0016e0:	2103      	movs	r1, #3
1a0016e2:	e7ef      	b.n	1a0016c4 <Chip_Clock_EnableOpts+0x4>
		reg |= (1 << 5);
1a0016e4:	f041 0120 	orr.w	r1, r1, #32
1a0016e8:	e7f1      	b.n	1a0016ce <Chip_Clock_EnableOpts+0xe>
	}
	else {
		LPC_CCU1->CLKCCU[clk].CFG = reg;
1a0016ea:	3020      	adds	r0, #32
1a0016ec:	4b02      	ldr	r3, [pc, #8]	; (1a0016f8 <Chip_Clock_EnableOpts+0x38>)
1a0016ee:	f843 1030 	str.w	r1, [r3, r0, lsl #3]
	}
}
1a0016f2:	4770      	bx	lr
1a0016f4:	40052000 	.word	0x40052000
1a0016f8:	40051000 	.word	0x40051000

1a0016fc <Chip_Clock_Enable>:

/* Enables a peripheral clock */
void Chip_Clock_Enable(CHIP_CCU_CLK_T clk)
{
	/* Start peripheral clock running */
	if (clk >= CLK_CCU2_START) {
1a0016fc:	f5b0 7fa1 	cmp.w	r0, #322	; 0x142
1a001700:	d309      	bcc.n	1a001716 <Chip_Clock_Enable+0x1a>
		LPC_CCU2->CLKCCU[clk - CLK_CCU2_START].CFG |= 1;
1a001702:	4a09      	ldr	r2, [pc, #36]	; (1a001728 <Chip_Clock_Enable+0x2c>)
1a001704:	f5a0 7091 	sub.w	r0, r0, #290	; 0x122
1a001708:	f852 3030 	ldr.w	r3, [r2, r0, lsl #3]
1a00170c:	f043 0301 	orr.w	r3, r3, #1
1a001710:	f842 3030 	str.w	r3, [r2, r0, lsl #3]
1a001714:	4770      	bx	lr
	}
	else {
		LPC_CCU1->CLKCCU[clk].CFG |= 1;
1a001716:	4a05      	ldr	r2, [pc, #20]	; (1a00172c <Chip_Clock_Enable+0x30>)
1a001718:	3020      	adds	r0, #32
1a00171a:	f852 3030 	ldr.w	r3, [r2, r0, lsl #3]
1a00171e:	f043 0301 	orr.w	r3, r3, #1
1a001722:	f842 3030 	str.w	r3, [r2, r0, lsl #3]
	}
}
1a001726:	4770      	bx	lr
1a001728:	40052000 	.word	0x40052000
1a00172c:	40051000 	.word	0x40051000

1a001730 <Chip_Clock_Disable>:

/* Disables a peripheral clock */
void Chip_Clock_Disable(CHIP_CCU_CLK_T clk)
{
	/* Stop peripheral clock */
	if (clk >= CLK_CCU2_START) {
1a001730:	f5b0 7fa1 	cmp.w	r0, #322	; 0x142
1a001734:	d309      	bcc.n	1a00174a <Chip_Clock_Disable+0x1a>
		LPC_CCU2->CLKCCU[clk - CLK_CCU2_START].CFG &= ~1;
1a001736:	4a09      	ldr	r2, [pc, #36]	; (1a00175c <Chip_Clock_Disable+0x2c>)
1a001738:	f5a0 7091 	sub.w	r0, r0, #290	; 0x122
1a00173c:	f852 3030 	ldr.w	r3, [r2, r0, lsl #3]
1a001740:	f023 0301 	bic.w	r3, r3, #1
1a001744:	f842 3030 	str.w	r3, [r2, r0, lsl #3]
1a001748:	4770      	bx	lr
	}
	else {
		LPC_CCU1->CLKCCU[clk].CFG &= ~1;
1a00174a:	4a05      	ldr	r2, [pc, #20]	; (1a001760 <Chip_Clock_Disable+0x30>)
1a00174c:	3020      	adds	r0, #32
1a00174e:	f852 3030 	ldr.w	r3, [r2, r0, lsl #3]
1a001752:	f023 0301 	bic.w	r3, r3, #1
1a001756:	f842 3030 	str.w	r3, [r2, r0, lsl #3]
	}
}
1a00175a:	4770      	bx	lr
1a00175c:	40052000 	.word	0x40052000
1a001760:	40051000 	.word	0x40051000

1a001764 <Chip_Clock_GetRate>:
	LPC_CCU2->PM = 0;
}

/* Returns a peripheral clock rate */
uint32_t Chip_Clock_GetRate(CHIP_CCU_CLK_T clk)
{
1a001764:	b510      	push	{r4, lr}
	CHIP_CGU_BASE_CLK_T baseclk;
	uint32_t reg, div, rate;

	/* Get CCU config register for clock */
	if (clk >= CLK_CCU2_START) {
1a001766:	f5b0 7fa1 	cmp.w	r0, #322	; 0x142
1a00176a:	d309      	bcc.n	1a001780 <Chip_Clock_GetRate+0x1c>
		reg = LPC_CCU2->CLKCCU[clk - CLK_CCU2_START].CFG;
1a00176c:	f5a0 7391 	sub.w	r3, r0, #290	; 0x122
1a001770:	4a0d      	ldr	r2, [pc, #52]	; (1a0017a8 <Chip_Clock_GetRate+0x44>)
1a001772:	f852 4033 	ldr.w	r4, [r2, r3, lsl #3]
	else {
		reg = LPC_CCU1->CLKCCU[clk].CFG;
	}

	/* Is the clock enabled? */
	if (reg & 1) {
1a001776:	f014 0f01 	tst.w	r4, #1
1a00177a:	d107      	bne.n	1a00178c <Chip_Clock_GetRate+0x28>

		}
		rate = rate / div;
	}
	else {
		rate = 0;
1a00177c:	2000      	movs	r0, #0
	}

	return rate;
}
1a00177e:	bd10      	pop	{r4, pc}
		reg = LPC_CCU1->CLKCCU[clk].CFG;
1a001780:	f100 0320 	add.w	r3, r0, #32
1a001784:	4a09      	ldr	r2, [pc, #36]	; (1a0017ac <Chip_Clock_GetRate+0x48>)
1a001786:	f852 4033 	ldr.w	r4, [r2, r3, lsl #3]
1a00178a:	e7f4      	b.n	1a001776 <Chip_Clock_GetRate+0x12>
		baseclk = Chip_Clock_FindBaseClock(clk);
1a00178c:	f7ff fe06 	bl	1a00139c <Chip_Clock_FindBaseClock>
		rate = Chip_Clock_GetBaseClocktHz(baseclk);
1a001790:	f7ff ff8f 	bl	1a0016b2 <Chip_Clock_GetBaseClocktHz>
		if (((reg >> 5) & 0x7) == 0) {
1a001794:	f014 0fe0 	tst.w	r4, #224	; 0xe0
1a001798:	d103      	bne.n	1a0017a2 <Chip_Clock_GetRate+0x3e>
			div = 1;
1a00179a:	2301      	movs	r3, #1
		rate = rate / div;
1a00179c:	fbb0 f0f3 	udiv	r0, r0, r3
1a0017a0:	e7ed      	b.n	1a00177e <Chip_Clock_GetRate+0x1a>
			div = 2;/* No other dividers supported */
1a0017a2:	2302      	movs	r3, #2
1a0017a4:	e7fa      	b.n	1a00179c <Chip_Clock_GetRate+0x38>
1a0017a6:	bf00      	nop
1a0017a8:	40052000 	.word	0x40052000
1a0017ac:	40051000 	.word	0x40051000

1a0017b0 <Chip_UART_GetIndex>:

/* Returns clock index for the peripheral block */
static int Chip_UART_GetIndex(LPC_USART_T *pUART)
{
	uint32_t base = (uint32_t) pUART;
	switch(base) {
1a0017b0:	4b09      	ldr	r3, [pc, #36]	; (1a0017d8 <Chip_UART_GetIndex+0x28>)
1a0017b2:	4298      	cmp	r0, r3
1a0017b4:	d009      	beq.n	1a0017ca <Chip_UART_GetIndex+0x1a>
1a0017b6:	f503 5380 	add.w	r3, r3, #4096	; 0x1000
1a0017ba:	4298      	cmp	r0, r3
1a0017bc:	d007      	beq.n	1a0017ce <Chip_UART_GetIndex+0x1e>
1a0017be:	f5a3 2380 	sub.w	r3, r3, #262144	; 0x40000
1a0017c2:	4298      	cmp	r0, r3
1a0017c4:	d005      	beq.n	1a0017d2 <Chip_UART_GetIndex+0x22>
		case LPC_USART0_BASE:
			return 0;
1a0017c6:	2000      	movs	r0, #0
1a0017c8:	4770      	bx	lr
		case LPC_UART1_BASE:
			return 1;
		case LPC_USART2_BASE:
			return 2;
1a0017ca:	2002      	movs	r0, #2
1a0017cc:	4770      	bx	lr
		case LPC_USART3_BASE:
			return 3;
1a0017ce:	2003      	movs	r0, #3
1a0017d0:	4770      	bx	lr
			return 1;
1a0017d2:	2001      	movs	r0, #1
		default:
			return 0; /* Should never come here */
	}
}
1a0017d4:	4770      	bx	lr
1a0017d6:	bf00      	nop
1a0017d8:	400c1000 	.word	0x400c1000

1a0017dc <Chip_UART_Init>:
 * Public functions
 ****************************************************************************/

/* Initializes the pUART peripheral */
void Chip_UART_Init(LPC_USART_T *pUART)
{
1a0017dc:	b530      	push	{r4, r5, lr}
1a0017de:	b083      	sub	sp, #12
1a0017e0:	4604      	mov	r4, r0
    volatile uint32_t tmp;

	/* Enable UART clocking. UART base clock(s) must already be enabled */
	Chip_Clock_EnableOpts(UART_PClock[Chip_UART_GetIndex(pUART)], true, true, 1);
1a0017e2:	f7ff ffe5 	bl	1a0017b0 <Chip_UART_GetIndex>
1a0017e6:	2301      	movs	r3, #1
1a0017e8:	461a      	mov	r2, r3
1a0017ea:	4619      	mov	r1, r3
1a0017ec:	4d0e      	ldr	r5, [pc, #56]	; (1a001828 <Chip_UART_Init+0x4c>)
1a0017ee:	f835 0010 	ldrh.w	r0, [r5, r0, lsl #1]
1a0017f2:	f7ff ff65 	bl	1a0016c0 <Chip_Clock_EnableOpts>
	pUART->FCR = fcr;
1a0017f6:	2307      	movs	r3, #7
1a0017f8:	60a3      	str	r3, [r4, #8]
    pUART->TER2 = 0;
1a0017fa:	2300      	movs	r3, #0
1a0017fc:	65e3      	str	r3, [r4, #92]	; 0x5c

    /* Disable Tx */
    Chip_UART_TXDisable(pUART);

    /* Disable interrupts */
	pUART->IER = 0;
1a0017fe:	6063      	str	r3, [r4, #4]
	/* Set LCR to default state */
	pUART->LCR = 0;
1a001800:	60e3      	str	r3, [r4, #12]
	/* Set ACR to default state */
	pUART->ACR = 0;
1a001802:	6223      	str	r3, [r4, #32]
    /* Set RS485 control to default state */
	pUART->RS485CTRL = 0;
1a001804:	64e3      	str	r3, [r4, #76]	; 0x4c
	/* Set RS485 delay timer to default state */
	pUART->RS485DLY = 0;
1a001806:	6563      	str	r3, [r4, #84]	; 0x54
	/* Set RS485 addr match to default state */
	pUART->RS485ADRMATCH = 0;
1a001808:	6523      	str	r3, [r4, #80]	; 0x50

    /* Clear MCR */
    if (pUART == LPC_UART1) {
1a00180a:	4b08      	ldr	r3, [pc, #32]	; (1a00182c <Chip_UART_Init+0x50>)
1a00180c:	429c      	cmp	r4, r3
1a00180e:	d006      	beq.n	1a00181e <Chip_UART_Init+0x42>
	pUART->LCR = config;
1a001810:	2303      	movs	r3, #3
1a001812:	60e3      	str	r3, [r4, #12]

	/* Default 8N1, with DLAB disabled */
	Chip_UART_ConfigData(pUART, (UART_LCR_WLEN8 | UART_LCR_SBS_1BIT | UART_LCR_PARITY_DIS));

	/* Disable fractional divider */
	pUART->FDR = 0x10;
1a001814:	2310      	movs	r3, #16
1a001816:	62a3      	str	r3, [r4, #40]	; 0x28

    (void) tmp;
1a001818:	9b01      	ldr	r3, [sp, #4]
}
1a00181a:	b003      	add	sp, #12
1a00181c:	bd30      	pop	{r4, r5, pc}
		pUART->MCR = 0;
1a00181e:	2300      	movs	r3, #0
1a001820:	6123      	str	r3, [r4, #16]
		tmp = pUART->MSR;
1a001822:	69a3      	ldr	r3, [r4, #24]
1a001824:	9301      	str	r3, [sp, #4]
1a001826:	e7f3      	b.n	1a001810 <Chip_UART_Init+0x34>
1a001828:	1a009d78 	.word	0x1a009d78
1a00182c:	40082000 	.word	0x40082000

1a001830 <Chip_UART_SetBaud>:
	return readBytes;
}

/* Determines and sets best dividers to get a target bit rate */
uint32_t Chip_UART_SetBaud(LPC_USART_T *pUART, uint32_t baudrate)
{
1a001830:	b538      	push	{r3, r4, r5, lr}
1a001832:	4605      	mov	r5, r0
1a001834:	460c      	mov	r4, r1
	uint32_t div, divh, divl, clkin;

	/* Determine UART clock in rate without FDR */
	clkin = Chip_Clock_GetRate(UART_BClock[Chip_UART_GetIndex(pUART)]);
1a001836:	f7ff ffbb 	bl	1a0017b0 <Chip_UART_GetIndex>
1a00183a:	4b0c      	ldr	r3, [pc, #48]	; (1a00186c <Chip_UART_SetBaud+0x3c>)
1a00183c:	f833 0010 	ldrh.w	r0, [r3, r0, lsl #1]
1a001840:	f7ff ff90 	bl	1a001764 <Chip_Clock_GetRate>
	div = clkin / (baudrate * 16);
1a001844:	0123      	lsls	r3, r4, #4
1a001846:	fbb0 f3f3 	udiv	r3, r0, r3

	/* High and low halves of the divider */
	divh = div / 256;
	divl = div - (divh * 256);
1a00184a:	b2d9      	uxtb	r1, r3
	pUART->LCR |= UART_LCR_DLAB_EN;
1a00184c:	68ea      	ldr	r2, [r5, #12]
1a00184e:	f042 0280 	orr.w	r2, r2, #128	; 0x80
1a001852:	60ea      	str	r2, [r5, #12]
	pUART->DLL = (uint32_t) dll;
1a001854:	6029      	str	r1, [r5, #0]
	pUART->DLM = (uint32_t) dlm;
1a001856:	f3c3 2207 	ubfx	r2, r3, #8, #8
1a00185a:	606a      	str	r2, [r5, #4]
	pUART->LCR &= ~UART_LCR_DLAB_EN;
1a00185c:	68ea      	ldr	r2, [r5, #12]
1a00185e:	f022 0280 	bic.w	r2, r2, #128	; 0x80
1a001862:	60ea      	str	r2, [r5, #12]
	Chip_UART_SetDivisorLatches(pUART, divl, divh);
	Chip_UART_DisableDivisorAccess(pUART);

	/* Fractional FDR alreadt setup for 1 in UART init */

	return (clkin / div) >> 4;
1a001864:	fbb0 f0f3 	udiv	r0, r0, r3
}
1a001868:	0900      	lsrs	r0, r0, #4
1a00186a:	bd38      	pop	{r3, r4, r5, pc}
1a00186c:	1a009d70 	.word	0x1a009d70

1a001870 <Chip_UART_SetBaudFDR>:
    Chip_UART_ABIntHandler(pUART);
}

/* Determines and sets best dividers to get a target baud rate */
uint32_t Chip_UART_SetBaudFDR(LPC_USART_T *pUART, uint32_t baud)
{
1a001870:	e92d 4ff0 	stmdb	sp!, {r4, r5, r6, r7, r8, r9, sl, fp, lr}
1a001874:	b083      	sub	sp, #12
1a001876:	9001      	str	r0, [sp, #4]
1a001878:	4688      	mov	r8, r1
	uint32_t sdiv = 0, sm = 1, sd = 0;
	uint32_t pclk, m, d;
	uint32_t odiff = -1UL; /* old best diff */

	/* Get base clock for the corresponding UART */
	pclk = Chip_Clock_GetRate(UART_BClock[Chip_UART_GetIndex(pUART)]);
1a00187a:	f7ff ff99 	bl	1a0017b0 <Chip_UART_GetIndex>
1a00187e:	4b32      	ldr	r3, [pc, #200]	; (1a001948 <Chip_UART_SetBaudFDR+0xd8>)
1a001880:	f833 0010 	ldrh.w	r0, [r3, r0, lsl #1]
1a001884:	f7ff ff6e 	bl	1a001764 <Chip_Clock_GetRate>
1a001888:	4606      	mov	r6, r0
	uint32_t odiff = -1UL; /* old best diff */
1a00188a:	f04f 37ff 	mov.w	r7, #4294967295

	/* Loop through all possible fractional divider values */
	for (m = 1; odiff && m < 16; m++) {
1a00188e:	2401      	movs	r4, #1
	uint32_t sdiv = 0, sm = 1, sd = 0;
1a001890:	f04f 0b00 	mov.w	fp, #0
1a001894:	46a2      	mov	sl, r4
1a001896:	46d9      	mov	r9, fp
	for (m = 1; odiff && m < 16; m++) {
1a001898:	e02a      	b.n	1a0018f0 <Chip_UART_SetBaudFDR+0x80>
			/* Upper 32-bit of dval has div */
			div = (uint32_t) (dval >> 32);

			/* Closer to next div */
			if ((int)diff < 0) {
				diff = -diff;
1a00189a:	4242      	negs	r2, r0
				div ++;
1a00189c:	1c4b      	adds	r3, r1, #1
1a00189e:	e017      	b.n	1a0018d0 <Chip_UART_SetBaudFDR+0x60>
			sd = d;
			sm = m;
			odiff = diff;

			/* On perfect match, break loop */
			if(!diff) {
1a0018a0:	b30a      	cbz	r2, 1a0018e6 <Chip_UART_SetBaudFDR+0x76>
			odiff = diff;
1a0018a2:	4617      	mov	r7, r2
			sd = d;
1a0018a4:	46ab      	mov	fp, r5
			sm = m;
1a0018a6:	46a2      	mov	sl, r4
			sdiv = div;
1a0018a8:	4699      	mov	r9, r3
		for (d = 0; d < m; d++) {
1a0018aa:	3501      	adds	r5, #1
1a0018ac:	42ac      	cmp	r4, r5
1a0018ae:	d91e      	bls.n	1a0018ee <Chip_UART_SetBaudFDR+0x7e>
			uint64_t dval = (((uint64_t) pclk << 28) * m) / (baud * (m + d));
1a0018b0:	0933      	lsrs	r3, r6, #4
1a0018b2:	0730      	lsls	r0, r6, #28
1a0018b4:	fba4 0100 	umull	r0, r1, r4, r0
1a0018b8:	fb04 1103 	mla	r1, r4, r3, r1
1a0018bc:	1962      	adds	r2, r4, r5
1a0018be:	fb08 f202 	mul.w	r2, r8, r2
1a0018c2:	2300      	movs	r3, #0
1a0018c4:	f001 f828 	bl	1a002918 <__aeabi_uldivmod>
			diff = (uint32_t) dval;
1a0018c8:	4602      	mov	r2, r0
			div = (uint32_t) (dval >> 32);
1a0018ca:	460b      	mov	r3, r1
			if ((int)diff < 0) {
1a0018cc:	2800      	cmp	r0, #0
1a0018ce:	dbe4      	blt.n	1a00189a <Chip_UART_SetBaudFDR+0x2a>
			if (odiff < diff || !div || (div >> 16) || (div < 3 && d)) {
1a0018d0:	4297      	cmp	r7, r2
1a0018d2:	d3ea      	bcc.n	1a0018aa <Chip_UART_SetBaudFDR+0x3a>
1a0018d4:	2b00      	cmp	r3, #0
1a0018d6:	d0e8      	beq.n	1a0018aa <Chip_UART_SetBaudFDR+0x3a>
1a0018d8:	0c19      	lsrs	r1, r3, #16
1a0018da:	d1e6      	bne.n	1a0018aa <Chip_UART_SetBaudFDR+0x3a>
1a0018dc:	2b02      	cmp	r3, #2
1a0018de:	d8df      	bhi.n	1a0018a0 <Chip_UART_SetBaudFDR+0x30>
1a0018e0:	2d00      	cmp	r5, #0
1a0018e2:	d0dd      	beq.n	1a0018a0 <Chip_UART_SetBaudFDR+0x30>
1a0018e4:	e7e1      	b.n	1a0018aa <Chip_UART_SetBaudFDR+0x3a>
			odiff = diff;
1a0018e6:	4617      	mov	r7, r2
			sd = d;
1a0018e8:	46ab      	mov	fp, r5
			sm = m;
1a0018ea:	46a2      	mov	sl, r4
			sdiv = div;
1a0018ec:	4699      	mov	r9, r3
	for (m = 1; odiff && m < 16; m++) {
1a0018ee:	3401      	adds	r4, #1
1a0018f0:	b11f      	cbz	r7, 1a0018fa <Chip_UART_SetBaudFDR+0x8a>
1a0018f2:	2c0f      	cmp	r4, #15
1a0018f4:	d801      	bhi.n	1a0018fa <Chip_UART_SetBaudFDR+0x8a>
		for (d = 0; d < m; d++) {
1a0018f6:	2500      	movs	r5, #0
1a0018f8:	e7d8      	b.n	1a0018ac <Chip_UART_SetBaudFDR+0x3c>
			}
		}
	}

	/* Return 0 if a vaild divisor is not possible */
	if (!sdiv) {
1a0018fa:	f1b9 0f00 	cmp.w	r9, #0
1a0018fe:	d01e      	beq.n	1a00193e <Chip_UART_SetBaudFDR+0xce>
	pUART->LCR |= UART_LCR_DLAB_EN;
1a001900:	9a01      	ldr	r2, [sp, #4]
1a001902:	4611      	mov	r1, r2
1a001904:	68d3      	ldr	r3, [r2, #12]
1a001906:	f043 0380 	orr.w	r3, r3, #128	; 0x80
1a00190a:	60d3      	str	r3, [r2, #12]
	pUART->DLL = (uint32_t) dll;
1a00190c:	fa5f f389 	uxtb.w	r3, r9
1a001910:	6013      	str	r3, [r2, #0]
	pUART->DLM = (uint32_t) dlm;
1a001912:	f3c9 2307 	ubfx	r3, r9, #8, #8
1a001916:	6053      	str	r3, [r2, #4]
	pUART->LCR &= ~UART_LCR_DLAB_EN;
1a001918:	68d3      	ldr	r3, [r2, #12]
1a00191a:	f023 0380 	bic.w	r3, r3, #128	; 0x80
1a00191e:	60d3      	str	r3, [r2, #12]
	Chip_UART_EnableDivisorAccess(pUART);
	Chip_UART_SetDivisorLatches(pUART, UART_LOAD_DLL(sdiv), UART_LOAD_DLM(sdiv));
	Chip_UART_DisableDivisorAccess(pUART);

	/* Set best fractional divider */
	pUART->FDR = (UART_FDR_MULVAL(sm) | UART_FDR_DIVADDVAL(sd));
1a001920:	ea4f 130a 	mov.w	r3, sl, lsl #4
1a001924:	b2db      	uxtb	r3, r3
1a001926:	f00b 020f 	and.w	r2, fp, #15
1a00192a:	4313      	orrs	r3, r2
1a00192c:	628b      	str	r3, [r1, #40]	; 0x28

	/* Return actual baud rate */
	return (pclk >> 4) * sm / (sdiv * (sm + sd));
1a00192e:	0933      	lsrs	r3, r6, #4
1a001930:	fb0a f303 	mul.w	r3, sl, r3
1a001934:	44da      	add	sl, fp
1a001936:	fb09 f90a 	mul.w	r9, r9, sl
1a00193a:	fbb3 f9f9 	udiv	r9, r3, r9
}
1a00193e:	4648      	mov	r0, r9
1a001940:	b003      	add	sp, #12
1a001942:	e8bd 8ff0 	ldmia.w	sp!, {r4, r5, r6, r7, r8, r9, sl, fp, pc}
1a001946:	bf00      	nop
1a001948:	1a009d70 	.word	0x1a009d70

1a00194c <SystemInit>:
 */

#include <board.h>

void SystemInit(void)
{
1a00194c:	b508      	push	{r3, lr}
   // to use CMSIS.
   volatile unsigned int *pCREG_M0APPMAP = (volatile unsigned int *) 0x40043404;
   // CMSIS : CREG->M0APPMAP = <address of vector table>
   *pCREG_M0APPMAP = (unsigned int)g_pfnVectors;
#else
   SCB->VTOR = (unsigned int) &g_pfnVectors;
1a00194e:	4a0b      	ldr	r2, [pc, #44]	; (1a00197c <SystemInit+0x30>)
1a001950:	4b0b      	ldr	r3, [pc, #44]	; (1a001980 <SystemInit+0x34>)
1a001952:	609a      	str	r2, [r3, #8]
 */
__STATIC_INLINE uint32_t SCB_GetFPUType(void)
{
  uint32_t mvfr0;

  mvfr0 = FPU->MVFR0;
1a001954:	f503 730c 	add.w	r3, r3, #560	; 0x230
1a001958:	691b      	ldr	r3, [r3, #16]
  if      ((mvfr0 & (FPU_MVFR0_Single_precision_Msk | FPU_MVFR0_Double_precision_Msk)) == 0x020U)
1a00195a:	f403 637f 	and.w	r3, r3, #4080	; 0xff0
1a00195e:	2b20      	cmp	r3, #32
1a001960:	d004      	beq.n	1a00196c <SystemInit+0x20>

   if (SCB_GetFPUType() > 0)
      SCB->CPACR |= ((3UL << 10*2)|(3UL << 11*2));  /* set CP10 and CP11 Full Access */

   /* Board specific SystemInit only in M4 */
   Board_SystemInit();
1a001962:	f7ff f863 	bl	1a000a2c <Board_SystemInit>
   Board_Init();
1a001966:	f7ff f939 	bl	1a000bdc <Board_Init>
#endif
}
1a00196a:	bd08      	pop	{r3, pc}
      SCB->CPACR |= ((3UL << 10*2)|(3UL << 11*2));  /* set CP10 and CP11 Full Access */
1a00196c:	4a04      	ldr	r2, [pc, #16]	; (1a001980 <SystemInit+0x34>)
1a00196e:	f8d2 3088 	ldr.w	r3, [r2, #136]	; 0x88
1a001972:	f443 0370 	orr.w	r3, r3, #15728640	; 0xf00000
1a001976:	f8c2 3088 	str.w	r3, [r2, #136]	; 0x88
1a00197a:	e7f2      	b.n	1a001962 <SystemInit+0x16>
1a00197c:	1a000000 	.word	0x1a000000
1a001980:	e000ed00 	.word	0xe000ed00

1a001984 <cyclesCounterInit>:
 * @return TRUE si esta OK, FALSE en caso de error.
 */
bool_t cyclesCounterInit( uint32_t clockSpeed )
{
   //Asigna  a la variable local ClockSpeed el valor recibido como argumento.
   ClockSpeed = clockSpeed;
1a001984:	4b04      	ldr	r3, [pc, #16]	; (1a001998 <cyclesCounterInit+0x14>)
1a001986:	6018      	str	r0, [r3, #0]
   //Iniciar el contador de ciclos de clock.
   DWT_CTRL  |= 1; // *DWT_CTRL  |= 1;
1a001988:	4a04      	ldr	r2, [pc, #16]	; (1a00199c <cyclesCounterInit+0x18>)
1a00198a:	6813      	ldr	r3, [r2, #0]
1a00198c:	f043 0301 	orr.w	r3, r3, #1
1a001990:	6013      	str	r3, [r2, #0]
   return TRUE;
}
1a001992:	2001      	movs	r0, #1
1a001994:	4770      	bx	lr
1a001996:	bf00      	nop
1a001998:	10000038 	.word	0x10000038
1a00199c:	e0001000 	.word	0xe0001000

1a0019a0 <gpioObtainPinInit>:

static void gpioObtainPinInit( gpioMap_t pin,
                               int8_t *pinNamePort, int8_t *pinNamePin,
                               int8_t *func, int8_t *gpioPort,
                               int8_t *gpioPin )
{
1a0019a0:	b430      	push	{r4, r5}

   *pinNamePort = gpioPinsInit[pin].pinName.port;
1a0019a2:	4d0b      	ldr	r5, [pc, #44]	; (1a0019d0 <gpioObtainPinInit+0x30>)
1a0019a4:	eb00 0080 	add.w	r0, r0, r0, lsl #2
1a0019a8:	182c      	adds	r4, r5, r0
1a0019aa:	5628      	ldrsb	r0, [r5, r0]
1a0019ac:	7008      	strb	r0, [r1, #0]
   *pinNamePin  = gpioPinsInit[pin].pinName.pin;
1a0019ae:	f994 1001 	ldrsb.w	r1, [r4, #1]
1a0019b2:	7011      	strb	r1, [r2, #0]
   *func        = gpioPinsInit[pin].func;
1a0019b4:	f994 2002 	ldrsb.w	r2, [r4, #2]
1a0019b8:	701a      	strb	r2, [r3, #0]
   *gpioPort    = gpioPinsInit[pin].gpio.port;
1a0019ba:	f994 2003 	ldrsb.w	r2, [r4, #3]
1a0019be:	9b02      	ldr	r3, [sp, #8]
1a0019c0:	701a      	strb	r2, [r3, #0]
   *gpioPin     = gpioPinsInit[pin].gpio.pin;
1a0019c2:	f994 2004 	ldrsb.w	r2, [r4, #4]
1a0019c6:	9b03      	ldr	r3, [sp, #12]
1a0019c8:	701a      	strb	r2, [r3, #0]
}
1a0019ca:	bc30      	pop	{r4, r5}
1a0019cc:	4770      	bx	lr
1a0019ce:	bf00      	nop
1a0019d0:	1a009d80 	.word	0x1a009d80

1a0019d4 <gpioInit>:

/*==================[external functions definition]==========================*/

bool_t gpioInit( gpioMap_t pin, gpioInit_t config )
{
   if( pin == VCC ){
1a0019d4:	f110 0f02 	cmn.w	r0, #2
1a0019d8:	f000 80c7 	beq.w	1a001b6a <gpioInit+0x196>
	  return FALSE;
   }
   if( pin == GND ){
1a0019dc:	f1b0 3fff 	cmp.w	r0, #4294967295
1a0019e0:	f000 80c5 	beq.w	1a001b6e <gpioInit+0x19a>
{
1a0019e4:	b570      	push	{r4, r5, r6, lr}
1a0019e6:	b084      	sub	sp, #16
1a0019e8:	460c      	mov	r4, r1
	  return FALSE;
   }

   bool_t ret_val     = 1;

   int8_t pinNamePort = 0;
1a0019ea:	2300      	movs	r3, #0
1a0019ec:	f88d 300f 	strb.w	r3, [sp, #15]
   int8_t pinNamePin  = 0;
1a0019f0:	f88d 300e 	strb.w	r3, [sp, #14]

   int8_t func        = 0;
1a0019f4:	f88d 300d 	strb.w	r3, [sp, #13]

   int8_t gpioPort    = 0;
1a0019f8:	f88d 300c 	strb.w	r3, [sp, #12]
   int8_t gpioPin     = 0;
1a0019fc:	f88d 300b 	strb.w	r3, [sp, #11]

   gpioObtainPinInit( pin, &pinNamePort, &pinNamePin, &func,
1a001a00:	f10d 030b 	add.w	r3, sp, #11
1a001a04:	9301      	str	r3, [sp, #4]
1a001a06:	ab03      	add	r3, sp, #12
1a001a08:	9300      	str	r3, [sp, #0]
1a001a0a:	f10d 030d 	add.w	r3, sp, #13
1a001a0e:	f10d 020e 	add.w	r2, sp, #14
1a001a12:	f10d 010f 	add.w	r1, sp, #15
1a001a16:	f7ff ffc3 	bl	1a0019a0 <gpioObtainPinInit>
                      &gpioPort, &gpioPin );

   switch(config) {
1a001a1a:	2c05      	cmp	r4, #5
1a001a1c:	f200 80a9 	bhi.w	1a001b72 <gpioInit+0x19e>
1a001a20:	e8df f004 	tbb	[pc, r4]
1a001a24:	45270981 	.word	0x45270981
1a001a28:	0363      	.short	0x0363

   case GPIO_ENABLE:
      /* Initializes GPIO */
      Chip_GPIO_Init(LPC_GPIO_PORT);
1a001a2a:	4853      	ldr	r0, [pc, #332]	; (1a001b78 <gpioInit+0x1a4>)
1a001a2c:	f7ff faee 	bl	1a00100c <Chip_GPIO_Init>
   bool_t ret_val     = 1;
1a001a30:	2001      	movs	r0, #1
      break;
   }

   return ret_val;

}
1a001a32:	b004      	add	sp, #16
1a001a34:	bd70      	pop	{r4, r5, r6, pc}
      Chip_SCU_PinMux(
1a001a36:	f89d 100f 	ldrb.w	r1, [sp, #15]
1a001a3a:	f89d 300e 	ldrb.w	r3, [sp, #14]
1a001a3e:	f89d 200d 	ldrb.w	r2, [sp, #13]
	LPC_SCU->SFSP[port][pin] = modefunc;
1a001a42:	f042 02d0 	orr.w	r2, r2, #208	; 0xd0
1a001a46:	eb03 1341 	add.w	r3, r3, r1, lsl #5
1a001a4a:	494c      	ldr	r1, [pc, #304]	; (1a001b7c <gpioInit+0x1a8>)
1a001a4c:	f841 2023 	str.w	r2, [r1, r3, lsl #2]
      Chip_GPIO_SetDir( LPC_GPIO_PORT, gpioPort, ( 1 << gpioPin ), 0 );
1a001a50:	f89d 300c 	ldrb.w	r3, [sp, #12]
1a001a54:	f99d 200b 	ldrsb.w	r2, [sp, #11]
1a001a58:	2001      	movs	r0, #1
1a001a5a:	fa00 f102 	lsl.w	r1, r0, r2
{
	if (out) {
		pGPIO->DIR[portNum] |= bitValue;
	}
	else {
		pGPIO->DIR[portNum] &= ~bitValue;
1a001a5e:	4c46      	ldr	r4, [pc, #280]	; (1a001b78 <gpioInit+0x1a4>)
1a001a60:	f503 6300 	add.w	r3, r3, #2048	; 0x800
1a001a64:	f854 2023 	ldr.w	r2, [r4, r3, lsl #2]
1a001a68:	ea22 0201 	bic.w	r2, r2, r1
1a001a6c:	f844 2023 	str.w	r2, [r4, r3, lsl #2]
1a001a70:	e7df      	b.n	1a001a32 <gpioInit+0x5e>
      Chip_SCU_PinMux(
1a001a72:	f89d 100f 	ldrb.w	r1, [sp, #15]
1a001a76:	f89d 300e 	ldrb.w	r3, [sp, #14]
1a001a7a:	f89d 200d 	ldrb.w	r2, [sp, #13]
1a001a7e:	f042 02c0 	orr.w	r2, r2, #192	; 0xc0
1a001a82:	eb03 1341 	add.w	r3, r3, r1, lsl #5
1a001a86:	493d      	ldr	r1, [pc, #244]	; (1a001b7c <gpioInit+0x1a8>)
1a001a88:	f841 2023 	str.w	r2, [r1, r3, lsl #2]
      Chip_GPIO_SetDir( LPC_GPIO_PORT, gpioPort, ( 1 << gpioPin ), 0 );
1a001a8c:	f89d 300c 	ldrb.w	r3, [sp, #12]
1a001a90:	f99d 200b 	ldrsb.w	r2, [sp, #11]
1a001a94:	2001      	movs	r0, #1
1a001a96:	fa00 f102 	lsl.w	r1, r0, r2
1a001a9a:	4c37      	ldr	r4, [pc, #220]	; (1a001b78 <gpioInit+0x1a4>)
1a001a9c:	f503 6300 	add.w	r3, r3, #2048	; 0x800
1a001aa0:	f854 2023 	ldr.w	r2, [r4, r3, lsl #2]
1a001aa4:	ea22 0201 	bic.w	r2, r2, r1
1a001aa8:	f844 2023 	str.w	r2, [r4, r3, lsl #2]
1a001aac:	e7c1      	b.n	1a001a32 <gpioInit+0x5e>
      Chip_SCU_PinMux(
1a001aae:	f89d 100f 	ldrb.w	r1, [sp, #15]
1a001ab2:	f89d 300e 	ldrb.w	r3, [sp, #14]
1a001ab6:	f89d 200d 	ldrb.w	r2, [sp, #13]
1a001aba:	f042 02d8 	orr.w	r2, r2, #216	; 0xd8
1a001abe:	eb03 1341 	add.w	r3, r3, r1, lsl #5
1a001ac2:	492e      	ldr	r1, [pc, #184]	; (1a001b7c <gpioInit+0x1a8>)
1a001ac4:	f841 2023 	str.w	r2, [r1, r3, lsl #2]
      Chip_GPIO_SetDir( LPC_GPIO_PORT, gpioPort, ( 1 << gpioPin ), 0 );
1a001ac8:	f89d 300c 	ldrb.w	r3, [sp, #12]
1a001acc:	f99d 200b 	ldrsb.w	r2, [sp, #11]
1a001ad0:	2001      	movs	r0, #1
1a001ad2:	fa00 f102 	lsl.w	r1, r0, r2
1a001ad6:	4c28      	ldr	r4, [pc, #160]	; (1a001b78 <gpioInit+0x1a4>)
1a001ad8:	f503 6300 	add.w	r3, r3, #2048	; 0x800
1a001adc:	f854 2023 	ldr.w	r2, [r4, r3, lsl #2]
1a001ae0:	ea22 0201 	bic.w	r2, r2, r1
1a001ae4:	f844 2023 	str.w	r2, [r4, r3, lsl #2]
1a001ae8:	e7a3      	b.n	1a001a32 <gpioInit+0x5e>
      Chip_SCU_PinMux(
1a001aea:	f89d 100f 	ldrb.w	r1, [sp, #15]
1a001aee:	f89d 300e 	ldrb.w	r3, [sp, #14]
1a001af2:	f89d 200d 	ldrb.w	r2, [sp, #13]
1a001af6:	f042 02c8 	orr.w	r2, r2, #200	; 0xc8
1a001afa:	eb03 1341 	add.w	r3, r3, r1, lsl #5
1a001afe:	491f      	ldr	r1, [pc, #124]	; (1a001b7c <gpioInit+0x1a8>)
1a001b00:	f841 2023 	str.w	r2, [r1, r3, lsl #2]
      Chip_GPIO_SetDir( LPC_GPIO_PORT, gpioPort, ( 1 << gpioPin ), 0 );
1a001b04:	f89d 300c 	ldrb.w	r3, [sp, #12]
1a001b08:	f99d 200b 	ldrsb.w	r2, [sp, #11]
1a001b0c:	2001      	movs	r0, #1
1a001b0e:	fa00 f102 	lsl.w	r1, r0, r2
1a001b12:	4c19      	ldr	r4, [pc, #100]	; (1a001b78 <gpioInit+0x1a4>)
1a001b14:	f503 6300 	add.w	r3, r3, #2048	; 0x800
1a001b18:	f854 2023 	ldr.w	r2, [r4, r3, lsl #2]
1a001b1c:	ea22 0201 	bic.w	r2, r2, r1
1a001b20:	f844 2023 	str.w	r2, [r4, r3, lsl #2]
1a001b24:	e785      	b.n	1a001a32 <gpioInit+0x5e>
      Chip_SCU_PinMux(
1a001b26:	f89d 100f 	ldrb.w	r1, [sp, #15]
1a001b2a:	f89d 300e 	ldrb.w	r3, [sp, #14]
1a001b2e:	f89d 200d 	ldrb.w	r2, [sp, #13]
1a001b32:	f042 02d0 	orr.w	r2, r2, #208	; 0xd0
1a001b36:	eb03 1341 	add.w	r3, r3, r1, lsl #5
1a001b3a:	4910      	ldr	r1, [pc, #64]	; (1a001b7c <gpioInit+0x1a8>)
1a001b3c:	f841 2023 	str.w	r2, [r1, r3, lsl #2]
      Chip_GPIO_SetDir( LPC_GPIO_PORT, gpioPort, ( 1 << gpioPin ), 1 );
1a001b40:	f89d 400c 	ldrb.w	r4, [sp, #12]
1a001b44:	f99d 200b 	ldrsb.w	r2, [sp, #11]
1a001b48:	2001      	movs	r0, #1
1a001b4a:	fa00 f102 	lsl.w	r1, r0, r2
		pGPIO->DIR[portNum] |= bitValue;
1a001b4e:	4b0a      	ldr	r3, [pc, #40]	; (1a001b78 <gpioInit+0x1a4>)
1a001b50:	f504 6500 	add.w	r5, r4, #2048	; 0x800
1a001b54:	f853 6025 	ldr.w	r6, [r3, r5, lsl #2]
1a001b58:	4331      	orrs	r1, r6
1a001b5a:	f843 1025 	str.w	r1, [r3, r5, lsl #2]
      Chip_GPIO_SetPinState( LPC_GPIO_PORT, gpioPort, gpioPin, 0);
1a001b5e:	b2d2      	uxtb	r2, r2
	pGPIO->B[port][pin] = setting;
1a001b60:	eb03 1344 	add.w	r3, r3, r4, lsl #5
1a001b64:	2100      	movs	r1, #0
1a001b66:	5499      	strb	r1, [r3, r2]
1a001b68:	e763      	b.n	1a001a32 <gpioInit+0x5e>
	  return FALSE;
1a001b6a:	2000      	movs	r0, #0
1a001b6c:	4770      	bx	lr
	  return FALSE;
1a001b6e:	2000      	movs	r0, #0
}
1a001b70:	4770      	bx	lr
      ret_val = 0;
1a001b72:	2000      	movs	r0, #0
1a001b74:	e75d      	b.n	1a001a32 <gpioInit+0x5e>
1a001b76:	bf00      	nop
1a001b78:	400f4000 	.word	0x400f4000
1a001b7c:	40086000 	.word	0x40086000

1a001b80 <gpioWrite>:


bool_t gpioWrite( gpioMap_t pin, bool_t value )
{
   if( pin == VCC ){
1a001b80:	f110 0f02 	cmn.w	r0, #2
1a001b84:	d02d      	beq.n	1a001be2 <gpioWrite+0x62>
	  return FALSE;
   }
   if( pin == GND ){
1a001b86:	f1b0 3fff 	cmp.w	r0, #4294967295
1a001b8a:	d02c      	beq.n	1a001be6 <gpioWrite+0x66>
{
1a001b8c:	b510      	push	{r4, lr}
1a001b8e:	b084      	sub	sp, #16
1a001b90:	460c      	mov	r4, r1
	  return FALSE;
   }

   bool_t ret_val     = 1;

   int8_t pinNamePort = 0;
1a001b92:	2300      	movs	r3, #0
1a001b94:	f88d 300f 	strb.w	r3, [sp, #15]
   int8_t pinNamePin  = 0;
1a001b98:	f88d 300e 	strb.w	r3, [sp, #14]

   int8_t func        = 0;
1a001b9c:	f88d 300d 	strb.w	r3, [sp, #13]

   int8_t gpioPort    = 0;
1a001ba0:	f88d 300c 	strb.w	r3, [sp, #12]
   int8_t gpioPin     = 0;
1a001ba4:	f88d 300b 	strb.w	r3, [sp, #11]

   gpioObtainPinInit( pin, &pinNamePort, &pinNamePin, &func,
1a001ba8:	f10d 030b 	add.w	r3, sp, #11
1a001bac:	9301      	str	r3, [sp, #4]
1a001bae:	ab03      	add	r3, sp, #12
1a001bb0:	9300      	str	r3, [sp, #0]
1a001bb2:	f10d 030d 	add.w	r3, sp, #13
1a001bb6:	f10d 020e 	add.w	r2, sp, #14
1a001bba:	f10d 010f 	add.w	r1, sp, #15
1a001bbe:	f7ff feef 	bl	1a0019a0 <gpioObtainPinInit>
                      &gpioPort, &gpioPin );

   Chip_GPIO_SetPinState( LPC_GPIO_PORT, gpioPort, gpioPin, value);
1a001bc2:	f89d 300c 	ldrb.w	r3, [sp, #12]
1a001bc6:	f89d 200b 	ldrb.w	r2, [sp, #11]
1a001bca:	1c21      	adds	r1, r4, #0
1a001bcc:	bf18      	it	ne
1a001bce:	2101      	movne	r1, #1
1a001bd0:	015b      	lsls	r3, r3, #5
1a001bd2:	f103 2340 	add.w	r3, r3, #1073758208	; 0x40004000
1a001bd6:	f503 2370 	add.w	r3, r3, #983040	; 0xf0000
1a001bda:	5499      	strb	r1, [r3, r2]

   return ret_val;
1a001bdc:	2001      	movs	r0, #1
}
1a001bde:	b004      	add	sp, #16
1a001be0:	bd10      	pop	{r4, pc}
	  return FALSE;
1a001be2:	2000      	movs	r0, #0
1a001be4:	4770      	bx	lr
	  return FALSE;
1a001be6:	2000      	movs	r0, #0
}
1a001be8:	4770      	bx	lr

1a001bea <gpioRead>:
}


bool_t gpioRead( gpioMap_t pin )
{
   if( pin == VCC ){
1a001bea:	f110 0f02 	cmn.w	r0, #2
1a001bee:	d02c      	beq.n	1a001c4a <gpioRead+0x60>
      return TRUE;
   }
   if( pin == GND ){
1a001bf0:	f1b0 3fff 	cmp.w	r0, #4294967295
1a001bf4:	d02b      	beq.n	1a001c4e <gpioRead+0x64>
{
1a001bf6:	b500      	push	{lr}
1a001bf8:	b085      	sub	sp, #20
      return FALSE;
   }

   bool_t ret_val     = OFF;

   int8_t pinNamePort = 0;
1a001bfa:	2300      	movs	r3, #0
1a001bfc:	f88d 300f 	strb.w	r3, [sp, #15]
   int8_t pinNamePin  = 0;
1a001c00:	f88d 300e 	strb.w	r3, [sp, #14]

   int8_t func        = 0;
1a001c04:	f88d 300d 	strb.w	r3, [sp, #13]

   int8_t gpioPort    = 0;
1a001c08:	f88d 300c 	strb.w	r3, [sp, #12]
   int8_t gpioPin     = 0;
1a001c0c:	f88d 300b 	strb.w	r3, [sp, #11]

   gpioObtainPinInit( pin, &pinNamePort, &pinNamePin, &func,
1a001c10:	f10d 030b 	add.w	r3, sp, #11
1a001c14:	9301      	str	r3, [sp, #4]
1a001c16:	ab03      	add	r3, sp, #12
1a001c18:	9300      	str	r3, [sp, #0]
1a001c1a:	f10d 030d 	add.w	r3, sp, #13
1a001c1e:	f10d 020e 	add.w	r2, sp, #14
1a001c22:	f10d 010f 	add.w	r1, sp, #15
1a001c26:	f7ff febb 	bl	1a0019a0 <gpioObtainPinInit>
                      &gpioPort, &gpioPin );

   ret_val = (bool_t) Chip_GPIO_ReadPortBit( LPC_GPIO_PORT, gpioPort, gpioPin );
1a001c2a:	f99d 300c 	ldrsb.w	r3, [sp, #12]
1a001c2e:	f89d 200b 	ldrb.w	r2, [sp, #11]
	return (bool) pGPIO->B[port][pin];
1a001c32:	015b      	lsls	r3, r3, #5
1a001c34:	f103 2340 	add.w	r3, r3, #1073758208	; 0x40004000
1a001c38:	f503 2370 	add.w	r3, r3, #983040	; 0xf0000
1a001c3c:	5c98      	ldrb	r0, [r3, r2]
1a001c3e:	3000      	adds	r0, #0
1a001c40:	bf18      	it	ne
1a001c42:	2001      	movne	r0, #1

   return ret_val;
}
1a001c44:	b005      	add	sp, #20
1a001c46:	f85d fb04 	ldr.w	pc, [sp], #4
      return TRUE;
1a001c4a:	2001      	movs	r0, #1
1a001c4c:	4770      	bx	lr
      return FALSE;
1a001c4e:	2000      	movs	r0, #0
}
1a001c50:	4770      	bx	lr
1a001c52:	Address 0x1a001c52 is out of bounds.


1a001c54 <adcInit>:
 * @brief:  enable/disable the ADC and DAC peripheral
 * @param:  ADC_ENABLE, ADC_DISABLE
 * @return: none
*/
void adcInit( adcInit_t config )
{
1a001c54:	b530      	push	{r4, r5, lr}
1a001c56:	b083      	sub	sp, #12
   T_FIL3  ---- 7   ADC0_0 (ANALOG_SEL)
   T_COL1  ---- 132 ADC0_4 (ANALOG_SEL)
   ENET_MDC --- 140 ADC1_6 (ANALOG_SEL)
   */
   
   switch(config) {
1a001c58:	b118      	cbz	r0, 1a001c62 <adcInit+0xe>
1a001c5a:	2801      	cmp	r0, #1
1a001c5c:	d04a      	beq.n	1a001cf4 <adcInit+0xa0>
         /* Disable ADC peripheral */
         Chip_ADC_DeInit( LPC_ADC0 );
         break;
      }

}
1a001c5e:	b003      	add	sp, #12
1a001c60:	bd30      	pop	{r4, r5, pc}
         ADC_CLOCK_SETUP_T ADCSetup = {
1a001c62:	4b26      	ldr	r3, [pc, #152]	; (1a001cfc <adcInit+0xa8>)
1a001c64:	466d      	mov	r5, sp
1a001c66:	e893 0003 	ldmia.w	r3, {r0, r1}
1a001c6a:	e885 0003 	stmia.w	r5, {r0, r1}
         Chip_ADC_Init( LPC_ADC0, &ADCSetup );
1a001c6e:	4c24      	ldr	r4, [pc, #144]	; (1a001d00 <adcInit+0xac>)
1a001c70:	4629      	mov	r1, r5
1a001c72:	4620      	mov	r0, r4
1a001c74:	f7ff fa02 	bl	1a00107c <Chip_ADC_Init>
         Chip_ADC_SetBurstCmd( LPC_ADC0, DISABLE );
1a001c78:	2100      	movs	r1, #0
1a001c7a:	4620      	mov	r0, r4
1a001c7c:	f7ff fa9d 	bl	1a0011ba <Chip_ADC_SetBurstCmd>
         Chip_ADC_SetSampleRate( LPC_ADC0, &ADCSetup, ADC_MAX_SAMPLE_RATE/2 );
1a001c80:	4a20      	ldr	r2, [pc, #128]	; (1a001d04 <adcInit+0xb0>)
1a001c82:	4629      	mov	r1, r5
1a001c84:	4620      	mov	r0, r4
1a001c86:	f7ff fa64 	bl	1a001152 <Chip_ADC_SetSampleRate>
         Chip_ADC_EnableChannel( LPC_ADC0, ADC_CH1, DISABLE );
1a001c8a:	2200      	movs	r2, #0
1a001c8c:	2101      	movs	r1, #1
1a001c8e:	4620      	mov	r0, r4
1a001c90:	f7ff fa7e 	bl	1a001190 <Chip_ADC_EnableChannel>
         Chip_ADC_Int_SetChannelCmd( LPC_ADC0, ADC_CH1, DISABLE );
1a001c94:	2200      	movs	r2, #0
1a001c96:	2101      	movs	r1, #1
1a001c98:	4620      	mov	r0, r4
1a001c9a:	f7ff fa39 	bl	1a001110 <Chip_ADC_Int_SetChannelCmd>
         Chip_ADC_EnableChannel( LPC_ADC0, ADC_CH2, DISABLE );
1a001c9e:	2200      	movs	r2, #0
1a001ca0:	2102      	movs	r1, #2
1a001ca2:	4620      	mov	r0, r4
1a001ca4:	f7ff fa74 	bl	1a001190 <Chip_ADC_EnableChannel>
         Chip_ADC_Int_SetChannelCmd( LPC_ADC0, ADC_CH2, DISABLE );
1a001ca8:	2200      	movs	r2, #0
1a001caa:	2102      	movs	r1, #2
1a001cac:	4620      	mov	r0, r4
1a001cae:	f7ff fa2f 	bl	1a001110 <Chip_ADC_Int_SetChannelCmd>
         Chip_ADC_EnableChannel( LPC_ADC0, ADC_CH3, DISABLE );
1a001cb2:	2200      	movs	r2, #0
1a001cb4:	2103      	movs	r1, #3
1a001cb6:	4620      	mov	r0, r4
1a001cb8:	f7ff fa6a 	bl	1a001190 <Chip_ADC_EnableChannel>
         Chip_ADC_Int_SetChannelCmd( LPC_ADC0, ADC_CH3, DISABLE );
1a001cbc:	2200      	movs	r2, #0
1a001cbe:	2103      	movs	r1, #3
1a001cc0:	4620      	mov	r0, r4
1a001cc2:	f7ff fa25 	bl	1a001110 <Chip_ADC_Int_SetChannelCmd>
         Chip_ADC_EnableChannel( LPC_ADC0, ADC_CH4, DISABLE );
1a001cc6:	2200      	movs	r2, #0
1a001cc8:	2104      	movs	r1, #4
1a001cca:	4620      	mov	r0, r4
1a001ccc:	f7ff fa60 	bl	1a001190 <Chip_ADC_EnableChannel>
         Chip_ADC_Int_SetChannelCmd( LPC_ADC0, ADC_CH4, DISABLE );
1a001cd0:	2200      	movs	r2, #0
1a001cd2:	2104      	movs	r1, #4
1a001cd4:	4620      	mov	r0, r4
1a001cd6:	f7ff fa1b 	bl	1a001110 <Chip_ADC_Int_SetChannelCmd>
	LPC_SCU->ENAIO[ADC_ID] |= 1UL << channel;
1a001cda:	4a0b      	ldr	r2, [pc, #44]	; (1a001d08 <adcInit+0xb4>)
1a001cdc:	f8d2 3c88 	ldr.w	r3, [r2, #3208]	; 0xc88
1a001ce0:	f043 0310 	orr.w	r3, r3, #16
1a001ce4:	f8c2 3c88 	str.w	r3, [r2, #3208]	; 0xc88
         Chip_ADC_Int_SetChannelCmd( LPC_ADC0, ADC_CH5, DISABLE ); // Revisar codigo
1a001ce8:	2200      	movs	r2, #0
1a001cea:	2105      	movs	r1, #5
1a001cec:	4620      	mov	r0, r4
1a001cee:	f7ff fa0f 	bl	1a001110 <Chip_ADC_Int_SetChannelCmd>
      break;
1a001cf2:	e7b4      	b.n	1a001c5e <adcInit+0xa>
         Chip_ADC_DeInit( LPC_ADC0 );
1a001cf4:	4802      	ldr	r0, [pc, #8]	; (1a001d00 <adcInit+0xac>)
1a001cf6:	f7ff f9e1 	bl	1a0010bc <Chip_ADC_DeInit>
}
1a001cfa:	e7b0      	b.n	1a001c5e <adcInit+0xa>
1a001cfc:	1a009e68 	.word	0x1a009e68
1a001d00:	400e3000 	.word	0x400e3000
1a001d04:	00030d40 	.word	0x00030d40
1a001d08:	40086000 	.word	0x40086000

1a001d0c <adcRead>:
 * @brief   Get the value of one ADC channel. Mode: BLOCKING
 * @param   AI0 ... AIn
 * @return  analog value
 */
uint16_t adcRead( adcMap_t analogInput )
{
1a001d0c:	b570      	push	{r4, r5, r6, lr}
1a001d0e:	b082      	sub	sp, #8
   uint8_t lpcAdcChannel = analogInput + 1;
1a001d10:	3001      	adds	r0, #1
1a001d12:	b2c4      	uxtb	r4, r0
   uint16_t analogValue = 0;
1a001d14:	2600      	movs	r6, #0
1a001d16:	f8ad 6006 	strh.w	r6, [sp, #6]

   // Enable channel
   Chip_ADC_EnableChannel(LPC_ADC0, lpcAdcChannel, ENABLE);
1a001d1a:	4d11      	ldr	r5, [pc, #68]	; (1a001d60 <adcRead+0x54>)
1a001d1c:	2201      	movs	r2, #1
1a001d1e:	4621      	mov	r1, r4
1a001d20:	4628      	mov	r0, r5
1a001d22:	f7ff fa35 	bl	1a001190 <Chip_ADC_EnableChannel>

   // Start conversion
   Chip_ADC_SetStartMode(LPC_ADC0, ADC_START_NOW, ADC_TRIGGERMODE_RISING);
1a001d26:	4632      	mov	r2, r6
1a001d28:	2101      	movs	r1, #1
1a001d2a:	4628      	mov	r0, r5
1a001d2c:	f7ff fa01 	bl	1a001132 <Chip_ADC_SetStartMode>

   // Wait for conversion complete
   while(
      (Chip_ADC_ReadStatus(LPC_ADC0, lpcAdcChannel, ADC_DR_DONE_STAT) != SET)
1a001d30:	2200      	movs	r2, #0
1a001d32:	4621      	mov	r1, r4
1a001d34:	480a      	ldr	r0, [pc, #40]	; (1a001d60 <adcRead+0x54>)
1a001d36:	f7ff f9d0 	bl	1a0010da <Chip_ADC_ReadStatus>
   while(
1a001d3a:	2801      	cmp	r0, #1
1a001d3c:	d1f8      	bne.n	1a001d30 <adcRead+0x24>
   );

   // Enable Read value
   Chip_ADC_ReadValue( LPC_ADC0, lpcAdcChannel, &analogValue );
1a001d3e:	4d08      	ldr	r5, [pc, #32]	; (1a001d60 <adcRead+0x54>)
1a001d40:	f10d 0206 	add.w	r2, sp, #6
1a001d44:	4621      	mov	r1, r4
1a001d46:	4628      	mov	r0, r5
1a001d48:	f7ff f9c3 	bl	1a0010d2 <Chip_ADC_ReadValue>

   // Disable channel
   Chip_ADC_EnableChannel( LPC_ADC0, lpcAdcChannel, DISABLE );
1a001d4c:	2200      	movs	r2, #0
1a001d4e:	4621      	mov	r1, r4
1a001d50:	4628      	mov	r0, r5
1a001d52:	f7ff fa1d 	bl	1a001190 <Chip_ADC_EnableChannel>

   return analogValue;
}
1a001d56:	f8bd 0006 	ldrh.w	r0, [sp, #6]
1a001d5a:	b002      	add	sp, #8
1a001d5c:	bd70      	pop	{r4, r5, r6, pc}
1a001d5e:	bf00      	nop
1a001d60:	400e3000 	.word	0x400e3000

1a001d64 <tickRead>:
   #ifdef USE_FREERTOS
      return xTaskGetTickCount();
   #else
      return tickCounter;
   #endif
}
1a001d64:	4b01      	ldr	r3, [pc, #4]	; (1a001d6c <tickRead+0x8>)
1a001d66:	e9d3 0100 	ldrd	r0, r1, [r3]
1a001d6a:	4770      	bx	lr
1a001d6c:	10000a10 	.word	0x10000a10

1a001d70 <tickPowerSet>:
void tickPowerSet( bool_t power )
{
   #ifdef USE_FREERTOS
      uartWriteString( UART_USB, "Use of tickPowerSet() in a program with freeRTOS has no effect\r\n" );
   #else
      if( power ) {
1a001d70:	b118      	cbz	r0, 1a001d7a <tickPowerSet+0xa>
         // Enable SysTick IRQ and SysTick Timer
         SysTick->CTRL = SysTick_CTRL_CLKSOURCE_Msk |
1a001d72:	4b04      	ldr	r3, [pc, #16]	; (1a001d84 <tickPowerSet+0x14>)
1a001d74:	2207      	movs	r2, #7
1a001d76:	601a      	str	r2, [r3, #0]
1a001d78:	4770      	bx	lr
                         SysTick_CTRL_TICKINT_Msk   |
                         SysTick_CTRL_ENABLE_Msk;
      } else {
         // Disable SysTick IRQ and SysTick Timer
         SysTick->CTRL = 0x0000000;
1a001d7a:	4b02      	ldr	r3, [pc, #8]	; (1a001d84 <tickPowerSet+0x14>)
1a001d7c:	2200      	movs	r2, #0
1a001d7e:	601a      	str	r2, [r3, #0]
      }
   #endif
}
1a001d80:	4770      	bx	lr
1a001d82:	bf00      	nop
1a001d84:	e000e010 	.word	0xe000e010

1a001d88 <tickInit>:
{
1a001d88:	b538      	push	{r3, r4, r5, lr}
      if( tickRateMSvalue == 0 ) {
1a001d8a:	ea50 0401 	orrs.w	r4, r0, r1
1a001d8e:	d02a      	beq.n	1a001de6 <tickInit+0x5e>
         if( (tickRateMSvalue >= 1) && (tickRateMSvalue <= 50) ) {
1a001d90:	f110 32ff 	adds.w	r2, r0, #4294967295
1a001d94:	f141 33ff 	adc.w	r3, r1, #4294967295
1a001d98:	2b00      	cmp	r3, #0
1a001d9a:	bf08      	it	eq
1a001d9c:	2a32      	cmpeq	r2, #50	; 0x32
1a001d9e:	d227      	bcs.n	1a001df0 <tickInit+0x68>
            tickRateMS = tickRateMSvalue;
1a001da0:	4b14      	ldr	r3, [pc, #80]	; (1a001df4 <tickInit+0x6c>)
1a001da2:	e9c3 0100 	strd	r0, r1, [r3]
            SysTick_Config( SystemCoreClock * tickRateMSvalue / 1000 );
1a001da6:	4b14      	ldr	r3, [pc, #80]	; (1a001df8 <tickInit+0x70>)
1a001da8:	681b      	ldr	r3, [r3, #0]
1a001daa:	fba3 4500 	umull	r4, r5, r3, r0
1a001dae:	fb03 5501 	mla	r5, r3, r1, r5
1a001db2:	f44f 727a 	mov.w	r2, #1000	; 0x3e8
1a001db6:	2300      	movs	r3, #0
1a001db8:	4620      	mov	r0, r4
1a001dba:	4629      	mov	r1, r5
1a001dbc:	f000 fdac 	bl	1a002918 <__aeabi_uldivmod>
           function <b>SysTick_Config</b> is not included. In this case, the file <b><i>device</i>.h</b>
           must contain a vendor-specific implementation of this function.
 */
__STATIC_INLINE uint32_t SysTick_Config(uint32_t ticks)
{
  if ((ticks - 1UL) > SysTick_LOAD_RELOAD_Msk)
1a001dc0:	3801      	subs	r0, #1
1a001dc2:	f1b0 7f80 	cmp.w	r0, #16777216	; 0x1000000
1a001dc6:	d209      	bcs.n	1a001ddc <tickInit+0x54>
  {
    return (1UL);                                                   /* Reload value impossible */
  }

  SysTick->LOAD  = (uint32_t)(ticks - 1UL);                         /* set reload register */
1a001dc8:	4b0c      	ldr	r3, [pc, #48]	; (1a001dfc <tickInit+0x74>)
1a001dca:	6058      	str	r0, [r3, #4]
    SCB->SHP[(((uint32_t)IRQn) & 0xFUL)-4UL] = (uint8_t)((priority << (8U - __NVIC_PRIO_BITS)) & (uint32_t)0xFFUL);
1a001dcc:	4a0c      	ldr	r2, [pc, #48]	; (1a001e00 <tickInit+0x78>)
1a001dce:	21e0      	movs	r1, #224	; 0xe0
1a001dd0:	f882 1023 	strb.w	r1, [r2, #35]	; 0x23
  NVIC_SetPriority (SysTick_IRQn, (1UL << __NVIC_PRIO_BITS) - 1UL); /* set Priority for Systick Interrupt */
  SysTick->VAL   = 0UL;                                             /* Load the SysTick Counter Value */
1a001dd4:	2200      	movs	r2, #0
1a001dd6:	609a      	str	r2, [r3, #8]
  SysTick->CTRL  = SysTick_CTRL_CLKSOURCE_Msk |
1a001dd8:	2207      	movs	r2, #7
1a001dda:	601a      	str	r2, [r3, #0]
            tickPowerSet( ON );
1a001ddc:	2001      	movs	r0, #1
1a001dde:	f7ff ffc7 	bl	1a001d70 <tickPowerSet>
      bool_t ret_val = 1;
1a001de2:	2001      	movs	r0, #1
}
1a001de4:	bd38      	pop	{r3, r4, r5, pc}
         tickPowerSet( OFF );
1a001de6:	2000      	movs	r0, #0
1a001de8:	f7ff ffc2 	bl	1a001d70 <tickPowerSet>
         ret_val = 0;
1a001dec:	2000      	movs	r0, #0
1a001dee:	e7f9      	b.n	1a001de4 <tickInit+0x5c>
            ret_val = 0;
1a001df0:	2000      	movs	r0, #0
1a001df2:	e7f7      	b.n	1a001de4 <tickInit+0x5c>
1a001df4:	10000040 	.word	0x10000040
1a001df8:	10000a54 	.word	0x10000a54
1a001dfc:	e000e010 	.word	0xe000e010
1a001e00:	e000ed00 	.word	0xe000ed00

1a001e04 <SysTick_Handler>:

//__attribute__ ((section(".after_vectors")))

// SysTick Timer ISR Handler
void tickerCallback( void )   // Before SysTick_Handler
{
1a001e04:	b508      	push	{r3, lr}
   // Increment Tick counters
   tickCounter++;
1a001e06:	4a07      	ldr	r2, [pc, #28]	; (1a001e24 <SysTick_Handler+0x20>)
1a001e08:	6813      	ldr	r3, [r2, #0]
1a001e0a:	6851      	ldr	r1, [r2, #4]
1a001e0c:	3301      	adds	r3, #1
1a001e0e:	f141 0100 	adc.w	r1, r1, #0
1a001e12:	6013      	str	r3, [r2, #0]
1a001e14:	6051      	str	r1, [r2, #4]
   // Execute Tick Hook function if pointer is not NULL
   if( (tickHookFunction != NULL) ) {
1a001e16:	4b04      	ldr	r3, [pc, #16]	; (1a001e28 <SysTick_Handler+0x24>)
1a001e18:	681b      	ldr	r3, [r3, #0]
1a001e1a:	b113      	cbz	r3, 1a001e22 <SysTick_Handler+0x1e>
      (* tickHookFunction )( callBackFuncParams );
1a001e1c:	4a03      	ldr	r2, [pc, #12]	; (1a001e2c <SysTick_Handler+0x28>)
1a001e1e:	6810      	ldr	r0, [r2, #0]
1a001e20:	4798      	blx	r3
   }
}
1a001e22:	bd08      	pop	{r3, pc}
1a001e24:	10000a10 	.word	0x10000a10
1a001e28:	10000a18 	.word	0x10000a18
1a001e2c:	10000a08 	.word	0x10000a08

1a001e30 <spiInit>:
bool_t spiInit( spiMap_t spi )
{

   bool_t retVal = TRUE;

   if( spi == SPI0 ) {
1a001e30:	b108      	cbz	r0, 1a001e36 <spiInit+0x6>
      #else
         #error BOARD compile variable must be defined
      #endif

   } else {
      retVal = FALSE;
1a001e32:	2000      	movs	r0, #0
   }

   return retVal;
}
1a001e34:	4770      	bx	lr
{
1a001e36:	b570      	push	{r4, r5, r6, lr}
	LPC_SCU->SFSP[port][pin] = modefunc;
1a001e38:	4c0e      	ldr	r4, [pc, #56]	; (1a001e74 <spiInit+0x44>)
1a001e3a:	2600      	movs	r6, #0
1a001e3c:	f8c4 6790 	str.w	r6, [r4, #1936]	; 0x790
1a001e40:	23c5      	movs	r3, #197	; 0xc5
1a001e42:	f8c4 308c 	str.w	r3, [r4, #140]	; 0x8c
1a001e46:	2305      	movs	r3, #5
1a001e48:	f8c4 3090 	str.w	r3, [r4, #144]	; 0x90
         Chip_SSP_Init( LPC_SSP1 );
1a001e4c:	4d0a      	ldr	r5, [pc, #40]	; (1a001e78 <spiInit+0x48>)
1a001e4e:	4628      	mov	r0, r5
1a001e50:	f7fe ffd6 	bl	1a000e00 <Chip_SSP_Init>
	pSSP->CR1 |= SSP_CR1_SSP_EN;
1a001e54:	686b      	ldr	r3, [r5, #4]
1a001e56:	f043 0302 	orr.w	r3, r3, #2
1a001e5a:	606b      	str	r3, [r5, #4]
1a001e5c:	f8c4 6304 	str.w	r6, [r4, #772]	; 0x304
	pGPIO->DIR[port] |= 1UL << pin;
1a001e60:	4906      	ldr	r1, [pc, #24]	; (1a001e7c <spiInit+0x4c>)
1a001e62:	f242 020c 	movw	r2, #8204	; 0x200c
1a001e66:	588b      	ldr	r3, [r1, r2]
1a001e68:	f043 0301 	orr.w	r3, r3, #1
1a001e6c:	508b      	str	r3, [r1, r2]
   bool_t retVal = TRUE;
1a001e6e:	2001      	movs	r0, #1
}
1a001e70:	bd70      	pop	{r4, r5, r6, pc}
1a001e72:	bf00      	nop
1a001e74:	40086000 	.word	0x40086000
1a001e78:	400c5000 	.word	0x400c5000
1a001e7c:	400f4000 	.word	0x400f4000

1a001e80 <spiWrite>:
   return retVal;
}


bool_t spiWrite( spiMap_t spi, uint8_t* buffer, uint32_t bufferSize)
{
1a001e80:	b500      	push	{lr}
1a001e82:	b087      	sub	sp, #28

   bool_t retVal = TRUE;

   Chip_SSP_DATA_SETUP_T xferConfig;

   xferConfig.tx_data = buffer;
1a001e84:	9101      	str	r1, [sp, #4]
   xferConfig.tx_cnt  = 0;
1a001e86:	2300      	movs	r3, #0
1a001e88:	9302      	str	r3, [sp, #8]
   xferConfig.rx_data = NULL;
1a001e8a:	9303      	str	r3, [sp, #12]
   xferConfig.rx_cnt  = 0;
1a001e8c:	9304      	str	r3, [sp, #16]
   xferConfig.length  = bufferSize;
1a001e8e:	9205      	str	r2, [sp, #20]

   if( spi == SPI0 ) {
1a001e90:	b118      	cbz	r0, 1a001e9a <spiWrite+0x1a>
      Chip_SSP_RWFrames_Blocking( LPC_SSP1, &xferConfig );
   } else {
      retVal = FALSE;
1a001e92:	2000      	movs	r0, #0
   }

   return retVal;
}
1a001e94:	b007      	add	sp, #28
1a001e96:	f85d fb04 	ldr.w	pc, [sp], #4
      Chip_SSP_RWFrames_Blocking( LPC_SSP1, &xferConfig );
1a001e9a:	a901      	add	r1, sp, #4
1a001e9c:	4802      	ldr	r0, [pc, #8]	; (1a001ea8 <spiWrite+0x28>)
1a001e9e:	f7fe ff3c 	bl	1a000d1a <Chip_SSP_RWFrames_Blocking>
   bool_t retVal = TRUE;
1a001ea2:	2001      	movs	r0, #1
1a001ea4:	e7f6      	b.n	1a001e94 <spiWrite+0x14>
1a001ea6:	bf00      	nop
1a001ea8:	400c5000 	.word	0x400c5000

1a001eac <uartInit>:

//-------------------------------------------------------------

// UART Initialization
void uartInit( uartMap_t uart, uint32_t baudRate )
{
1a001eac:	e92d 43f8 	stmdb	sp!, {r3, r4, r5, r6, r7, r8, r9, lr}
1a001eb0:	4680      	mov	r8, r0
1a001eb2:	4689      	mov	r9, r1
   // Initialize UART
   Chip_UART_Init( lpcUarts[uart].uartAddr );
1a001eb4:	4c19      	ldr	r4, [pc, #100]	; (1a001f1c <uartInit+0x70>)
1a001eb6:	0045      	lsls	r5, r0, #1
1a001eb8:	182a      	adds	r2, r5, r0
1a001eba:	0093      	lsls	r3, r2, #2
1a001ebc:	18e6      	adds	r6, r4, r3
1a001ebe:	58e7      	ldr	r7, [r4, r3]
1a001ec0:	4638      	mov	r0, r7
1a001ec2:	f7ff fc8b 	bl	1a0017dc <Chip_UART_Init>
   // Set Baud rate
   Chip_UART_SetBaud( lpcUarts[uart].uartAddr, baudRate );
1a001ec6:	4649      	mov	r1, r9
1a001ec8:	4638      	mov	r0, r7
1a001eca:	f7ff fcb1 	bl	1a001830 <Chip_UART_SetBaud>
	pUART->FCR = fcr;
1a001ece:	2307      	movs	r3, #7
1a001ed0:	60bb      	str	r3, [r7, #8]
	return (uint8_t) (pUART->RBR & UART_RBR_MASKBIT);
1a001ed2:	683b      	ldr	r3, [r7, #0]
    pUART->TER2 = UART_TER2_TXEN;
1a001ed4:	2301      	movs	r3, #1
1a001ed6:	65fb      	str	r3, [r7, #92]	; 0x5c
   
   // Enable UART Transmission
   Chip_UART_TXEnable( lpcUarts[uart].uartAddr );
   
   // Configure SCU UARTn_TXD pin
   Chip_SCU_PinMux( lpcUarts[uart].txPin.lpcScuPort,
1a001ed8:	7930      	ldrb	r0, [r6, #4]
1a001eda:	7973      	ldrb	r3, [r6, #5]
1a001edc:	79b2      	ldrb	r2, [r6, #6]
1a001ede:	f042 0218 	orr.w	r2, r2, #24
1a001ee2:	490f      	ldr	r1, [pc, #60]	; (1a001f20 <uartInit+0x74>)
1a001ee4:	eb03 1340 	add.w	r3, r3, r0, lsl #5
1a001ee8:	f841 2023 	str.w	r2, [r1, r3, lsl #2]
                    lpcUarts[uart].txPin.lpcScuPin,
                    MD_PDN,
                    lpcUarts[uart].txPin.lpcScuFunc );
                    
   // Configure SCU UARTn_RXD pin
   Chip_SCU_PinMux( lpcUarts[uart].rxPin.lpcScuPort,
1a001eec:	79f0      	ldrb	r0, [r6, #7]
1a001eee:	7a33      	ldrb	r3, [r6, #8]
1a001ef0:	7a72      	ldrb	r2, [r6, #9]
1a001ef2:	f042 02d0 	orr.w	r2, r2, #208	; 0xd0
1a001ef6:	eb03 1340 	add.w	r3, r3, r0, lsl #5
1a001efa:	f841 2023 	str.w	r2, [r1, r3, lsl #2]
                    lpcUarts[uart].rxPin.lpcScuPin,
                    MD_PLN | MD_EZI | MD_ZI,
                    lpcUarts[uart].rxPin.lpcScuFunc );

   // Specific configurations for RS485
   if( uart == UART_485 ) {
1a001efe:	f1b8 0f01 	cmp.w	r8, #1
1a001f02:	d001      	beq.n	1a001f08 <uartInit+0x5c>
      Chip_SCU_PinMux( lpcUart485DirPin.lpcScuPort,
                       lpcUart485DirPin.lpcScuPin,
                       MD_PDN,
                       lpcUart485DirPin.lpcScuFunc );
   }
}
1a001f04:	e8bd 83f8 	ldmia.w	sp!, {r3, r4, r5, r6, r7, r8, r9, pc}
 * @note	Use an Or'ed value of UART_RS485CTRL_* definitions with this
 *			call to set specific options.
 */
STATIC INLINE void Chip_UART_SetRS485Flags(LPC_USART_T *pUART, uint32_t ctrl)
{
	pUART->RS485CTRL |= ctrl;
1a001f08:	4a06      	ldr	r2, [pc, #24]	; (1a001f24 <uartInit+0x78>)
1a001f0a:	6cd3      	ldr	r3, [r2, #76]	; 0x4c
1a001f0c:	f043 0330 	orr.w	r3, r3, #48	; 0x30
1a001f10:	64d3      	str	r3, [r2, #76]	; 0x4c
1a001f12:	221a      	movs	r2, #26
1a001f14:	f8c1 2308 	str.w	r2, [r1, #776]	; 0x308
1a001f18:	e7f4      	b.n	1a001f04 <uartInit+0x58>
1a001f1a:	bf00      	nop
1a001f1c:	1a009e70 	.word	0x1a009e70
1a001f20:	40086000 	.word	0x40086000
1a001f24:	40081000 	.word	0x40081000

1a001f28 <USB0_IRQHandler>:
/**
 * @brief   Handle interrupt from USB
 * @return  Nothing
 */
#ifndef USB_HOST_ONLY // Parche para envitar conflictos con biblioteca host
void USB_IRQHandler(void){
1a001f28:	b508      	push	{r3, lr}
   USBD_API->hw->ISR(g_hUsb);
1a001f2a:	4b04      	ldr	r3, [pc, #16]	; (1a001f3c <USB0_IRQHandler+0x14>)
1a001f2c:	681b      	ldr	r3, [r3, #0]
1a001f2e:	681b      	ldr	r3, [r3, #0]
1a001f30:	68db      	ldr	r3, [r3, #12]
1a001f32:	4a03      	ldr	r2, [pc, #12]	; (1a001f40 <USB0_IRQHandler+0x18>)
1a001f34:	6810      	ldr	r0, [r2, #0]
1a001f36:	4798      	blx	r3
}
1a001f38:	bd08      	pop	{r3, pc}
1a001f3a:	bf00      	nop
1a001f3c:	10000a58 	.word	0x10000a58
1a001f40:	10000a1c 	.word	0x10000a1c

1a001f44 <boardInit>:

/*==================[external functions definition]==========================*/

/* Set up and initialize board hardware */
void boardInit(void)
{
1a001f44:	b508      	push	{r3, lr}
   // Read clock settings and update SystemCoreClock variable
   SystemCoreClockUpdate();
1a001f46:	f7ff f949 	bl	1a0011dc <SystemCoreClockUpdate>

   cyclesCounterInit( SystemCoreClock );
1a001f4a:	4b1a      	ldr	r3, [pc, #104]	; (1a001fb4 <boardInit+0x70>)
1a001f4c:	6818      	ldr	r0, [r3, #0]
1a001f4e:	f7ff fd19 	bl	1a001984 <cyclesCounterInit>

   // Inicializar el conteo de Ticks con resolucion de 1ms (si no se usa freeRTOS)
   #ifndef USE_FREERTOS
      tickInit( 1 );
1a001f52:	2001      	movs	r0, #1
1a001f54:	2100      	movs	r1, #0
1a001f56:	f7ff ff17 	bl	1a001d88 <tickInit>
      //#error CIAA-NXP

   #elif BOARD==edu_ciaa_nxp

      // Inicializar GPIOs
      gpioInit( 0, GPIO_ENABLE );
1a001f5a:	2105      	movs	r1, #5
1a001f5c:	2000      	movs	r0, #0
1a001f5e:	f7ff fd39 	bl	1a0019d4 <gpioInit>

      // Configuracion de pines de entrada para Teclas de la EDU-CIAA-NXP
      gpioInit( TEC1, GPIO_INPUT );
1a001f62:	2101      	movs	r1, #1
1a001f64:	2024      	movs	r0, #36	; 0x24
1a001f66:	f7ff fd35 	bl	1a0019d4 <gpioInit>
      gpioInit( TEC2, GPIO_INPUT );
1a001f6a:	2101      	movs	r1, #1
1a001f6c:	2025      	movs	r0, #37	; 0x25
1a001f6e:	f7ff fd31 	bl	1a0019d4 <gpioInit>
      gpioInit( TEC3, GPIO_INPUT );
1a001f72:	2101      	movs	r1, #1
1a001f74:	2026      	movs	r0, #38	; 0x26
1a001f76:	f7ff fd2d 	bl	1a0019d4 <gpioInit>
      gpioInit( TEC4, GPIO_INPUT );
1a001f7a:	2101      	movs	r1, #1
1a001f7c:	2027      	movs	r0, #39	; 0x27
1a001f7e:	f7ff fd29 	bl	1a0019d4 <gpioInit>

      // Configuracion de pines de salida para Leds de la EDU-CIAA-NXP
      gpioInit( LEDR, GPIO_OUTPUT );
1a001f82:	2100      	movs	r1, #0
1a001f84:	2028      	movs	r0, #40	; 0x28
1a001f86:	f7ff fd25 	bl	1a0019d4 <gpioInit>
      gpioInit( LEDG, GPIO_OUTPUT );
1a001f8a:	2100      	movs	r1, #0
1a001f8c:	2029      	movs	r0, #41	; 0x29
1a001f8e:	f7ff fd21 	bl	1a0019d4 <gpioInit>
      gpioInit( LEDB, GPIO_OUTPUT );
1a001f92:	2100      	movs	r1, #0
1a001f94:	202a      	movs	r0, #42	; 0x2a
1a001f96:	f7ff fd1d 	bl	1a0019d4 <gpioInit>
      gpioInit( LED1, GPIO_OUTPUT );
1a001f9a:	2100      	movs	r1, #0
1a001f9c:	202b      	movs	r0, #43	; 0x2b
1a001f9e:	f7ff fd19 	bl	1a0019d4 <gpioInit>
      gpioInit( LED2, GPIO_OUTPUT );
1a001fa2:	2100      	movs	r1, #0
1a001fa4:	202c      	movs	r0, #44	; 0x2c
1a001fa6:	f7ff fd15 	bl	1a0019d4 <gpioInit>
      gpioInit( LED3, GPIO_OUTPUT );
1a001faa:	2100      	movs	r1, #0
1a001fac:	202d      	movs	r0, #45	; 0x2d
1a001fae:	f7ff fd11 	bl	1a0019d4 <gpioInit>
   #else
      #error BOARD compile variable must be defined

   #endif

}
1a001fb2:	bd08      	pop	{r3, pc}
1a001fb4:	10000a54 	.word	0x10000a54

1a001fb8 <delay>:
/* ---- Blocking Delay ---- */

// delay( 1, DELAY_US );

void delay( tick_t duration_ms )
{
1a001fb8:	e92d 43f8 	stmdb	sp!, {r3, r4, r5, r6, r7, r8, r9, lr}
1a001fbc:	4680      	mov	r8, r0
1a001fbe:	4689      	mov	r9, r1
   tick_t startTime = tickRead();
1a001fc0:	f7ff fed0 	bl	1a001d64 <tickRead>
1a001fc4:	4606      	mov	r6, r0
1a001fc6:	460f      	mov	r7, r1
   while ( (tick_t)(tickRead() - startTime) < duration_ms/tickRateMS );
1a001fc8:	f7ff fecc 	bl	1a001d64 <tickRead>
1a001fcc:	1b84      	subs	r4, r0, r6
1a001fce:	eb61 0507 	sbc.w	r5, r1, r7
1a001fd2:	4b06      	ldr	r3, [pc, #24]	; (1a001fec <delay+0x34>)
1a001fd4:	e9d3 2300 	ldrd	r2, r3, [r3]
1a001fd8:	4640      	mov	r0, r8
1a001fda:	4649      	mov	r1, r9
1a001fdc:	f000 fc9c 	bl	1a002918 <__aeabi_uldivmod>
1a001fe0:	428d      	cmp	r5, r1
1a001fe2:	bf08      	it	eq
1a001fe4:	4284      	cmpeq	r4, r0
1a001fe6:	d3ef      	bcc.n	1a001fc8 <delay+0x10>
}
1a001fe8:	e8bd 83f8 	ldmia.w	sp!, {r3, r4, r5, r6, r7, r8, r9, pc}
1a001fec:	10000040 	.word	0x10000040

1a001ff0 <__aeabi_drsub>:
1a001ff0:	f081 4100 	eor.w	r1, r1, #2147483648	; 0x80000000
1a001ff4:	e002      	b.n	1a001ffc <__adddf3>
1a001ff6:	bf00      	nop

1a001ff8 <__aeabi_dsub>:
1a001ff8:	f083 4300 	eor.w	r3, r3, #2147483648	; 0x80000000

1a001ffc <__adddf3>:
1a001ffc:	b530      	push	{r4, r5, lr}
1a001ffe:	ea4f 0441 	mov.w	r4, r1, lsl #1
1a002002:	ea4f 0543 	mov.w	r5, r3, lsl #1
1a002006:	ea94 0f05 	teq	r4, r5
1a00200a:	bf08      	it	eq
1a00200c:	ea90 0f02 	teqeq	r0, r2
1a002010:	bf1f      	itttt	ne
1a002012:	ea54 0c00 	orrsne.w	ip, r4, r0
1a002016:	ea55 0c02 	orrsne.w	ip, r5, r2
1a00201a:	ea7f 5c64 	mvnsne.w	ip, r4, asr #21
1a00201e:	ea7f 5c65 	mvnsne.w	ip, r5, asr #21
1a002022:	f000 80e2 	beq.w	1a0021ea <__adddf3+0x1ee>
1a002026:	ea4f 5454 	mov.w	r4, r4, lsr #21
1a00202a:	ebd4 5555 	rsbs	r5, r4, r5, lsr #21
1a00202e:	bfb8      	it	lt
1a002030:	426d      	neglt	r5, r5
1a002032:	dd0c      	ble.n	1a00204e <__adddf3+0x52>
1a002034:	442c      	add	r4, r5
1a002036:	ea80 0202 	eor.w	r2, r0, r2
1a00203a:	ea81 0303 	eor.w	r3, r1, r3
1a00203e:	ea82 0000 	eor.w	r0, r2, r0
1a002042:	ea83 0101 	eor.w	r1, r3, r1
1a002046:	ea80 0202 	eor.w	r2, r0, r2
1a00204a:	ea81 0303 	eor.w	r3, r1, r3
1a00204e:	2d36      	cmp	r5, #54	; 0x36
1a002050:	bf88      	it	hi
1a002052:	bd30      	pophi	{r4, r5, pc}
1a002054:	f011 4f00 	tst.w	r1, #2147483648	; 0x80000000
1a002058:	ea4f 3101 	mov.w	r1, r1, lsl #12
1a00205c:	f44f 1c80 	mov.w	ip, #1048576	; 0x100000
1a002060:	ea4c 3111 	orr.w	r1, ip, r1, lsr #12
1a002064:	d002      	beq.n	1a00206c <__adddf3+0x70>
1a002066:	4240      	negs	r0, r0
1a002068:	eb61 0141 	sbc.w	r1, r1, r1, lsl #1
1a00206c:	f013 4f00 	tst.w	r3, #2147483648	; 0x80000000
1a002070:	ea4f 3303 	mov.w	r3, r3, lsl #12
1a002074:	ea4c 3313 	orr.w	r3, ip, r3, lsr #12
1a002078:	d002      	beq.n	1a002080 <__adddf3+0x84>
1a00207a:	4252      	negs	r2, r2
1a00207c:	eb63 0343 	sbc.w	r3, r3, r3, lsl #1
1a002080:	ea94 0f05 	teq	r4, r5
1a002084:	f000 80a7 	beq.w	1a0021d6 <__adddf3+0x1da>
1a002088:	f1a4 0401 	sub.w	r4, r4, #1
1a00208c:	f1d5 0e20 	rsbs	lr, r5, #32
1a002090:	db0d      	blt.n	1a0020ae <__adddf3+0xb2>
1a002092:	fa02 fc0e 	lsl.w	ip, r2, lr
1a002096:	fa22 f205 	lsr.w	r2, r2, r5
1a00209a:	1880      	adds	r0, r0, r2
1a00209c:	f141 0100 	adc.w	r1, r1, #0
1a0020a0:	fa03 f20e 	lsl.w	r2, r3, lr
1a0020a4:	1880      	adds	r0, r0, r2
1a0020a6:	fa43 f305 	asr.w	r3, r3, r5
1a0020aa:	4159      	adcs	r1, r3
1a0020ac:	e00e      	b.n	1a0020cc <__adddf3+0xd0>
1a0020ae:	f1a5 0520 	sub.w	r5, r5, #32
1a0020b2:	f10e 0e20 	add.w	lr, lr, #32
1a0020b6:	2a01      	cmp	r2, #1
1a0020b8:	fa03 fc0e 	lsl.w	ip, r3, lr
1a0020bc:	bf28      	it	cs
1a0020be:	f04c 0c02 	orrcs.w	ip, ip, #2
1a0020c2:	fa43 f305 	asr.w	r3, r3, r5
1a0020c6:	18c0      	adds	r0, r0, r3
1a0020c8:	eb51 71e3 	adcs.w	r1, r1, r3, asr #31
1a0020cc:	f001 4500 	and.w	r5, r1, #2147483648	; 0x80000000
1a0020d0:	d507      	bpl.n	1a0020e2 <__adddf3+0xe6>
1a0020d2:	f04f 0e00 	mov.w	lr, #0
1a0020d6:	f1dc 0c00 	rsbs	ip, ip, #0
1a0020da:	eb7e 0000 	sbcs.w	r0, lr, r0
1a0020de:	eb6e 0101 	sbc.w	r1, lr, r1
1a0020e2:	f5b1 1f80 	cmp.w	r1, #1048576	; 0x100000
1a0020e6:	d31b      	bcc.n	1a002120 <__adddf3+0x124>
1a0020e8:	f5b1 1f00 	cmp.w	r1, #2097152	; 0x200000
1a0020ec:	d30c      	bcc.n	1a002108 <__adddf3+0x10c>
1a0020ee:	0849      	lsrs	r1, r1, #1
1a0020f0:	ea5f 0030 	movs.w	r0, r0, rrx
1a0020f4:	ea4f 0c3c 	mov.w	ip, ip, rrx
1a0020f8:	f104 0401 	add.w	r4, r4, #1
1a0020fc:	ea4f 5244 	mov.w	r2, r4, lsl #21
1a002100:	f512 0f80 	cmn.w	r2, #4194304	; 0x400000
1a002104:	f080 809a 	bcs.w	1a00223c <__adddf3+0x240>
1a002108:	f1bc 4f00 	cmp.w	ip, #2147483648	; 0x80000000
1a00210c:	bf08      	it	eq
1a00210e:	ea5f 0c50 	movseq.w	ip, r0, lsr #1
1a002112:	f150 0000 	adcs.w	r0, r0, #0
1a002116:	eb41 5104 	adc.w	r1, r1, r4, lsl #20
1a00211a:	ea41 0105 	orr.w	r1, r1, r5
1a00211e:	bd30      	pop	{r4, r5, pc}
1a002120:	ea5f 0c4c 	movs.w	ip, ip, lsl #1
1a002124:	4140      	adcs	r0, r0
1a002126:	eb41 0101 	adc.w	r1, r1, r1
1a00212a:	f411 1f80 	tst.w	r1, #1048576	; 0x100000
1a00212e:	f1a4 0401 	sub.w	r4, r4, #1
1a002132:	d1e9      	bne.n	1a002108 <__adddf3+0x10c>
1a002134:	f091 0f00 	teq	r1, #0
1a002138:	bf04      	itt	eq
1a00213a:	4601      	moveq	r1, r0
1a00213c:	2000      	moveq	r0, #0
1a00213e:	fab1 f381 	clz	r3, r1
1a002142:	bf08      	it	eq
1a002144:	3320      	addeq	r3, #32
1a002146:	f1a3 030b 	sub.w	r3, r3, #11
1a00214a:	f1b3 0220 	subs.w	r2, r3, #32
1a00214e:	da0c      	bge.n	1a00216a <__adddf3+0x16e>
1a002150:	320c      	adds	r2, #12
1a002152:	dd08      	ble.n	1a002166 <__adddf3+0x16a>
1a002154:	f102 0c14 	add.w	ip, r2, #20
1a002158:	f1c2 020c 	rsb	r2, r2, #12
1a00215c:	fa01 f00c 	lsl.w	r0, r1, ip
1a002160:	fa21 f102 	lsr.w	r1, r1, r2
1a002164:	e00c      	b.n	1a002180 <__adddf3+0x184>
1a002166:	f102 0214 	add.w	r2, r2, #20
1a00216a:	bfd8      	it	le
1a00216c:	f1c2 0c20 	rsble	ip, r2, #32
1a002170:	fa01 f102 	lsl.w	r1, r1, r2
1a002174:	fa20 fc0c 	lsr.w	ip, r0, ip
1a002178:	bfdc      	itt	le
1a00217a:	ea41 010c 	orrle.w	r1, r1, ip
1a00217e:	4090      	lslle	r0, r2
1a002180:	1ae4      	subs	r4, r4, r3
1a002182:	bfa2      	ittt	ge
1a002184:	eb01 5104 	addge.w	r1, r1, r4, lsl #20
1a002188:	4329      	orrge	r1, r5
1a00218a:	bd30      	popge	{r4, r5, pc}
1a00218c:	ea6f 0404 	mvn.w	r4, r4
1a002190:	3c1f      	subs	r4, #31
1a002192:	da1c      	bge.n	1a0021ce <__adddf3+0x1d2>
1a002194:	340c      	adds	r4, #12
1a002196:	dc0e      	bgt.n	1a0021b6 <__adddf3+0x1ba>
1a002198:	f104 0414 	add.w	r4, r4, #20
1a00219c:	f1c4 0220 	rsb	r2, r4, #32
1a0021a0:	fa20 f004 	lsr.w	r0, r0, r4
1a0021a4:	fa01 f302 	lsl.w	r3, r1, r2
1a0021a8:	ea40 0003 	orr.w	r0, r0, r3
1a0021ac:	fa21 f304 	lsr.w	r3, r1, r4
1a0021b0:	ea45 0103 	orr.w	r1, r5, r3
1a0021b4:	bd30      	pop	{r4, r5, pc}
1a0021b6:	f1c4 040c 	rsb	r4, r4, #12
1a0021ba:	f1c4 0220 	rsb	r2, r4, #32
1a0021be:	fa20 f002 	lsr.w	r0, r0, r2
1a0021c2:	fa01 f304 	lsl.w	r3, r1, r4
1a0021c6:	ea40 0003 	orr.w	r0, r0, r3
1a0021ca:	4629      	mov	r1, r5
1a0021cc:	bd30      	pop	{r4, r5, pc}
1a0021ce:	fa21 f004 	lsr.w	r0, r1, r4
1a0021d2:	4629      	mov	r1, r5
1a0021d4:	bd30      	pop	{r4, r5, pc}
1a0021d6:	f094 0f00 	teq	r4, #0
1a0021da:	f483 1380 	eor.w	r3, r3, #1048576	; 0x100000
1a0021de:	bf06      	itte	eq
1a0021e0:	f481 1180 	eoreq.w	r1, r1, #1048576	; 0x100000
1a0021e4:	3401      	addeq	r4, #1
1a0021e6:	3d01      	subne	r5, #1
1a0021e8:	e74e      	b.n	1a002088 <__adddf3+0x8c>
1a0021ea:	ea7f 5c64 	mvns.w	ip, r4, asr #21
1a0021ee:	bf18      	it	ne
1a0021f0:	ea7f 5c65 	mvnsne.w	ip, r5, asr #21
1a0021f4:	d029      	beq.n	1a00224a <__adddf3+0x24e>
1a0021f6:	ea94 0f05 	teq	r4, r5
1a0021fa:	bf08      	it	eq
1a0021fc:	ea90 0f02 	teqeq	r0, r2
1a002200:	d005      	beq.n	1a00220e <__adddf3+0x212>
1a002202:	ea54 0c00 	orrs.w	ip, r4, r0
1a002206:	bf04      	itt	eq
1a002208:	4619      	moveq	r1, r3
1a00220a:	4610      	moveq	r0, r2
1a00220c:	bd30      	pop	{r4, r5, pc}
1a00220e:	ea91 0f03 	teq	r1, r3
1a002212:	bf1e      	ittt	ne
1a002214:	2100      	movne	r1, #0
1a002216:	2000      	movne	r0, #0
1a002218:	bd30      	popne	{r4, r5, pc}
1a00221a:	ea5f 5c54 	movs.w	ip, r4, lsr #21
1a00221e:	d105      	bne.n	1a00222c <__adddf3+0x230>
1a002220:	0040      	lsls	r0, r0, #1
1a002222:	4149      	adcs	r1, r1
1a002224:	bf28      	it	cs
1a002226:	f041 4100 	orrcs.w	r1, r1, #2147483648	; 0x80000000
1a00222a:	bd30      	pop	{r4, r5, pc}
1a00222c:	f514 0480 	adds.w	r4, r4, #4194304	; 0x400000
1a002230:	bf3c      	itt	cc
1a002232:	f501 1180 	addcc.w	r1, r1, #1048576	; 0x100000
1a002236:	bd30      	popcc	{r4, r5, pc}
1a002238:	f001 4500 	and.w	r5, r1, #2147483648	; 0x80000000
1a00223c:	f045 41fe 	orr.w	r1, r5, #2130706432	; 0x7f000000
1a002240:	f441 0170 	orr.w	r1, r1, #15728640	; 0xf00000
1a002244:	f04f 0000 	mov.w	r0, #0
1a002248:	bd30      	pop	{r4, r5, pc}
1a00224a:	ea7f 5c64 	mvns.w	ip, r4, asr #21
1a00224e:	bf1a      	itte	ne
1a002250:	4619      	movne	r1, r3
1a002252:	4610      	movne	r0, r2
1a002254:	ea7f 5c65 	mvnseq.w	ip, r5, asr #21
1a002258:	bf1c      	itt	ne
1a00225a:	460b      	movne	r3, r1
1a00225c:	4602      	movne	r2, r0
1a00225e:	ea50 3401 	orrs.w	r4, r0, r1, lsl #12
1a002262:	bf06      	itte	eq
1a002264:	ea52 3503 	orrseq.w	r5, r2, r3, lsl #12
1a002268:	ea91 0f03 	teqeq	r1, r3
1a00226c:	f441 2100 	orrne.w	r1, r1, #524288	; 0x80000
1a002270:	bd30      	pop	{r4, r5, pc}
1a002272:	bf00      	nop

1a002274 <__aeabi_ui2d>:
1a002274:	f090 0f00 	teq	r0, #0
1a002278:	bf04      	itt	eq
1a00227a:	2100      	moveq	r1, #0
1a00227c:	4770      	bxeq	lr
1a00227e:	b530      	push	{r4, r5, lr}
1a002280:	f44f 6480 	mov.w	r4, #1024	; 0x400
1a002284:	f104 0432 	add.w	r4, r4, #50	; 0x32
1a002288:	f04f 0500 	mov.w	r5, #0
1a00228c:	f04f 0100 	mov.w	r1, #0
1a002290:	e750      	b.n	1a002134 <__adddf3+0x138>
1a002292:	bf00      	nop

1a002294 <__aeabi_i2d>:
1a002294:	f090 0f00 	teq	r0, #0
1a002298:	bf04      	itt	eq
1a00229a:	2100      	moveq	r1, #0
1a00229c:	4770      	bxeq	lr
1a00229e:	b530      	push	{r4, r5, lr}
1a0022a0:	f44f 6480 	mov.w	r4, #1024	; 0x400
1a0022a4:	f104 0432 	add.w	r4, r4, #50	; 0x32
1a0022a8:	f010 4500 	ands.w	r5, r0, #2147483648	; 0x80000000
1a0022ac:	bf48      	it	mi
1a0022ae:	4240      	negmi	r0, r0
1a0022b0:	f04f 0100 	mov.w	r1, #0
1a0022b4:	e73e      	b.n	1a002134 <__adddf3+0x138>
1a0022b6:	bf00      	nop

1a0022b8 <__aeabi_f2d>:
1a0022b8:	0042      	lsls	r2, r0, #1
1a0022ba:	ea4f 01e2 	mov.w	r1, r2, asr #3
1a0022be:	ea4f 0131 	mov.w	r1, r1, rrx
1a0022c2:	ea4f 7002 	mov.w	r0, r2, lsl #28
1a0022c6:	bf1f      	itttt	ne
1a0022c8:	f012 437f 	andsne.w	r3, r2, #4278190080	; 0xff000000
1a0022cc:	f093 4f7f 	teqne	r3, #4278190080	; 0xff000000
1a0022d0:	f081 5160 	eorne.w	r1, r1, #939524096	; 0x38000000
1a0022d4:	4770      	bxne	lr
1a0022d6:	f032 427f 	bics.w	r2, r2, #4278190080	; 0xff000000
1a0022da:	bf08      	it	eq
1a0022dc:	4770      	bxeq	lr
1a0022de:	f093 4f7f 	teq	r3, #4278190080	; 0xff000000
1a0022e2:	bf04      	itt	eq
1a0022e4:	f441 2100 	orreq.w	r1, r1, #524288	; 0x80000
1a0022e8:	4770      	bxeq	lr
1a0022ea:	b530      	push	{r4, r5, lr}
1a0022ec:	f44f 7460 	mov.w	r4, #896	; 0x380
1a0022f0:	f001 4500 	and.w	r5, r1, #2147483648	; 0x80000000
1a0022f4:	f021 4100 	bic.w	r1, r1, #2147483648	; 0x80000000
1a0022f8:	e71c      	b.n	1a002134 <__adddf3+0x138>
1a0022fa:	bf00      	nop

1a0022fc <__aeabi_ul2d>:
1a0022fc:	ea50 0201 	orrs.w	r2, r0, r1
1a002300:	bf08      	it	eq
1a002302:	4770      	bxeq	lr
1a002304:	b530      	push	{r4, r5, lr}
1a002306:	f04f 0500 	mov.w	r5, #0
1a00230a:	e00a      	b.n	1a002322 <__aeabi_l2d+0x16>

1a00230c <__aeabi_l2d>:
1a00230c:	ea50 0201 	orrs.w	r2, r0, r1
1a002310:	bf08      	it	eq
1a002312:	4770      	bxeq	lr
1a002314:	b530      	push	{r4, r5, lr}
1a002316:	f011 4500 	ands.w	r5, r1, #2147483648	; 0x80000000
1a00231a:	d502      	bpl.n	1a002322 <__aeabi_l2d+0x16>
1a00231c:	4240      	negs	r0, r0
1a00231e:	eb61 0141 	sbc.w	r1, r1, r1, lsl #1
1a002322:	f44f 6480 	mov.w	r4, #1024	; 0x400
1a002326:	f104 0432 	add.w	r4, r4, #50	; 0x32
1a00232a:	ea5f 5c91 	movs.w	ip, r1, lsr #22
1a00232e:	f43f aed8 	beq.w	1a0020e2 <__adddf3+0xe6>
1a002332:	f04f 0203 	mov.w	r2, #3
1a002336:	ea5f 0cdc 	movs.w	ip, ip, lsr #3
1a00233a:	bf18      	it	ne
1a00233c:	3203      	addne	r2, #3
1a00233e:	ea5f 0cdc 	movs.w	ip, ip, lsr #3
1a002342:	bf18      	it	ne
1a002344:	3203      	addne	r2, #3
1a002346:	eb02 02dc 	add.w	r2, r2, ip, lsr #3
1a00234a:	f1c2 0320 	rsb	r3, r2, #32
1a00234e:	fa00 fc03 	lsl.w	ip, r0, r3
1a002352:	fa20 f002 	lsr.w	r0, r0, r2
1a002356:	fa01 fe03 	lsl.w	lr, r1, r3
1a00235a:	ea40 000e 	orr.w	r0, r0, lr
1a00235e:	fa21 f102 	lsr.w	r1, r1, r2
1a002362:	4414      	add	r4, r2
1a002364:	e6bd      	b.n	1a0020e2 <__adddf3+0xe6>
1a002366:	bf00      	nop

1a002368 <__aeabi_dmul>:
1a002368:	b570      	push	{r4, r5, r6, lr}
1a00236a:	f04f 0cff 	mov.w	ip, #255	; 0xff
1a00236e:	f44c 6ce0 	orr.w	ip, ip, #1792	; 0x700
1a002372:	ea1c 5411 	ands.w	r4, ip, r1, lsr #20
1a002376:	bf1d      	ittte	ne
1a002378:	ea1c 5513 	andsne.w	r5, ip, r3, lsr #20
1a00237c:	ea94 0f0c 	teqne	r4, ip
1a002380:	ea95 0f0c 	teqne	r5, ip
1a002384:	f000 f8de 	bleq	1a002544 <__aeabi_dmul+0x1dc>
1a002388:	442c      	add	r4, r5
1a00238a:	ea81 0603 	eor.w	r6, r1, r3
1a00238e:	ea21 514c 	bic.w	r1, r1, ip, lsl #21
1a002392:	ea23 534c 	bic.w	r3, r3, ip, lsl #21
1a002396:	ea50 3501 	orrs.w	r5, r0, r1, lsl #12
1a00239a:	bf18      	it	ne
1a00239c:	ea52 3503 	orrsne.w	r5, r2, r3, lsl #12
1a0023a0:	f441 1180 	orr.w	r1, r1, #1048576	; 0x100000
1a0023a4:	f443 1380 	orr.w	r3, r3, #1048576	; 0x100000
1a0023a8:	d038      	beq.n	1a00241c <__aeabi_dmul+0xb4>
1a0023aa:	fba0 ce02 	umull	ip, lr, r0, r2
1a0023ae:	f04f 0500 	mov.w	r5, #0
1a0023b2:	fbe1 e502 	umlal	lr, r5, r1, r2
1a0023b6:	f006 4200 	and.w	r2, r6, #2147483648	; 0x80000000
1a0023ba:	fbe0 e503 	umlal	lr, r5, r0, r3
1a0023be:	f04f 0600 	mov.w	r6, #0
1a0023c2:	fbe1 5603 	umlal	r5, r6, r1, r3
1a0023c6:	f09c 0f00 	teq	ip, #0
1a0023ca:	bf18      	it	ne
1a0023cc:	f04e 0e01 	orrne.w	lr, lr, #1
1a0023d0:	f1a4 04ff 	sub.w	r4, r4, #255	; 0xff
1a0023d4:	f5b6 7f00 	cmp.w	r6, #512	; 0x200
1a0023d8:	f564 7440 	sbc.w	r4, r4, #768	; 0x300
1a0023dc:	d204      	bcs.n	1a0023e8 <__aeabi_dmul+0x80>
1a0023de:	ea5f 0e4e 	movs.w	lr, lr, lsl #1
1a0023e2:	416d      	adcs	r5, r5
1a0023e4:	eb46 0606 	adc.w	r6, r6, r6
1a0023e8:	ea42 21c6 	orr.w	r1, r2, r6, lsl #11
1a0023ec:	ea41 5155 	orr.w	r1, r1, r5, lsr #21
1a0023f0:	ea4f 20c5 	mov.w	r0, r5, lsl #11
1a0023f4:	ea40 505e 	orr.w	r0, r0, lr, lsr #21
1a0023f8:	ea4f 2ece 	mov.w	lr, lr, lsl #11
1a0023fc:	f1b4 0cfd 	subs.w	ip, r4, #253	; 0xfd
1a002400:	bf88      	it	hi
1a002402:	f5bc 6fe0 	cmphi.w	ip, #1792	; 0x700
1a002406:	d81e      	bhi.n	1a002446 <__aeabi_dmul+0xde>
1a002408:	f1be 4f00 	cmp.w	lr, #2147483648	; 0x80000000
1a00240c:	bf08      	it	eq
1a00240e:	ea5f 0e50 	movseq.w	lr, r0, lsr #1
1a002412:	f150 0000 	adcs.w	r0, r0, #0
1a002416:	eb41 5104 	adc.w	r1, r1, r4, lsl #20
1a00241a:	bd70      	pop	{r4, r5, r6, pc}
1a00241c:	f006 4600 	and.w	r6, r6, #2147483648	; 0x80000000
1a002420:	ea46 0101 	orr.w	r1, r6, r1
1a002424:	ea40 0002 	orr.w	r0, r0, r2
1a002428:	ea81 0103 	eor.w	r1, r1, r3
1a00242c:	ebb4 045c 	subs.w	r4, r4, ip, lsr #1
1a002430:	bfc2      	ittt	gt
1a002432:	ebd4 050c 	rsbsgt	r5, r4, ip
1a002436:	ea41 5104 	orrgt.w	r1, r1, r4, lsl #20
1a00243a:	bd70      	popgt	{r4, r5, r6, pc}
1a00243c:	f441 1180 	orr.w	r1, r1, #1048576	; 0x100000
1a002440:	f04f 0e00 	mov.w	lr, #0
1a002444:	3c01      	subs	r4, #1
1a002446:	f300 80ab 	bgt.w	1a0025a0 <__aeabi_dmul+0x238>
1a00244a:	f114 0f36 	cmn.w	r4, #54	; 0x36
1a00244e:	bfde      	ittt	le
1a002450:	2000      	movle	r0, #0
1a002452:	f001 4100 	andle.w	r1, r1, #2147483648	; 0x80000000
1a002456:	bd70      	pople	{r4, r5, r6, pc}
1a002458:	f1c4 0400 	rsb	r4, r4, #0
1a00245c:	3c20      	subs	r4, #32
1a00245e:	da35      	bge.n	1a0024cc <__aeabi_dmul+0x164>
1a002460:	340c      	adds	r4, #12
1a002462:	dc1b      	bgt.n	1a00249c <__aeabi_dmul+0x134>
1a002464:	f104 0414 	add.w	r4, r4, #20
1a002468:	f1c4 0520 	rsb	r5, r4, #32
1a00246c:	fa00 f305 	lsl.w	r3, r0, r5
1a002470:	fa20 f004 	lsr.w	r0, r0, r4
1a002474:	fa01 f205 	lsl.w	r2, r1, r5
1a002478:	ea40 0002 	orr.w	r0, r0, r2
1a00247c:	f001 4200 	and.w	r2, r1, #2147483648	; 0x80000000
1a002480:	f021 4100 	bic.w	r1, r1, #2147483648	; 0x80000000
1a002484:	eb10 70d3 	adds.w	r0, r0, r3, lsr #31
1a002488:	fa21 f604 	lsr.w	r6, r1, r4
1a00248c:	eb42 0106 	adc.w	r1, r2, r6
1a002490:	ea5e 0e43 	orrs.w	lr, lr, r3, lsl #1
1a002494:	bf08      	it	eq
1a002496:	ea20 70d3 	biceq.w	r0, r0, r3, lsr #31
1a00249a:	bd70      	pop	{r4, r5, r6, pc}
1a00249c:	f1c4 040c 	rsb	r4, r4, #12
1a0024a0:	f1c4 0520 	rsb	r5, r4, #32
1a0024a4:	fa00 f304 	lsl.w	r3, r0, r4
1a0024a8:	fa20 f005 	lsr.w	r0, r0, r5
1a0024ac:	fa01 f204 	lsl.w	r2, r1, r4
1a0024b0:	ea40 0002 	orr.w	r0, r0, r2
1a0024b4:	f001 4100 	and.w	r1, r1, #2147483648	; 0x80000000
1a0024b8:	eb10 70d3 	adds.w	r0, r0, r3, lsr #31
1a0024bc:	f141 0100 	adc.w	r1, r1, #0
1a0024c0:	ea5e 0e43 	orrs.w	lr, lr, r3, lsl #1
1a0024c4:	bf08      	it	eq
1a0024c6:	ea20 70d3 	biceq.w	r0, r0, r3, lsr #31
1a0024ca:	bd70      	pop	{r4, r5, r6, pc}
1a0024cc:	f1c4 0520 	rsb	r5, r4, #32
1a0024d0:	fa00 f205 	lsl.w	r2, r0, r5
1a0024d4:	ea4e 0e02 	orr.w	lr, lr, r2
1a0024d8:	fa20 f304 	lsr.w	r3, r0, r4
1a0024dc:	fa01 f205 	lsl.w	r2, r1, r5
1a0024e0:	ea43 0302 	orr.w	r3, r3, r2
1a0024e4:	fa21 f004 	lsr.w	r0, r1, r4
1a0024e8:	f001 4100 	and.w	r1, r1, #2147483648	; 0x80000000
1a0024ec:	fa21 f204 	lsr.w	r2, r1, r4
1a0024f0:	ea20 0002 	bic.w	r0, r0, r2
1a0024f4:	eb00 70d3 	add.w	r0, r0, r3, lsr #31
1a0024f8:	ea5e 0e43 	orrs.w	lr, lr, r3, lsl #1
1a0024fc:	bf08      	it	eq
1a0024fe:	ea20 70d3 	biceq.w	r0, r0, r3, lsr #31
1a002502:	bd70      	pop	{r4, r5, r6, pc}
1a002504:	f094 0f00 	teq	r4, #0
1a002508:	d10f      	bne.n	1a00252a <__aeabi_dmul+0x1c2>
1a00250a:	f001 4600 	and.w	r6, r1, #2147483648	; 0x80000000
1a00250e:	0040      	lsls	r0, r0, #1
1a002510:	eb41 0101 	adc.w	r1, r1, r1
1a002514:	f411 1f80 	tst.w	r1, #1048576	; 0x100000
1a002518:	bf08      	it	eq
1a00251a:	3c01      	subeq	r4, #1
1a00251c:	d0f7      	beq.n	1a00250e <__aeabi_dmul+0x1a6>
1a00251e:	ea41 0106 	orr.w	r1, r1, r6
1a002522:	f095 0f00 	teq	r5, #0
1a002526:	bf18      	it	ne
1a002528:	4770      	bxne	lr
1a00252a:	f003 4600 	and.w	r6, r3, #2147483648	; 0x80000000
1a00252e:	0052      	lsls	r2, r2, #1
1a002530:	eb43 0303 	adc.w	r3, r3, r3
1a002534:	f413 1f80 	tst.w	r3, #1048576	; 0x100000
1a002538:	bf08      	it	eq
1a00253a:	3d01      	subeq	r5, #1
1a00253c:	d0f7      	beq.n	1a00252e <__aeabi_dmul+0x1c6>
1a00253e:	ea43 0306 	orr.w	r3, r3, r6
1a002542:	4770      	bx	lr
1a002544:	ea94 0f0c 	teq	r4, ip
1a002548:	ea0c 5513 	and.w	r5, ip, r3, lsr #20
1a00254c:	bf18      	it	ne
1a00254e:	ea95 0f0c 	teqne	r5, ip
1a002552:	d00c      	beq.n	1a00256e <__aeabi_dmul+0x206>
1a002554:	ea50 0641 	orrs.w	r6, r0, r1, lsl #1
1a002558:	bf18      	it	ne
1a00255a:	ea52 0643 	orrsne.w	r6, r2, r3, lsl #1
1a00255e:	d1d1      	bne.n	1a002504 <__aeabi_dmul+0x19c>
1a002560:	ea81 0103 	eor.w	r1, r1, r3
1a002564:	f001 4100 	and.w	r1, r1, #2147483648	; 0x80000000
1a002568:	f04f 0000 	mov.w	r0, #0
1a00256c:	bd70      	pop	{r4, r5, r6, pc}
1a00256e:	ea50 0641 	orrs.w	r6, r0, r1, lsl #1
1a002572:	bf06      	itte	eq
1a002574:	4610      	moveq	r0, r2
1a002576:	4619      	moveq	r1, r3
1a002578:	ea52 0643 	orrsne.w	r6, r2, r3, lsl #1
1a00257c:	d019      	beq.n	1a0025b2 <__aeabi_dmul+0x24a>
1a00257e:	ea94 0f0c 	teq	r4, ip
1a002582:	d102      	bne.n	1a00258a <__aeabi_dmul+0x222>
1a002584:	ea50 3601 	orrs.w	r6, r0, r1, lsl #12
1a002588:	d113      	bne.n	1a0025b2 <__aeabi_dmul+0x24a>
1a00258a:	ea95 0f0c 	teq	r5, ip
1a00258e:	d105      	bne.n	1a00259c <__aeabi_dmul+0x234>
1a002590:	ea52 3603 	orrs.w	r6, r2, r3, lsl #12
1a002594:	bf1c      	itt	ne
1a002596:	4610      	movne	r0, r2
1a002598:	4619      	movne	r1, r3
1a00259a:	d10a      	bne.n	1a0025b2 <__aeabi_dmul+0x24a>
1a00259c:	ea81 0103 	eor.w	r1, r1, r3
1a0025a0:	f001 4100 	and.w	r1, r1, #2147483648	; 0x80000000
1a0025a4:	f041 41fe 	orr.w	r1, r1, #2130706432	; 0x7f000000
1a0025a8:	f441 0170 	orr.w	r1, r1, #15728640	; 0xf00000
1a0025ac:	f04f 0000 	mov.w	r0, #0
1a0025b0:	bd70      	pop	{r4, r5, r6, pc}
1a0025b2:	f041 41fe 	orr.w	r1, r1, #2130706432	; 0x7f000000
1a0025b6:	f441 0178 	orr.w	r1, r1, #16252928	; 0xf80000
1a0025ba:	bd70      	pop	{r4, r5, r6, pc}

1a0025bc <__aeabi_ddiv>:
1a0025bc:	b570      	push	{r4, r5, r6, lr}
1a0025be:	f04f 0cff 	mov.w	ip, #255	; 0xff
1a0025c2:	f44c 6ce0 	orr.w	ip, ip, #1792	; 0x700
1a0025c6:	ea1c 5411 	ands.w	r4, ip, r1, lsr #20
1a0025ca:	bf1d      	ittte	ne
1a0025cc:	ea1c 5513 	andsne.w	r5, ip, r3, lsr #20
1a0025d0:	ea94 0f0c 	teqne	r4, ip
1a0025d4:	ea95 0f0c 	teqne	r5, ip
1a0025d8:	f000 f8a7 	bleq	1a00272a <__aeabi_ddiv+0x16e>
1a0025dc:	eba4 0405 	sub.w	r4, r4, r5
1a0025e0:	ea81 0e03 	eor.w	lr, r1, r3
1a0025e4:	ea52 3503 	orrs.w	r5, r2, r3, lsl #12
1a0025e8:	ea4f 3101 	mov.w	r1, r1, lsl #12
1a0025ec:	f000 8088 	beq.w	1a002700 <__aeabi_ddiv+0x144>
1a0025f0:	ea4f 3303 	mov.w	r3, r3, lsl #12
1a0025f4:	f04f 5580 	mov.w	r5, #268435456	; 0x10000000
1a0025f8:	ea45 1313 	orr.w	r3, r5, r3, lsr #4
1a0025fc:	ea43 6312 	orr.w	r3, r3, r2, lsr #24
1a002600:	ea4f 2202 	mov.w	r2, r2, lsl #8
1a002604:	ea45 1511 	orr.w	r5, r5, r1, lsr #4
1a002608:	ea45 6510 	orr.w	r5, r5, r0, lsr #24
1a00260c:	ea4f 2600 	mov.w	r6, r0, lsl #8
1a002610:	f00e 4100 	and.w	r1, lr, #2147483648	; 0x80000000
1a002614:	429d      	cmp	r5, r3
1a002616:	bf08      	it	eq
1a002618:	4296      	cmpeq	r6, r2
1a00261a:	f144 04fd 	adc.w	r4, r4, #253	; 0xfd
1a00261e:	f504 7440 	add.w	r4, r4, #768	; 0x300
1a002622:	d202      	bcs.n	1a00262a <__aeabi_ddiv+0x6e>
1a002624:	085b      	lsrs	r3, r3, #1
1a002626:	ea4f 0232 	mov.w	r2, r2, rrx
1a00262a:	1ab6      	subs	r6, r6, r2
1a00262c:	eb65 0503 	sbc.w	r5, r5, r3
1a002630:	085b      	lsrs	r3, r3, #1
1a002632:	ea4f 0232 	mov.w	r2, r2, rrx
1a002636:	f44f 1080 	mov.w	r0, #1048576	; 0x100000
1a00263a:	f44f 2c00 	mov.w	ip, #524288	; 0x80000
1a00263e:	ebb6 0e02 	subs.w	lr, r6, r2
1a002642:	eb75 0e03 	sbcs.w	lr, r5, r3
1a002646:	bf22      	ittt	cs
1a002648:	1ab6      	subcs	r6, r6, r2
1a00264a:	4675      	movcs	r5, lr
1a00264c:	ea40 000c 	orrcs.w	r0, r0, ip
1a002650:	085b      	lsrs	r3, r3, #1
1a002652:	ea4f 0232 	mov.w	r2, r2, rrx
1a002656:	ebb6 0e02 	subs.w	lr, r6, r2
1a00265a:	eb75 0e03 	sbcs.w	lr, r5, r3
1a00265e:	bf22      	ittt	cs
1a002660:	1ab6      	subcs	r6, r6, r2
1a002662:	4675      	movcs	r5, lr
1a002664:	ea40 005c 	orrcs.w	r0, r0, ip, lsr #1
1a002668:	085b      	lsrs	r3, r3, #1
1a00266a:	ea4f 0232 	mov.w	r2, r2, rrx
1a00266e:	ebb6 0e02 	subs.w	lr, r6, r2
1a002672:	eb75 0e03 	sbcs.w	lr, r5, r3
1a002676:	bf22      	ittt	cs
1a002678:	1ab6      	subcs	r6, r6, r2
1a00267a:	4675      	movcs	r5, lr
1a00267c:	ea40 009c 	orrcs.w	r0, r0, ip, lsr #2
1a002680:	085b      	lsrs	r3, r3, #1
1a002682:	ea4f 0232 	mov.w	r2, r2, rrx
1a002686:	ebb6 0e02 	subs.w	lr, r6, r2
1a00268a:	eb75 0e03 	sbcs.w	lr, r5, r3
1a00268e:	bf22      	ittt	cs
1a002690:	1ab6      	subcs	r6, r6, r2
1a002692:	4675      	movcs	r5, lr
1a002694:	ea40 00dc 	orrcs.w	r0, r0, ip, lsr #3
1a002698:	ea55 0e06 	orrs.w	lr, r5, r6
1a00269c:	d018      	beq.n	1a0026d0 <__aeabi_ddiv+0x114>
1a00269e:	ea4f 1505 	mov.w	r5, r5, lsl #4
1a0026a2:	ea45 7516 	orr.w	r5, r5, r6, lsr #28
1a0026a6:	ea4f 1606 	mov.w	r6, r6, lsl #4
1a0026aa:	ea4f 03c3 	mov.w	r3, r3, lsl #3
1a0026ae:	ea43 7352 	orr.w	r3, r3, r2, lsr #29
1a0026b2:	ea4f 02c2 	mov.w	r2, r2, lsl #3
1a0026b6:	ea5f 1c1c 	movs.w	ip, ip, lsr #4
1a0026ba:	d1c0      	bne.n	1a00263e <__aeabi_ddiv+0x82>
1a0026bc:	f411 1f80 	tst.w	r1, #1048576	; 0x100000
1a0026c0:	d10b      	bne.n	1a0026da <__aeabi_ddiv+0x11e>
1a0026c2:	ea41 0100 	orr.w	r1, r1, r0
1a0026c6:	f04f 0000 	mov.w	r0, #0
1a0026ca:	f04f 4c00 	mov.w	ip, #2147483648	; 0x80000000
1a0026ce:	e7b6      	b.n	1a00263e <__aeabi_ddiv+0x82>
1a0026d0:	f411 1f80 	tst.w	r1, #1048576	; 0x100000
1a0026d4:	bf04      	itt	eq
1a0026d6:	4301      	orreq	r1, r0
1a0026d8:	2000      	moveq	r0, #0
1a0026da:	f1b4 0cfd 	subs.w	ip, r4, #253	; 0xfd
1a0026de:	bf88      	it	hi
1a0026e0:	f5bc 6fe0 	cmphi.w	ip, #1792	; 0x700
1a0026e4:	f63f aeaf 	bhi.w	1a002446 <__aeabi_dmul+0xde>
1a0026e8:	ebb5 0c03 	subs.w	ip, r5, r3
1a0026ec:	bf04      	itt	eq
1a0026ee:	ebb6 0c02 	subseq.w	ip, r6, r2
1a0026f2:	ea5f 0c50 	movseq.w	ip, r0, lsr #1
1a0026f6:	f150 0000 	adcs.w	r0, r0, #0
1a0026fa:	eb41 5104 	adc.w	r1, r1, r4, lsl #20
1a0026fe:	bd70      	pop	{r4, r5, r6, pc}
1a002700:	f00e 4e00 	and.w	lr, lr, #2147483648	; 0x80000000
1a002704:	ea4e 3111 	orr.w	r1, lr, r1, lsr #12
1a002708:	eb14 045c 	adds.w	r4, r4, ip, lsr #1
1a00270c:	bfc2      	ittt	gt
1a00270e:	ebd4 050c 	rsbsgt	r5, r4, ip
1a002712:	ea41 5104 	orrgt.w	r1, r1, r4, lsl #20
1a002716:	bd70      	popgt	{r4, r5, r6, pc}
1a002718:	f441 1180 	orr.w	r1, r1, #1048576	; 0x100000
1a00271c:	f04f 0e00 	mov.w	lr, #0
1a002720:	3c01      	subs	r4, #1
1a002722:	e690      	b.n	1a002446 <__aeabi_dmul+0xde>
1a002724:	ea45 0e06 	orr.w	lr, r5, r6
1a002728:	e68d      	b.n	1a002446 <__aeabi_dmul+0xde>
1a00272a:	ea0c 5513 	and.w	r5, ip, r3, lsr #20
1a00272e:	ea94 0f0c 	teq	r4, ip
1a002732:	bf08      	it	eq
1a002734:	ea95 0f0c 	teqeq	r5, ip
1a002738:	f43f af3b 	beq.w	1a0025b2 <__aeabi_dmul+0x24a>
1a00273c:	ea94 0f0c 	teq	r4, ip
1a002740:	d10a      	bne.n	1a002758 <__aeabi_ddiv+0x19c>
1a002742:	ea50 3401 	orrs.w	r4, r0, r1, lsl #12
1a002746:	f47f af34 	bne.w	1a0025b2 <__aeabi_dmul+0x24a>
1a00274a:	ea95 0f0c 	teq	r5, ip
1a00274e:	f47f af25 	bne.w	1a00259c <__aeabi_dmul+0x234>
1a002752:	4610      	mov	r0, r2
1a002754:	4619      	mov	r1, r3
1a002756:	e72c      	b.n	1a0025b2 <__aeabi_dmul+0x24a>
1a002758:	ea95 0f0c 	teq	r5, ip
1a00275c:	d106      	bne.n	1a00276c <__aeabi_ddiv+0x1b0>
1a00275e:	ea52 3503 	orrs.w	r5, r2, r3, lsl #12
1a002762:	f43f aefd 	beq.w	1a002560 <__aeabi_dmul+0x1f8>
1a002766:	4610      	mov	r0, r2
1a002768:	4619      	mov	r1, r3
1a00276a:	e722      	b.n	1a0025b2 <__aeabi_dmul+0x24a>
1a00276c:	ea50 0641 	orrs.w	r6, r0, r1, lsl #1
1a002770:	bf18      	it	ne
1a002772:	ea52 0643 	orrsne.w	r6, r2, r3, lsl #1
1a002776:	f47f aec5 	bne.w	1a002504 <__aeabi_dmul+0x19c>
1a00277a:	ea50 0441 	orrs.w	r4, r0, r1, lsl #1
1a00277e:	f47f af0d 	bne.w	1a00259c <__aeabi_dmul+0x234>
1a002782:	ea52 0543 	orrs.w	r5, r2, r3, lsl #1
1a002786:	f47f aeeb 	bne.w	1a002560 <__aeabi_dmul+0x1f8>
1a00278a:	e712      	b.n	1a0025b2 <__aeabi_dmul+0x24a>

1a00278c <__gedf2>:
1a00278c:	f04f 3cff 	mov.w	ip, #4294967295
1a002790:	e006      	b.n	1a0027a0 <__cmpdf2+0x4>
1a002792:	bf00      	nop

1a002794 <__ledf2>:
1a002794:	f04f 0c01 	mov.w	ip, #1
1a002798:	e002      	b.n	1a0027a0 <__cmpdf2+0x4>
1a00279a:	bf00      	nop

1a00279c <__cmpdf2>:
1a00279c:	f04f 0c01 	mov.w	ip, #1
1a0027a0:	f84d cd04 	str.w	ip, [sp, #-4]!
1a0027a4:	ea4f 0c41 	mov.w	ip, r1, lsl #1
1a0027a8:	ea7f 5c6c 	mvns.w	ip, ip, asr #21
1a0027ac:	ea4f 0c43 	mov.w	ip, r3, lsl #1
1a0027b0:	bf18      	it	ne
1a0027b2:	ea7f 5c6c 	mvnsne.w	ip, ip, asr #21
1a0027b6:	d01b      	beq.n	1a0027f0 <__cmpdf2+0x54>
1a0027b8:	b001      	add	sp, #4
1a0027ba:	ea50 0c41 	orrs.w	ip, r0, r1, lsl #1
1a0027be:	bf0c      	ite	eq
1a0027c0:	ea52 0c43 	orrseq.w	ip, r2, r3, lsl #1
1a0027c4:	ea91 0f03 	teqne	r1, r3
1a0027c8:	bf02      	ittt	eq
1a0027ca:	ea90 0f02 	teqeq	r0, r2
1a0027ce:	2000      	moveq	r0, #0
1a0027d0:	4770      	bxeq	lr
1a0027d2:	f110 0f00 	cmn.w	r0, #0
1a0027d6:	ea91 0f03 	teq	r1, r3
1a0027da:	bf58      	it	pl
1a0027dc:	4299      	cmppl	r1, r3
1a0027de:	bf08      	it	eq
1a0027e0:	4290      	cmpeq	r0, r2
1a0027e2:	bf2c      	ite	cs
1a0027e4:	17d8      	asrcs	r0, r3, #31
1a0027e6:	ea6f 70e3 	mvncc.w	r0, r3, asr #31
1a0027ea:	f040 0001 	orr.w	r0, r0, #1
1a0027ee:	4770      	bx	lr
1a0027f0:	ea4f 0c41 	mov.w	ip, r1, lsl #1
1a0027f4:	ea7f 5c6c 	mvns.w	ip, ip, asr #21
1a0027f8:	d102      	bne.n	1a002800 <__cmpdf2+0x64>
1a0027fa:	ea50 3c01 	orrs.w	ip, r0, r1, lsl #12
1a0027fe:	d107      	bne.n	1a002810 <__cmpdf2+0x74>
1a002800:	ea4f 0c43 	mov.w	ip, r3, lsl #1
1a002804:	ea7f 5c6c 	mvns.w	ip, ip, asr #21
1a002808:	d1d6      	bne.n	1a0027b8 <__cmpdf2+0x1c>
1a00280a:	ea52 3c03 	orrs.w	ip, r2, r3, lsl #12
1a00280e:	d0d3      	beq.n	1a0027b8 <__cmpdf2+0x1c>
1a002810:	f85d 0b04 	ldr.w	r0, [sp], #4
1a002814:	4770      	bx	lr
1a002816:	bf00      	nop

1a002818 <__aeabi_cdrcmple>:
1a002818:	4684      	mov	ip, r0
1a00281a:	4610      	mov	r0, r2
1a00281c:	4662      	mov	r2, ip
1a00281e:	468c      	mov	ip, r1
1a002820:	4619      	mov	r1, r3
1a002822:	4663      	mov	r3, ip
1a002824:	e000      	b.n	1a002828 <__aeabi_cdcmpeq>
1a002826:	bf00      	nop

1a002828 <__aeabi_cdcmpeq>:
1a002828:	b501      	push	{r0, lr}
1a00282a:	f7ff ffb7 	bl	1a00279c <__cmpdf2>
1a00282e:	2800      	cmp	r0, #0
1a002830:	bf48      	it	mi
1a002832:	f110 0f00 	cmnmi.w	r0, #0
1a002836:	bd01      	pop	{r0, pc}

1a002838 <__aeabi_dcmpeq>:
1a002838:	f84d ed08 	str.w	lr, [sp, #-8]!
1a00283c:	f7ff fff4 	bl	1a002828 <__aeabi_cdcmpeq>
1a002840:	bf0c      	ite	eq
1a002842:	2001      	moveq	r0, #1
1a002844:	2000      	movne	r0, #0
1a002846:	f85d fb08 	ldr.w	pc, [sp], #8
1a00284a:	bf00      	nop

1a00284c <__aeabi_dcmplt>:
1a00284c:	f84d ed08 	str.w	lr, [sp, #-8]!
1a002850:	f7ff ffea 	bl	1a002828 <__aeabi_cdcmpeq>
1a002854:	bf34      	ite	cc
1a002856:	2001      	movcc	r0, #1
1a002858:	2000      	movcs	r0, #0
1a00285a:	f85d fb08 	ldr.w	pc, [sp], #8
1a00285e:	bf00      	nop

1a002860 <__aeabi_dcmple>:
1a002860:	f84d ed08 	str.w	lr, [sp, #-8]!
1a002864:	f7ff ffe0 	bl	1a002828 <__aeabi_cdcmpeq>
1a002868:	bf94      	ite	ls
1a00286a:	2001      	movls	r0, #1
1a00286c:	2000      	movhi	r0, #0
1a00286e:	f85d fb08 	ldr.w	pc, [sp], #8
1a002872:	bf00      	nop

1a002874 <__aeabi_dcmpge>:
1a002874:	f84d ed08 	str.w	lr, [sp, #-8]!
1a002878:	f7ff ffce 	bl	1a002818 <__aeabi_cdrcmple>
1a00287c:	bf94      	ite	ls
1a00287e:	2001      	movls	r0, #1
1a002880:	2000      	movhi	r0, #0
1a002882:	f85d fb08 	ldr.w	pc, [sp], #8
1a002886:	bf00      	nop

1a002888 <__aeabi_dcmpgt>:
1a002888:	f84d ed08 	str.w	lr, [sp, #-8]!
1a00288c:	f7ff ffc4 	bl	1a002818 <__aeabi_cdrcmple>
1a002890:	bf34      	ite	cc
1a002892:	2001      	movcc	r0, #1
1a002894:	2000      	movcs	r0, #0
1a002896:	f85d fb08 	ldr.w	pc, [sp], #8
1a00289a:	bf00      	nop

1a00289c <__aeabi_dcmpun>:
1a00289c:	ea4f 0c41 	mov.w	ip, r1, lsl #1
1a0028a0:	ea7f 5c6c 	mvns.w	ip, ip, asr #21
1a0028a4:	d102      	bne.n	1a0028ac <__aeabi_dcmpun+0x10>
1a0028a6:	ea50 3c01 	orrs.w	ip, r0, r1, lsl #12
1a0028aa:	d10a      	bne.n	1a0028c2 <__aeabi_dcmpun+0x26>
1a0028ac:	ea4f 0c43 	mov.w	ip, r3, lsl #1
1a0028b0:	ea7f 5c6c 	mvns.w	ip, ip, asr #21
1a0028b4:	d102      	bne.n	1a0028bc <__aeabi_dcmpun+0x20>
1a0028b6:	ea52 3c03 	orrs.w	ip, r2, r3, lsl #12
1a0028ba:	d102      	bne.n	1a0028c2 <__aeabi_dcmpun+0x26>
1a0028bc:	f04f 0000 	mov.w	r0, #0
1a0028c0:	4770      	bx	lr
1a0028c2:	f04f 0001 	mov.w	r0, #1
1a0028c6:	4770      	bx	lr

1a0028c8 <__aeabi_d2iz>:
1a0028c8:	ea4f 0241 	mov.w	r2, r1, lsl #1
1a0028cc:	f512 1200 	adds.w	r2, r2, #2097152	; 0x200000
1a0028d0:	d215      	bcs.n	1a0028fe <__aeabi_d2iz+0x36>
1a0028d2:	d511      	bpl.n	1a0028f8 <__aeabi_d2iz+0x30>
1a0028d4:	f46f 7378 	mvn.w	r3, #992	; 0x3e0
1a0028d8:	ebb3 5262 	subs.w	r2, r3, r2, asr #21
1a0028dc:	d912      	bls.n	1a002904 <__aeabi_d2iz+0x3c>
1a0028de:	ea4f 23c1 	mov.w	r3, r1, lsl #11
1a0028e2:	f043 4300 	orr.w	r3, r3, #2147483648	; 0x80000000
1a0028e6:	ea43 5350 	orr.w	r3, r3, r0, lsr #21
1a0028ea:	f011 4f00 	tst.w	r1, #2147483648	; 0x80000000
1a0028ee:	fa23 f002 	lsr.w	r0, r3, r2
1a0028f2:	bf18      	it	ne
1a0028f4:	4240      	negne	r0, r0
1a0028f6:	4770      	bx	lr
1a0028f8:	f04f 0000 	mov.w	r0, #0
1a0028fc:	4770      	bx	lr
1a0028fe:	ea50 3001 	orrs.w	r0, r0, r1, lsl #12
1a002902:	d105      	bne.n	1a002910 <__aeabi_d2iz+0x48>
1a002904:	f011 4000 	ands.w	r0, r1, #2147483648	; 0x80000000
1a002908:	bf08      	it	eq
1a00290a:	f06f 4000 	mvneq.w	r0, #2147483648	; 0x80000000
1a00290e:	4770      	bx	lr
1a002910:	f04f 0000 	mov.w	r0, #0
1a002914:	4770      	bx	lr
1a002916:	bf00      	nop

1a002918 <__aeabi_uldivmod>:
1a002918:	b953      	cbnz	r3, 1a002930 <__aeabi_uldivmod+0x18>
1a00291a:	b94a      	cbnz	r2, 1a002930 <__aeabi_uldivmod+0x18>
1a00291c:	2900      	cmp	r1, #0
1a00291e:	bf08      	it	eq
1a002920:	2800      	cmpeq	r0, #0
1a002922:	bf1c      	itt	ne
1a002924:	f04f 31ff 	movne.w	r1, #4294967295
1a002928:	f04f 30ff 	movne.w	r0, #4294967295
1a00292c:	f000 b974 	b.w	1a002c18 <__aeabi_idiv0>
1a002930:	f1ad 0c08 	sub.w	ip, sp, #8
1a002934:	e96d ce04 	strd	ip, lr, [sp, #-16]!
1a002938:	f000 f806 	bl	1a002948 <__udivmoddi4>
1a00293c:	f8dd e004 	ldr.w	lr, [sp, #4]
1a002940:	e9dd 2302 	ldrd	r2, r3, [sp, #8]
1a002944:	b004      	add	sp, #16
1a002946:	4770      	bx	lr

1a002948 <__udivmoddi4>:
1a002948:	e92d 47f0 	stmdb	sp!, {r4, r5, r6, r7, r8, r9, sl, lr}
1a00294c:	9e08      	ldr	r6, [sp, #32]
1a00294e:	4604      	mov	r4, r0
1a002950:	4688      	mov	r8, r1
1a002952:	2b00      	cmp	r3, #0
1a002954:	f040 8085 	bne.w	1a002a62 <__udivmoddi4+0x11a>
1a002958:	428a      	cmp	r2, r1
1a00295a:	4615      	mov	r5, r2
1a00295c:	d948      	bls.n	1a0029f0 <__udivmoddi4+0xa8>
1a00295e:	fab2 f282 	clz	r2, r2
1a002962:	b14a      	cbz	r2, 1a002978 <__udivmoddi4+0x30>
1a002964:	f1c2 0720 	rsb	r7, r2, #32
1a002968:	fa01 f302 	lsl.w	r3, r1, r2
1a00296c:	fa20 f707 	lsr.w	r7, r0, r7
1a002970:	4095      	lsls	r5, r2
1a002972:	ea47 0803 	orr.w	r8, r7, r3
1a002976:	4094      	lsls	r4, r2
1a002978:	ea4f 4e15 	mov.w	lr, r5, lsr #16
1a00297c:	0c23      	lsrs	r3, r4, #16
1a00297e:	fbb8 f7fe 	udiv	r7, r8, lr
1a002982:	fa1f fc85 	uxth.w	ip, r5
1a002986:	fb0e 8817 	mls	r8, lr, r7, r8
1a00298a:	ea43 4308 	orr.w	r3, r3, r8, lsl #16
1a00298e:	fb07 f10c 	mul.w	r1, r7, ip
1a002992:	4299      	cmp	r1, r3
1a002994:	d909      	bls.n	1a0029aa <__udivmoddi4+0x62>
1a002996:	18eb      	adds	r3, r5, r3
1a002998:	f107 30ff 	add.w	r0, r7, #4294967295
1a00299c:	f080 80e3 	bcs.w	1a002b66 <__udivmoddi4+0x21e>
1a0029a0:	4299      	cmp	r1, r3
1a0029a2:	f240 80e0 	bls.w	1a002b66 <__udivmoddi4+0x21e>
1a0029a6:	3f02      	subs	r7, #2
1a0029a8:	442b      	add	r3, r5
1a0029aa:	1a5b      	subs	r3, r3, r1
1a0029ac:	b2a4      	uxth	r4, r4
1a0029ae:	fbb3 f0fe 	udiv	r0, r3, lr
1a0029b2:	fb0e 3310 	mls	r3, lr, r0, r3
1a0029b6:	ea44 4403 	orr.w	r4, r4, r3, lsl #16
1a0029ba:	fb00 fc0c 	mul.w	ip, r0, ip
1a0029be:	45a4      	cmp	ip, r4
1a0029c0:	d909      	bls.n	1a0029d6 <__udivmoddi4+0x8e>
1a0029c2:	192c      	adds	r4, r5, r4
1a0029c4:	f100 33ff 	add.w	r3, r0, #4294967295
1a0029c8:	f080 80cb 	bcs.w	1a002b62 <__udivmoddi4+0x21a>
1a0029cc:	45a4      	cmp	ip, r4
1a0029ce:	f240 80c8 	bls.w	1a002b62 <__udivmoddi4+0x21a>
1a0029d2:	3802      	subs	r0, #2
1a0029d4:	442c      	add	r4, r5
1a0029d6:	ea40 4007 	orr.w	r0, r0, r7, lsl #16
1a0029da:	eba4 040c 	sub.w	r4, r4, ip
1a0029de:	2700      	movs	r7, #0
1a0029e0:	b11e      	cbz	r6, 1a0029ea <__udivmoddi4+0xa2>
1a0029e2:	40d4      	lsrs	r4, r2
1a0029e4:	2300      	movs	r3, #0
1a0029e6:	e9c6 4300 	strd	r4, r3, [r6]
1a0029ea:	4639      	mov	r1, r7
1a0029ec:	e8bd 87f0 	ldmia.w	sp!, {r4, r5, r6, r7, r8, r9, sl, pc}
1a0029f0:	2a00      	cmp	r2, #0
1a0029f2:	d053      	beq.n	1a002a9c <__udivmoddi4+0x154>
1a0029f4:	fab2 f282 	clz	r2, r2
1a0029f8:	2a00      	cmp	r2, #0
1a0029fa:	f040 80b6 	bne.w	1a002b6a <__udivmoddi4+0x222>
1a0029fe:	1b49      	subs	r1, r1, r5
1a002a00:	ea4f 4e15 	mov.w	lr, r5, lsr #16
1a002a04:	fa1f f885 	uxth.w	r8, r5
1a002a08:	2701      	movs	r7, #1
1a002a0a:	fbb1 fcfe 	udiv	ip, r1, lr
1a002a0e:	0c23      	lsrs	r3, r4, #16
1a002a10:	fb0e 111c 	mls	r1, lr, ip, r1
1a002a14:	ea43 4301 	orr.w	r3, r3, r1, lsl #16
1a002a18:	fb08 f10c 	mul.w	r1, r8, ip
1a002a1c:	4299      	cmp	r1, r3
1a002a1e:	d907      	bls.n	1a002a30 <__udivmoddi4+0xe8>
1a002a20:	18eb      	adds	r3, r5, r3
1a002a22:	f10c 30ff 	add.w	r0, ip, #4294967295
1a002a26:	d202      	bcs.n	1a002a2e <__udivmoddi4+0xe6>
1a002a28:	4299      	cmp	r1, r3
1a002a2a:	f200 80ec 	bhi.w	1a002c06 <__udivmoddi4+0x2be>
1a002a2e:	4684      	mov	ip, r0
1a002a30:	1a59      	subs	r1, r3, r1
1a002a32:	b2a3      	uxth	r3, r4
1a002a34:	fbb1 f0fe 	udiv	r0, r1, lr
1a002a38:	fb0e 1410 	mls	r4, lr, r0, r1
1a002a3c:	ea43 4404 	orr.w	r4, r3, r4, lsl #16
1a002a40:	fb08 f800 	mul.w	r8, r8, r0
1a002a44:	45a0      	cmp	r8, r4
1a002a46:	d907      	bls.n	1a002a58 <__udivmoddi4+0x110>
1a002a48:	192c      	adds	r4, r5, r4
1a002a4a:	f100 33ff 	add.w	r3, r0, #4294967295
1a002a4e:	d202      	bcs.n	1a002a56 <__udivmoddi4+0x10e>
1a002a50:	45a0      	cmp	r8, r4
1a002a52:	f200 80dc 	bhi.w	1a002c0e <__udivmoddi4+0x2c6>
1a002a56:	4618      	mov	r0, r3
1a002a58:	eba4 0408 	sub.w	r4, r4, r8
1a002a5c:	ea40 400c 	orr.w	r0, r0, ip, lsl #16
1a002a60:	e7be      	b.n	1a0029e0 <__udivmoddi4+0x98>
1a002a62:	428b      	cmp	r3, r1
1a002a64:	d908      	bls.n	1a002a78 <__udivmoddi4+0x130>
1a002a66:	2e00      	cmp	r6, #0
1a002a68:	d078      	beq.n	1a002b5c <__udivmoddi4+0x214>
1a002a6a:	2700      	movs	r7, #0
1a002a6c:	e9c6 0100 	strd	r0, r1, [r6]
1a002a70:	4638      	mov	r0, r7
1a002a72:	4639      	mov	r1, r7
1a002a74:	e8bd 87f0 	ldmia.w	sp!, {r4, r5, r6, r7, r8, r9, sl, pc}
1a002a78:	fab3 f783 	clz	r7, r3
1a002a7c:	b97f      	cbnz	r7, 1a002a9e <__udivmoddi4+0x156>
1a002a7e:	428b      	cmp	r3, r1
1a002a80:	d302      	bcc.n	1a002a88 <__udivmoddi4+0x140>
1a002a82:	4282      	cmp	r2, r0
1a002a84:	f200 80bd 	bhi.w	1a002c02 <__udivmoddi4+0x2ba>
1a002a88:	1a84      	subs	r4, r0, r2
1a002a8a:	eb61 0303 	sbc.w	r3, r1, r3
1a002a8e:	2001      	movs	r0, #1
1a002a90:	4698      	mov	r8, r3
1a002a92:	2e00      	cmp	r6, #0
1a002a94:	d0a9      	beq.n	1a0029ea <__udivmoddi4+0xa2>
1a002a96:	e9c6 4800 	strd	r4, r8, [r6]
1a002a9a:	e7a6      	b.n	1a0029ea <__udivmoddi4+0xa2>
1a002a9c:	deff      	udf	#255	; 0xff
1a002a9e:	f1c7 0520 	rsb	r5, r7, #32
1a002aa2:	40bb      	lsls	r3, r7
1a002aa4:	fa22 fc05 	lsr.w	ip, r2, r5
1a002aa8:	ea4c 0c03 	orr.w	ip, ip, r3
1a002aac:	fa01 f407 	lsl.w	r4, r1, r7
1a002ab0:	fa20 f805 	lsr.w	r8, r0, r5
1a002ab4:	fa21 f305 	lsr.w	r3, r1, r5
1a002ab8:	ea4f 4e1c 	mov.w	lr, ip, lsr #16
1a002abc:	ea48 0404 	orr.w	r4, r8, r4
1a002ac0:	fbb3 f9fe 	udiv	r9, r3, lr
1a002ac4:	0c21      	lsrs	r1, r4, #16
1a002ac6:	fb0e 3319 	mls	r3, lr, r9, r3
1a002aca:	fa1f f88c 	uxth.w	r8, ip
1a002ace:	ea41 4303 	orr.w	r3, r1, r3, lsl #16
1a002ad2:	fb09 fa08 	mul.w	sl, r9, r8
1a002ad6:	459a      	cmp	sl, r3
1a002ad8:	fa02 f207 	lsl.w	r2, r2, r7
1a002adc:	fa00 f107 	lsl.w	r1, r0, r7
1a002ae0:	d90b      	bls.n	1a002afa <__udivmoddi4+0x1b2>
1a002ae2:	eb1c 0303 	adds.w	r3, ip, r3
1a002ae6:	f109 30ff 	add.w	r0, r9, #4294967295
1a002aea:	f080 8088 	bcs.w	1a002bfe <__udivmoddi4+0x2b6>
1a002aee:	459a      	cmp	sl, r3
1a002af0:	f240 8085 	bls.w	1a002bfe <__udivmoddi4+0x2b6>
1a002af4:	f1a9 0902 	sub.w	r9, r9, #2
1a002af8:	4463      	add	r3, ip
1a002afa:	eba3 030a 	sub.w	r3, r3, sl
1a002afe:	b2a4      	uxth	r4, r4
1a002b00:	fbb3 f0fe 	udiv	r0, r3, lr
1a002b04:	fb0e 3310 	mls	r3, lr, r0, r3
1a002b08:	ea44 4403 	orr.w	r4, r4, r3, lsl #16
1a002b0c:	fb00 f808 	mul.w	r8, r0, r8
1a002b10:	45a0      	cmp	r8, r4
1a002b12:	d908      	bls.n	1a002b26 <__udivmoddi4+0x1de>
1a002b14:	eb1c 0404 	adds.w	r4, ip, r4
1a002b18:	f100 33ff 	add.w	r3, r0, #4294967295
1a002b1c:	d26b      	bcs.n	1a002bf6 <__udivmoddi4+0x2ae>
1a002b1e:	45a0      	cmp	r8, r4
1a002b20:	d969      	bls.n	1a002bf6 <__udivmoddi4+0x2ae>
1a002b22:	3802      	subs	r0, #2
1a002b24:	4464      	add	r4, ip
1a002b26:	ea40 4009 	orr.w	r0, r0, r9, lsl #16
1a002b2a:	eba4 0408 	sub.w	r4, r4, r8
1a002b2e:	fba0 8902 	umull	r8, r9, r0, r2
1a002b32:	454c      	cmp	r4, r9
1a002b34:	46c6      	mov	lr, r8
1a002b36:	464b      	mov	r3, r9
1a002b38:	d354      	bcc.n	1a002be4 <__udivmoddi4+0x29c>
1a002b3a:	d051      	beq.n	1a002be0 <__udivmoddi4+0x298>
1a002b3c:	2e00      	cmp	r6, #0
1a002b3e:	d069      	beq.n	1a002c14 <__udivmoddi4+0x2cc>
1a002b40:	ebb1 020e 	subs.w	r2, r1, lr
1a002b44:	eb64 0403 	sbc.w	r4, r4, r3
1a002b48:	fa04 f505 	lsl.w	r5, r4, r5
1a002b4c:	fa22 f307 	lsr.w	r3, r2, r7
1a002b50:	40fc      	lsrs	r4, r7
1a002b52:	431d      	orrs	r5, r3
1a002b54:	e9c6 5400 	strd	r5, r4, [r6]
1a002b58:	2700      	movs	r7, #0
1a002b5a:	e746      	b.n	1a0029ea <__udivmoddi4+0xa2>
1a002b5c:	4637      	mov	r7, r6
1a002b5e:	4630      	mov	r0, r6
1a002b60:	e743      	b.n	1a0029ea <__udivmoddi4+0xa2>
1a002b62:	4618      	mov	r0, r3
1a002b64:	e737      	b.n	1a0029d6 <__udivmoddi4+0x8e>
1a002b66:	4607      	mov	r7, r0
1a002b68:	e71f      	b.n	1a0029aa <__udivmoddi4+0x62>
1a002b6a:	f1c2 0320 	rsb	r3, r2, #32
1a002b6e:	fa20 f703 	lsr.w	r7, r0, r3
1a002b72:	4095      	lsls	r5, r2
1a002b74:	fa01 f002 	lsl.w	r0, r1, r2
1a002b78:	fa21 f303 	lsr.w	r3, r1, r3
1a002b7c:	ea4f 4e15 	mov.w	lr, r5, lsr #16
1a002b80:	4338      	orrs	r0, r7
1a002b82:	0c01      	lsrs	r1, r0, #16
1a002b84:	fbb3 f7fe 	udiv	r7, r3, lr
1a002b88:	fa1f f885 	uxth.w	r8, r5
1a002b8c:	fb0e 3317 	mls	r3, lr, r7, r3
1a002b90:	ea41 4103 	orr.w	r1, r1, r3, lsl #16
1a002b94:	fb07 f308 	mul.w	r3, r7, r8
1a002b98:	428b      	cmp	r3, r1
1a002b9a:	fa04 f402 	lsl.w	r4, r4, r2
1a002b9e:	d907      	bls.n	1a002bb0 <__udivmoddi4+0x268>
1a002ba0:	1869      	adds	r1, r5, r1
1a002ba2:	f107 3cff 	add.w	ip, r7, #4294967295
1a002ba6:	d228      	bcs.n	1a002bfa <__udivmoddi4+0x2b2>
1a002ba8:	428b      	cmp	r3, r1
1a002baa:	d926      	bls.n	1a002bfa <__udivmoddi4+0x2b2>
1a002bac:	3f02      	subs	r7, #2
1a002bae:	4429      	add	r1, r5
1a002bb0:	1acb      	subs	r3, r1, r3
1a002bb2:	b281      	uxth	r1, r0
1a002bb4:	fbb3 f0fe 	udiv	r0, r3, lr
1a002bb8:	fb0e 3310 	mls	r3, lr, r0, r3
1a002bbc:	ea41 4103 	orr.w	r1, r1, r3, lsl #16
1a002bc0:	fb00 f308 	mul.w	r3, r0, r8
1a002bc4:	428b      	cmp	r3, r1
1a002bc6:	d907      	bls.n	1a002bd8 <__udivmoddi4+0x290>
1a002bc8:	1869      	adds	r1, r5, r1
1a002bca:	f100 3cff 	add.w	ip, r0, #4294967295
1a002bce:	d210      	bcs.n	1a002bf2 <__udivmoddi4+0x2aa>
1a002bd0:	428b      	cmp	r3, r1
1a002bd2:	d90e      	bls.n	1a002bf2 <__udivmoddi4+0x2aa>
1a002bd4:	3802      	subs	r0, #2
1a002bd6:	4429      	add	r1, r5
1a002bd8:	1ac9      	subs	r1, r1, r3
1a002bda:	ea40 4707 	orr.w	r7, r0, r7, lsl #16
1a002bde:	e714      	b.n	1a002a0a <__udivmoddi4+0xc2>
1a002be0:	4541      	cmp	r1, r8
1a002be2:	d2ab      	bcs.n	1a002b3c <__udivmoddi4+0x1f4>
1a002be4:	ebb8 0e02 	subs.w	lr, r8, r2
1a002be8:	eb69 020c 	sbc.w	r2, r9, ip
1a002bec:	3801      	subs	r0, #1
1a002bee:	4613      	mov	r3, r2
1a002bf0:	e7a4      	b.n	1a002b3c <__udivmoddi4+0x1f4>
1a002bf2:	4660      	mov	r0, ip
1a002bf4:	e7f0      	b.n	1a002bd8 <__udivmoddi4+0x290>
1a002bf6:	4618      	mov	r0, r3
1a002bf8:	e795      	b.n	1a002b26 <__udivmoddi4+0x1de>
1a002bfa:	4667      	mov	r7, ip
1a002bfc:	e7d8      	b.n	1a002bb0 <__udivmoddi4+0x268>
1a002bfe:	4681      	mov	r9, r0
1a002c00:	e77b      	b.n	1a002afa <__udivmoddi4+0x1b2>
1a002c02:	4638      	mov	r0, r7
1a002c04:	e745      	b.n	1a002a92 <__udivmoddi4+0x14a>
1a002c06:	f1ac 0c02 	sub.w	ip, ip, #2
1a002c0a:	442b      	add	r3, r5
1a002c0c:	e710      	b.n	1a002a30 <__udivmoddi4+0xe8>
1a002c0e:	3802      	subs	r0, #2
1a002c10:	442c      	add	r4, r5
1a002c12:	e721      	b.n	1a002a58 <__udivmoddi4+0x110>
1a002c14:	4637      	mov	r7, r6
1a002c16:	e6e8      	b.n	1a0029ea <__udivmoddi4+0xa2>

1a002c18 <__aeabi_idiv0>:
1a002c18:	4770      	bx	lr
1a002c1a:	bf00      	nop

1a002c1c <_fclose_r>:
1a002c1c:	b570      	push	{r4, r5, r6, lr}
1a002c1e:	2900      	cmp	r1, #0
1a002c20:	d04a      	beq.n	1a002cb8 <_fclose_r+0x9c>
1a002c22:	4605      	mov	r5, r0
1a002c24:	460c      	mov	r4, r1
1a002c26:	b110      	cbz	r0, 1a002c2e <_fclose_r+0x12>
1a002c28:	6b83      	ldr	r3, [r0, #56]	; 0x38
1a002c2a:	2b00      	cmp	r3, #0
1a002c2c:	d047      	beq.n	1a002cbe <_fclose_r+0xa2>
1a002c2e:	6e63      	ldr	r3, [r4, #100]	; 0x64
1a002c30:	f9b4 200c 	ldrsh.w	r2, [r4, #12]
1a002c34:	07d8      	lsls	r0, r3, #31
1a002c36:	d532      	bpl.n	1a002c9e <_fclose_r+0x82>
1a002c38:	2a00      	cmp	r2, #0
1a002c3a:	d03d      	beq.n	1a002cb8 <_fclose_r+0x9c>
1a002c3c:	4621      	mov	r1, r4
1a002c3e:	4628      	mov	r0, r5
1a002c40:	f000 f854 	bl	1a002cec <__sflush_r>
1a002c44:	6ae3      	ldr	r3, [r4, #44]	; 0x2c
1a002c46:	4606      	mov	r6, r0
1a002c48:	b133      	cbz	r3, 1a002c58 <_fclose_r+0x3c>
1a002c4a:	69e1      	ldr	r1, [r4, #28]
1a002c4c:	4628      	mov	r0, r5
1a002c4e:	4798      	blx	r3
1a002c50:	2800      	cmp	r0, #0
1a002c52:	bfb8      	it	lt
1a002c54:	f04f 36ff 	movlt.w	r6, #4294967295
1a002c58:	89a3      	ldrh	r3, [r4, #12]
1a002c5a:	061a      	lsls	r2, r3, #24
1a002c5c:	d43c      	bmi.n	1a002cd8 <_fclose_r+0xbc>
1a002c5e:	6b21      	ldr	r1, [r4, #48]	; 0x30
1a002c60:	b141      	cbz	r1, 1a002c74 <_fclose_r+0x58>
1a002c62:	f104 0340 	add.w	r3, r4, #64	; 0x40
1a002c66:	4299      	cmp	r1, r3
1a002c68:	d002      	beq.n	1a002c70 <_fclose_r+0x54>
1a002c6a:	4628      	mov	r0, r5
1a002c6c:	f000 f9c6 	bl	1a002ffc <_free_r>
1a002c70:	2300      	movs	r3, #0
1a002c72:	6323      	str	r3, [r4, #48]	; 0x30
1a002c74:	6c61      	ldr	r1, [r4, #68]	; 0x44
1a002c76:	b121      	cbz	r1, 1a002c82 <_fclose_r+0x66>
1a002c78:	4628      	mov	r0, r5
1a002c7a:	f000 f9bf 	bl	1a002ffc <_free_r>
1a002c7e:	2300      	movs	r3, #0
1a002c80:	6463      	str	r3, [r4, #68]	; 0x44
1a002c82:	f000 f95f 	bl	1a002f44 <__sfp_lock_acquire>
1a002c86:	6e63      	ldr	r3, [r4, #100]	; 0x64
1a002c88:	2200      	movs	r2, #0
1a002c8a:	07db      	lsls	r3, r3, #31
1a002c8c:	81a2      	strh	r2, [r4, #12]
1a002c8e:	d528      	bpl.n	1a002ce2 <_fclose_r+0xc6>
1a002c90:	6da0      	ldr	r0, [r4, #88]	; 0x58
1a002c92:	f000 faf9 	bl	1a003288 <__retarget_lock_close_recursive>
1a002c96:	f000 f95b 	bl	1a002f50 <__sfp_lock_release>
1a002c9a:	4630      	mov	r0, r6
1a002c9c:	bd70      	pop	{r4, r5, r6, pc}
1a002c9e:	0591      	lsls	r1, r2, #22
1a002ca0:	d4cc      	bmi.n	1a002c3c <_fclose_r+0x20>
1a002ca2:	6da0      	ldr	r0, [r4, #88]	; 0x58
1a002ca4:	f000 faf2 	bl	1a00328c <__retarget_lock_acquire_recursive>
1a002ca8:	f9b4 300c 	ldrsh.w	r3, [r4, #12]
1a002cac:	2b00      	cmp	r3, #0
1a002cae:	d1c5      	bne.n	1a002c3c <_fclose_r+0x20>
1a002cb0:	6e66      	ldr	r6, [r4, #100]	; 0x64
1a002cb2:	f016 0601 	ands.w	r6, r6, #1
1a002cb6:	d00a      	beq.n	1a002cce <_fclose_r+0xb2>
1a002cb8:	2600      	movs	r6, #0
1a002cba:	4630      	mov	r0, r6
1a002cbc:	bd70      	pop	{r4, r5, r6, pc}
1a002cbe:	f000 f917 	bl	1a002ef0 <__sinit>
1a002cc2:	6e63      	ldr	r3, [r4, #100]	; 0x64
1a002cc4:	f9b4 200c 	ldrsh.w	r2, [r4, #12]
1a002cc8:	07d8      	lsls	r0, r3, #31
1a002cca:	d4b5      	bmi.n	1a002c38 <_fclose_r+0x1c>
1a002ccc:	e7e7      	b.n	1a002c9e <_fclose_r+0x82>
1a002cce:	6da0      	ldr	r0, [r4, #88]	; 0x58
1a002cd0:	f000 fade 	bl	1a003290 <__retarget_lock_release_recursive>
1a002cd4:	4630      	mov	r0, r6
1a002cd6:	bd70      	pop	{r4, r5, r6, pc}
1a002cd8:	6921      	ldr	r1, [r4, #16]
1a002cda:	4628      	mov	r0, r5
1a002cdc:	f000 f98e 	bl	1a002ffc <_free_r>
1a002ce0:	e7bd      	b.n	1a002c5e <_fclose_r+0x42>
1a002ce2:	6da0      	ldr	r0, [r4, #88]	; 0x58
1a002ce4:	f000 fad4 	bl	1a003290 <__retarget_lock_release_recursive>
1a002ce8:	e7d2      	b.n	1a002c90 <_fclose_r+0x74>
1a002cea:	bf00      	nop

1a002cec <__sflush_r>:
1a002cec:	f9b1 300c 	ldrsh.w	r3, [r1, #12]
1a002cf0:	b29a      	uxth	r2, r3
1a002cf2:	e92d 41f0 	stmdb	sp!, {r4, r5, r6, r7, r8, lr}
1a002cf6:	460c      	mov	r4, r1
1a002cf8:	0711      	lsls	r1, r2, #28
1a002cfa:	4680      	mov	r8, r0
1a002cfc:	d448      	bmi.n	1a002d90 <__sflush_r+0xa4>
1a002cfe:	6862      	ldr	r2, [r4, #4]
1a002d00:	f443 6300 	orr.w	r3, r3, #2048	; 0x800
1a002d04:	2a00      	cmp	r2, #0
1a002d06:	81a3      	strh	r3, [r4, #12]
1a002d08:	dd5d      	ble.n	1a002dc6 <__sflush_r+0xda>
1a002d0a:	6aa5      	ldr	r5, [r4, #40]	; 0x28
1a002d0c:	2d00      	cmp	r5, #0
1a002d0e:	d057      	beq.n	1a002dc0 <__sflush_r+0xd4>
1a002d10:	2200      	movs	r2, #0
1a002d12:	b29b      	uxth	r3, r3
1a002d14:	f8d8 6000 	ldr.w	r6, [r8]
1a002d18:	69e1      	ldr	r1, [r4, #28]
1a002d1a:	f8c8 2000 	str.w	r2, [r8]
1a002d1e:	f413 5280 	ands.w	r2, r3, #4096	; 0x1000
1a002d22:	d154      	bne.n	1a002dce <__sflush_r+0xe2>
1a002d24:	2301      	movs	r3, #1
1a002d26:	4640      	mov	r0, r8
1a002d28:	47a8      	blx	r5
1a002d2a:	1c43      	adds	r3, r0, #1
1a002d2c:	4602      	mov	r2, r0
1a002d2e:	d065      	beq.n	1a002dfc <__sflush_r+0x110>
1a002d30:	89a3      	ldrh	r3, [r4, #12]
1a002d32:	6aa5      	ldr	r5, [r4, #40]	; 0x28
1a002d34:	69e1      	ldr	r1, [r4, #28]
1a002d36:	075f      	lsls	r7, r3, #29
1a002d38:	d505      	bpl.n	1a002d46 <__sflush_r+0x5a>
1a002d3a:	6860      	ldr	r0, [r4, #4]
1a002d3c:	6b23      	ldr	r3, [r4, #48]	; 0x30
1a002d3e:	1a12      	subs	r2, r2, r0
1a002d40:	b10b      	cbz	r3, 1a002d46 <__sflush_r+0x5a>
1a002d42:	6be3      	ldr	r3, [r4, #60]	; 0x3c
1a002d44:	1ad2      	subs	r2, r2, r3
1a002d46:	2300      	movs	r3, #0
1a002d48:	4640      	mov	r0, r8
1a002d4a:	47a8      	blx	r5
1a002d4c:	1c45      	adds	r5, r0, #1
1a002d4e:	d148      	bne.n	1a002de2 <__sflush_r+0xf6>
1a002d50:	f8d8 2000 	ldr.w	r2, [r8]
1a002d54:	f9b4 300c 	ldrsh.w	r3, [r4, #12]
1a002d58:	2a00      	cmp	r2, #0
1a002d5a:	d05c      	beq.n	1a002e16 <__sflush_r+0x12a>
1a002d5c:	2a1d      	cmp	r2, #29
1a002d5e:	d001      	beq.n	1a002d64 <__sflush_r+0x78>
1a002d60:	2a16      	cmp	r2, #22
1a002d62:	d164      	bne.n	1a002e2e <__sflush_r+0x142>
1a002d64:	6922      	ldr	r2, [r4, #16]
1a002d66:	2100      	movs	r1, #0
1a002d68:	e9c4 2100 	strd	r2, r1, [r4]
1a002d6c:	f423 6300 	bic.w	r3, r3, #2048	; 0x800
1a002d70:	81a3      	strh	r3, [r4, #12]
1a002d72:	6b21      	ldr	r1, [r4, #48]	; 0x30
1a002d74:	f8c8 6000 	str.w	r6, [r8]
1a002d78:	b311      	cbz	r1, 1a002dc0 <__sflush_r+0xd4>
1a002d7a:	f104 0340 	add.w	r3, r4, #64	; 0x40
1a002d7e:	4299      	cmp	r1, r3
1a002d80:	d002      	beq.n	1a002d88 <__sflush_r+0x9c>
1a002d82:	4640      	mov	r0, r8
1a002d84:	f000 f93a 	bl	1a002ffc <_free_r>
1a002d88:	2000      	movs	r0, #0
1a002d8a:	6320      	str	r0, [r4, #48]	; 0x30
1a002d8c:	e8bd 81f0 	ldmia.w	sp!, {r4, r5, r6, r7, r8, pc}
1a002d90:	6926      	ldr	r6, [r4, #16]
1a002d92:	b1ae      	cbz	r6, 1a002dc0 <__sflush_r+0xd4>
1a002d94:	6825      	ldr	r5, [r4, #0]
1a002d96:	6026      	str	r6, [r4, #0]
1a002d98:	0791      	lsls	r1, r2, #30
1a002d9a:	bf0c      	ite	eq
1a002d9c:	6963      	ldreq	r3, [r4, #20]
1a002d9e:	2300      	movne	r3, #0
1a002da0:	1bad      	subs	r5, r5, r6
1a002da2:	60a3      	str	r3, [r4, #8]
1a002da4:	e00a      	b.n	1a002dbc <__sflush_r+0xd0>
1a002da6:	462b      	mov	r3, r5
1a002da8:	4632      	mov	r2, r6
1a002daa:	6a67      	ldr	r7, [r4, #36]	; 0x24
1a002dac:	69e1      	ldr	r1, [r4, #28]
1a002dae:	4640      	mov	r0, r8
1a002db0:	47b8      	blx	r7
1a002db2:	2800      	cmp	r0, #0
1a002db4:	eba5 0500 	sub.w	r5, r5, r0
1a002db8:	4406      	add	r6, r0
1a002dba:	dd0a      	ble.n	1a002dd2 <__sflush_r+0xe6>
1a002dbc:	2d00      	cmp	r5, #0
1a002dbe:	dcf2      	bgt.n	1a002da6 <__sflush_r+0xba>
1a002dc0:	2000      	movs	r0, #0
1a002dc2:	e8bd 81f0 	ldmia.w	sp!, {r4, r5, r6, r7, r8, pc}
1a002dc6:	6be2      	ldr	r2, [r4, #60]	; 0x3c
1a002dc8:	2a00      	cmp	r2, #0
1a002dca:	dc9e      	bgt.n	1a002d0a <__sflush_r+0x1e>
1a002dcc:	e7f8      	b.n	1a002dc0 <__sflush_r+0xd4>
1a002dce:	6d22      	ldr	r2, [r4, #80]	; 0x50
1a002dd0:	e7b1      	b.n	1a002d36 <__sflush_r+0x4a>
1a002dd2:	89a3      	ldrh	r3, [r4, #12]
1a002dd4:	f043 0340 	orr.w	r3, r3, #64	; 0x40
1a002dd8:	81a3      	strh	r3, [r4, #12]
1a002dda:	f04f 30ff 	mov.w	r0, #4294967295
1a002dde:	e8bd 81f0 	ldmia.w	sp!, {r4, r5, r6, r7, r8, pc}
1a002de2:	f9b4 300c 	ldrsh.w	r3, [r4, #12]
1a002de6:	6922      	ldr	r2, [r4, #16]
1a002de8:	6022      	str	r2, [r4, #0]
1a002dea:	f423 6300 	bic.w	r3, r3, #2048	; 0x800
1a002dee:	2200      	movs	r2, #0
1a002df0:	6062      	str	r2, [r4, #4]
1a002df2:	04da      	lsls	r2, r3, #19
1a002df4:	81a3      	strh	r3, [r4, #12]
1a002df6:	d5bc      	bpl.n	1a002d72 <__sflush_r+0x86>
1a002df8:	6520      	str	r0, [r4, #80]	; 0x50
1a002dfa:	e7ba      	b.n	1a002d72 <__sflush_r+0x86>
1a002dfc:	f8d8 3000 	ldr.w	r3, [r8]
1a002e00:	2b00      	cmp	r3, #0
1a002e02:	d095      	beq.n	1a002d30 <__sflush_r+0x44>
1a002e04:	2b1d      	cmp	r3, #29
1a002e06:	d00f      	beq.n	1a002e28 <__sflush_r+0x13c>
1a002e08:	2b16      	cmp	r3, #22
1a002e0a:	d00d      	beq.n	1a002e28 <__sflush_r+0x13c>
1a002e0c:	89a3      	ldrh	r3, [r4, #12]
1a002e0e:	f043 0340 	orr.w	r3, r3, #64	; 0x40
1a002e12:	81a3      	strh	r3, [r4, #12]
1a002e14:	e7d5      	b.n	1a002dc2 <__sflush_r+0xd6>
1a002e16:	f423 6300 	bic.w	r3, r3, #2048	; 0x800
1a002e1a:	6921      	ldr	r1, [r4, #16]
1a002e1c:	81a3      	strh	r3, [r4, #12]
1a002e1e:	04db      	lsls	r3, r3, #19
1a002e20:	e9c4 1200 	strd	r1, r2, [r4]
1a002e24:	d5a5      	bpl.n	1a002d72 <__sflush_r+0x86>
1a002e26:	e7e7      	b.n	1a002df8 <__sflush_r+0x10c>
1a002e28:	f8c8 6000 	str.w	r6, [r8]
1a002e2c:	e7c8      	b.n	1a002dc0 <__sflush_r+0xd4>
1a002e2e:	f043 0340 	orr.w	r3, r3, #64	; 0x40
1a002e32:	81a3      	strh	r3, [r4, #12]
1a002e34:	e7c5      	b.n	1a002dc2 <__sflush_r+0xd6>
1a002e36:	bf00      	nop

1a002e38 <_fflush_r>:
1a002e38:	b538      	push	{r3, r4, r5, lr}
1a002e3a:	460d      	mov	r5, r1
1a002e3c:	4604      	mov	r4, r0
1a002e3e:	b108      	cbz	r0, 1a002e44 <_fflush_r+0xc>
1a002e40:	6b83      	ldr	r3, [r0, #56]	; 0x38
1a002e42:	b1a3      	cbz	r3, 1a002e6e <_fflush_r+0x36>
1a002e44:	f9b5 000c 	ldrsh.w	r0, [r5, #12]
1a002e48:	b1b8      	cbz	r0, 1a002e7a <_fflush_r+0x42>
1a002e4a:	6e6b      	ldr	r3, [r5, #100]	; 0x64
1a002e4c:	07db      	lsls	r3, r3, #31
1a002e4e:	d401      	bmi.n	1a002e54 <_fflush_r+0x1c>
1a002e50:	0581      	lsls	r1, r0, #22
1a002e52:	d515      	bpl.n	1a002e80 <_fflush_r+0x48>
1a002e54:	4620      	mov	r0, r4
1a002e56:	4629      	mov	r1, r5
1a002e58:	f7ff ff48 	bl	1a002cec <__sflush_r>
1a002e5c:	6e6b      	ldr	r3, [r5, #100]	; 0x64
1a002e5e:	07da      	lsls	r2, r3, #31
1a002e60:	4604      	mov	r4, r0
1a002e62:	d402      	bmi.n	1a002e6a <_fflush_r+0x32>
1a002e64:	89ab      	ldrh	r3, [r5, #12]
1a002e66:	059b      	lsls	r3, r3, #22
1a002e68:	d50e      	bpl.n	1a002e88 <_fflush_r+0x50>
1a002e6a:	4620      	mov	r0, r4
1a002e6c:	bd38      	pop	{r3, r4, r5, pc}
1a002e6e:	f000 f83f 	bl	1a002ef0 <__sinit>
1a002e72:	f9b5 000c 	ldrsh.w	r0, [r5, #12]
1a002e76:	2800      	cmp	r0, #0
1a002e78:	d1e7      	bne.n	1a002e4a <_fflush_r+0x12>
1a002e7a:	4604      	mov	r4, r0
1a002e7c:	4620      	mov	r0, r4
1a002e7e:	bd38      	pop	{r3, r4, r5, pc}
1a002e80:	6da8      	ldr	r0, [r5, #88]	; 0x58
1a002e82:	f000 fa03 	bl	1a00328c <__retarget_lock_acquire_recursive>
1a002e86:	e7e5      	b.n	1a002e54 <_fflush_r+0x1c>
1a002e88:	6da8      	ldr	r0, [r5, #88]	; 0x58
1a002e8a:	f000 fa01 	bl	1a003290 <__retarget_lock_release_recursive>
1a002e8e:	4620      	mov	r0, r4
1a002e90:	bd38      	pop	{r3, r4, r5, pc}
1a002e92:	bf00      	nop

1a002e94 <std>:
1a002e94:	b510      	push	{r4, lr}
1a002e96:	2300      	movs	r3, #0
1a002e98:	4604      	mov	r4, r0
1a002e9a:	8181      	strh	r1, [r0, #12]
1a002e9c:	81c2      	strh	r2, [r0, #14]
1a002e9e:	e9c0 3300 	strd	r3, r3, [r0]
1a002ea2:	6083      	str	r3, [r0, #8]
1a002ea4:	6643      	str	r3, [r0, #100]	; 0x64
1a002ea6:	e9c0 3304 	strd	r3, r3, [r0, #16]
1a002eaa:	6183      	str	r3, [r0, #24]
1a002eac:	4619      	mov	r1, r3
1a002eae:	2208      	movs	r2, #8
1a002eb0:	305c      	adds	r0, #92	; 0x5c
1a002eb2:	f000 fd41 	bl	1a003938 <memset>
1a002eb6:	4807      	ldr	r0, [pc, #28]	; (1a002ed4 <std+0x40>)
1a002eb8:	4907      	ldr	r1, [pc, #28]	; (1a002ed8 <std+0x44>)
1a002eba:	4a08      	ldr	r2, [pc, #32]	; (1a002edc <std+0x48>)
1a002ebc:	4b08      	ldr	r3, [pc, #32]	; (1a002ee0 <std+0x4c>)
1a002ebe:	62e3      	str	r3, [r4, #44]	; 0x2c
1a002ec0:	e9c4 4007 	strd	r4, r0, [r4, #28]
1a002ec4:	e9c4 1209 	strd	r1, r2, [r4, #36]	; 0x24
1a002ec8:	f104 0058 	add.w	r0, r4, #88	; 0x58
1a002ecc:	e8bd 4010 	ldmia.w	sp!, {r4, lr}
1a002ed0:	f000 b9d8 	b.w	1a003284 <__retarget_lock_init_recursive>
1a002ed4:	1a003b09 	.word	0x1a003b09
1a002ed8:	1a003b2d 	.word	0x1a003b2d
1a002edc:	1a003b6d 	.word	0x1a003b6d
1a002ee0:	1a003b8d 	.word	0x1a003b8d

1a002ee4 <_cleanup_r>:
1a002ee4:	4901      	ldr	r1, [pc, #4]	; (1a002eec <_cleanup_r+0x8>)
1a002ee6:	f000 b97f 	b.w	1a0031e8 <_fwalk_reent>
1a002eea:	bf00      	nop
1a002eec:	1a002c1d 	.word	0x1a002c1d

1a002ef0 <__sinit>:
1a002ef0:	b510      	push	{r4, lr}
1a002ef2:	4604      	mov	r4, r0
1a002ef4:	4811      	ldr	r0, [pc, #68]	; (1a002f3c <__sinit+0x4c>)
1a002ef6:	f000 f9c9 	bl	1a00328c <__retarget_lock_acquire_recursive>
1a002efa:	6ba2      	ldr	r2, [r4, #56]	; 0x38
1a002efc:	b9c2      	cbnz	r2, 1a002f30 <__sinit+0x40>
1a002efe:	f504 733b 	add.w	r3, r4, #748	; 0x2ec
1a002f02:	480f      	ldr	r0, [pc, #60]	; (1a002f40 <__sinit+0x50>)
1a002f04:	f8c4 22e0 	str.w	r2, [r4, #736]	; 0x2e0
1a002f08:	2103      	movs	r1, #3
1a002f0a:	e9c4 13b9 	strd	r1, r3, [r4, #740]	; 0x2e4
1a002f0e:	63e0      	str	r0, [r4, #60]	; 0x3c
1a002f10:	2104      	movs	r1, #4
1a002f12:	6860      	ldr	r0, [r4, #4]
1a002f14:	f7ff ffbe 	bl	1a002e94 <std>
1a002f18:	2201      	movs	r2, #1
1a002f1a:	2109      	movs	r1, #9
1a002f1c:	68a0      	ldr	r0, [r4, #8]
1a002f1e:	f7ff ffb9 	bl	1a002e94 <std>
1a002f22:	2202      	movs	r2, #2
1a002f24:	2112      	movs	r1, #18
1a002f26:	68e0      	ldr	r0, [r4, #12]
1a002f28:	f7ff ffb4 	bl	1a002e94 <std>
1a002f2c:	2301      	movs	r3, #1
1a002f2e:	63a3      	str	r3, [r4, #56]	; 0x38
1a002f30:	4802      	ldr	r0, [pc, #8]	; (1a002f3c <__sinit+0x4c>)
1a002f32:	e8bd 4010 	ldmia.w	sp!, {r4, lr}
1a002f36:	f000 b9ab 	b.w	1a003290 <__retarget_lock_release_recursive>
1a002f3a:	bf00      	nop
1a002f3c:	10000a68 	.word	0x10000a68
1a002f40:	1a002ee5 	.word	0x1a002ee5

1a002f44 <__sfp_lock_acquire>:
1a002f44:	4801      	ldr	r0, [pc, #4]	; (1a002f4c <__sfp_lock_acquire+0x8>)
1a002f46:	f000 b9a1 	b.w	1a00328c <__retarget_lock_acquire_recursive>
1a002f4a:	bf00      	nop
1a002f4c:	10000a7c 	.word	0x10000a7c

1a002f50 <__sfp_lock_release>:
1a002f50:	4801      	ldr	r0, [pc, #4]	; (1a002f58 <__sfp_lock_release+0x8>)
1a002f52:	f000 b99d 	b.w	1a003290 <__retarget_lock_release_recursive>
1a002f56:	bf00      	nop
1a002f58:	10000a7c 	.word	0x10000a7c

1a002f5c <_malloc_trim_r>:
1a002f5c:	b5f8      	push	{r3, r4, r5, r6, r7, lr}
1a002f5e:	4f24      	ldr	r7, [pc, #144]	; (1a002ff0 <_malloc_trim_r+0x94>)
1a002f60:	460c      	mov	r4, r1
1a002f62:	4606      	mov	r6, r0
1a002f64:	f000 fd38 	bl	1a0039d8 <__malloc_lock>
1a002f68:	68bb      	ldr	r3, [r7, #8]
1a002f6a:	685d      	ldr	r5, [r3, #4]
1a002f6c:	f5c4 617e 	rsb	r1, r4, #4064	; 0xfe0
1a002f70:	310f      	adds	r1, #15
1a002f72:	f025 0503 	bic.w	r5, r5, #3
1a002f76:	4429      	add	r1, r5
1a002f78:	f421 617f 	bic.w	r1, r1, #4080	; 0xff0
1a002f7c:	f021 010f 	bic.w	r1, r1, #15
1a002f80:	f5a1 5480 	sub.w	r4, r1, #4096	; 0x1000
1a002f84:	f5b4 5f80 	cmp.w	r4, #4096	; 0x1000
1a002f88:	db07      	blt.n	1a002f9a <_malloc_trim_r+0x3e>
1a002f8a:	2100      	movs	r1, #0
1a002f8c:	4630      	mov	r0, r6
1a002f8e:	f7fd fceb 	bl	1a000968 <_sbrk_r>
1a002f92:	68bb      	ldr	r3, [r7, #8]
1a002f94:	442b      	add	r3, r5
1a002f96:	4298      	cmp	r0, r3
1a002f98:	d004      	beq.n	1a002fa4 <_malloc_trim_r+0x48>
1a002f9a:	4630      	mov	r0, r6
1a002f9c:	f000 fd22 	bl	1a0039e4 <__malloc_unlock>
1a002fa0:	2000      	movs	r0, #0
1a002fa2:	bdf8      	pop	{r3, r4, r5, r6, r7, pc}
1a002fa4:	4261      	negs	r1, r4
1a002fa6:	4630      	mov	r0, r6
1a002fa8:	f7fd fcde 	bl	1a000968 <_sbrk_r>
1a002fac:	3001      	adds	r0, #1
1a002fae:	d00d      	beq.n	1a002fcc <_malloc_trim_r+0x70>
1a002fb0:	4b10      	ldr	r3, [pc, #64]	; (1a002ff4 <_malloc_trim_r+0x98>)
1a002fb2:	68ba      	ldr	r2, [r7, #8]
1a002fb4:	6819      	ldr	r1, [r3, #0]
1a002fb6:	1b2d      	subs	r5, r5, r4
1a002fb8:	f045 0501 	orr.w	r5, r5, #1
1a002fbc:	4630      	mov	r0, r6
1a002fbe:	1b09      	subs	r1, r1, r4
1a002fc0:	6055      	str	r5, [r2, #4]
1a002fc2:	6019      	str	r1, [r3, #0]
1a002fc4:	f000 fd0e 	bl	1a0039e4 <__malloc_unlock>
1a002fc8:	2001      	movs	r0, #1
1a002fca:	bdf8      	pop	{r3, r4, r5, r6, r7, pc}
1a002fcc:	2100      	movs	r1, #0
1a002fce:	4630      	mov	r0, r6
1a002fd0:	f7fd fcca 	bl	1a000968 <_sbrk_r>
1a002fd4:	68ba      	ldr	r2, [r7, #8]
1a002fd6:	1a83      	subs	r3, r0, r2
1a002fd8:	2b0f      	cmp	r3, #15
1a002fda:	ddde      	ble.n	1a002f9a <_malloc_trim_r+0x3e>
1a002fdc:	4c06      	ldr	r4, [pc, #24]	; (1a002ff8 <_malloc_trim_r+0x9c>)
1a002fde:	4905      	ldr	r1, [pc, #20]	; (1a002ff4 <_malloc_trim_r+0x98>)
1a002fe0:	6824      	ldr	r4, [r4, #0]
1a002fe2:	f043 0301 	orr.w	r3, r3, #1
1a002fe6:	1b00      	subs	r0, r0, r4
1a002fe8:	6053      	str	r3, [r2, #4]
1a002fea:	6008      	str	r0, [r1, #0]
1a002fec:	e7d5      	b.n	1a002f9a <_malloc_trim_r+0x3e>
1a002fee:	bf00      	nop
1a002ff0:	10000478 	.word	0x10000478
1a002ff4:	10000a20 	.word	0x10000a20
1a002ff8:	10000880 	.word	0x10000880

1a002ffc <_free_r>:
1a002ffc:	2900      	cmp	r1, #0
1a002ffe:	d05d      	beq.n	1a0030bc <_free_r+0xc0>
1a003000:	b5f8      	push	{r3, r4, r5, r6, r7, lr}
1a003002:	460f      	mov	r7, r1
1a003004:	4606      	mov	r6, r0
1a003006:	f000 fce7 	bl	1a0039d8 <__malloc_lock>
1a00300a:	f857 cc04 	ldr.w	ip, [r7, #-4]
1a00300e:	4c73      	ldr	r4, [pc, #460]	; (1a0031dc <_free_r+0x1e0>)
1a003010:	f02c 0301 	bic.w	r3, ip, #1
1a003014:	f1a7 0008 	sub.w	r0, r7, #8
1a003018:	18c2      	adds	r2, r0, r3
1a00301a:	68a1      	ldr	r1, [r4, #8]
1a00301c:	6855      	ldr	r5, [r2, #4]
1a00301e:	4291      	cmp	r1, r2
1a003020:	f025 0503 	bic.w	r5, r5, #3
1a003024:	d07f      	beq.n	1a003126 <_free_r+0x12a>
1a003026:	f01c 0f01 	tst.w	ip, #1
1a00302a:	6055      	str	r5, [r2, #4]
1a00302c:	eb02 0105 	add.w	r1, r2, r5
1a003030:	d133      	bne.n	1a00309a <_free_r+0x9e>
1a003032:	f857 ec08 	ldr.w	lr, [r7, #-8]
1a003036:	6849      	ldr	r1, [r1, #4]
1a003038:	eba0 000e 	sub.w	r0, r0, lr
1a00303c:	f104 0c08 	add.w	ip, r4, #8
1a003040:	6887      	ldr	r7, [r0, #8]
1a003042:	4567      	cmp	r7, ip
1a003044:	4473      	add	r3, lr
1a003046:	f001 0101 	and.w	r1, r1, #1
1a00304a:	d060      	beq.n	1a00310e <_free_r+0x112>
1a00304c:	f8d0 e00c 	ldr.w	lr, [r0, #12]
1a003050:	f8c7 e00c 	str.w	lr, [r7, #12]
1a003054:	f8ce 7008 	str.w	r7, [lr, #8]
1a003058:	2900      	cmp	r1, #0
1a00305a:	f000 8089 	beq.w	1a003170 <_free_r+0x174>
1a00305e:	f043 0101 	orr.w	r1, r3, #1
1a003062:	6041      	str	r1, [r0, #4]
1a003064:	6013      	str	r3, [r2, #0]
1a003066:	f5b3 7f00 	cmp.w	r3, #512	; 0x200
1a00306a:	d230      	bcs.n	1a0030ce <_free_r+0xd2>
1a00306c:	08db      	lsrs	r3, r3, #3
1a00306e:	1c59      	adds	r1, r3, #1
1a003070:	6865      	ldr	r5, [r4, #4]
1a003072:	109a      	asrs	r2, r3, #2
1a003074:	2301      	movs	r3, #1
1a003076:	4093      	lsls	r3, r2
1a003078:	432b      	orrs	r3, r5
1a00307a:	eb04 02c1 	add.w	r2, r4, r1, lsl #3
1a00307e:	f854 5031 	ldr.w	r5, [r4, r1, lsl #3]
1a003082:	6063      	str	r3, [r4, #4]
1a003084:	3a08      	subs	r2, #8
1a003086:	e9c0 5202 	strd	r5, r2, [r0, #8]
1a00308a:	f844 0031 	str.w	r0, [r4, r1, lsl #3]
1a00308e:	60e8      	str	r0, [r5, #12]
1a003090:	4630      	mov	r0, r6
1a003092:	e8bd 40f8 	ldmia.w	sp!, {r3, r4, r5, r6, r7, lr}
1a003096:	f000 bca5 	b.w	1a0039e4 <__malloc_unlock>
1a00309a:	6849      	ldr	r1, [r1, #4]
1a00309c:	07c9      	lsls	r1, r1, #31
1a00309e:	d40e      	bmi.n	1a0030be <_free_r+0xc2>
1a0030a0:	442b      	add	r3, r5
1a0030a2:	f104 0c08 	add.w	ip, r4, #8
1a0030a6:	6891      	ldr	r1, [r2, #8]
1a0030a8:	4561      	cmp	r1, ip
1a0030aa:	f043 0501 	orr.w	r5, r3, #1
1a0030ae:	d067      	beq.n	1a003180 <_free_r+0x184>
1a0030b0:	68d2      	ldr	r2, [r2, #12]
1a0030b2:	60ca      	str	r2, [r1, #12]
1a0030b4:	6091      	str	r1, [r2, #8]
1a0030b6:	6045      	str	r5, [r0, #4]
1a0030b8:	50c3      	str	r3, [r0, r3]
1a0030ba:	e7d4      	b.n	1a003066 <_free_r+0x6a>
1a0030bc:	4770      	bx	lr
1a0030be:	f043 0101 	orr.w	r1, r3, #1
1a0030c2:	f5b3 7f00 	cmp.w	r3, #512	; 0x200
1a0030c6:	f847 1c04 	str.w	r1, [r7, #-4]
1a0030ca:	6013      	str	r3, [r2, #0]
1a0030cc:	d3ce      	bcc.n	1a00306c <_free_r+0x70>
1a0030ce:	0a5a      	lsrs	r2, r3, #9
1a0030d0:	2a04      	cmp	r2, #4
1a0030d2:	d842      	bhi.n	1a00315a <_free_r+0x15e>
1a0030d4:	099a      	lsrs	r2, r3, #6
1a0030d6:	f102 0739 	add.w	r7, r2, #57	; 0x39
1a0030da:	00ff      	lsls	r7, r7, #3
1a0030dc:	f102 0138 	add.w	r1, r2, #56	; 0x38
1a0030e0:	19e5      	adds	r5, r4, r7
1a0030e2:	59e2      	ldr	r2, [r4, r7]
1a0030e4:	3d08      	subs	r5, #8
1a0030e6:	4295      	cmp	r5, r2
1a0030e8:	d051      	beq.n	1a00318e <_free_r+0x192>
1a0030ea:	6851      	ldr	r1, [r2, #4]
1a0030ec:	f021 0103 	bic.w	r1, r1, #3
1a0030f0:	4299      	cmp	r1, r3
1a0030f2:	d902      	bls.n	1a0030fa <_free_r+0xfe>
1a0030f4:	6892      	ldr	r2, [r2, #8]
1a0030f6:	4295      	cmp	r5, r2
1a0030f8:	d1f7      	bne.n	1a0030ea <_free_r+0xee>
1a0030fa:	68d5      	ldr	r5, [r2, #12]
1a0030fc:	e9c0 2502 	strd	r2, r5, [r0, #8]
1a003100:	60a8      	str	r0, [r5, #8]
1a003102:	60d0      	str	r0, [r2, #12]
1a003104:	4630      	mov	r0, r6
1a003106:	e8bd 40f8 	ldmia.w	sp!, {r3, r4, r5, r6, r7, lr}
1a00310a:	f000 bc6b 	b.w	1a0039e4 <__malloc_unlock>
1a00310e:	2900      	cmp	r1, #0
1a003110:	d15e      	bne.n	1a0031d0 <_free_r+0x1d4>
1a003112:	e9d2 1202 	ldrd	r1, r2, [r2, #8]
1a003116:	442b      	add	r3, r5
1a003118:	f043 0401 	orr.w	r4, r3, #1
1a00311c:	60ca      	str	r2, [r1, #12]
1a00311e:	6091      	str	r1, [r2, #8]
1a003120:	6044      	str	r4, [r0, #4]
1a003122:	50c3      	str	r3, [r0, r3]
1a003124:	e7b4      	b.n	1a003090 <_free_r+0x94>
1a003126:	f01c 0f01 	tst.w	ip, #1
1a00312a:	442b      	add	r3, r5
1a00312c:	d107      	bne.n	1a00313e <_free_r+0x142>
1a00312e:	f857 2c08 	ldr.w	r2, [r7, #-8]
1a003132:	1a80      	subs	r0, r0, r2
1a003134:	4413      	add	r3, r2
1a003136:	e9d0 1202 	ldrd	r1, r2, [r0, #8]
1a00313a:	60ca      	str	r2, [r1, #12]
1a00313c:	6091      	str	r1, [r2, #8]
1a00313e:	4a28      	ldr	r2, [pc, #160]	; (1a0031e0 <_free_r+0x1e4>)
1a003140:	6812      	ldr	r2, [r2, #0]
1a003142:	f043 0101 	orr.w	r1, r3, #1
1a003146:	429a      	cmp	r2, r3
1a003148:	6041      	str	r1, [r0, #4]
1a00314a:	60a0      	str	r0, [r4, #8]
1a00314c:	d8a0      	bhi.n	1a003090 <_free_r+0x94>
1a00314e:	4b25      	ldr	r3, [pc, #148]	; (1a0031e4 <_free_r+0x1e8>)
1a003150:	4630      	mov	r0, r6
1a003152:	6819      	ldr	r1, [r3, #0]
1a003154:	f7ff ff02 	bl	1a002f5c <_malloc_trim_r>
1a003158:	e79a      	b.n	1a003090 <_free_r+0x94>
1a00315a:	2a14      	cmp	r2, #20
1a00315c:	d90a      	bls.n	1a003174 <_free_r+0x178>
1a00315e:	2a54      	cmp	r2, #84	; 0x54
1a003160:	d81d      	bhi.n	1a00319e <_free_r+0x1a2>
1a003162:	0b1a      	lsrs	r2, r3, #12
1a003164:	f102 076f 	add.w	r7, r2, #111	; 0x6f
1a003168:	00ff      	lsls	r7, r7, #3
1a00316a:	f102 016e 	add.w	r1, r2, #110	; 0x6e
1a00316e:	e7b7      	b.n	1a0030e0 <_free_r+0xe4>
1a003170:	442b      	add	r3, r5
1a003172:	e798      	b.n	1a0030a6 <_free_r+0xaa>
1a003174:	f102 075c 	add.w	r7, r2, #92	; 0x5c
1a003178:	00ff      	lsls	r7, r7, #3
1a00317a:	f102 015b 	add.w	r1, r2, #91	; 0x5b
1a00317e:	e7af      	b.n	1a0030e0 <_free_r+0xe4>
1a003180:	e9c4 0004 	strd	r0, r0, [r4, #16]
1a003184:	e9c0 cc02 	strd	ip, ip, [r0, #8]
1a003188:	6045      	str	r5, [r0, #4]
1a00318a:	50c3      	str	r3, [r0, r3]
1a00318c:	e780      	b.n	1a003090 <_free_r+0x94>
1a00318e:	6863      	ldr	r3, [r4, #4]
1a003190:	1089      	asrs	r1, r1, #2
1a003192:	2701      	movs	r7, #1
1a003194:	fa07 f101 	lsl.w	r1, r7, r1
1a003198:	4319      	orrs	r1, r3
1a00319a:	6061      	str	r1, [r4, #4]
1a00319c:	e7ae      	b.n	1a0030fc <_free_r+0x100>
1a00319e:	f5b2 7faa 	cmp.w	r2, #340	; 0x154
1a0031a2:	d806      	bhi.n	1a0031b2 <_free_r+0x1b6>
1a0031a4:	0bda      	lsrs	r2, r3, #15
1a0031a6:	f102 0778 	add.w	r7, r2, #120	; 0x78
1a0031aa:	00ff      	lsls	r7, r7, #3
1a0031ac:	f102 0177 	add.w	r1, r2, #119	; 0x77
1a0031b0:	e796      	b.n	1a0030e0 <_free_r+0xe4>
1a0031b2:	f240 5154 	movw	r1, #1364	; 0x554
1a0031b6:	428a      	cmp	r2, r1
1a0031b8:	d806      	bhi.n	1a0031c8 <_free_r+0x1cc>
1a0031ba:	0c9a      	lsrs	r2, r3, #18
1a0031bc:	f102 077d 	add.w	r7, r2, #125	; 0x7d
1a0031c0:	00ff      	lsls	r7, r7, #3
1a0031c2:	f102 017c 	add.w	r1, r2, #124	; 0x7c
1a0031c6:	e78b      	b.n	1a0030e0 <_free_r+0xe4>
1a0031c8:	f44f 777e 	mov.w	r7, #1016	; 0x3f8
1a0031cc:	217e      	movs	r1, #126	; 0x7e
1a0031ce:	e787      	b.n	1a0030e0 <_free_r+0xe4>
1a0031d0:	f043 0101 	orr.w	r1, r3, #1
1a0031d4:	6041      	str	r1, [r0, #4]
1a0031d6:	6013      	str	r3, [r2, #0]
1a0031d8:	e75a      	b.n	1a003090 <_free_r+0x94>
1a0031da:	bf00      	nop
1a0031dc:	10000478 	.word	0x10000478
1a0031e0:	10000884 	.word	0x10000884
1a0031e4:	10000a50 	.word	0x10000a50

1a0031e8 <_fwalk_reent>:
1a0031e8:	e92d 43f8 	stmdb	sp!, {r3, r4, r5, r6, r7, r8, r9, lr}
1a0031ec:	f510 7738 	adds.w	r7, r0, #736	; 0x2e0
1a0031f0:	d01f      	beq.n	1a003232 <_fwalk_reent+0x4a>
1a0031f2:	4688      	mov	r8, r1
1a0031f4:	4606      	mov	r6, r0
1a0031f6:	f04f 0900 	mov.w	r9, #0
1a0031fa:	e9d7 5401 	ldrd	r5, r4, [r7, #4]
1a0031fe:	3d01      	subs	r5, #1
1a003200:	d411      	bmi.n	1a003226 <_fwalk_reent+0x3e>
1a003202:	89a3      	ldrh	r3, [r4, #12]
1a003204:	2b01      	cmp	r3, #1
1a003206:	f105 35ff 	add.w	r5, r5, #4294967295
1a00320a:	d908      	bls.n	1a00321e <_fwalk_reent+0x36>
1a00320c:	f9b4 300e 	ldrsh.w	r3, [r4, #14]
1a003210:	3301      	adds	r3, #1
1a003212:	4621      	mov	r1, r4
1a003214:	4630      	mov	r0, r6
1a003216:	d002      	beq.n	1a00321e <_fwalk_reent+0x36>
1a003218:	47c0      	blx	r8
1a00321a:	ea49 0900 	orr.w	r9, r9, r0
1a00321e:	1c6b      	adds	r3, r5, #1
1a003220:	f104 0468 	add.w	r4, r4, #104	; 0x68
1a003224:	d1ed      	bne.n	1a003202 <_fwalk_reent+0x1a>
1a003226:	683f      	ldr	r7, [r7, #0]
1a003228:	2f00      	cmp	r7, #0
1a00322a:	d1e6      	bne.n	1a0031fa <_fwalk_reent+0x12>
1a00322c:	4648      	mov	r0, r9
1a00322e:	e8bd 83f8 	ldmia.w	sp!, {r3, r4, r5, r6, r7, r8, r9, pc}
1a003232:	46b9      	mov	r9, r7
1a003234:	4648      	mov	r0, r9
1a003236:	e8bd 83f8 	ldmia.w	sp!, {r3, r4, r5, r6, r7, r8, r9, pc}
1a00323a:	bf00      	nop

1a00323c <__libc_init_array>:
1a00323c:	b570      	push	{r4, r5, r6, lr}
1a00323e:	4e0d      	ldr	r6, [pc, #52]	; (1a003274 <__libc_init_array+0x38>)
1a003240:	4d0d      	ldr	r5, [pc, #52]	; (1a003278 <__libc_init_array+0x3c>)
1a003242:	1b76      	subs	r6, r6, r5
1a003244:	10b6      	asrs	r6, r6, #2
1a003246:	d006      	beq.n	1a003256 <__libc_init_array+0x1a>
1a003248:	2400      	movs	r4, #0
1a00324a:	3401      	adds	r4, #1
1a00324c:	f855 3b04 	ldr.w	r3, [r5], #4
1a003250:	4798      	blx	r3
1a003252:	42a6      	cmp	r6, r4
1a003254:	d1f9      	bne.n	1a00324a <__libc_init_array+0xe>
1a003256:	4e09      	ldr	r6, [pc, #36]	; (1a00327c <__libc_init_array+0x40>)
1a003258:	4d09      	ldr	r5, [pc, #36]	; (1a003280 <__libc_init_array+0x44>)
1a00325a:	1b76      	subs	r6, r6, r5
1a00325c:	f7fd fb2f 	bl	1a0008be <_init>
1a003260:	10b6      	asrs	r6, r6, #2
1a003262:	d006      	beq.n	1a003272 <__libc_init_array+0x36>
1a003264:	2400      	movs	r4, #0
1a003266:	3401      	adds	r4, #1
1a003268:	f855 3b04 	ldr.w	r3, [r5], #4
1a00326c:	4798      	blx	r3
1a00326e:	42a6      	cmp	r6, r4
1a003270:	d1f9      	bne.n	1a003266 <__libc_init_array+0x2a>
1a003272:	bd70      	pop	{r4, r5, r6, pc}
1a003274:	1a00a15c 	.word	0x1a00a15c
1a003278:	1a00a15c 	.word	0x1a00a15c
1a00327c:	1a00a160 	.word	0x1a00a160
1a003280:	1a00a15c 	.word	0x1a00a15c

1a003284 <__retarget_lock_init_recursive>:
1a003284:	4770      	bx	lr
1a003286:	bf00      	nop

1a003288 <__retarget_lock_close_recursive>:
1a003288:	4770      	bx	lr
1a00328a:	bf00      	nop

1a00328c <__retarget_lock_acquire_recursive>:
1a00328c:	4770      	bx	lr
1a00328e:	bf00      	nop

1a003290 <__retarget_lock_release_recursive>:
1a003290:	4770      	bx	lr
1a003292:	bf00      	nop

1a003294 <_malloc_r>:
1a003294:	e92d 4ff0 	stmdb	sp!, {r4, r5, r6, r7, r8, r9, sl, fp, lr}
1a003298:	f101 050b 	add.w	r5, r1, #11
1a00329c:	2d16      	cmp	r5, #22
1a00329e:	b083      	sub	sp, #12
1a0032a0:	4606      	mov	r6, r0
1a0032a2:	d823      	bhi.n	1a0032ec <_malloc_r+0x58>
1a0032a4:	2910      	cmp	r1, #16
1a0032a6:	f200 80b9 	bhi.w	1a00341c <_malloc_r+0x188>
1a0032aa:	f000 fb95 	bl	1a0039d8 <__malloc_lock>
1a0032ae:	2510      	movs	r5, #16
1a0032b0:	2318      	movs	r3, #24
1a0032b2:	2002      	movs	r0, #2
1a0032b4:	4fba      	ldr	r7, [pc, #744]	; (1a0035a0 <_malloc_r+0x30c>)
1a0032b6:	443b      	add	r3, r7
1a0032b8:	f1a3 0208 	sub.w	r2, r3, #8
1a0032bc:	685c      	ldr	r4, [r3, #4]
1a0032be:	4294      	cmp	r4, r2
1a0032c0:	f000 80b9 	beq.w	1a003436 <_malloc_r+0x1a2>
1a0032c4:	6863      	ldr	r3, [r4, #4]
1a0032c6:	f023 0303 	bic.w	r3, r3, #3
1a0032ca:	4423      	add	r3, r4
1a0032cc:	e9d4 5102 	ldrd	r5, r1, [r4, #8]
1a0032d0:	685a      	ldr	r2, [r3, #4]
1a0032d2:	60e9      	str	r1, [r5, #12]
1a0032d4:	f042 0201 	orr.w	r2, r2, #1
1a0032d8:	4630      	mov	r0, r6
1a0032da:	608d      	str	r5, [r1, #8]
1a0032dc:	605a      	str	r2, [r3, #4]
1a0032de:	f000 fb81 	bl	1a0039e4 <__malloc_unlock>
1a0032e2:	3408      	adds	r4, #8
1a0032e4:	4620      	mov	r0, r4
1a0032e6:	b003      	add	sp, #12
1a0032e8:	e8bd 8ff0 	ldmia.w	sp!, {r4, r5, r6, r7, r8, r9, sl, fp, pc}
1a0032ec:	f035 0507 	bics.w	r5, r5, #7
1a0032f0:	f100 8094 	bmi.w	1a00341c <_malloc_r+0x188>
1a0032f4:	42a9      	cmp	r1, r5
1a0032f6:	f200 8091 	bhi.w	1a00341c <_malloc_r+0x188>
1a0032fa:	f000 fb6d 	bl	1a0039d8 <__malloc_lock>
1a0032fe:	f5b5 7ffc 	cmp.w	r5, #504	; 0x1f8
1a003302:	f0c0 81a2 	bcc.w	1a00364a <_malloc_r+0x3b6>
1a003306:	0a6b      	lsrs	r3, r5, #9
1a003308:	f000 808f 	beq.w	1a00342a <_malloc_r+0x196>
1a00330c:	2b04      	cmp	r3, #4
1a00330e:	f200 8178 	bhi.w	1a003602 <_malloc_r+0x36e>
1a003312:	09ab      	lsrs	r3, r5, #6
1a003314:	f103 0039 	add.w	r0, r3, #57	; 0x39
1a003318:	f103 0c38 	add.w	ip, r3, #56	; 0x38
1a00331c:	00c3      	lsls	r3, r0, #3
1a00331e:	4fa0      	ldr	r7, [pc, #640]	; (1a0035a0 <_malloc_r+0x30c>)
1a003320:	443b      	add	r3, r7
1a003322:	f1a3 0108 	sub.w	r1, r3, #8
1a003326:	685c      	ldr	r4, [r3, #4]
1a003328:	42a1      	cmp	r1, r4
1a00332a:	d106      	bne.n	1a00333a <_malloc_r+0xa6>
1a00332c:	e00c      	b.n	1a003348 <_malloc_r+0xb4>
1a00332e:	2a00      	cmp	r2, #0
1a003330:	f280 8127 	bge.w	1a003582 <_malloc_r+0x2ee>
1a003334:	68e4      	ldr	r4, [r4, #12]
1a003336:	42a1      	cmp	r1, r4
1a003338:	d006      	beq.n	1a003348 <_malloc_r+0xb4>
1a00333a:	6863      	ldr	r3, [r4, #4]
1a00333c:	f023 0303 	bic.w	r3, r3, #3
1a003340:	1b5a      	subs	r2, r3, r5
1a003342:	2a0f      	cmp	r2, #15
1a003344:	ddf3      	ble.n	1a00332e <_malloc_r+0x9a>
1a003346:	4660      	mov	r0, ip
1a003348:	693c      	ldr	r4, [r7, #16]
1a00334a:	f8df c268 	ldr.w	ip, [pc, #616]	; 1a0035b4 <_malloc_r+0x320>
1a00334e:	4564      	cmp	r4, ip
1a003350:	d07c      	beq.n	1a00344c <_malloc_r+0x1b8>
1a003352:	6863      	ldr	r3, [r4, #4]
1a003354:	f023 0303 	bic.w	r3, r3, #3
1a003358:	1b5a      	subs	r2, r3, r5
1a00335a:	2a0f      	cmp	r2, #15
1a00335c:	f300 8183 	bgt.w	1a003666 <_malloc_r+0x3d2>
1a003360:	2a00      	cmp	r2, #0
1a003362:	e9c7 cc04 	strd	ip, ip, [r7, #16]
1a003366:	f280 8174 	bge.w	1a003652 <_malloc_r+0x3be>
1a00336a:	f5b3 7f00 	cmp.w	r3, #512	; 0x200
1a00336e:	f080 8125 	bcs.w	1a0035bc <_malloc_r+0x328>
1a003372:	08db      	lsrs	r3, r3, #3
1a003374:	1c59      	adds	r1, r3, #1
1a003376:	687a      	ldr	r2, [r7, #4]
1a003378:	f857 8031 	ldr.w	r8, [r7, r1, lsl #3]
1a00337c:	f8c4 8008 	str.w	r8, [r4, #8]
1a003380:	f04f 0e01 	mov.w	lr, #1
1a003384:	109b      	asrs	r3, r3, #2
1a003386:	fa0e f303 	lsl.w	r3, lr, r3
1a00338a:	eb07 0ec1 	add.w	lr, r7, r1, lsl #3
1a00338e:	4313      	orrs	r3, r2
1a003390:	f1ae 0208 	sub.w	r2, lr, #8
1a003394:	60e2      	str	r2, [r4, #12]
1a003396:	607b      	str	r3, [r7, #4]
1a003398:	f847 4031 	str.w	r4, [r7, r1, lsl #3]
1a00339c:	f8c8 400c 	str.w	r4, [r8, #12]
1a0033a0:	1082      	asrs	r2, r0, #2
1a0033a2:	2401      	movs	r4, #1
1a0033a4:	4094      	lsls	r4, r2
1a0033a6:	429c      	cmp	r4, r3
1a0033a8:	d856      	bhi.n	1a003458 <_malloc_r+0x1c4>
1a0033aa:	421c      	tst	r4, r3
1a0033ac:	d106      	bne.n	1a0033bc <_malloc_r+0x128>
1a0033ae:	f020 0003 	bic.w	r0, r0, #3
1a0033b2:	0064      	lsls	r4, r4, #1
1a0033b4:	421c      	tst	r4, r3
1a0033b6:	f100 0004 	add.w	r0, r0, #4
1a0033ba:	d0fa      	beq.n	1a0033b2 <_malloc_r+0x11e>
1a0033bc:	eb07 09c0 	add.w	r9, r7, r0, lsl #3
1a0033c0:	46ce      	mov	lr, r9
1a0033c2:	4680      	mov	r8, r0
1a0033c4:	f8de 300c 	ldr.w	r3, [lr, #12]
1a0033c8:	459e      	cmp	lr, r3
1a0033ca:	d107      	bne.n	1a0033dc <_malloc_r+0x148>
1a0033cc:	e125      	b.n	1a00361a <_malloc_r+0x386>
1a0033ce:	2a00      	cmp	r2, #0
1a0033d0:	f280 812c 	bge.w	1a00362c <_malloc_r+0x398>
1a0033d4:	68db      	ldr	r3, [r3, #12]
1a0033d6:	459e      	cmp	lr, r3
1a0033d8:	f000 811f 	beq.w	1a00361a <_malloc_r+0x386>
1a0033dc:	6859      	ldr	r1, [r3, #4]
1a0033de:	f021 0103 	bic.w	r1, r1, #3
1a0033e2:	1b4a      	subs	r2, r1, r5
1a0033e4:	2a0f      	cmp	r2, #15
1a0033e6:	ddf2      	ble.n	1a0033ce <_malloc_r+0x13a>
1a0033e8:	e9d3 8e02 	ldrd	r8, lr, [r3, #8]
1a0033ec:	195c      	adds	r4, r3, r5
1a0033ee:	f045 0501 	orr.w	r5, r5, #1
1a0033f2:	605d      	str	r5, [r3, #4]
1a0033f4:	f042 0501 	orr.w	r5, r2, #1
1a0033f8:	f8c8 e00c 	str.w	lr, [r8, #12]
1a0033fc:	4630      	mov	r0, r6
1a0033fe:	f8ce 8008 	str.w	r8, [lr, #8]
1a003402:	e9c7 4404 	strd	r4, r4, [r7, #16]
1a003406:	e9c4 cc02 	strd	ip, ip, [r4, #8]
1a00340a:	6065      	str	r5, [r4, #4]
1a00340c:	505a      	str	r2, [r3, r1]
1a00340e:	9300      	str	r3, [sp, #0]
1a003410:	f000 fae8 	bl	1a0039e4 <__malloc_unlock>
1a003414:	9b00      	ldr	r3, [sp, #0]
1a003416:	f103 0408 	add.w	r4, r3, #8
1a00341a:	e002      	b.n	1a003422 <_malloc_r+0x18e>
1a00341c:	230c      	movs	r3, #12
1a00341e:	6033      	str	r3, [r6, #0]
1a003420:	2400      	movs	r4, #0
1a003422:	4620      	mov	r0, r4
1a003424:	b003      	add	sp, #12
1a003426:	e8bd 8ff0 	ldmia.w	sp!, {r4, r5, r6, r7, r8, r9, sl, fp, pc}
1a00342a:	f44f 7300 	mov.w	r3, #512	; 0x200
1a00342e:	2040      	movs	r0, #64	; 0x40
1a003430:	f04f 0c3f 	mov.w	ip, #63	; 0x3f
1a003434:	e773      	b.n	1a00331e <_malloc_r+0x8a>
1a003436:	68dc      	ldr	r4, [r3, #12]
1a003438:	42a3      	cmp	r3, r4
1a00343a:	bf08      	it	eq
1a00343c:	3002      	addeq	r0, #2
1a00343e:	f47f af41 	bne.w	1a0032c4 <_malloc_r+0x30>
1a003442:	693c      	ldr	r4, [r7, #16]
1a003444:	f8df c16c 	ldr.w	ip, [pc, #364]	; 1a0035b4 <_malloc_r+0x320>
1a003448:	4564      	cmp	r4, ip
1a00344a:	d182      	bne.n	1a003352 <_malloc_r+0xbe>
1a00344c:	687b      	ldr	r3, [r7, #4]
1a00344e:	1082      	asrs	r2, r0, #2
1a003450:	2401      	movs	r4, #1
1a003452:	4094      	lsls	r4, r2
1a003454:	429c      	cmp	r4, r3
1a003456:	d9a8      	bls.n	1a0033aa <_malloc_r+0x116>
1a003458:	68bc      	ldr	r4, [r7, #8]
1a00345a:	6863      	ldr	r3, [r4, #4]
1a00345c:	f023 0803 	bic.w	r8, r3, #3
1a003460:	45a8      	cmp	r8, r5
1a003462:	d303      	bcc.n	1a00346c <_malloc_r+0x1d8>
1a003464:	eba8 0305 	sub.w	r3, r8, r5
1a003468:	2b0f      	cmp	r3, #15
1a00346a:	dc7a      	bgt.n	1a003562 <_malloc_r+0x2ce>
1a00346c:	f8df 9148 	ldr.w	r9, [pc, #328]	; 1a0035b8 <_malloc_r+0x324>
1a003470:	4b4c      	ldr	r3, [pc, #304]	; (1a0035a4 <_malloc_r+0x310>)
1a003472:	f8d9 2000 	ldr.w	r2, [r9]
1a003476:	681b      	ldr	r3, [r3, #0]
1a003478:	3201      	adds	r2, #1
1a00347a:	442b      	add	r3, r5
1a00347c:	eb04 0a08 	add.w	sl, r4, r8
1a003480:	f000 813c 	beq.w	1a0036fc <_malloc_r+0x468>
1a003484:	f503 5380 	add.w	r3, r3, #4096	; 0x1000
1a003488:	330f      	adds	r3, #15
1a00348a:	f423 6b7f 	bic.w	fp, r3, #4080	; 0xff0
1a00348e:	f02b 0b0f 	bic.w	fp, fp, #15
1a003492:	4659      	mov	r1, fp
1a003494:	4630      	mov	r0, r6
1a003496:	f7fd fa67 	bl	1a000968 <_sbrk_r>
1a00349a:	1c41      	adds	r1, r0, #1
1a00349c:	4602      	mov	r2, r0
1a00349e:	f000 80fc 	beq.w	1a00369a <_malloc_r+0x406>
1a0034a2:	4582      	cmp	sl, r0
1a0034a4:	f200 80f7 	bhi.w	1a003696 <_malloc_r+0x402>
1a0034a8:	4b3f      	ldr	r3, [pc, #252]	; (1a0035a8 <_malloc_r+0x314>)
1a0034aa:	6818      	ldr	r0, [r3, #0]
1a0034ac:	4458      	add	r0, fp
1a0034ae:	6018      	str	r0, [r3, #0]
1a0034b0:	4601      	mov	r1, r0
1a0034b2:	f000 8157 	beq.w	1a003764 <_malloc_r+0x4d0>
1a0034b6:	f8d9 0000 	ldr.w	r0, [r9]
1a0034ba:	9301      	str	r3, [sp, #4]
1a0034bc:	3001      	adds	r0, #1
1a0034be:	bf1b      	ittet	ne
1a0034c0:	eba2 0a0a 	subne.w	sl, r2, sl
1a0034c4:	4451      	addne	r1, sl
1a0034c6:	f8c9 2000 	streq.w	r2, [r9]
1a0034ca:	6019      	strne	r1, [r3, #0]
1a0034cc:	f012 0a07 	ands.w	sl, r2, #7
1a0034d0:	f000 8120 	beq.w	1a003714 <_malloc_r+0x480>
1a0034d4:	f1ca 0108 	rsb	r1, sl, #8
1a0034d8:	440a      	add	r2, r1
1a0034da:	f5ca 5180 	rsb	r1, sl, #4096	; 0x1000
1a0034de:	4493      	add	fp, r2
1a0034e0:	3108      	adds	r1, #8
1a0034e2:	eba1 010b 	sub.w	r1, r1, fp
1a0034e6:	f3c1 090b 	ubfx	r9, r1, #0, #12
1a0034ea:	4649      	mov	r1, r9
1a0034ec:	4630      	mov	r0, r6
1a0034ee:	9200      	str	r2, [sp, #0]
1a0034f0:	f7fd fa3a 	bl	1a000968 <_sbrk_r>
1a0034f4:	1c42      	adds	r2, r0, #1
1a0034f6:	e9dd 2300 	ldrd	r2, r3, [sp]
1a0034fa:	f000 8158 	beq.w	1a0037ae <_malloc_r+0x51a>
1a0034fe:	1a80      	subs	r0, r0, r2
1a003500:	eb00 0b09 	add.w	fp, r0, r9
1a003504:	6818      	ldr	r0, [r3, #0]
1a003506:	60ba      	str	r2, [r7, #8]
1a003508:	f04b 0101 	orr.w	r1, fp, #1
1a00350c:	4448      	add	r0, r9
1a00350e:	42bc      	cmp	r4, r7
1a003510:	6051      	str	r1, [r2, #4]
1a003512:	6018      	str	r0, [r3, #0]
1a003514:	f000 8132 	beq.w	1a00377c <_malloc_r+0x4e8>
1a003518:	f1b8 0f0f 	cmp.w	r8, #15
1a00351c:	f240 8130 	bls.w	1a003780 <_malloc_r+0x4ec>
1a003520:	6861      	ldr	r1, [r4, #4]
1a003522:	f1a8 0c0c 	sub.w	ip, r8, #12
1a003526:	f02c 0c07 	bic.w	ip, ip, #7
1a00352a:	f001 0101 	and.w	r1, r1, #1
1a00352e:	eb04 0e0c 	add.w	lr, r4, ip
1a003532:	ea41 010c 	orr.w	r1, r1, ip
1a003536:	f04f 0805 	mov.w	r8, #5
1a00353a:	f1bc 0f0f 	cmp.w	ip, #15
1a00353e:	6061      	str	r1, [r4, #4]
1a003540:	e9ce 8801 	strd	r8, r8, [lr, #4]
1a003544:	f200 813b 	bhi.w	1a0037be <_malloc_r+0x52a>
1a003548:	6851      	ldr	r1, [r2, #4]
1a00354a:	4614      	mov	r4, r2
1a00354c:	4b17      	ldr	r3, [pc, #92]	; (1a0035ac <_malloc_r+0x318>)
1a00354e:	681a      	ldr	r2, [r3, #0]
1a003550:	4282      	cmp	r2, r0
1a003552:	bf38      	it	cc
1a003554:	6018      	strcc	r0, [r3, #0]
1a003556:	4b16      	ldr	r3, [pc, #88]	; (1a0035b0 <_malloc_r+0x31c>)
1a003558:	681a      	ldr	r2, [r3, #0]
1a00355a:	4282      	cmp	r2, r0
1a00355c:	bf38      	it	cc
1a00355e:	6018      	strcc	r0, [r3, #0]
1a003560:	e09d      	b.n	1a00369e <_malloc_r+0x40a>
1a003562:	1962      	adds	r2, r4, r5
1a003564:	f043 0301 	orr.w	r3, r3, #1
1a003568:	f045 0501 	orr.w	r5, r5, #1
1a00356c:	6065      	str	r5, [r4, #4]
1a00356e:	4630      	mov	r0, r6
1a003570:	60ba      	str	r2, [r7, #8]
1a003572:	6053      	str	r3, [r2, #4]
1a003574:	f000 fa36 	bl	1a0039e4 <__malloc_unlock>
1a003578:	3408      	adds	r4, #8
1a00357a:	4620      	mov	r0, r4
1a00357c:	b003      	add	sp, #12
1a00357e:	e8bd 8ff0 	ldmia.w	sp!, {r4, r5, r6, r7, r8, r9, sl, fp, pc}
1a003582:	4423      	add	r3, r4
1a003584:	68e1      	ldr	r1, [r4, #12]
1a003586:	685a      	ldr	r2, [r3, #4]
1a003588:	68a5      	ldr	r5, [r4, #8]
1a00358a:	f042 0201 	orr.w	r2, r2, #1
1a00358e:	60e9      	str	r1, [r5, #12]
1a003590:	4630      	mov	r0, r6
1a003592:	608d      	str	r5, [r1, #8]
1a003594:	605a      	str	r2, [r3, #4]
1a003596:	f000 fa25 	bl	1a0039e4 <__malloc_unlock>
1a00359a:	3408      	adds	r4, #8
1a00359c:	e741      	b.n	1a003422 <_malloc_r+0x18e>
1a00359e:	bf00      	nop
1a0035a0:	10000478 	.word	0x10000478
1a0035a4:	10000a50 	.word	0x10000a50
1a0035a8:	10000a20 	.word	0x10000a20
1a0035ac:	10000a48 	.word	0x10000a48
1a0035b0:	10000a4c 	.word	0x10000a4c
1a0035b4:	10000480 	.word	0x10000480
1a0035b8:	10000880 	.word	0x10000880
1a0035bc:	0a5a      	lsrs	r2, r3, #9
1a0035be:	2a04      	cmp	r2, #4
1a0035c0:	d963      	bls.n	1a00368a <_malloc_r+0x3f6>
1a0035c2:	2a14      	cmp	r2, #20
1a0035c4:	f200 80b7 	bhi.w	1a003736 <_malloc_r+0x4a2>
1a0035c8:	f102 015c 	add.w	r1, r2, #92	; 0x5c
1a0035cc:	00c9      	lsls	r1, r1, #3
1a0035ce:	325b      	adds	r2, #91	; 0x5b
1a0035d0:	eb07 0e01 	add.w	lr, r7, r1
1a0035d4:	5879      	ldr	r1, [r7, r1]
1a0035d6:	f1ae 0e08 	sub.w	lr, lr, #8
1a0035da:	458e      	cmp	lr, r1
1a0035dc:	f000 8091 	beq.w	1a003702 <_malloc_r+0x46e>
1a0035e0:	684a      	ldr	r2, [r1, #4]
1a0035e2:	f022 0203 	bic.w	r2, r2, #3
1a0035e6:	429a      	cmp	r2, r3
1a0035e8:	d902      	bls.n	1a0035f0 <_malloc_r+0x35c>
1a0035ea:	6889      	ldr	r1, [r1, #8]
1a0035ec:	458e      	cmp	lr, r1
1a0035ee:	d1f7      	bne.n	1a0035e0 <_malloc_r+0x34c>
1a0035f0:	f8d1 e00c 	ldr.w	lr, [r1, #12]
1a0035f4:	687b      	ldr	r3, [r7, #4]
1a0035f6:	e9c4 1e02 	strd	r1, lr, [r4, #8]
1a0035fa:	f8ce 4008 	str.w	r4, [lr, #8]
1a0035fe:	60cc      	str	r4, [r1, #12]
1a003600:	e6ce      	b.n	1a0033a0 <_malloc_r+0x10c>
1a003602:	2b14      	cmp	r3, #20
1a003604:	d959      	bls.n	1a0036ba <_malloc_r+0x426>
1a003606:	2b54      	cmp	r3, #84	; 0x54
1a003608:	f200 809d 	bhi.w	1a003746 <_malloc_r+0x4b2>
1a00360c:	0b2b      	lsrs	r3, r5, #12
1a00360e:	f103 006f 	add.w	r0, r3, #111	; 0x6f
1a003612:	f103 0c6e 	add.w	ip, r3, #110	; 0x6e
1a003616:	00c3      	lsls	r3, r0, #3
1a003618:	e681      	b.n	1a00331e <_malloc_r+0x8a>
1a00361a:	f108 0801 	add.w	r8, r8, #1
1a00361e:	f018 0f03 	tst.w	r8, #3
1a003622:	f10e 0e08 	add.w	lr, lr, #8
1a003626:	f47f aecd 	bne.w	1a0033c4 <_malloc_r+0x130>
1a00362a:	e051      	b.n	1a0036d0 <_malloc_r+0x43c>
1a00362c:	4419      	add	r1, r3
1a00362e:	461c      	mov	r4, r3
1a003630:	684a      	ldr	r2, [r1, #4]
1a003632:	68db      	ldr	r3, [r3, #12]
1a003634:	f854 5f08 	ldr.w	r5, [r4, #8]!
1a003638:	f042 0201 	orr.w	r2, r2, #1
1a00363c:	604a      	str	r2, [r1, #4]
1a00363e:	4630      	mov	r0, r6
1a003640:	60eb      	str	r3, [r5, #12]
1a003642:	609d      	str	r5, [r3, #8]
1a003644:	f000 f9ce 	bl	1a0039e4 <__malloc_unlock>
1a003648:	e6eb      	b.n	1a003422 <_malloc_r+0x18e>
1a00364a:	08e8      	lsrs	r0, r5, #3
1a00364c:	f105 0308 	add.w	r3, r5, #8
1a003650:	e630      	b.n	1a0032b4 <_malloc_r+0x20>
1a003652:	4423      	add	r3, r4
1a003654:	4630      	mov	r0, r6
1a003656:	685a      	ldr	r2, [r3, #4]
1a003658:	f042 0201 	orr.w	r2, r2, #1
1a00365c:	605a      	str	r2, [r3, #4]
1a00365e:	3408      	adds	r4, #8
1a003660:	f000 f9c0 	bl	1a0039e4 <__malloc_unlock>
1a003664:	e6dd      	b.n	1a003422 <_malloc_r+0x18e>
1a003666:	1961      	adds	r1, r4, r5
1a003668:	f045 0e01 	orr.w	lr, r5, #1
1a00366c:	f042 0501 	orr.w	r5, r2, #1
1a003670:	f8c4 e004 	str.w	lr, [r4, #4]
1a003674:	4630      	mov	r0, r6
1a003676:	e9c7 1104 	strd	r1, r1, [r7, #16]
1a00367a:	e9c1 cc02 	strd	ip, ip, [r1, #8]
1a00367e:	604d      	str	r5, [r1, #4]
1a003680:	50e2      	str	r2, [r4, r3]
1a003682:	f000 f9af 	bl	1a0039e4 <__malloc_unlock>
1a003686:	3408      	adds	r4, #8
1a003688:	e6cb      	b.n	1a003422 <_malloc_r+0x18e>
1a00368a:	099a      	lsrs	r2, r3, #6
1a00368c:	f102 0139 	add.w	r1, r2, #57	; 0x39
1a003690:	00c9      	lsls	r1, r1, #3
1a003692:	3238      	adds	r2, #56	; 0x38
1a003694:	e79c      	b.n	1a0035d0 <_malloc_r+0x33c>
1a003696:	42bc      	cmp	r4, r7
1a003698:	d05f      	beq.n	1a00375a <_malloc_r+0x4c6>
1a00369a:	68bc      	ldr	r4, [r7, #8]
1a00369c:	6861      	ldr	r1, [r4, #4]
1a00369e:	f021 0b03 	bic.w	fp, r1, #3
1a0036a2:	45ab      	cmp	fp, r5
1a0036a4:	ebab 0305 	sub.w	r3, fp, r5
1a0036a8:	d302      	bcc.n	1a0036b0 <_malloc_r+0x41c>
1a0036aa:	2b0f      	cmp	r3, #15
1a0036ac:	f73f af59 	bgt.w	1a003562 <_malloc_r+0x2ce>
1a0036b0:	4630      	mov	r0, r6
1a0036b2:	f000 f997 	bl	1a0039e4 <__malloc_unlock>
1a0036b6:	2400      	movs	r4, #0
1a0036b8:	e6b3      	b.n	1a003422 <_malloc_r+0x18e>
1a0036ba:	f103 005c 	add.w	r0, r3, #92	; 0x5c
1a0036be:	f103 0c5b 	add.w	ip, r3, #91	; 0x5b
1a0036c2:	00c3      	lsls	r3, r0, #3
1a0036c4:	e62b      	b.n	1a00331e <_malloc_r+0x8a>
1a0036c6:	f859 3908 	ldr.w	r3, [r9], #-8
1a0036ca:	454b      	cmp	r3, r9
1a0036cc:	f040 8096 	bne.w	1a0037fc <_malloc_r+0x568>
1a0036d0:	f010 0f03 	tst.w	r0, #3
1a0036d4:	f100 30ff 	add.w	r0, r0, #4294967295
1a0036d8:	d1f5      	bne.n	1a0036c6 <_malloc_r+0x432>
1a0036da:	687b      	ldr	r3, [r7, #4]
1a0036dc:	ea23 0304 	bic.w	r3, r3, r4
1a0036e0:	607b      	str	r3, [r7, #4]
1a0036e2:	0064      	lsls	r4, r4, #1
1a0036e4:	429c      	cmp	r4, r3
1a0036e6:	f63f aeb7 	bhi.w	1a003458 <_malloc_r+0x1c4>
1a0036ea:	b91c      	cbnz	r4, 1a0036f4 <_malloc_r+0x460>
1a0036ec:	e6b4      	b.n	1a003458 <_malloc_r+0x1c4>
1a0036ee:	0064      	lsls	r4, r4, #1
1a0036f0:	f108 0804 	add.w	r8, r8, #4
1a0036f4:	421c      	tst	r4, r3
1a0036f6:	d0fa      	beq.n	1a0036ee <_malloc_r+0x45a>
1a0036f8:	4640      	mov	r0, r8
1a0036fa:	e65f      	b.n	1a0033bc <_malloc_r+0x128>
1a0036fc:	f103 0b10 	add.w	fp, r3, #16
1a003700:	e6c7      	b.n	1a003492 <_malloc_r+0x1fe>
1a003702:	687b      	ldr	r3, [r7, #4]
1a003704:	1092      	asrs	r2, r2, #2
1a003706:	f04f 0801 	mov.w	r8, #1
1a00370a:	fa08 f202 	lsl.w	r2, r8, r2
1a00370e:	4313      	orrs	r3, r2
1a003710:	607b      	str	r3, [r7, #4]
1a003712:	e770      	b.n	1a0035f6 <_malloc_r+0x362>
1a003714:	eb02 000b 	add.w	r0, r2, fp
1a003718:	4240      	negs	r0, r0
1a00371a:	f3c0 090b 	ubfx	r9, r0, #0, #12
1a00371e:	4649      	mov	r1, r9
1a003720:	4630      	mov	r0, r6
1a003722:	9200      	str	r2, [sp, #0]
1a003724:	f7fd f920 	bl	1a000968 <_sbrk_r>
1a003728:	1c43      	adds	r3, r0, #1
1a00372a:	e9dd 2300 	ldrd	r2, r3, [sp]
1a00372e:	f47f aee6 	bne.w	1a0034fe <_malloc_r+0x26a>
1a003732:	46d1      	mov	r9, sl
1a003734:	e6e6      	b.n	1a003504 <_malloc_r+0x270>
1a003736:	2a54      	cmp	r2, #84	; 0x54
1a003738:	d825      	bhi.n	1a003786 <_malloc_r+0x4f2>
1a00373a:	0b1a      	lsrs	r2, r3, #12
1a00373c:	f102 016f 	add.w	r1, r2, #111	; 0x6f
1a003740:	00c9      	lsls	r1, r1, #3
1a003742:	326e      	adds	r2, #110	; 0x6e
1a003744:	e744      	b.n	1a0035d0 <_malloc_r+0x33c>
1a003746:	f5b3 7faa 	cmp.w	r3, #340	; 0x154
1a00374a:	d825      	bhi.n	1a003798 <_malloc_r+0x504>
1a00374c:	0beb      	lsrs	r3, r5, #15
1a00374e:	f103 0078 	add.w	r0, r3, #120	; 0x78
1a003752:	f103 0c77 	add.w	ip, r3, #119	; 0x77
1a003756:	00c3      	lsls	r3, r0, #3
1a003758:	e5e1      	b.n	1a00331e <_malloc_r+0x8a>
1a00375a:	4b29      	ldr	r3, [pc, #164]	; (1a003800 <_malloc_r+0x56c>)
1a00375c:	6819      	ldr	r1, [r3, #0]
1a00375e:	4459      	add	r1, fp
1a003760:	6019      	str	r1, [r3, #0]
1a003762:	e6a8      	b.n	1a0034b6 <_malloc_r+0x222>
1a003764:	f3ca 0c0b 	ubfx	ip, sl, #0, #12
1a003768:	f1bc 0f00 	cmp.w	ip, #0
1a00376c:	f47f aea3 	bne.w	1a0034b6 <_malloc_r+0x222>
1a003770:	44c3      	add	fp, r8
1a003772:	68bc      	ldr	r4, [r7, #8]
1a003774:	f04b 0101 	orr.w	r1, fp, #1
1a003778:	6061      	str	r1, [r4, #4]
1a00377a:	e6e7      	b.n	1a00354c <_malloc_r+0x2b8>
1a00377c:	4614      	mov	r4, r2
1a00377e:	e6e5      	b.n	1a00354c <_malloc_r+0x2b8>
1a003780:	2301      	movs	r3, #1
1a003782:	6053      	str	r3, [r2, #4]
1a003784:	e794      	b.n	1a0036b0 <_malloc_r+0x41c>
1a003786:	f5b2 7faa 	cmp.w	r2, #340	; 0x154
1a00378a:	d823      	bhi.n	1a0037d4 <_malloc_r+0x540>
1a00378c:	0bda      	lsrs	r2, r3, #15
1a00378e:	f102 0178 	add.w	r1, r2, #120	; 0x78
1a003792:	00c9      	lsls	r1, r1, #3
1a003794:	3277      	adds	r2, #119	; 0x77
1a003796:	e71b      	b.n	1a0035d0 <_malloc_r+0x33c>
1a003798:	f240 5254 	movw	r2, #1364	; 0x554
1a00379c:	4293      	cmp	r3, r2
1a00379e:	d823      	bhi.n	1a0037e8 <_malloc_r+0x554>
1a0037a0:	0cab      	lsrs	r3, r5, #18
1a0037a2:	f103 007d 	add.w	r0, r3, #125	; 0x7d
1a0037a6:	f103 0c7c 	add.w	ip, r3, #124	; 0x7c
1a0037aa:	00c3      	lsls	r3, r0, #3
1a0037ac:	e5b7      	b.n	1a00331e <_malloc_r+0x8a>
1a0037ae:	f1aa 0a08 	sub.w	sl, sl, #8
1a0037b2:	44d3      	add	fp, sl
1a0037b4:	ebab 0b02 	sub.w	fp, fp, r2
1a0037b8:	f04f 0900 	mov.w	r9, #0
1a0037bc:	e6a2      	b.n	1a003504 <_malloc_r+0x270>
1a0037be:	f104 0108 	add.w	r1, r4, #8
1a0037c2:	4630      	mov	r0, r6
1a0037c4:	9300      	str	r3, [sp, #0]
1a0037c6:	f7ff fc19 	bl	1a002ffc <_free_r>
1a0037ca:	68bc      	ldr	r4, [r7, #8]
1a0037cc:	9b00      	ldr	r3, [sp, #0]
1a0037ce:	6861      	ldr	r1, [r4, #4]
1a0037d0:	6818      	ldr	r0, [r3, #0]
1a0037d2:	e6bb      	b.n	1a00354c <_malloc_r+0x2b8>
1a0037d4:	f240 5154 	movw	r1, #1364	; 0x554
1a0037d8:	428a      	cmp	r2, r1
1a0037da:	d80b      	bhi.n	1a0037f4 <_malloc_r+0x560>
1a0037dc:	0c9a      	lsrs	r2, r3, #18
1a0037de:	f102 017d 	add.w	r1, r2, #125	; 0x7d
1a0037e2:	00c9      	lsls	r1, r1, #3
1a0037e4:	327c      	adds	r2, #124	; 0x7c
1a0037e6:	e6f3      	b.n	1a0035d0 <_malloc_r+0x33c>
1a0037e8:	f44f 737e 	mov.w	r3, #1016	; 0x3f8
1a0037ec:	207f      	movs	r0, #127	; 0x7f
1a0037ee:	f04f 0c7e 	mov.w	ip, #126	; 0x7e
1a0037f2:	e594      	b.n	1a00331e <_malloc_r+0x8a>
1a0037f4:	f44f 717e 	mov.w	r1, #1016	; 0x3f8
1a0037f8:	227e      	movs	r2, #126	; 0x7e
1a0037fa:	e6e9      	b.n	1a0035d0 <_malloc_r+0x33c>
1a0037fc:	687b      	ldr	r3, [r7, #4]
1a0037fe:	e770      	b.n	1a0036e2 <_malloc_r+0x44e>
1a003800:	10000a20 	.word	0x10000a20

1a003804 <memcpy>:
1a003804:	4684      	mov	ip, r0
1a003806:	ea41 0300 	orr.w	r3, r1, r0
1a00380a:	f013 0303 	ands.w	r3, r3, #3
1a00380e:	d16d      	bne.n	1a0038ec <memcpy+0xe8>
1a003810:	3a40      	subs	r2, #64	; 0x40
1a003812:	d341      	bcc.n	1a003898 <memcpy+0x94>
1a003814:	f851 3b04 	ldr.w	r3, [r1], #4
1a003818:	f840 3b04 	str.w	r3, [r0], #4
1a00381c:	f851 3b04 	ldr.w	r3, [r1], #4
1a003820:	f840 3b04 	str.w	r3, [r0], #4
1a003824:	f851 3b04 	ldr.w	r3, [r1], #4
1a003828:	f840 3b04 	str.w	r3, [r0], #4
1a00382c:	f851 3b04 	ldr.w	r3, [r1], #4
1a003830:	f840 3b04 	str.w	r3, [r0], #4
1a003834:	f851 3b04 	ldr.w	r3, [r1], #4
1a003838:	f840 3b04 	str.w	r3, [r0], #4
1a00383c:	f851 3b04 	ldr.w	r3, [r1], #4
1a003840:	f840 3b04 	str.w	r3, [r0], #4
1a003844:	f851 3b04 	ldr.w	r3, [r1], #4
1a003848:	f840 3b04 	str.w	r3, [r0], #4
1a00384c:	f851 3b04 	ldr.w	r3, [r1], #4
1a003850:	f840 3b04 	str.w	r3, [r0], #4
1a003854:	f851 3b04 	ldr.w	r3, [r1], #4
1a003858:	f840 3b04 	str.w	r3, [r0], #4
1a00385c:	f851 3b04 	ldr.w	r3, [r1], #4
1a003860:	f840 3b04 	str.w	r3, [r0], #4
1a003864:	f851 3b04 	ldr.w	r3, [r1], #4
1a003868:	f840 3b04 	str.w	r3, [r0], #4
1a00386c:	f851 3b04 	ldr.w	r3, [r1], #4
1a003870:	f840 3b04 	str.w	r3, [r0], #4
1a003874:	f851 3b04 	ldr.w	r3, [r1], #4
1a003878:	f840 3b04 	str.w	r3, [r0], #4
1a00387c:	f851 3b04 	ldr.w	r3, [r1], #4
1a003880:	f840 3b04 	str.w	r3, [r0], #4
1a003884:	f851 3b04 	ldr.w	r3, [r1], #4
1a003888:	f840 3b04 	str.w	r3, [r0], #4
1a00388c:	f851 3b04 	ldr.w	r3, [r1], #4
1a003890:	f840 3b04 	str.w	r3, [r0], #4
1a003894:	3a40      	subs	r2, #64	; 0x40
1a003896:	d2bd      	bcs.n	1a003814 <memcpy+0x10>
1a003898:	3230      	adds	r2, #48	; 0x30
1a00389a:	d311      	bcc.n	1a0038c0 <memcpy+0xbc>
1a00389c:	f851 3b04 	ldr.w	r3, [r1], #4
1a0038a0:	f840 3b04 	str.w	r3, [r0], #4
1a0038a4:	f851 3b04 	ldr.w	r3, [r1], #4
1a0038a8:	f840 3b04 	str.w	r3, [r0], #4
1a0038ac:	f851 3b04 	ldr.w	r3, [r1], #4
1a0038b0:	f840 3b04 	str.w	r3, [r0], #4
1a0038b4:	f851 3b04 	ldr.w	r3, [r1], #4
1a0038b8:	f840 3b04 	str.w	r3, [r0], #4
1a0038bc:	3a10      	subs	r2, #16
1a0038be:	d2ed      	bcs.n	1a00389c <memcpy+0x98>
1a0038c0:	320c      	adds	r2, #12
1a0038c2:	d305      	bcc.n	1a0038d0 <memcpy+0xcc>
1a0038c4:	f851 3b04 	ldr.w	r3, [r1], #4
1a0038c8:	f840 3b04 	str.w	r3, [r0], #4
1a0038cc:	3a04      	subs	r2, #4
1a0038ce:	d2f9      	bcs.n	1a0038c4 <memcpy+0xc0>
1a0038d0:	3204      	adds	r2, #4
1a0038d2:	d008      	beq.n	1a0038e6 <memcpy+0xe2>
1a0038d4:	07d2      	lsls	r2, r2, #31
1a0038d6:	bf1c      	itt	ne
1a0038d8:	f811 3b01 	ldrbne.w	r3, [r1], #1
1a0038dc:	f800 3b01 	strbne.w	r3, [r0], #1
1a0038e0:	d301      	bcc.n	1a0038e6 <memcpy+0xe2>
1a0038e2:	880b      	ldrh	r3, [r1, #0]
1a0038e4:	8003      	strh	r3, [r0, #0]
1a0038e6:	4660      	mov	r0, ip
1a0038e8:	4770      	bx	lr
1a0038ea:	bf00      	nop
1a0038ec:	2a08      	cmp	r2, #8
1a0038ee:	d313      	bcc.n	1a003918 <memcpy+0x114>
1a0038f0:	078b      	lsls	r3, r1, #30
1a0038f2:	d08d      	beq.n	1a003810 <memcpy+0xc>
1a0038f4:	f010 0303 	ands.w	r3, r0, #3
1a0038f8:	d08a      	beq.n	1a003810 <memcpy+0xc>
1a0038fa:	f1c3 0304 	rsb	r3, r3, #4
1a0038fe:	1ad2      	subs	r2, r2, r3
1a003900:	07db      	lsls	r3, r3, #31
1a003902:	bf1c      	itt	ne
1a003904:	f811 3b01 	ldrbne.w	r3, [r1], #1
1a003908:	f800 3b01 	strbne.w	r3, [r0], #1
1a00390c:	d380      	bcc.n	1a003810 <memcpy+0xc>
1a00390e:	f831 3b02 	ldrh.w	r3, [r1], #2
1a003912:	f820 3b02 	strh.w	r3, [r0], #2
1a003916:	e77b      	b.n	1a003810 <memcpy+0xc>
1a003918:	3a04      	subs	r2, #4
1a00391a:	d3d9      	bcc.n	1a0038d0 <memcpy+0xcc>
1a00391c:	3a01      	subs	r2, #1
1a00391e:	f811 3b01 	ldrb.w	r3, [r1], #1
1a003922:	f800 3b01 	strb.w	r3, [r0], #1
1a003926:	d2f9      	bcs.n	1a00391c <memcpy+0x118>
1a003928:	780b      	ldrb	r3, [r1, #0]
1a00392a:	7003      	strb	r3, [r0, #0]
1a00392c:	784b      	ldrb	r3, [r1, #1]
1a00392e:	7043      	strb	r3, [r0, #1]
1a003930:	788b      	ldrb	r3, [r1, #2]
1a003932:	7083      	strb	r3, [r0, #2]
1a003934:	4660      	mov	r0, ip
1a003936:	4770      	bx	lr

1a003938 <memset>:
1a003938:	b4f0      	push	{r4, r5, r6, r7}
1a00393a:	0786      	lsls	r6, r0, #30
1a00393c:	d046      	beq.n	1a0039cc <memset+0x94>
1a00393e:	1e54      	subs	r4, r2, #1
1a003940:	2a00      	cmp	r2, #0
1a003942:	d03c      	beq.n	1a0039be <memset+0x86>
1a003944:	b2ca      	uxtb	r2, r1
1a003946:	4603      	mov	r3, r0
1a003948:	e002      	b.n	1a003950 <memset+0x18>
1a00394a:	f114 34ff 	adds.w	r4, r4, #4294967295
1a00394e:	d336      	bcc.n	1a0039be <memset+0x86>
1a003950:	f803 2b01 	strb.w	r2, [r3], #1
1a003954:	079d      	lsls	r5, r3, #30
1a003956:	d1f8      	bne.n	1a00394a <memset+0x12>
1a003958:	2c03      	cmp	r4, #3
1a00395a:	d929      	bls.n	1a0039b0 <memset+0x78>
1a00395c:	b2cd      	uxtb	r5, r1
1a00395e:	ea45 2505 	orr.w	r5, r5, r5, lsl #8
1a003962:	2c0f      	cmp	r4, #15
1a003964:	ea45 4505 	orr.w	r5, r5, r5, lsl #16
1a003968:	d933      	bls.n	1a0039d2 <memset+0x9a>
1a00396a:	f1a4 0610 	sub.w	r6, r4, #16
1a00396e:	0936      	lsrs	r6, r6, #4
1a003970:	f103 0720 	add.w	r7, r3, #32
1a003974:	eb07 1706 	add.w	r7, r7, r6, lsl #4
1a003978:	f103 0210 	add.w	r2, r3, #16
1a00397c:	e942 5504 	strd	r5, r5, [r2, #-16]
1a003980:	e942 5502 	strd	r5, r5, [r2, #-8]
1a003984:	3210      	adds	r2, #16
1a003986:	42ba      	cmp	r2, r7
1a003988:	d1f8      	bne.n	1a00397c <memset+0x44>
1a00398a:	1c72      	adds	r2, r6, #1
1a00398c:	f014 0f0c 	tst.w	r4, #12
1a003990:	eb03 1202 	add.w	r2, r3, r2, lsl #4
1a003994:	f004 060f 	and.w	r6, r4, #15
1a003998:	d013      	beq.n	1a0039c2 <memset+0x8a>
1a00399a:	1f33      	subs	r3, r6, #4
1a00399c:	f023 0303 	bic.w	r3, r3, #3
1a0039a0:	3304      	adds	r3, #4
1a0039a2:	4413      	add	r3, r2
1a0039a4:	f842 5b04 	str.w	r5, [r2], #4
1a0039a8:	4293      	cmp	r3, r2
1a0039aa:	d1fb      	bne.n	1a0039a4 <memset+0x6c>
1a0039ac:	f006 0403 	and.w	r4, r6, #3
1a0039b0:	b12c      	cbz	r4, 1a0039be <memset+0x86>
1a0039b2:	b2c9      	uxtb	r1, r1
1a0039b4:	441c      	add	r4, r3
1a0039b6:	f803 1b01 	strb.w	r1, [r3], #1
1a0039ba:	429c      	cmp	r4, r3
1a0039bc:	d1fb      	bne.n	1a0039b6 <memset+0x7e>
1a0039be:	bcf0      	pop	{r4, r5, r6, r7}
1a0039c0:	4770      	bx	lr
1a0039c2:	4634      	mov	r4, r6
1a0039c4:	4613      	mov	r3, r2
1a0039c6:	2c00      	cmp	r4, #0
1a0039c8:	d1f3      	bne.n	1a0039b2 <memset+0x7a>
1a0039ca:	e7f8      	b.n	1a0039be <memset+0x86>
1a0039cc:	4614      	mov	r4, r2
1a0039ce:	4603      	mov	r3, r0
1a0039d0:	e7c2      	b.n	1a003958 <memset+0x20>
1a0039d2:	461a      	mov	r2, r3
1a0039d4:	4626      	mov	r6, r4
1a0039d6:	e7e0      	b.n	1a00399a <memset+0x62>

1a0039d8 <__malloc_lock>:
1a0039d8:	4801      	ldr	r0, [pc, #4]	; (1a0039e0 <__malloc_lock+0x8>)
1a0039da:	f7ff bc57 	b.w	1a00328c <__retarget_lock_acquire_recursive>
1a0039de:	bf00      	nop
1a0039e0:	10000a6c 	.word	0x10000a6c

1a0039e4 <__malloc_unlock>:
1a0039e4:	4801      	ldr	r0, [pc, #4]	; (1a0039ec <__malloc_unlock+0x8>)
1a0039e6:	f7ff bc53 	b.w	1a003290 <__retarget_lock_release_recursive>
1a0039ea:	bf00      	nop
1a0039ec:	10000a6c 	.word	0x10000a6c

1a0039f0 <printf>:
1a0039f0:	b40f      	push	{r0, r1, r2, r3}
1a0039f2:	b500      	push	{lr}
1a0039f4:	4907      	ldr	r1, [pc, #28]	; (1a003a14 <printf+0x24>)
1a0039f6:	b083      	sub	sp, #12
1a0039f8:	ab04      	add	r3, sp, #16
1a0039fa:	6808      	ldr	r0, [r1, #0]
1a0039fc:	f853 2b04 	ldr.w	r2, [r3], #4
1a003a00:	6881      	ldr	r1, [r0, #8]
1a003a02:	9301      	str	r3, [sp, #4]
1a003a04:	f001 fe6c 	bl	1a0056e0 <_vfprintf_r>
1a003a08:	b003      	add	sp, #12
1a003a0a:	f85d eb04 	ldr.w	lr, [sp], #4
1a003a0e:	b004      	add	sp, #16
1a003a10:	4770      	bx	lr
1a003a12:	bf00      	nop
1a003a14:	10000048 	.word	0x10000048

1a003a18 <_puts_r>:
1a003a18:	b570      	push	{r4, r5, r6, lr}
1a003a1a:	4605      	mov	r5, r0
1a003a1c:	b088      	sub	sp, #32
1a003a1e:	4608      	mov	r0, r1
1a003a20:	460c      	mov	r4, r1
1a003a22:	f000 f8cd 	bl	1a003bc0 <strlen>
1a003a26:	4a22      	ldr	r2, [pc, #136]	; (1a003ab0 <_puts_r+0x98>)
1a003a28:	6bab      	ldr	r3, [r5, #56]	; 0x38
1a003a2a:	9404      	str	r4, [sp, #16]
1a003a2c:	2601      	movs	r6, #1
1a003a2e:	1c44      	adds	r4, r0, #1
1a003a30:	a904      	add	r1, sp, #16
1a003a32:	9206      	str	r2, [sp, #24]
1a003a34:	2202      	movs	r2, #2
1a003a36:	9403      	str	r4, [sp, #12]
1a003a38:	9005      	str	r0, [sp, #20]
1a003a3a:	68ac      	ldr	r4, [r5, #8]
1a003a3c:	9607      	str	r6, [sp, #28]
1a003a3e:	e9cd 1201 	strd	r1, r2, [sp, #4]
1a003a42:	b31b      	cbz	r3, 1a003a8c <_puts_r+0x74>
1a003a44:	6e61      	ldr	r1, [r4, #100]	; 0x64
1a003a46:	f9b4 300c 	ldrsh.w	r3, [r4, #12]
1a003a4a:	07ce      	lsls	r6, r1, #31
1a003a4c:	b29a      	uxth	r2, r3
1a003a4e:	d401      	bmi.n	1a003a54 <_puts_r+0x3c>
1a003a50:	0590      	lsls	r0, r2, #22
1a003a52:	d525      	bpl.n	1a003aa0 <_puts_r+0x88>
1a003a54:	0491      	lsls	r1, r2, #18
1a003a56:	d406      	bmi.n	1a003a66 <_puts_r+0x4e>
1a003a58:	6e62      	ldr	r2, [r4, #100]	; 0x64
1a003a5a:	f443 5300 	orr.w	r3, r3, #8192	; 0x2000
1a003a5e:	f422 5200 	bic.w	r2, r2, #8192	; 0x2000
1a003a62:	81a3      	strh	r3, [r4, #12]
1a003a64:	6662      	str	r2, [r4, #100]	; 0x64
1a003a66:	4628      	mov	r0, r5
1a003a68:	aa01      	add	r2, sp, #4
1a003a6a:	4621      	mov	r1, r4
1a003a6c:	f004 fc4a 	bl	1a008304 <__sfvwrite_r>
1a003a70:	6e63      	ldr	r3, [r4, #100]	; 0x64
1a003a72:	2800      	cmp	r0, #0
1a003a74:	bf14      	ite	ne
1a003a76:	f04f 35ff 	movne.w	r5, #4294967295
1a003a7a:	250a      	moveq	r5, #10
1a003a7c:	07da      	lsls	r2, r3, #31
1a003a7e:	d402      	bmi.n	1a003a86 <_puts_r+0x6e>
1a003a80:	89a3      	ldrh	r3, [r4, #12]
1a003a82:	059b      	lsls	r3, r3, #22
1a003a84:	d506      	bpl.n	1a003a94 <_puts_r+0x7c>
1a003a86:	4628      	mov	r0, r5
1a003a88:	b008      	add	sp, #32
1a003a8a:	bd70      	pop	{r4, r5, r6, pc}
1a003a8c:	4628      	mov	r0, r5
1a003a8e:	f7ff fa2f 	bl	1a002ef0 <__sinit>
1a003a92:	e7d7      	b.n	1a003a44 <_puts_r+0x2c>
1a003a94:	6da0      	ldr	r0, [r4, #88]	; 0x58
1a003a96:	f7ff fbfb 	bl	1a003290 <__retarget_lock_release_recursive>
1a003a9a:	4628      	mov	r0, r5
1a003a9c:	b008      	add	sp, #32
1a003a9e:	bd70      	pop	{r4, r5, r6, pc}
1a003aa0:	6da0      	ldr	r0, [r4, #88]	; 0x58
1a003aa2:	f7ff fbf3 	bl	1a00328c <__retarget_lock_acquire_recursive>
1a003aa6:	f9b4 300c 	ldrsh.w	r3, [r4, #12]
1a003aaa:	b29a      	uxth	r2, r3
1a003aac:	e7d2      	b.n	1a003a54 <_puts_r+0x3c>
1a003aae:	bf00      	nop
1a003ab0:	1a0097e8 	.word	0x1a0097e8

1a003ab4 <puts>:
1a003ab4:	4b02      	ldr	r3, [pc, #8]	; (1a003ac0 <puts+0xc>)
1a003ab6:	4601      	mov	r1, r0
1a003ab8:	6818      	ldr	r0, [r3, #0]
1a003aba:	f7ff bfad 	b.w	1a003a18 <_puts_r>
1a003abe:	bf00      	nop
1a003ac0:	10000048 	.word	0x10000048

1a003ac4 <sprintf>:
1a003ac4:	b40e      	push	{r1, r2, r3}
1a003ac6:	b530      	push	{r4, r5, lr}
1a003ac8:	b09c      	sub	sp, #112	; 0x70
1a003aca:	ab1f      	add	r3, sp, #124	; 0x7c
1a003acc:	4c0c      	ldr	r4, [pc, #48]	; (1a003b00 <sprintf+0x3c>)
1a003ace:	4d0d      	ldr	r5, [pc, #52]	; (1a003b04 <sprintf+0x40>)
1a003ad0:	f853 2b04 	ldr.w	r2, [r3], #4
1a003ad4:	9301      	str	r3, [sp, #4]
1a003ad6:	4601      	mov	r1, r0
1a003ad8:	9102      	str	r1, [sp, #8]
1a003ada:	9106      	str	r1, [sp, #24]
1a003adc:	6820      	ldr	r0, [r4, #0]
1a003ade:	a902      	add	r1, sp, #8
1a003ae0:	f06f 4400 	mvn.w	r4, #2147483648	; 0x80000000
1a003ae4:	9407      	str	r4, [sp, #28]
1a003ae6:	e9cd 4504 	strd	r4, r5, [sp, #16]
1a003aea:	f000 f8d9 	bl	1a003ca0 <_svfprintf_r>
1a003aee:	9b02      	ldr	r3, [sp, #8]
1a003af0:	2200      	movs	r2, #0
1a003af2:	701a      	strb	r2, [r3, #0]
1a003af4:	b01c      	add	sp, #112	; 0x70
1a003af6:	e8bd 4030 	ldmia.w	sp!, {r4, r5, lr}
1a003afa:	b003      	add	sp, #12
1a003afc:	4770      	bx	lr
1a003afe:	bf00      	nop
1a003b00:	10000048 	.word	0x10000048
1a003b04:	ffff0208 	.word	0xffff0208

1a003b08 <__sread>:
1a003b08:	b510      	push	{r4, lr}
1a003b0a:	460c      	mov	r4, r1
1a003b0c:	f9b1 100e 	ldrsh.w	r1, [r1, #14]
1a003b10:	f7fc feee 	bl	1a0008f0 <_read_r>
1a003b14:	2800      	cmp	r0, #0
1a003b16:	db03      	blt.n	1a003b20 <__sread+0x18>
1a003b18:	6d23      	ldr	r3, [r4, #80]	; 0x50
1a003b1a:	4403      	add	r3, r0
1a003b1c:	6523      	str	r3, [r4, #80]	; 0x50
1a003b1e:	bd10      	pop	{r4, pc}
1a003b20:	89a3      	ldrh	r3, [r4, #12]
1a003b22:	f423 5380 	bic.w	r3, r3, #4096	; 0x1000
1a003b26:	81a3      	strh	r3, [r4, #12]
1a003b28:	bd10      	pop	{r4, pc}
1a003b2a:	bf00      	nop

1a003b2c <__swrite>:
1a003b2c:	e92d 41f0 	stmdb	sp!, {r4, r5, r6, r7, r8, lr}
1a003b30:	4616      	mov	r6, r2
1a003b32:	f9b1 200c 	ldrsh.w	r2, [r1, #12]
1a003b36:	461f      	mov	r7, r3
1a003b38:	05d3      	lsls	r3, r2, #23
1a003b3a:	460c      	mov	r4, r1
1a003b3c:	4605      	mov	r5, r0
1a003b3e:	f9b1 100e 	ldrsh.w	r1, [r1, #14]
1a003b42:	d409      	bmi.n	1a003b58 <__swrite+0x2c>
1a003b44:	f422 5280 	bic.w	r2, r2, #4096	; 0x1000
1a003b48:	81a2      	strh	r2, [r4, #12]
1a003b4a:	463b      	mov	r3, r7
1a003b4c:	4632      	mov	r2, r6
1a003b4e:	4628      	mov	r0, r5
1a003b50:	e8bd 41f0 	ldmia.w	sp!, {r4, r5, r6, r7, r8, lr}
1a003b54:	f7fc bef3 	b.w	1a00093e <_write_r>
1a003b58:	2200      	movs	r2, #0
1a003b5a:	2302      	movs	r3, #2
1a003b5c:	f7fc fec3 	bl	1a0008e6 <_lseek_r>
1a003b60:	f9b4 200c 	ldrsh.w	r2, [r4, #12]
1a003b64:	f9b4 100e 	ldrsh.w	r1, [r4, #14]
1a003b68:	e7ec      	b.n	1a003b44 <__swrite+0x18>
1a003b6a:	bf00      	nop

1a003b6c <__sseek>:
1a003b6c:	b510      	push	{r4, lr}
1a003b6e:	460c      	mov	r4, r1
1a003b70:	f9b1 100e 	ldrsh.w	r1, [r1, #14]
1a003b74:	f7fc feb7 	bl	1a0008e6 <_lseek_r>
1a003b78:	89a3      	ldrh	r3, [r4, #12]
1a003b7a:	1c42      	adds	r2, r0, #1
1a003b7c:	bf0e      	itee	eq
1a003b7e:	f423 5380 	biceq.w	r3, r3, #4096	; 0x1000
1a003b82:	f443 5380 	orrne.w	r3, r3, #4096	; 0x1000
1a003b86:	6520      	strne	r0, [r4, #80]	; 0x50
1a003b88:	81a3      	strh	r3, [r4, #12]
1a003b8a:	bd10      	pop	{r4, pc}

1a003b8c <__sclose>:
1a003b8c:	f9b1 100e 	ldrsh.w	r1, [r1, #14]
1a003b90:	f7fc be96 	b.w	1a0008c0 <_close_r>
1a003b94:	ffff ffff 			; <UNDEFINED> instruction: 0xffffffff
1a003b98:	ffff ffff 			; <UNDEFINED> instruction: 0xffffffff
1a003b9c:	ffff ffff 			; <UNDEFINED> instruction: 0xffffffff
1a003ba0:	ffff ffff 			; <UNDEFINED> instruction: 0xffffffff
1a003ba4:	ffff ffff 			; <UNDEFINED> instruction: 0xffffffff
1a003ba8:	ffff ffff 			; <UNDEFINED> instruction: 0xffffffff
1a003bac:	ffff ffff 			; <UNDEFINED> instruction: 0xffffffff
1a003bb0:	ffff ffff 			; <UNDEFINED> instruction: 0xffffffff
1a003bb4:	ffff ffff 			; <UNDEFINED> instruction: 0xffffffff
1a003bb8:	ffff ffff 			; <UNDEFINED> instruction: 0xffffffff
1a003bbc:	ffff ffff 			; <UNDEFINED> instruction: 0xffffffff

1a003bc0 <strlen>:
1a003bc0:	f890 f000 	pld	[r0]
1a003bc4:	e96d 4502 	strd	r4, r5, [sp, #-8]!
1a003bc8:	f020 0107 	bic.w	r1, r0, #7
1a003bcc:	f06f 0c00 	mvn.w	ip, #0
1a003bd0:	f010 0407 	ands.w	r4, r0, #7
1a003bd4:	f891 f020 	pld	[r1, #32]
1a003bd8:	f040 8049 	bne.w	1a003c6e <strlen+0xae>
1a003bdc:	f04f 0400 	mov.w	r4, #0
1a003be0:	f06f 0007 	mvn.w	r0, #7
1a003be4:	e9d1 2300 	ldrd	r2, r3, [r1]
1a003be8:	f891 f040 	pld	[r1, #64]	; 0x40
1a003bec:	f100 0008 	add.w	r0, r0, #8
1a003bf0:	fa82 f24c 	uadd8	r2, r2, ip
1a003bf4:	faa4 f28c 	sel	r2, r4, ip
1a003bf8:	fa83 f34c 	uadd8	r3, r3, ip
1a003bfc:	faa2 f38c 	sel	r3, r2, ip
1a003c00:	bb4b      	cbnz	r3, 1a003c56 <strlen+0x96>
1a003c02:	e9d1 2302 	ldrd	r2, r3, [r1, #8]
1a003c06:	fa82 f24c 	uadd8	r2, r2, ip
1a003c0a:	f100 0008 	add.w	r0, r0, #8
1a003c0e:	faa4 f28c 	sel	r2, r4, ip
1a003c12:	fa83 f34c 	uadd8	r3, r3, ip
1a003c16:	faa2 f38c 	sel	r3, r2, ip
1a003c1a:	b9e3      	cbnz	r3, 1a003c56 <strlen+0x96>
1a003c1c:	e9d1 2304 	ldrd	r2, r3, [r1, #16]
1a003c20:	fa82 f24c 	uadd8	r2, r2, ip
1a003c24:	f100 0008 	add.w	r0, r0, #8
1a003c28:	faa4 f28c 	sel	r2, r4, ip
1a003c2c:	fa83 f34c 	uadd8	r3, r3, ip
1a003c30:	faa2 f38c 	sel	r3, r2, ip
1a003c34:	b97b      	cbnz	r3, 1a003c56 <strlen+0x96>
1a003c36:	e9d1 2306 	ldrd	r2, r3, [r1, #24]
1a003c3a:	f101 0120 	add.w	r1, r1, #32
1a003c3e:	fa82 f24c 	uadd8	r2, r2, ip
1a003c42:	f100 0008 	add.w	r0, r0, #8
1a003c46:	faa4 f28c 	sel	r2, r4, ip
1a003c4a:	fa83 f34c 	uadd8	r3, r3, ip
1a003c4e:	faa2 f38c 	sel	r3, r2, ip
1a003c52:	2b00      	cmp	r3, #0
1a003c54:	d0c6      	beq.n	1a003be4 <strlen+0x24>
1a003c56:	2a00      	cmp	r2, #0
1a003c58:	bf04      	itt	eq
1a003c5a:	3004      	addeq	r0, #4
1a003c5c:	461a      	moveq	r2, r3
1a003c5e:	ba12      	rev	r2, r2
1a003c60:	fab2 f282 	clz	r2, r2
1a003c64:	e8fd 4502 	ldrd	r4, r5, [sp], #8
1a003c68:	eb00 00d2 	add.w	r0, r0, r2, lsr #3
1a003c6c:	4770      	bx	lr
1a003c6e:	e9d1 2300 	ldrd	r2, r3, [r1]
1a003c72:	f004 0503 	and.w	r5, r4, #3
1a003c76:	f1c4 0000 	rsb	r0, r4, #0
1a003c7a:	ea4f 05c5 	mov.w	r5, r5, lsl #3
1a003c7e:	f014 0f04 	tst.w	r4, #4
1a003c82:	f891 f040 	pld	[r1, #64]	; 0x40
1a003c86:	fa0c f505 	lsl.w	r5, ip, r5
1a003c8a:	ea62 0205 	orn	r2, r2, r5
1a003c8e:	bf1c      	itt	ne
1a003c90:	ea63 0305 	ornne	r3, r3, r5
1a003c94:	4662      	movne	r2, ip
1a003c96:	f04f 0400 	mov.w	r4, #0
1a003c9a:	e7a9      	b.n	1a003bf0 <strlen+0x30>
1a003c9c:	ffff ffff 			; <UNDEFINED> instruction: 0xffffffff

1a003ca0 <_svfprintf_r>:
1a003ca0:	e92d 4ff0 	stmdb	sp!, {r4, r5, r6, r7, r8, r9, sl, fp, lr}
1a003ca4:	b0d5      	sub	sp, #340	; 0x154
1a003ca6:	460c      	mov	r4, r1
1a003ca8:	9107      	str	r1, [sp, #28]
1a003caa:	4693      	mov	fp, r2
1a003cac:	9309      	str	r3, [sp, #36]	; 0x24
1a003cae:	9006      	str	r0, [sp, #24]
1a003cb0:	f004 fcac 	bl	1a00860c <_localeconv_r>
1a003cb4:	6803      	ldr	r3, [r0, #0]
1a003cb6:	9315      	str	r3, [sp, #84]	; 0x54
1a003cb8:	4618      	mov	r0, r3
1a003cba:	f7ff ff81 	bl	1a003bc0 <strlen>
1a003cbe:	89a3      	ldrh	r3, [r4, #12]
1a003cc0:	9013      	str	r0, [sp, #76]	; 0x4c
1a003cc2:	061d      	lsls	r5, r3, #24
1a003cc4:	d503      	bpl.n	1a003cce <_svfprintf_r+0x2e>
1a003cc6:	6923      	ldr	r3, [r4, #16]
1a003cc8:	2b00      	cmp	r3, #0
1a003cca:	f001 8018 	beq.w	1a004cfe <_svfprintf_r+0x105e>
1a003cce:	2300      	movs	r3, #0
1a003cd0:	465e      	mov	r6, fp
1a003cd2:	ed9f 7b91 	vldr	d7, [pc, #580]	; 1a003f18 <_svfprintf_r+0x278>
1a003cd6:	9312      	str	r3, [sp, #72]	; 0x48
1a003cd8:	e9cd 3329 	strd	r3, r3, [sp, #164]	; 0xa4
1a003cdc:	9314      	str	r3, [sp, #80]	; 0x50
1a003cde:	9316      	str	r3, [sp, #88]	; 0x58
1a003ce0:	e9cd 3318 	strd	r3, r3, [sp, #96]	; 0x60
1a003ce4:	9317      	str	r3, [sp, #92]	; 0x5c
1a003ce6:	9304      	str	r3, [sp, #16]
1a003ce8:	ab2b      	add	r3, sp, #172	; 0xac
1a003cea:	9328      	str	r3, [sp, #160]	; 0xa0
1a003cec:	4699      	mov	r9, r3
1a003cee:	7833      	ldrb	r3, [r6, #0]
1a003cf0:	ed8d 7b10 	vstr	d7, [sp, #64]	; 0x40
1a003cf4:	2b00      	cmp	r3, #0
1a003cf6:	f000 8177 	beq.w	1a003fe8 <_svfprintf_r+0x348>
1a003cfa:	2b25      	cmp	r3, #37	; 0x25
1a003cfc:	f000 86c4 	beq.w	1a004a88 <_svfprintf_r+0xde8>
1a003d00:	4635      	mov	r5, r6
1a003d02:	e003      	b.n	1a003d0c <_svfprintf_r+0x6c>
1a003d04:	2b25      	cmp	r3, #37	; 0x25
1a003d06:	f000 8096 	beq.w	1a003e36 <_svfprintf_r+0x196>
1a003d0a:	4625      	mov	r5, r4
1a003d0c:	786b      	ldrb	r3, [r5, #1]
1a003d0e:	1c6c      	adds	r4, r5, #1
1a003d10:	2b00      	cmp	r3, #0
1a003d12:	d1f7      	bne.n	1a003d04 <_svfprintf_r+0x64>
1a003d14:	1ba7      	subs	r7, r4, r6
1a003d16:	f000 8167 	beq.w	1a003fe8 <_svfprintf_r+0x348>
1a003d1a:	e9dd 3229 	ldrd	r3, r2, [sp, #164]	; 0xa4
1a003d1e:	3301      	adds	r3, #1
1a003d20:	443a      	add	r2, r7
1a003d22:	2b07      	cmp	r3, #7
1a003d24:	f8c9 6000 	str.w	r6, [r9]
1a003d28:	f8c9 7004 	str.w	r7, [r9, #4]
1a003d2c:	e9cd 3229 	strd	r3, r2, [sp, #164]	; 0xa4
1a003d30:	f300 8084 	bgt.w	1a003e3c <_svfprintf_r+0x19c>
1a003d34:	f109 0908 	add.w	r9, r9, #8
1a003d38:	9a04      	ldr	r2, [sp, #16]
1a003d3a:	786b      	ldrb	r3, [r5, #1]
1a003d3c:	443a      	add	r2, r7
1a003d3e:	9204      	str	r2, [sp, #16]
1a003d40:	2b00      	cmp	r3, #0
1a003d42:	f000 8151 	beq.w	1a003fe8 <_svfprintf_r+0x348>
1a003d46:	2300      	movs	r3, #0
1a003d48:	f894 8001 	ldrb.w	r8, [r4, #1]
1a003d4c:	9305      	str	r3, [sp, #20]
1a003d4e:	f88d 3083 	strb.w	r3, [sp, #131]	; 0x83
1a003d52:	9302      	str	r3, [sp, #8]
1a003d54:	f104 0b01 	add.w	fp, r4, #1
1a003d58:	f04f 3aff 	mov.w	sl, #4294967295
1a003d5c:	272b      	movs	r7, #43	; 0x2b
1a003d5e:	2120      	movs	r1, #32
1a003d60:	f10b 0b01 	add.w	fp, fp, #1
1a003d64:	f1a8 0320 	sub.w	r3, r8, #32
1a003d68:	2b5a      	cmp	r3, #90	; 0x5a
1a003d6a:	f200 836c 	bhi.w	1a004446 <_svfprintf_r+0x7a6>
1a003d6e:	e8df f013 	tbh	[pc, r3, lsl #1]
1a003d72:	034b      	.short	0x034b
1a003d74:	036a036a 	.word	0x036a036a
1a003d78:	036a0344 	.word	0x036a0344
1a003d7c:	036a036a 	.word	0x036a036a
1a003d80:	036a0321 	.word	0x036a0321
1a003d84:	0215036a 	.word	0x0215036a
1a003d88:	036a0210 	.word	0x036a0210
1a003d8c:	01f600cb 	.word	0x01f600cb
1a003d90:	01ef036a 	.word	0x01ef036a
1a003d94:	00a800a8 	.word	0x00a800a8
1a003d98:	00a800a8 	.word	0x00a800a8
1a003d9c:	00a800a8 	.word	0x00a800a8
1a003da0:	00a800a8 	.word	0x00a800a8
1a003da4:	036a00a8 	.word	0x036a00a8
1a003da8:	036a036a 	.word	0x036a036a
1a003dac:	036a036a 	.word	0x036a036a
1a003db0:	036a036a 	.word	0x036a036a
1a003db4:	036a02df 	.word	0x036a02df
1a003db8:	01960223 	.word	0x01960223
1a003dbc:	02df02df 	.word	0x02df02df
1a003dc0:	036a02df 	.word	0x036a02df
1a003dc4:	036a036a 	.word	0x036a036a
1a003dc8:	018f036a 	.word	0x018f036a
1a003dcc:	036a036a 	.word	0x036a036a
1a003dd0:	036a017e 	.word	0x036a017e
1a003dd4:	036a036a 	.word	0x036a036a
1a003dd8:	036a0152 	.word	0x036a0152
1a003ddc:	036a01ca 	.word	0x036a01ca
1a003de0:	00b7036a 	.word	0x00b7036a
1a003de4:	036a036a 	.word	0x036a036a
1a003de8:	036a036a 	.word	0x036a036a
1a003dec:	036a036a 	.word	0x036a036a
1a003df0:	036a036a 	.word	0x036a036a
1a003df4:	036a02df 	.word	0x036a02df
1a003df8:	01d90223 	.word	0x01d90223
1a003dfc:	02df02df 	.word	0x02df02df
1a003e00:	01bf02df 	.word	0x01bf02df
1a003e04:	005b01d9 	.word	0x005b01d9
1a003e08:	0147036a 	.word	0x0147036a
1a003e0c:	011e036a 	.word	0x011e036a
1a003e10:	00db010c 	.word	0x00db010c
1a003e14:	036a005b 	.word	0x036a005b
1a003e18:	005f0152 	.word	0x005f0152
1a003e1c:	036a0355 	.word	0x036a0355
1a003e20:	0089036a 	.word	0x0089036a
1a003e24:	005f036a 	.word	0x005f036a
1a003e28:	9b02      	ldr	r3, [sp, #8]
1a003e2a:	f043 0320 	orr.w	r3, r3, #32
1a003e2e:	9302      	str	r3, [sp, #8]
1a003e30:	f89b 8000 	ldrb.w	r8, [fp]
1a003e34:	e794      	b.n	1a003d60 <_svfprintf_r+0xc0>
1a003e36:	1ba7      	subs	r7, r4, r6
1a003e38:	d085      	beq.n	1a003d46 <_svfprintf_r+0xa6>
1a003e3a:	e76e      	b.n	1a003d1a <_svfprintf_r+0x7a>
1a003e3c:	aa28      	add	r2, sp, #160	; 0xa0
1a003e3e:	e9dd 0106 	ldrd	r0, r1, [sp, #24]
1a003e42:	f005 fa4d 	bl	1a0092e0 <__ssprint_r>
1a003e46:	b980      	cbnz	r0, 1a003e6a <_svfprintf_r+0x1ca>
1a003e48:	f10d 09ac 	add.w	r9, sp, #172	; 0xac
1a003e4c:	e774      	b.n	1a003d38 <_svfprintf_r+0x98>
1a003e4e:	aa28      	add	r2, sp, #160	; 0xa0
1a003e50:	e9dd 0106 	ldrd	r0, r1, [sp, #24]
1a003e54:	f005 fa44 	bl	1a0092e0 <__ssprint_r>
1a003e58:	2800      	cmp	r0, #0
1a003e5a:	f000 8221 	beq.w	1a0042a0 <_svfprintf_r+0x600>
1a003e5e:	9b08      	ldr	r3, [sp, #32]
1a003e60:	b11b      	cbz	r3, 1a003e6a <_svfprintf_r+0x1ca>
1a003e62:	9908      	ldr	r1, [sp, #32]
1a003e64:	9806      	ldr	r0, [sp, #24]
1a003e66:	f7ff f8c9 	bl	1a002ffc <_free_r>
1a003e6a:	9b07      	ldr	r3, [sp, #28]
1a003e6c:	899b      	ldrh	r3, [r3, #12]
1a003e6e:	f013 0f40 	tst.w	r3, #64	; 0x40
1a003e72:	9b04      	ldr	r3, [sp, #16]
1a003e74:	bf18      	it	ne
1a003e76:	f04f 33ff 	movne.w	r3, #4294967295
1a003e7a:	9304      	str	r3, [sp, #16]
1a003e7c:	9804      	ldr	r0, [sp, #16]
1a003e7e:	b055      	add	sp, #340	; 0x154
1a003e80:	e8bd 8ff0 	ldmia.w	sp!, {r4, r5, r6, r7, r8, r9, sl, fp, pc}
1a003e84:	4b26      	ldr	r3, [pc, #152]	; (1a003f20 <_svfprintf_r+0x280>)
1a003e86:	9314      	str	r3, [sp, #80]	; 0x50
1a003e88:	9b02      	ldr	r3, [sp, #8]
1a003e8a:	0699      	lsls	r1, r3, #26
1a003e8c:	d52d      	bpl.n	1a003eea <_svfprintf_r+0x24a>
1a003e8e:	9c09      	ldr	r4, [sp, #36]	; 0x24
1a003e90:	3407      	adds	r4, #7
1a003e92:	f024 0307 	bic.w	r3, r4, #7
1a003e96:	e8f3 4502 	ldrd	r4, r5, [r3], #8
1a003e9a:	9309      	str	r3, [sp, #36]	; 0x24
1a003e9c:	9a02      	ldr	r2, [sp, #8]
1a003e9e:	07d6      	lsls	r6, r2, #31
1a003ea0:	d50a      	bpl.n	1a003eb8 <_svfprintf_r+0x218>
1a003ea2:	ea54 0305 	orrs.w	r3, r4, r5
1a003ea6:	d007      	beq.n	1a003eb8 <_svfprintf_r+0x218>
1a003ea8:	2330      	movs	r3, #48	; 0x30
1a003eaa:	f042 0202 	orr.w	r2, r2, #2
1a003eae:	f88d 8085 	strb.w	r8, [sp, #133]	; 0x85
1a003eb2:	9202      	str	r2, [sp, #8]
1a003eb4:	f88d 3084 	strb.w	r3, [sp, #132]	; 0x84
1a003eb8:	9b02      	ldr	r3, [sp, #8]
1a003eba:	f423 6780 	bic.w	r7, r3, #1024	; 0x400
1a003ebe:	2302      	movs	r3, #2
1a003ec0:	e044      	b.n	1a003f4c <_svfprintf_r+0x2ac>
1a003ec2:	f1a8 0330 	sub.w	r3, r8, #48	; 0x30
1a003ec6:	2200      	movs	r2, #0
1a003ec8:	f81b 8b01 	ldrb.w	r8, [fp], #1
1a003ecc:	eb02 0282 	add.w	r2, r2, r2, lsl #2
1a003ed0:	eb03 0242 	add.w	r2, r3, r2, lsl #1
1a003ed4:	f1a8 0330 	sub.w	r3, r8, #48	; 0x30
1a003ed8:	2b09      	cmp	r3, #9
1a003eda:	d9f5      	bls.n	1a003ec8 <_svfprintf_r+0x228>
1a003edc:	9205      	str	r2, [sp, #20]
1a003ede:	e741      	b.n	1a003d64 <_svfprintf_r+0xc4>
1a003ee0:	4b10      	ldr	r3, [pc, #64]	; (1a003f24 <_svfprintf_r+0x284>)
1a003ee2:	9314      	str	r3, [sp, #80]	; 0x50
1a003ee4:	9b02      	ldr	r3, [sp, #8]
1a003ee6:	0699      	lsls	r1, r3, #26
1a003ee8:	d4d1      	bmi.n	1a003e8e <_svfprintf_r+0x1ee>
1a003eea:	9b09      	ldr	r3, [sp, #36]	; 0x24
1a003eec:	f853 4b04 	ldr.w	r4, [r3], #4
1a003ef0:	9309      	str	r3, [sp, #36]	; 0x24
1a003ef2:	9b02      	ldr	r3, [sp, #8]
1a003ef4:	06da      	lsls	r2, r3, #27
1a003ef6:	f100 85ef 	bmi.w	1a004ad8 <_svfprintf_r+0xe38>
1a003efa:	9b02      	ldr	r3, [sp, #8]
1a003efc:	065b      	lsls	r3, r3, #25
1a003efe:	f140 85e7 	bpl.w	1a004ad0 <_svfprintf_r+0xe30>
1a003f02:	b2a4      	uxth	r4, r4
1a003f04:	2500      	movs	r5, #0
1a003f06:	e7c9      	b.n	1a003e9c <_svfprintf_r+0x1fc>
1a003f08:	f89b 8000 	ldrb.w	r8, [fp]
1a003f0c:	9b02      	ldr	r3, [sp, #8]
1a003f0e:	f043 0304 	orr.w	r3, r3, #4
1a003f12:	9302      	str	r3, [sp, #8]
1a003f14:	e724      	b.n	1a003d60 <_svfprintf_r+0xc0>
1a003f16:	bf00      	nop
	...
1a003f20:	1a009fcc 	.word	0x1a009fcc
1a003f24:	1a009fe0 	.word	0x1a009fe0
1a003f28:	9c09      	ldr	r4, [sp, #36]	; 0x24
1a003f2a:	f647 0230 	movw	r2, #30768	; 0x7830
1a003f2e:	f854 3b04 	ldr.w	r3, [r4], #4
1a003f32:	f8ad 2084 	strh.w	r2, [sp, #132]	; 0x84
1a003f36:	9a02      	ldr	r2, [sp, #8]
1a003f38:	9409      	str	r4, [sp, #36]	; 0x24
1a003f3a:	461c      	mov	r4, r3
1a003f3c:	4b9d      	ldr	r3, [pc, #628]	; (1a0041b4 <_svfprintf_r+0x514>)
1a003f3e:	9314      	str	r3, [sp, #80]	; 0x50
1a003f40:	f042 0702 	orr.w	r7, r2, #2
1a003f44:	2500      	movs	r5, #0
1a003f46:	2302      	movs	r3, #2
1a003f48:	f04f 0878 	mov.w	r8, #120	; 0x78
1a003f4c:	2200      	movs	r2, #0
1a003f4e:	f88d 2083 	strb.w	r2, [sp, #131]	; 0x83
1a003f52:	f1ba 3fff 	cmp.w	sl, #4294967295
1a003f56:	f000 829b 	beq.w	1a004490 <_svfprintf_r+0x7f0>
1a003f5a:	f027 0280 	bic.w	r2, r7, #128	; 0x80
1a003f5e:	9202      	str	r2, [sp, #8]
1a003f60:	ea54 0205 	orrs.w	r2, r4, r5
1a003f64:	f040 8293 	bne.w	1a00448e <_svfprintf_r+0x7ee>
1a003f68:	f1ba 0f00 	cmp.w	sl, #0
1a003f6c:	f040 8490 	bne.w	1a004890 <_svfprintf_r+0xbf0>
1a003f70:	2b00      	cmp	r3, #0
1a003f72:	f040 80b8 	bne.w	1a0040e6 <_svfprintf_r+0x446>
1a003f76:	f017 0701 	ands.w	r7, r7, #1
1a003f7a:	f000 85a7 	beq.w	1a004acc <_svfprintf_r+0xe2c>
1a003f7e:	2330      	movs	r3, #48	; 0x30
1a003f80:	f88d 314f 	strb.w	r3, [sp, #335]	; 0x14f
1a003f84:	f20d 164f 	addw	r6, sp, #335	; 0x14f
1a003f88:	e274      	b.n	1a004474 <_svfprintf_r+0x7d4>
1a003f8a:	9f02      	ldr	r7, [sp, #8]
1a003f8c:	06be      	lsls	r6, r7, #26
1a003f8e:	d474      	bmi.n	1a00407a <_svfprintf_r+0x3da>
1a003f90:	9b02      	ldr	r3, [sp, #8]
1a003f92:	9a09      	ldr	r2, [sp, #36]	; 0x24
1a003f94:	06dd      	lsls	r5, r3, #27
1a003f96:	f852 4b04 	ldr.w	r4, [r2], #4
1a003f9a:	f101 8399 	bmi.w	1a0056d0 <_svfprintf_r+0x1a30>
1a003f9e:	9f02      	ldr	r7, [sp, #8]
1a003fa0:	0678      	lsls	r0, r7, #25
1a003fa2:	f141 8070 	bpl.w	1a005086 <_svfprintf_r+0x13e6>
1a003fa6:	9209      	str	r2, [sp, #36]	; 0x24
1a003fa8:	b2a4      	uxth	r4, r4
1a003faa:	2500      	movs	r5, #0
1a003fac:	e06c      	b.n	1a004088 <_svfprintf_r+0x3e8>
1a003fae:	9902      	ldr	r1, [sp, #8]
1a003fb0:	9a09      	ldr	r2, [sp, #36]	; 0x24
1a003fb2:	068c      	lsls	r4, r1, #26
1a003fb4:	f102 0304 	add.w	r3, r2, #4
1a003fb8:	f100 8591 	bmi.w	1a004ade <_svfprintf_r+0xe3e>
1a003fbc:	9a02      	ldr	r2, [sp, #8]
1a003fbe:	06d0      	lsls	r0, r2, #27
1a003fc0:	f100 87ee 	bmi.w	1a004fa0 <_svfprintf_r+0x1300>
1a003fc4:	9a02      	ldr	r2, [sp, #8]
1a003fc6:	0651      	lsls	r1, r2, #25
1a003fc8:	f101 80a6 	bmi.w	1a005118 <_svfprintf_r+0x1478>
1a003fcc:	9a02      	ldr	r2, [sp, #8]
1a003fce:	0592      	lsls	r2, r2, #22
1a003fd0:	f140 87e6 	bpl.w	1a004fa0 <_svfprintf_r+0x1300>
1a003fd4:	9a09      	ldr	r2, [sp, #36]	; 0x24
1a003fd6:	9309      	str	r3, [sp, #36]	; 0x24
1a003fd8:	6812      	ldr	r2, [r2, #0]
1a003fda:	9b04      	ldr	r3, [sp, #16]
1a003fdc:	7013      	strb	r3, [r2, #0]
1a003fde:	465e      	mov	r6, fp
1a003fe0:	7833      	ldrb	r3, [r6, #0]
1a003fe2:	2b00      	cmp	r3, #0
1a003fe4:	f47f ae89 	bne.w	1a003cfa <_svfprintf_r+0x5a>
1a003fe8:	9b2a      	ldr	r3, [sp, #168]	; 0xa8
1a003fea:	2b00      	cmp	r3, #0
1a003fec:	f43f af3d 	beq.w	1a003e6a <_svfprintf_r+0x1ca>
1a003ff0:	9c07      	ldr	r4, [sp, #28]
1a003ff2:	9806      	ldr	r0, [sp, #24]
1a003ff4:	aa28      	add	r2, sp, #160	; 0xa0
1a003ff6:	4621      	mov	r1, r4
1a003ff8:	f005 f972 	bl	1a0092e0 <__ssprint_r>
1a003ffc:	89a3      	ldrh	r3, [r4, #12]
1a003ffe:	e736      	b.n	1a003e6e <_svfprintf_r+0x1ce>
1a004000:	f89b 8000 	ldrb.w	r8, [fp]
1a004004:	9b02      	ldr	r3, [sp, #8]
1a004006:	f1b8 0f6c 	cmp.w	r8, #108	; 0x6c
1a00400a:	f000 8663 	beq.w	1a004cd4 <_svfprintf_r+0x1034>
1a00400e:	f043 0310 	orr.w	r3, r3, #16
1a004012:	9302      	str	r3, [sp, #8]
1a004014:	e6a4      	b.n	1a003d60 <_svfprintf_r+0xc0>
1a004016:	9c09      	ldr	r4, [sp, #36]	; 0x24
1a004018:	f854 6b04 	ldr.w	r6, [r4], #4
1a00401c:	2500      	movs	r5, #0
1a00401e:	f88d 5083 	strb.w	r5, [sp, #131]	; 0x83
1a004022:	2e00      	cmp	r6, #0
1a004024:	f000 867a 	beq.w	1a004d1c <_svfprintf_r+0x107c>
1a004028:	f1ba 3fff 	cmp.w	sl, #4294967295
1a00402c:	f000 87f9 	beq.w	1a005022 <_svfprintf_r+0x1382>
1a004030:	4652      	mov	r2, sl
1a004032:	4629      	mov	r1, r5
1a004034:	4630      	mov	r0, r6
1a004036:	f004 fb6b 	bl	1a008710 <memchr>
1a00403a:	9008      	str	r0, [sp, #32]
1a00403c:	2800      	cmp	r0, #0
1a00403e:	f001 8150 	beq.w	1a0052e2 <_svfprintf_r+0x1642>
1a004042:	9b08      	ldr	r3, [sp, #32]
1a004044:	46aa      	mov	sl, r5
1a004046:	1b9f      	subs	r7, r3, r6
1a004048:	e9cd aa0e 	strd	sl, sl, [sp, #56]	; 0x38
1a00404c:	ea27 73e7 	bic.w	r3, r7, r7, asr #31
1a004050:	f89d 2083 	ldrb.w	r2, [sp, #131]	; 0x83
1a004054:	9409      	str	r4, [sp, #36]	; 0x24
1a004056:	9303      	str	r3, [sp, #12]
1a004058:	f8cd a020 	str.w	sl, [sp, #32]
1a00405c:	f8cd a030 	str.w	sl, [sp, #48]	; 0x30
1a004060:	2a00      	cmp	r2, #0
1a004062:	f000 80bb 	beq.w	1a0041dc <_svfprintf_r+0x53c>
1a004066:	9b03      	ldr	r3, [sp, #12]
1a004068:	3301      	adds	r3, #1
1a00406a:	9303      	str	r3, [sp, #12]
1a00406c:	e0b6      	b.n	1a0041dc <_svfprintf_r+0x53c>
1a00406e:	9b02      	ldr	r3, [sp, #8]
1a004070:	f043 0710 	orr.w	r7, r3, #16
1a004074:	069b      	lsls	r3, r3, #26
1a004076:	f140 8617 	bpl.w	1a004ca8 <_svfprintf_r+0x1008>
1a00407a:	9c09      	ldr	r4, [sp, #36]	; 0x24
1a00407c:	3407      	adds	r4, #7
1a00407e:	f024 0307 	bic.w	r3, r4, #7
1a004082:	e8f3 4502 	ldrd	r4, r5, [r3], #8
1a004086:	9309      	str	r3, [sp, #36]	; 0x24
1a004088:	f427 6780 	bic.w	r7, r7, #1024	; 0x400
1a00408c:	2300      	movs	r3, #0
1a00408e:	e75d      	b.n	1a003f4c <_svfprintf_r+0x2ac>
1a004090:	9b02      	ldr	r3, [sp, #8]
1a004092:	f89b 8000 	ldrb.w	r8, [fp]
1a004096:	f043 0308 	orr.w	r3, r3, #8
1a00409a:	9302      	str	r3, [sp, #8]
1a00409c:	e660      	b.n	1a003d60 <_svfprintf_r+0xc0>
1a00409e:	9b02      	ldr	r3, [sp, #8]
1a0040a0:	069c      	lsls	r4, r3, #26
1a0040a2:	f043 0710 	orr.w	r7, r3, #16
1a0040a6:	f140 85f1 	bpl.w	1a004c8c <_svfprintf_r+0xfec>
1a0040aa:	9c09      	ldr	r4, [sp, #36]	; 0x24
1a0040ac:	3407      	adds	r4, #7
1a0040ae:	f024 0307 	bic.w	r3, r4, #7
1a0040b2:	4619      	mov	r1, r3
1a0040b4:	e8f1 2302 	ldrd	r2, r3, [r1], #8
1a0040b8:	9109      	str	r1, [sp, #36]	; 0x24
1a0040ba:	4614      	mov	r4, r2
1a0040bc:	461d      	mov	r5, r3
1a0040be:	2a00      	cmp	r2, #0
1a0040c0:	f173 0300 	sbcs.w	r3, r3, #0
1a0040c4:	f2c0 84d7 	blt.w	1a004a76 <_svfprintf_r+0xdd6>
1a0040c8:	f1ba 3fff 	cmp.w	sl, #4294967295
1a0040cc:	f000 81c7 	beq.w	1a00445e <_svfprintf_r+0x7be>
1a0040d0:	f027 0380 	bic.w	r3, r7, #128	; 0x80
1a0040d4:	9302      	str	r3, [sp, #8]
1a0040d6:	ea54 0305 	orrs.w	r3, r4, r5
1a0040da:	f040 81bf 	bne.w	1a00445c <_svfprintf_r+0x7bc>
1a0040de:	f1ba 0f00 	cmp.w	sl, #0
1a0040e2:	f041 803f 	bne.w	1a005164 <_svfprintf_r+0x14c4>
1a0040e6:	f04f 0a00 	mov.w	sl, #0
1a0040ea:	4657      	mov	r7, sl
1a0040ec:	ae54      	add	r6, sp, #336	; 0x150
1a0040ee:	e1c1      	b.n	1a004474 <_svfprintf_r+0x7d4>
1a0040f0:	f89b 8000 	ldrb.w	r8, [fp]
1a0040f4:	9b02      	ldr	r3, [sp, #8]
1a0040f6:	f1b8 0f68 	cmp.w	r8, #104	; 0x68
1a0040fa:	f000 85e2 	beq.w	1a004cc2 <_svfprintf_r+0x1022>
1a0040fe:	f043 0340 	orr.w	r3, r3, #64	; 0x40
1a004102:	9302      	str	r3, [sp, #8]
1a004104:	e62c      	b.n	1a003d60 <_svfprintf_r+0xc0>
1a004106:	9b02      	ldr	r3, [sp, #8]
1a004108:	069a      	lsls	r2, r3, #26
1a00410a:	f043 0710 	orr.w	r7, r3, #16
1a00410e:	f140 84f1 	bpl.w	1a004af4 <_svfprintf_r+0xe54>
1a004112:	9c09      	ldr	r4, [sp, #36]	; 0x24
1a004114:	3407      	adds	r4, #7
1a004116:	f024 0307 	bic.w	r3, r4, #7
1a00411a:	e8f3 4502 	ldrd	r4, r5, [r3], #8
1a00411e:	9309      	str	r3, [sp, #36]	; 0x24
1a004120:	2301      	movs	r3, #1
1a004122:	e713      	b.n	1a003f4c <_svfprintf_r+0x2ac>
1a004124:	9f02      	ldr	r7, [sp, #8]
1a004126:	06b8      	lsls	r0, r7, #26
1a004128:	d4bf      	bmi.n	1a0040aa <_svfprintf_r+0x40a>
1a00412a:	9b09      	ldr	r3, [sp, #36]	; 0x24
1a00412c:	1d1a      	adds	r2, r3, #4
1a00412e:	9b02      	ldr	r3, [sp, #8]
1a004130:	06d9      	lsls	r1, r3, #27
1a004132:	f101 82d0 	bmi.w	1a0056d6 <_svfprintf_r+0x1a36>
1a004136:	9f02      	ldr	r7, [sp, #8]
1a004138:	463b      	mov	r3, r7
1a00413a:	065b      	lsls	r3, r3, #25
1a00413c:	f140 8796 	bpl.w	1a00506c <_svfprintf_r+0x13cc>
1a004140:	9b09      	ldr	r3, [sp, #36]	; 0x24
1a004142:	9209      	str	r2, [sp, #36]	; 0x24
1a004144:	f9b3 4000 	ldrsh.w	r4, [r3]
1a004148:	17e5      	asrs	r5, r4, #31
1a00414a:	4622      	mov	r2, r4
1a00414c:	462b      	mov	r3, r5
1a00414e:	e7b6      	b.n	1a0040be <_svfprintf_r+0x41e>
1a004150:	9b02      	ldr	r3, [sp, #8]
1a004152:	f89b 8000 	ldrb.w	r8, [fp]
1a004156:	f043 0380 	orr.w	r3, r3, #128	; 0x80
1a00415a:	9302      	str	r3, [sp, #8]
1a00415c:	e600      	b.n	1a003d60 <_svfprintf_r+0xc0>
1a00415e:	465a      	mov	r2, fp
1a004160:	f812 8b01 	ldrb.w	r8, [r2], #1
1a004164:	f1b8 0f2a 	cmp.w	r8, #42	; 0x2a
1a004168:	f001 828e 	beq.w	1a005688 <_svfprintf_r+0x19e8>
1a00416c:	f1a8 0330 	sub.w	r3, r8, #48	; 0x30
1a004170:	2b09      	cmp	r3, #9
1a004172:	4693      	mov	fp, r2
1a004174:	f04f 0a00 	mov.w	sl, #0
1a004178:	f63f adf4 	bhi.w	1a003d64 <_svfprintf_r+0xc4>
1a00417c:	f81b 8b01 	ldrb.w	r8, [fp], #1
1a004180:	eb0a 0a8a 	add.w	sl, sl, sl, lsl #2
1a004184:	eb03 0a4a 	add.w	sl, r3, sl, lsl #1
1a004188:	f1a8 0330 	sub.w	r3, r8, #48	; 0x30
1a00418c:	2b09      	cmp	r3, #9
1a00418e:	d9f5      	bls.n	1a00417c <_svfprintf_r+0x4dc>
1a004190:	e5e8      	b.n	1a003d64 <_svfprintf_r+0xc4>
1a004192:	f88d 7083 	strb.w	r7, [sp, #131]	; 0x83
1a004196:	f89b 8000 	ldrb.w	r8, [fp]
1a00419a:	e5e1      	b.n	1a003d60 <_svfprintf_r+0xc0>
1a00419c:	9b09      	ldr	r3, [sp, #36]	; 0x24
1a00419e:	f89b 8000 	ldrb.w	r8, [fp]
1a0041a2:	f853 2b04 	ldr.w	r2, [r3], #4
1a0041a6:	9205      	str	r2, [sp, #20]
1a0041a8:	2a00      	cmp	r2, #0
1a0041aa:	f2c0 8585 	blt.w	1a004cb8 <_svfprintf_r+0x1018>
1a0041ae:	9309      	str	r3, [sp, #36]	; 0x24
1a0041b0:	e5d6      	b.n	1a003d60 <_svfprintf_r+0xc0>
1a0041b2:	bf00      	nop
1a0041b4:	1a009fcc 	.word	0x1a009fcc
1a0041b8:	9c09      	ldr	r4, [sp, #36]	; 0x24
1a0041ba:	2300      	movs	r3, #0
1a0041bc:	f854 2b04 	ldr.w	r2, [r4], #4
1a0041c0:	f88d 20ec 	strb.w	r2, [sp, #236]	; 0xec
1a0041c4:	2701      	movs	r7, #1
1a0041c6:	461a      	mov	r2, r3
1a0041c8:	9703      	str	r7, [sp, #12]
1a0041ca:	9409      	str	r4, [sp, #36]	; 0x24
1a0041cc:	e9cd 220e 	strd	r2, r2, [sp, #56]	; 0x38
1a0041d0:	f88d 3083 	strb.w	r3, [sp, #131]	; 0x83
1a0041d4:	9208      	str	r2, [sp, #32]
1a0041d6:	4692      	mov	sl, r2
1a0041d8:	920c      	str	r2, [sp, #48]	; 0x30
1a0041da:	ae3b      	add	r6, sp, #236	; 0xec
1a0041dc:	9b02      	ldr	r3, [sp, #8]
1a0041de:	f013 0302 	ands.w	r3, r3, #2
1a0041e2:	930a      	str	r3, [sp, #40]	; 0x28
1a0041e4:	d002      	beq.n	1a0041ec <_svfprintf_r+0x54c>
1a0041e6:	9b03      	ldr	r3, [sp, #12]
1a0041e8:	3302      	adds	r3, #2
1a0041ea:	9303      	str	r3, [sp, #12]
1a0041ec:	9b02      	ldr	r3, [sp, #8]
1a0041ee:	9c2a      	ldr	r4, [sp, #168]	; 0xa8
1a0041f0:	f013 0384 	ands.w	r3, r3, #132	; 0x84
1a0041f4:	930b      	str	r3, [sp, #44]	; 0x2c
1a0041f6:	d104      	bne.n	1a004202 <_svfprintf_r+0x562>
1a0041f8:	9b05      	ldr	r3, [sp, #20]
1a0041fa:	9903      	ldr	r1, [sp, #12]
1a0041fc:	1a5d      	subs	r5, r3, r1
1a0041fe:	2d00      	cmp	r5, #0
1a004200:	dc5a      	bgt.n	1a0042b8 <_svfprintf_r+0x618>
1a004202:	b172      	cbz	r2, 1a004222 <_svfprintf_r+0x582>
1a004204:	9a29      	ldr	r2, [sp, #164]	; 0xa4
1a004206:	3201      	adds	r2, #1
1a004208:	3401      	adds	r4, #1
1a00420a:	f10d 0083 	add.w	r0, sp, #131	; 0x83
1a00420e:	2101      	movs	r1, #1
1a004210:	2a07      	cmp	r2, #7
1a004212:	e9cd 2429 	strd	r2, r4, [sp, #164]	; 0xa4
1a004216:	e9c9 0100 	strd	r0, r1, [r9]
1a00421a:	f300 82e9 	bgt.w	1a0047f0 <_svfprintf_r+0xb50>
1a00421e:	f109 0908 	add.w	r9, r9, #8
1a004222:	9b0a      	ldr	r3, [sp, #40]	; 0x28
1a004224:	b16b      	cbz	r3, 1a004242 <_svfprintf_r+0x5a2>
1a004226:	9b29      	ldr	r3, [sp, #164]	; 0xa4
1a004228:	3301      	adds	r3, #1
1a00422a:	3402      	adds	r4, #2
1a00422c:	a921      	add	r1, sp, #132	; 0x84
1a00422e:	2202      	movs	r2, #2
1a004230:	2b07      	cmp	r3, #7
1a004232:	e9cd 3429 	strd	r3, r4, [sp, #164]	; 0xa4
1a004236:	e9c9 1200 	strd	r1, r2, [r9]
1a00423a:	f300 82e5 	bgt.w	1a004808 <_svfprintf_r+0xb68>
1a00423e:	f109 0908 	add.w	r9, r9, #8
1a004242:	9b0b      	ldr	r3, [sp, #44]	; 0x2c
1a004244:	2b80      	cmp	r3, #128	; 0x80
1a004246:	f000 81f8 	beq.w	1a00463a <_svfprintf_r+0x99a>
1a00424a:	ebaa 0507 	sub.w	r5, sl, r7
1a00424e:	2d00      	cmp	r5, #0
1a004250:	f300 8236 	bgt.w	1a0046c0 <_svfprintf_r+0xa20>
1a004254:	9b02      	ldr	r3, [sp, #8]
1a004256:	05da      	lsls	r2, r3, #23
1a004258:	f100 8185 	bmi.w	1a004566 <_svfprintf_r+0x8c6>
1a00425c:	9b29      	ldr	r3, [sp, #164]	; 0xa4
1a00425e:	f8c9 6000 	str.w	r6, [r9]
1a004262:	3301      	adds	r3, #1
1a004264:	443c      	add	r4, r7
1a004266:	2b07      	cmp	r3, #7
1a004268:	942a      	str	r4, [sp, #168]	; 0xa8
1a00426a:	f8c9 7004 	str.w	r7, [r9, #4]
1a00426e:	9329      	str	r3, [sp, #164]	; 0xa4
1a004270:	f300 82b2 	bgt.w	1a0047d8 <_svfprintf_r+0xb38>
1a004274:	f109 0908 	add.w	r9, r9, #8
1a004278:	9b02      	ldr	r3, [sp, #8]
1a00427a:	0759      	lsls	r1, r3, #29
1a00427c:	d505      	bpl.n	1a00428a <_svfprintf_r+0x5ea>
1a00427e:	9b05      	ldr	r3, [sp, #20]
1a004280:	9a03      	ldr	r2, [sp, #12]
1a004282:	1a9d      	subs	r5, r3, r2
1a004284:	2d00      	cmp	r5, #0
1a004286:	f300 82cb 	bgt.w	1a004820 <_svfprintf_r+0xb80>
1a00428a:	e9dd 3204 	ldrd	r3, r2, [sp, #16]
1a00428e:	9903      	ldr	r1, [sp, #12]
1a004290:	428a      	cmp	r2, r1
1a004292:	bfac      	ite	ge
1a004294:	189b      	addge	r3, r3, r2
1a004296:	185b      	addlt	r3, r3, r1
1a004298:	9304      	str	r3, [sp, #16]
1a00429a:	2c00      	cmp	r4, #0
1a00429c:	f47f add7 	bne.w	1a003e4e <_svfprintf_r+0x1ae>
1a0042a0:	2300      	movs	r3, #0
1a0042a2:	9329      	str	r3, [sp, #164]	; 0xa4
1a0042a4:	9b08      	ldr	r3, [sp, #32]
1a0042a6:	b11b      	cbz	r3, 1a0042b0 <_svfprintf_r+0x610>
1a0042a8:	9908      	ldr	r1, [sp, #32]
1a0042aa:	9806      	ldr	r0, [sp, #24]
1a0042ac:	f7fe fea6 	bl	1a002ffc <_free_r>
1a0042b0:	f10d 09ac 	add.w	r9, sp, #172	; 0xac
1a0042b4:	465e      	mov	r6, fp
1a0042b6:	e693      	b.n	1a003fe0 <_svfprintf_r+0x340>
1a0042b8:	2d10      	cmp	r5, #16
1a0042ba:	9a29      	ldr	r2, [sp, #164]	; 0xa4
1a0042bc:	dd29      	ble.n	1a004312 <_svfprintf_r+0x672>
1a0042be:	4620      	mov	r0, r4
1a0042c0:	4649      	mov	r1, r9
1a0042c2:	2310      	movs	r3, #16
1a0042c4:	46b1      	mov	r9, r6
1a0042c6:	971e      	str	r7, [sp, #120]	; 0x78
1a0042c8:	9c06      	ldr	r4, [sp, #24]
1a0042ca:	9e07      	ldr	r6, [sp, #28]
1a0042cc:	e004      	b.n	1a0042d8 <_svfprintf_r+0x638>
1a0042ce:	3d10      	subs	r5, #16
1a0042d0:	2d10      	cmp	r5, #16
1a0042d2:	f101 0108 	add.w	r1, r1, #8
1a0042d6:	dd18      	ble.n	1a00430a <_svfprintf_r+0x66a>
1a0042d8:	3201      	adds	r2, #1
1a0042da:	4fc4      	ldr	r7, [pc, #784]	; (1a0045ec <_svfprintf_r+0x94c>)
1a0042dc:	3010      	adds	r0, #16
1a0042de:	2a07      	cmp	r2, #7
1a0042e0:	e9cd 2029 	strd	r2, r0, [sp, #164]	; 0xa4
1a0042e4:	e9c1 7300 	strd	r7, r3, [r1]
1a0042e8:	ddf1      	ble.n	1a0042ce <_svfprintf_r+0x62e>
1a0042ea:	aa28      	add	r2, sp, #160	; 0xa0
1a0042ec:	4631      	mov	r1, r6
1a0042ee:	4620      	mov	r0, r4
1a0042f0:	f004 fff6 	bl	1a0092e0 <__ssprint_r>
1a0042f4:	2800      	cmp	r0, #0
1a0042f6:	f47f adb2 	bne.w	1a003e5e <_svfprintf_r+0x1be>
1a0042fa:	3d10      	subs	r5, #16
1a0042fc:	2d10      	cmp	r5, #16
1a0042fe:	e9dd 2029 	ldrd	r2, r0, [sp, #164]	; 0xa4
1a004302:	a92b      	add	r1, sp, #172	; 0xac
1a004304:	f04f 0310 	mov.w	r3, #16
1a004308:	dce6      	bgt.n	1a0042d8 <_svfprintf_r+0x638>
1a00430a:	9f1e      	ldr	r7, [sp, #120]	; 0x78
1a00430c:	464e      	mov	r6, r9
1a00430e:	4604      	mov	r4, r0
1a004310:	4689      	mov	r9, r1
1a004312:	3201      	adds	r2, #1
1a004314:	4bb5      	ldr	r3, [pc, #724]	; (1a0045ec <_svfprintf_r+0x94c>)
1a004316:	442c      	add	r4, r5
1a004318:	2a07      	cmp	r2, #7
1a00431a:	e9cd 2429 	strd	r2, r4, [sp, #164]	; 0xa4
1a00431e:	e9c9 3500 	strd	r3, r5, [r9]
1a004322:	f300 85c9 	bgt.w	1a004eb8 <_svfprintf_r+0x1218>
1a004326:	f109 0908 	add.w	r9, r9, #8
1a00432a:	f89d 2083 	ldrb.w	r2, [sp, #131]	; 0x83
1a00432e:	e768      	b.n	1a004202 <_svfprintf_r+0x562>
1a004330:	9c09      	ldr	r4, [sp, #36]	; 0x24
1a004332:	3407      	adds	r4, #7
1a004334:	f024 0307 	bic.w	r3, r4, #7
1a004338:	ecb3 7b02 	vldmia	r3!, {d7}
1a00433c:	ec55 4b17 	vmov	r4, r5, d7
1a004340:	9309      	str	r3, [sp, #36]	; 0x24
1a004342:	f025 4300 	bic.w	r3, r5, #2147483648	; 0x80000000
1a004346:	931b      	str	r3, [sp, #108]	; 0x6c
1a004348:	ed8d 7a1a 	vstr	s14, [sp, #104]	; 0x68
1a00434c:	e9dd 011a 	ldrd	r0, r1, [sp, #104]	; 0x68
1a004350:	f04f 32ff 	mov.w	r2, #4294967295
1a004354:	4ba6      	ldr	r3, [pc, #664]	; (1a0045f0 <_svfprintf_r+0x950>)
1a004356:	ed8d 7b10 	vstr	d7, [sp, #64]	; 0x40
1a00435a:	f7fe fa9f 	bl	1a00289c <__aeabi_dcmpun>
1a00435e:	2800      	cmp	r0, #0
1a004360:	f040 83d1 	bne.w	1a004b06 <_svfprintf_r+0xe66>
1a004364:	f04f 32ff 	mov.w	r2, #4294967295
1a004368:	4ba1      	ldr	r3, [pc, #644]	; (1a0045f0 <_svfprintf_r+0x950>)
1a00436a:	e9dd 011a 	ldrd	r0, r1, [sp, #104]	; 0x68
1a00436e:	f7fe fa77 	bl	1a002860 <__aeabi_dcmple>
1a004372:	2800      	cmp	r0, #0
1a004374:	f040 83c7 	bne.w	1a004b06 <_svfprintf_r+0xe66>
1a004378:	2200      	movs	r2, #0
1a00437a:	2300      	movs	r3, #0
1a00437c:	4620      	mov	r0, r4
1a00437e:	4629      	mov	r1, r5
1a004380:	f7fe fa64 	bl	1a00284c <__aeabi_dcmplt>
1a004384:	2800      	cmp	r0, #0
1a004386:	f040 86a0 	bne.w	1a0050ca <_svfprintf_r+0x142a>
1a00438a:	f89d 2083 	ldrb.w	r2, [sp, #131]	; 0x83
1a00438e:	4e99      	ldr	r6, [pc, #612]	; (1a0045f4 <_svfprintf_r+0x954>)
1a004390:	4b99      	ldr	r3, [pc, #612]	; (1a0045f8 <_svfprintf_r+0x958>)
1a004392:	9802      	ldr	r0, [sp, #8]
1a004394:	2100      	movs	r1, #0
1a004396:	2703      	movs	r7, #3
1a004398:	f020 0080 	bic.w	r0, r0, #128	; 0x80
1a00439c:	9703      	str	r7, [sp, #12]
1a00439e:	9108      	str	r1, [sp, #32]
1a0043a0:	9002      	str	r0, [sp, #8]
1a0043a2:	f1b8 0f47 	cmp.w	r8, #71	; 0x47
1a0043a6:	bfc8      	it	gt
1a0043a8:	461e      	movgt	r6, r3
1a0043aa:	468a      	mov	sl, r1
1a0043ac:	910c      	str	r1, [sp, #48]	; 0x30
1a0043ae:	e9cd 110e 	strd	r1, r1, [sp, #56]	; 0x38
1a0043b2:	e655      	b.n	1a004060 <_svfprintf_r+0x3c0>
1a0043b4:	9d06      	ldr	r5, [sp, #24]
1a0043b6:	4628      	mov	r0, r5
1a0043b8:	f004 f928 	bl	1a00860c <_localeconv_r>
1a0043bc:	6843      	ldr	r3, [r0, #4]
1a0043be:	9317      	str	r3, [sp, #92]	; 0x5c
1a0043c0:	4618      	mov	r0, r3
1a0043c2:	f7ff fbfd 	bl	1a003bc0 <strlen>
1a0043c6:	9019      	str	r0, [sp, #100]	; 0x64
1a0043c8:	4604      	mov	r4, r0
1a0043ca:	4628      	mov	r0, r5
1a0043cc:	f004 f91e 	bl	1a00860c <_localeconv_r>
1a0043d0:	6883      	ldr	r3, [r0, #8]
1a0043d2:	9318      	str	r3, [sp, #96]	; 0x60
1a0043d4:	2120      	movs	r1, #32
1a0043d6:	2c00      	cmp	r4, #0
1a0043d8:	f43f ad2a 	beq.w	1a003e30 <_svfprintf_r+0x190>
1a0043dc:	9b18      	ldr	r3, [sp, #96]	; 0x60
1a0043de:	f89b 8000 	ldrb.w	r8, [fp]
1a0043e2:	2b00      	cmp	r3, #0
1a0043e4:	f43f acbc 	beq.w	1a003d60 <_svfprintf_r+0xc0>
1a0043e8:	781b      	ldrb	r3, [r3, #0]
1a0043ea:	2b00      	cmp	r3, #0
1a0043ec:	f43f acb8 	beq.w	1a003d60 <_svfprintf_r+0xc0>
1a0043f0:	9b02      	ldr	r3, [sp, #8]
1a0043f2:	f443 6380 	orr.w	r3, r3, #1024	; 0x400
1a0043f6:	9302      	str	r3, [sp, #8]
1a0043f8:	e4b2      	b.n	1a003d60 <_svfprintf_r+0xc0>
1a0043fa:	9b02      	ldr	r3, [sp, #8]
1a0043fc:	f89b 8000 	ldrb.w	r8, [fp]
1a004400:	f043 0301 	orr.w	r3, r3, #1
1a004404:	9302      	str	r3, [sp, #8]
1a004406:	e4ab      	b.n	1a003d60 <_svfprintf_r+0xc0>
1a004408:	f89d 3083 	ldrb.w	r3, [sp, #131]	; 0x83
1a00440c:	f89b 8000 	ldrb.w	r8, [fp]
1a004410:	2b00      	cmp	r3, #0
1a004412:	f47f aca5 	bne.w	1a003d60 <_svfprintf_r+0xc0>
1a004416:	f88d 1083 	strb.w	r1, [sp, #131]	; 0x83
1a00441a:	e4a1      	b.n	1a003d60 <_svfprintf_r+0xc0>
1a00441c:	9f02      	ldr	r7, [sp, #8]
1a00441e:	463b      	mov	r3, r7
1a004420:	069b      	lsls	r3, r3, #26
1a004422:	f53f ae76 	bmi.w	1a004112 <_svfprintf_r+0x472>
1a004426:	9b02      	ldr	r3, [sp, #8]
1a004428:	9a09      	ldr	r2, [sp, #36]	; 0x24
1a00442a:	06de      	lsls	r6, r3, #27
1a00442c:	f852 4b04 	ldr.w	r4, [r2], #4
1a004430:	f101 814b 	bmi.w	1a0056ca <_svfprintf_r+0x1a2a>
1a004434:	9f02      	ldr	r7, [sp, #8]
1a004436:	067d      	lsls	r5, r7, #25
1a004438:	f140 862f 	bpl.w	1a00509a <_svfprintf_r+0x13fa>
1a00443c:	9209      	str	r2, [sp, #36]	; 0x24
1a00443e:	b2a4      	uxth	r4, r4
1a004440:	2500      	movs	r5, #0
1a004442:	2301      	movs	r3, #1
1a004444:	e582      	b.n	1a003f4c <_svfprintf_r+0x2ac>
1a004446:	f1b8 0f00 	cmp.w	r8, #0
1a00444a:	f43f adcd 	beq.w	1a003fe8 <_svfprintf_r+0x348>
1a00444e:	2300      	movs	r3, #0
1a004450:	2701      	movs	r7, #1
1a004452:	461a      	mov	r2, r3
1a004454:	9703      	str	r7, [sp, #12]
1a004456:	f88d 80ec 	strb.w	r8, [sp, #236]	; 0xec
1a00445a:	e6b7      	b.n	1a0041cc <_svfprintf_r+0x52c>
1a00445c:	9f02      	ldr	r7, [sp, #8]
1a00445e:	2d00      	cmp	r5, #0
1a004460:	bf08      	it	eq
1a004462:	2c0a      	cmpeq	r4, #10
1a004464:	d239      	bcs.n	1a0044da <_svfprintf_r+0x83a>
1a004466:	3430      	adds	r4, #48	; 0x30
1a004468:	9702      	str	r7, [sp, #8]
1a00446a:	f88d 414f 	strb.w	r4, [sp, #335]	; 0x14f
1a00446e:	2701      	movs	r7, #1
1a004470:	f20d 164f 	addw	r6, sp, #335	; 0x14f
1a004474:	2300      	movs	r3, #0
1a004476:	4557      	cmp	r7, sl
1a004478:	9308      	str	r3, [sp, #32]
1a00447a:	930c      	str	r3, [sp, #48]	; 0x30
1a00447c:	e9cd 330e 	strd	r3, r3, [sp, #56]	; 0x38
1a004480:	463b      	mov	r3, r7
1a004482:	bfb8      	it	lt
1a004484:	4653      	movlt	r3, sl
1a004486:	f89d 2083 	ldrb.w	r2, [sp, #131]	; 0x83
1a00448a:	9303      	str	r3, [sp, #12]
1a00448c:	e5e8      	b.n	1a004060 <_svfprintf_r+0x3c0>
1a00448e:	9f02      	ldr	r7, [sp, #8]
1a004490:	2b01      	cmp	r3, #1
1a004492:	d0e4      	beq.n	1a00445e <_svfprintf_r+0x7be>
1a004494:	2b02      	cmp	r3, #2
1a004496:	f000 8202 	beq.w	1a00489e <_svfprintf_r+0xbfe>
1a00449a:	a954      	add	r1, sp, #336	; 0x150
1a00449c:	e000      	b.n	1a0044a0 <_svfprintf_r+0x800>
1a00449e:	4631      	mov	r1, r6
1a0044a0:	08e2      	lsrs	r2, r4, #3
1a0044a2:	ea42 7245 	orr.w	r2, r2, r5, lsl #29
1a0044a6:	08e8      	lsrs	r0, r5, #3
1a0044a8:	f004 0307 	and.w	r3, r4, #7
1a0044ac:	4605      	mov	r5, r0
1a0044ae:	4614      	mov	r4, r2
1a0044b0:	3330      	adds	r3, #48	; 0x30
1a0044b2:	ea54 0205 	orrs.w	r2, r4, r5
1a0044b6:	f801 3c01 	strb.w	r3, [r1, #-1]
1a0044ba:	f101 36ff 	add.w	r6, r1, #4294967295
1a0044be:	d1ee      	bne.n	1a00449e <_svfprintf_r+0x7fe>
1a0044c0:	07f8      	lsls	r0, r7, #31
1a0044c2:	d54c      	bpl.n	1a00455e <_svfprintf_r+0x8be>
1a0044c4:	2b30      	cmp	r3, #48	; 0x30
1a0044c6:	d04a      	beq.n	1a00455e <_svfprintf_r+0x8be>
1a0044c8:	2330      	movs	r3, #48	; 0x30
1a0044ca:	3902      	subs	r1, #2
1a0044cc:	f806 3c01 	strb.w	r3, [r6, #-1]
1a0044d0:	ab54      	add	r3, sp, #336	; 0x150
1a0044d2:	9702      	str	r7, [sp, #8]
1a0044d4:	460e      	mov	r6, r1
1a0044d6:	1a5f      	subs	r7, r3, r1
1a0044d8:	e7cc      	b.n	1a004474 <_svfprintf_r+0x7d4>
1a0044da:	f407 6380 	and.w	r3, r7, #1024	; 0x400
1a0044de:	2200      	movs	r2, #0
1a0044e0:	f8cd b008 	str.w	fp, [sp, #8]
1a0044e4:	f8cd 800c 	str.w	r8, [sp, #12]
1a0044e8:	f8cd 9020 	str.w	r9, [sp, #32]
1a0044ec:	ae54      	add	r6, sp, #336	; 0x150
1a0044ee:	46b9      	mov	r9, r7
1a0044f0:	4693      	mov	fp, r2
1a0044f2:	f8dd 8060 	ldr.w	r8, [sp, #96]	; 0x60
1a0044f6:	461f      	mov	r7, r3
1a0044f8:	e007      	b.n	1a00450a <_svfprintf_r+0x86a>
1a0044fa:	f7fe fa0d 	bl	1a002918 <__aeabi_uldivmod>
1a0044fe:	2d00      	cmp	r5, #0
1a004500:	bf08      	it	eq
1a004502:	2c0a      	cmpeq	r4, #10
1a004504:	d320      	bcc.n	1a004548 <_svfprintf_r+0x8a8>
1a004506:	4604      	mov	r4, r0
1a004508:	460d      	mov	r5, r1
1a00450a:	220a      	movs	r2, #10
1a00450c:	2300      	movs	r3, #0
1a00450e:	4620      	mov	r0, r4
1a004510:	4629      	mov	r1, r5
1a004512:	f7fe fa01 	bl	1a002918 <__aeabi_uldivmod>
1a004516:	f102 0c30 	add.w	ip, r2, #48	; 0x30
1a00451a:	f806 cc01 	strb.w	ip, [r6, #-1]
1a00451e:	4620      	mov	r0, r4
1a004520:	4629      	mov	r1, r5
1a004522:	220a      	movs	r2, #10
1a004524:	2300      	movs	r3, #0
1a004526:	f10b 0b01 	add.w	fp, fp, #1
1a00452a:	3e01      	subs	r6, #1
1a00452c:	2f00      	cmp	r7, #0
1a00452e:	d0e4      	beq.n	1a0044fa <_svfprintf_r+0x85a>
1a004530:	f898 c000 	ldrb.w	ip, [r8]
1a004534:	45e3      	cmp	fp, ip
1a004536:	d1e0      	bne.n	1a0044fa <_svfprintf_r+0x85a>
1a004538:	f1bb 0fff 	cmp.w	fp, #255	; 0xff
1a00453c:	d0dd      	beq.n	1a0044fa <_svfprintf_r+0x85a>
1a00453e:	429d      	cmp	r5, r3
1a004540:	bf08      	it	eq
1a004542:	4294      	cmpeq	r4, r2
1a004544:	f080 8669 	bcs.w	1a00521a <_svfprintf_r+0x157a>
1a004548:	f8cd b048 	str.w	fp, [sp, #72]	; 0x48
1a00454c:	f8cd 8060 	str.w	r8, [sp, #96]	; 0x60
1a004550:	464f      	mov	r7, r9
1a004552:	f8dd b008 	ldr.w	fp, [sp, #8]
1a004556:	f8dd 800c 	ldr.w	r8, [sp, #12]
1a00455a:	f8dd 9020 	ldr.w	r9, [sp, #32]
1a00455e:	9702      	str	r7, [sp, #8]
1a004560:	ab54      	add	r3, sp, #336	; 0x150
1a004562:	1b9f      	subs	r7, r3, r6
1a004564:	e786      	b.n	1a004474 <_svfprintf_r+0x7d4>
1a004566:	f1b8 0f65 	cmp.w	r8, #101	; 0x65
1a00456a:	f340 80e3 	ble.w	1a004734 <_svfprintf_r+0xa94>
1a00456e:	2200      	movs	r2, #0
1a004570:	2300      	movs	r3, #0
1a004572:	e9dd 0110 	ldrd	r0, r1, [sp, #64]	; 0x40
1a004576:	f7fe f95f 	bl	1a002838 <__aeabi_dcmpeq>
1a00457a:	2800      	cmp	r0, #0
1a00457c:	f000 81a8 	beq.w	1a0048d0 <_svfprintf_r+0xc30>
1a004580:	9b29      	ldr	r3, [sp, #164]	; 0xa4
1a004582:	4a1e      	ldr	r2, [pc, #120]	; (1a0045fc <_svfprintf_r+0x95c>)
1a004584:	f8c9 2000 	str.w	r2, [r9]
1a004588:	3301      	adds	r3, #1
1a00458a:	3401      	adds	r4, #1
1a00458c:	2201      	movs	r2, #1
1a00458e:	2b07      	cmp	r3, #7
1a004590:	e9cd 3429 	strd	r3, r4, [sp, #164]	; 0xa4
1a004594:	f8c9 2004 	str.w	r2, [r9, #4]
1a004598:	f300 84d1 	bgt.w	1a004f3e <_svfprintf_r+0x129e>
1a00459c:	f109 0908 	add.w	r9, r9, #8
1a0045a0:	9b22      	ldr	r3, [sp, #136]	; 0x88
1a0045a2:	9a12      	ldr	r2, [sp, #72]	; 0x48
1a0045a4:	9c2a      	ldr	r4, [sp, #168]	; 0xa8
1a0045a6:	4293      	cmp	r3, r2
1a0045a8:	f280 828a 	bge.w	1a004ac0 <_svfprintf_r+0xe20>
1a0045ac:	9b29      	ldr	r3, [sp, #164]	; 0xa4
1a0045ae:	9a15      	ldr	r2, [sp, #84]	; 0x54
1a0045b0:	f8c9 2000 	str.w	r2, [r9]
1a0045b4:	9a13      	ldr	r2, [sp, #76]	; 0x4c
1a0045b6:	f8c9 2004 	str.w	r2, [r9, #4]
1a0045ba:	3301      	adds	r3, #1
1a0045bc:	4414      	add	r4, r2
1a0045be:	2b07      	cmp	r3, #7
1a0045c0:	e9cd 3429 	strd	r3, r4, [sp, #164]	; 0xa4
1a0045c4:	f300 838f 	bgt.w	1a004ce6 <_svfprintf_r+0x1046>
1a0045c8:	f109 0908 	add.w	r9, r9, #8
1a0045cc:	9b12      	ldr	r3, [sp, #72]	; 0x48
1a0045ce:	1e5d      	subs	r5, r3, #1
1a0045d0:	2d00      	cmp	r5, #0
1a0045d2:	f77f ae51 	ble.w	1a004278 <_svfprintf_r+0x5d8>
1a0045d6:	2d10      	cmp	r5, #16
1a0045d8:	9a29      	ldr	r2, [sp, #164]	; 0xa4
1a0045da:	4b09      	ldr	r3, [pc, #36]	; (1a004600 <_svfprintf_r+0x960>)
1a0045dc:	f340 84bc 	ble.w	1a004f58 <_svfprintf_r+0x12b8>
1a0045e0:	2610      	movs	r6, #16
1a0045e2:	e9dd 7806 	ldrd	r7, r8, [sp, #24]
1a0045e6:	469a      	mov	sl, r3
1a0045e8:	e012      	b.n	1a004610 <_svfprintf_r+0x970>
1a0045ea:	bf00      	nop
1a0045ec:	1a00a000 	.word	0x1a00a000
1a0045f0:	7fefffff 	.word	0x7fefffff
1a0045f4:	1a009fbc 	.word	0x1a009fbc
1a0045f8:	1a009fc0 	.word	0x1a009fc0
1a0045fc:	1a009ffc 	.word	0x1a009ffc
1a004600:	1a00a010 	.word	0x1a00a010
1a004604:	f109 0908 	add.w	r9, r9, #8
1a004608:	3d10      	subs	r5, #16
1a00460a:	2d10      	cmp	r5, #16
1a00460c:	f340 84a3 	ble.w	1a004f56 <_svfprintf_r+0x12b6>
1a004610:	3201      	adds	r2, #1
1a004612:	3410      	adds	r4, #16
1a004614:	2a07      	cmp	r2, #7
1a004616:	e9cd 2429 	strd	r2, r4, [sp, #164]	; 0xa4
1a00461a:	e9c9 a600 	strd	sl, r6, [r9]
1a00461e:	ddf1      	ble.n	1a004604 <_svfprintf_r+0x964>
1a004620:	aa28      	add	r2, sp, #160	; 0xa0
1a004622:	4641      	mov	r1, r8
1a004624:	4638      	mov	r0, r7
1a004626:	f004 fe5b 	bl	1a0092e0 <__ssprint_r>
1a00462a:	2800      	cmp	r0, #0
1a00462c:	f47f ac17 	bne.w	1a003e5e <_svfprintf_r+0x1be>
1a004630:	e9dd 2429 	ldrd	r2, r4, [sp, #164]	; 0xa4
1a004634:	f10d 09ac 	add.w	r9, sp, #172	; 0xac
1a004638:	e7e6      	b.n	1a004608 <_svfprintf_r+0x968>
1a00463a:	9b05      	ldr	r3, [sp, #20]
1a00463c:	9a03      	ldr	r2, [sp, #12]
1a00463e:	1a9d      	subs	r5, r3, r2
1a004640:	2d00      	cmp	r5, #0
1a004642:	f77f ae02 	ble.w	1a00424a <_svfprintf_r+0x5aa>
1a004646:	2d10      	cmp	r5, #16
1a004648:	9a29      	ldr	r2, [sp, #164]	; 0xa4
1a00464a:	4b9f      	ldr	r3, [pc, #636]	; (1a0048c8 <_svfprintf_r+0xc28>)
1a00464c:	dd28      	ble.n	1a0046a0 <_svfprintf_r+0xa00>
1a00464e:	4620      	mov	r0, r4
1a004650:	970a      	str	r7, [sp, #40]	; 0x28
1a004652:	4649      	mov	r1, r9
1a004654:	9c06      	ldr	r4, [sp, #24]
1a004656:	46b1      	mov	r9, r6
1a004658:	461f      	mov	r7, r3
1a00465a:	9e07      	ldr	r6, [sp, #28]
1a00465c:	e004      	b.n	1a004668 <_svfprintf_r+0x9c8>
1a00465e:	3d10      	subs	r5, #16
1a004660:	2d10      	cmp	r5, #16
1a004662:	f101 0108 	add.w	r1, r1, #8
1a004666:	dd16      	ble.n	1a004696 <_svfprintf_r+0x9f6>
1a004668:	3201      	adds	r2, #1
1a00466a:	3010      	adds	r0, #16
1a00466c:	2310      	movs	r3, #16
1a00466e:	2a07      	cmp	r2, #7
1a004670:	e9cd 2029 	strd	r2, r0, [sp, #164]	; 0xa4
1a004674:	600f      	str	r7, [r1, #0]
1a004676:	604b      	str	r3, [r1, #4]
1a004678:	ddf1      	ble.n	1a00465e <_svfprintf_r+0x9be>
1a00467a:	aa28      	add	r2, sp, #160	; 0xa0
1a00467c:	4631      	mov	r1, r6
1a00467e:	4620      	mov	r0, r4
1a004680:	f004 fe2e 	bl	1a0092e0 <__ssprint_r>
1a004684:	2800      	cmp	r0, #0
1a004686:	f47f abea 	bne.w	1a003e5e <_svfprintf_r+0x1be>
1a00468a:	3d10      	subs	r5, #16
1a00468c:	2d10      	cmp	r5, #16
1a00468e:	e9dd 2029 	ldrd	r2, r0, [sp, #164]	; 0xa4
1a004692:	a92b      	add	r1, sp, #172	; 0xac
1a004694:	dce8      	bgt.n	1a004668 <_svfprintf_r+0x9c8>
1a004696:	463b      	mov	r3, r7
1a004698:	9f0a      	ldr	r7, [sp, #40]	; 0x28
1a00469a:	464e      	mov	r6, r9
1a00469c:	4604      	mov	r4, r0
1a00469e:	4689      	mov	r9, r1
1a0046a0:	3201      	adds	r2, #1
1a0046a2:	442c      	add	r4, r5
1a0046a4:	2a07      	cmp	r2, #7
1a0046a6:	e9cd 2429 	strd	r2, r4, [sp, #164]	; 0xa4
1a0046aa:	e9c9 3500 	strd	r3, r5, [r9]
1a0046ae:	f300 846a 	bgt.w	1a004f86 <_svfprintf_r+0x12e6>
1a0046b2:	ebaa 0507 	sub.w	r5, sl, r7
1a0046b6:	2d00      	cmp	r5, #0
1a0046b8:	f109 0908 	add.w	r9, r9, #8
1a0046bc:	f77f adca 	ble.w	1a004254 <_svfprintf_r+0x5b4>
1a0046c0:	2d10      	cmp	r5, #16
1a0046c2:	9a29      	ldr	r2, [sp, #164]	; 0xa4
1a0046c4:	4b80      	ldr	r3, [pc, #512]	; (1a0048c8 <_svfprintf_r+0xc28>)
1a0046c6:	dd29      	ble.n	1a00471c <_svfprintf_r+0xa7c>
1a0046c8:	4620      	mov	r0, r4
1a0046ca:	970a      	str	r7, [sp, #40]	; 0x28
1a0046cc:	4649      	mov	r1, r9
1a0046ce:	f04f 0a10 	mov.w	sl, #16
1a0046d2:	46b1      	mov	r9, r6
1a0046d4:	9c06      	ldr	r4, [sp, #24]
1a0046d6:	9e07      	ldr	r6, [sp, #28]
1a0046d8:	461f      	mov	r7, r3
1a0046da:	e004      	b.n	1a0046e6 <_svfprintf_r+0xa46>
1a0046dc:	3d10      	subs	r5, #16
1a0046de:	2d10      	cmp	r5, #16
1a0046e0:	f101 0108 	add.w	r1, r1, #8
1a0046e4:	dd15      	ble.n	1a004712 <_svfprintf_r+0xa72>
1a0046e6:	3201      	adds	r2, #1
1a0046e8:	3010      	adds	r0, #16
1a0046ea:	2a07      	cmp	r2, #7
1a0046ec:	e9cd 2029 	strd	r2, r0, [sp, #164]	; 0xa4
1a0046f0:	e9c1 7a00 	strd	r7, sl, [r1]
1a0046f4:	ddf2      	ble.n	1a0046dc <_svfprintf_r+0xa3c>
1a0046f6:	aa28      	add	r2, sp, #160	; 0xa0
1a0046f8:	4631      	mov	r1, r6
1a0046fa:	4620      	mov	r0, r4
1a0046fc:	f004 fdf0 	bl	1a0092e0 <__ssprint_r>
1a004700:	2800      	cmp	r0, #0
1a004702:	f47f abac 	bne.w	1a003e5e <_svfprintf_r+0x1be>
1a004706:	3d10      	subs	r5, #16
1a004708:	2d10      	cmp	r5, #16
1a00470a:	e9dd 2029 	ldrd	r2, r0, [sp, #164]	; 0xa4
1a00470e:	a92b      	add	r1, sp, #172	; 0xac
1a004710:	dce9      	bgt.n	1a0046e6 <_svfprintf_r+0xa46>
1a004712:	463b      	mov	r3, r7
1a004714:	9f0a      	ldr	r7, [sp, #40]	; 0x28
1a004716:	464e      	mov	r6, r9
1a004718:	4604      	mov	r4, r0
1a00471a:	4689      	mov	r9, r1
1a00471c:	3201      	adds	r2, #1
1a00471e:	442c      	add	r4, r5
1a004720:	2a07      	cmp	r2, #7
1a004722:	e9cd 2429 	strd	r2, r4, [sp, #164]	; 0xa4
1a004726:	e9c9 3500 	strd	r3, r5, [r9]
1a00472a:	f300 8197 	bgt.w	1a004a5c <_svfprintf_r+0xdbc>
1a00472e:	f109 0908 	add.w	r9, r9, #8
1a004732:	e58f      	b.n	1a004254 <_svfprintf_r+0x5b4>
1a004734:	9a12      	ldr	r2, [sp, #72]	; 0x48
1a004736:	9b29      	ldr	r3, [sp, #164]	; 0xa4
1a004738:	2a01      	cmp	r2, #1
1a00473a:	f104 0401 	add.w	r4, r4, #1
1a00473e:	f103 0501 	add.w	r5, r3, #1
1a004742:	f109 0708 	add.w	r7, r9, #8
1a004746:	f340 8148 	ble.w	1a0049da <_svfprintf_r+0xd3a>
1a00474a:	2301      	movs	r3, #1
1a00474c:	2d07      	cmp	r5, #7
1a00474e:	f8c9 6000 	str.w	r6, [r9]
1a004752:	e9cd 5429 	strd	r5, r4, [sp, #164]	; 0xa4
1a004756:	f8c9 3004 	str.w	r3, [r9, #4]
1a00475a:	f300 8198 	bgt.w	1a004a8e <_svfprintf_r+0xdee>
1a00475e:	9b13      	ldr	r3, [sp, #76]	; 0x4c
1a004760:	9a15      	ldr	r2, [sp, #84]	; 0x54
1a004762:	1c69      	adds	r1, r5, #1
1a004764:	441c      	add	r4, r3
1a004766:	2907      	cmp	r1, #7
1a004768:	910b      	str	r1, [sp, #44]	; 0x2c
1a00476a:	e9cd 1429 	strd	r1, r4, [sp, #164]	; 0xa4
1a00476e:	e9c7 2300 	strd	r2, r3, [r7]
1a004772:	f300 8198 	bgt.w	1a004aa6 <_svfprintf_r+0xe06>
1a004776:	3708      	adds	r7, #8
1a004778:	9a0b      	ldr	r2, [sp, #44]	; 0x2c
1a00477a:	9d12      	ldr	r5, [sp, #72]	; 0x48
1a00477c:	f102 0a01 	add.w	sl, r2, #1
1a004780:	2300      	movs	r3, #0
1a004782:	2200      	movs	r2, #0
1a004784:	e9dd 0110 	ldrd	r0, r1, [sp, #64]	; 0x40
1a004788:	f8cd a028 	str.w	sl, [sp, #40]	; 0x28
1a00478c:	f107 0908 	add.w	r9, r7, #8
1a004790:	f105 38ff 	add.w	r8, r5, #4294967295
1a004794:	f7fe f850 	bl	1a002838 <__aeabi_dcmpeq>
1a004798:	2800      	cmp	r0, #0
1a00479a:	f040 8131 	bne.w	1a004a00 <_svfprintf_r+0xd60>
1a00479e:	9b0a      	ldr	r3, [sp, #40]	; 0x28
1a0047a0:	f8c7 8004 	str.w	r8, [r7, #4]
1a0047a4:	3601      	adds	r6, #1
1a0047a6:	4444      	add	r4, r8
1a0047a8:	2b07      	cmp	r3, #7
1a0047aa:	603e      	str	r6, [r7, #0]
1a0047ac:	942a      	str	r4, [sp, #168]	; 0xa8
1a0047ae:	9329      	str	r3, [sp, #164]	; 0xa4
1a0047b0:	f300 8367 	bgt.w	1a004e82 <_svfprintf_r+0x11e2>
1a0047b4:	9a0b      	ldr	r2, [sp, #44]	; 0x2c
1a0047b6:	f107 0310 	add.w	r3, r7, #16
1a0047ba:	3202      	adds	r2, #2
1a0047bc:	464f      	mov	r7, r9
1a0047be:	920a      	str	r2, [sp, #40]	; 0x28
1a0047c0:	4699      	mov	r9, r3
1a0047c2:	9a16      	ldr	r2, [sp, #88]	; 0x58
1a0047c4:	607a      	str	r2, [r7, #4]
1a0047c6:	4414      	add	r4, r2
1a0047c8:	9a0a      	ldr	r2, [sp, #40]	; 0x28
1a0047ca:	942a      	str	r4, [sp, #168]	; 0xa8
1a0047cc:	ab24      	add	r3, sp, #144	; 0x90
1a0047ce:	2a07      	cmp	r2, #7
1a0047d0:	9229      	str	r2, [sp, #164]	; 0xa4
1a0047d2:	603b      	str	r3, [r7, #0]
1a0047d4:	f77f ad50 	ble.w	1a004278 <_svfprintf_r+0x5d8>
1a0047d8:	aa28      	add	r2, sp, #160	; 0xa0
1a0047da:	e9dd 0106 	ldrd	r0, r1, [sp, #24]
1a0047de:	f004 fd7f 	bl	1a0092e0 <__ssprint_r>
1a0047e2:	2800      	cmp	r0, #0
1a0047e4:	f47f ab3b 	bne.w	1a003e5e <_svfprintf_r+0x1be>
1a0047e8:	9c2a      	ldr	r4, [sp, #168]	; 0xa8
1a0047ea:	f10d 09ac 	add.w	r9, sp, #172	; 0xac
1a0047ee:	e543      	b.n	1a004278 <_svfprintf_r+0x5d8>
1a0047f0:	aa28      	add	r2, sp, #160	; 0xa0
1a0047f2:	e9dd 0106 	ldrd	r0, r1, [sp, #24]
1a0047f6:	f004 fd73 	bl	1a0092e0 <__ssprint_r>
1a0047fa:	2800      	cmp	r0, #0
1a0047fc:	f47f ab2f 	bne.w	1a003e5e <_svfprintf_r+0x1be>
1a004800:	9c2a      	ldr	r4, [sp, #168]	; 0xa8
1a004802:	f10d 09ac 	add.w	r9, sp, #172	; 0xac
1a004806:	e50c      	b.n	1a004222 <_svfprintf_r+0x582>
1a004808:	aa28      	add	r2, sp, #160	; 0xa0
1a00480a:	e9dd 0106 	ldrd	r0, r1, [sp, #24]
1a00480e:	f004 fd67 	bl	1a0092e0 <__ssprint_r>
1a004812:	2800      	cmp	r0, #0
1a004814:	f47f ab23 	bne.w	1a003e5e <_svfprintf_r+0x1be>
1a004818:	9c2a      	ldr	r4, [sp, #168]	; 0xa8
1a00481a:	f10d 09ac 	add.w	r9, sp, #172	; 0xac
1a00481e:	e510      	b.n	1a004242 <_svfprintf_r+0x5a2>
1a004820:	2d10      	cmp	r5, #16
1a004822:	9b29      	ldr	r3, [sp, #164]	; 0xa4
1a004824:	dd20      	ble.n	1a004868 <_svfprintf_r+0xbc8>
1a004826:	2610      	movs	r6, #16
1a004828:	e9dd 7806 	ldrd	r7, r8, [sp, #24]
1a00482c:	e004      	b.n	1a004838 <_svfprintf_r+0xb98>
1a00482e:	3d10      	subs	r5, #16
1a004830:	2d10      	cmp	r5, #16
1a004832:	f109 0908 	add.w	r9, r9, #8
1a004836:	dd17      	ble.n	1a004868 <_svfprintf_r+0xbc8>
1a004838:	3301      	adds	r3, #1
1a00483a:	4a24      	ldr	r2, [pc, #144]	; (1a0048cc <_svfprintf_r+0xc2c>)
1a00483c:	3410      	adds	r4, #16
1a00483e:	2b07      	cmp	r3, #7
1a004840:	e9cd 3429 	strd	r3, r4, [sp, #164]	; 0xa4
1a004844:	e9c9 2600 	strd	r2, r6, [r9]
1a004848:	ddf1      	ble.n	1a00482e <_svfprintf_r+0xb8e>
1a00484a:	aa28      	add	r2, sp, #160	; 0xa0
1a00484c:	4641      	mov	r1, r8
1a00484e:	4638      	mov	r0, r7
1a004850:	f004 fd46 	bl	1a0092e0 <__ssprint_r>
1a004854:	2800      	cmp	r0, #0
1a004856:	f47f ab02 	bne.w	1a003e5e <_svfprintf_r+0x1be>
1a00485a:	3d10      	subs	r5, #16
1a00485c:	2d10      	cmp	r5, #16
1a00485e:	e9dd 3429 	ldrd	r3, r4, [sp, #164]	; 0xa4
1a004862:	f10d 09ac 	add.w	r9, sp, #172	; 0xac
1a004866:	dce7      	bgt.n	1a004838 <_svfprintf_r+0xb98>
1a004868:	3301      	adds	r3, #1
1a00486a:	4a18      	ldr	r2, [pc, #96]	; (1a0048cc <_svfprintf_r+0xc2c>)
1a00486c:	442c      	add	r4, r5
1a00486e:	2b07      	cmp	r3, #7
1a004870:	e9cd 3429 	strd	r3, r4, [sp, #164]	; 0xa4
1a004874:	e9c9 2500 	strd	r2, r5, [r9]
1a004878:	f77f ad07 	ble.w	1a00428a <_svfprintf_r+0x5ea>
1a00487c:	aa28      	add	r2, sp, #160	; 0xa0
1a00487e:	e9dd 0106 	ldrd	r0, r1, [sp, #24]
1a004882:	f004 fd2d 	bl	1a0092e0 <__ssprint_r>
1a004886:	2800      	cmp	r0, #0
1a004888:	f47f aae9 	bne.w	1a003e5e <_svfprintf_r+0x1be>
1a00488c:	9c2a      	ldr	r4, [sp, #168]	; 0xa8
1a00488e:	e4fc      	b.n	1a00428a <_svfprintf_r+0x5ea>
1a004890:	2b01      	cmp	r3, #1
1a004892:	f000 8467 	beq.w	1a005164 <_svfprintf_r+0x14c4>
1a004896:	2b02      	cmp	r3, #2
1a004898:	9f02      	ldr	r7, [sp, #8]
1a00489a:	f47f adfe 	bne.w	1a00449a <_svfprintf_r+0x7fa>
1a00489e:	9814      	ldr	r0, [sp, #80]	; 0x50
1a0048a0:	ae54      	add	r6, sp, #336	; 0x150
1a0048a2:	0923      	lsrs	r3, r4, #4
1a0048a4:	f004 010f 	and.w	r1, r4, #15
1a0048a8:	ea43 7305 	orr.w	r3, r3, r5, lsl #28
1a0048ac:	092a      	lsrs	r2, r5, #4
1a0048ae:	461c      	mov	r4, r3
1a0048b0:	4615      	mov	r5, r2
1a0048b2:	5c43      	ldrb	r3, [r0, r1]
1a0048b4:	f806 3d01 	strb.w	r3, [r6, #-1]!
1a0048b8:	ea54 0305 	orrs.w	r3, r4, r5
1a0048bc:	d1f1      	bne.n	1a0048a2 <_svfprintf_r+0xc02>
1a0048be:	ab54      	add	r3, sp, #336	; 0x150
1a0048c0:	9702      	str	r7, [sp, #8]
1a0048c2:	1b9f      	subs	r7, r3, r6
1a0048c4:	e5d6      	b.n	1a004474 <_svfprintf_r+0x7d4>
1a0048c6:	bf00      	nop
1a0048c8:	1a00a010 	.word	0x1a00a010
1a0048cc:	1a00a000 	.word	0x1a00a000
1a0048d0:	9b22      	ldr	r3, [sp, #136]	; 0x88
1a0048d2:	2b00      	cmp	r3, #0
1a0048d4:	f340 82ff 	ble.w	1a004ed6 <_svfprintf_r+0x1236>
1a0048d8:	9b0e      	ldr	r3, [sp, #56]	; 0x38
1a0048da:	9a12      	ldr	r2, [sp, #72]	; 0x48
1a0048dc:	4293      	cmp	r3, r2
1a0048de:	bfa8      	it	ge
1a0048e0:	4613      	movge	r3, r2
1a0048e2:	2b00      	cmp	r3, #0
1a0048e4:	461d      	mov	r5, r3
1a0048e6:	dd0d      	ble.n	1a004904 <_svfprintf_r+0xc64>
1a0048e8:	9b29      	ldr	r3, [sp, #164]	; 0xa4
1a0048ea:	f8c9 6000 	str.w	r6, [r9]
1a0048ee:	3301      	adds	r3, #1
1a0048f0:	442c      	add	r4, r5
1a0048f2:	2b07      	cmp	r3, #7
1a0048f4:	942a      	str	r4, [sp, #168]	; 0xa8
1a0048f6:	f8c9 5004 	str.w	r5, [r9, #4]
1a0048fa:	9329      	str	r3, [sp, #164]	; 0xa4
1a0048fc:	f300 8480 	bgt.w	1a005200 <_svfprintf_r+0x1560>
1a004900:	f109 0908 	add.w	r9, r9, #8
1a004904:	9b0e      	ldr	r3, [sp, #56]	; 0x38
1a004906:	2d00      	cmp	r5, #0
1a004908:	bfa8      	it	ge
1a00490a:	1b5b      	subge	r3, r3, r5
1a00490c:	2b00      	cmp	r3, #0
1a00490e:	461d      	mov	r5, r3
1a004910:	f300 8213 	bgt.w	1a004d3a <_svfprintf_r+0x109a>
1a004914:	9b0e      	ldr	r3, [sp, #56]	; 0x38
1a004916:	4433      	add	r3, r6
1a004918:	469a      	mov	sl, r3
1a00491a:	9b02      	ldr	r3, [sp, #8]
1a00491c:	055f      	lsls	r7, r3, #21
1a00491e:	f100 8233 	bmi.w	1a004d88 <_svfprintf_r+0x10e8>
1a004922:	9b22      	ldr	r3, [sp, #136]	; 0x88
1a004924:	9a12      	ldr	r2, [sp, #72]	; 0x48
1a004926:	4293      	cmp	r3, r2
1a004928:	db03      	blt.n	1a004932 <_svfprintf_r+0xc92>
1a00492a:	9a02      	ldr	r2, [sp, #8]
1a00492c:	07d5      	lsls	r5, r2, #31
1a00492e:	f140 83de 	bpl.w	1a0050ee <_svfprintf_r+0x144e>
1a004932:	9a29      	ldr	r2, [sp, #164]	; 0xa4
1a004934:	9915      	ldr	r1, [sp, #84]	; 0x54
1a004936:	f8c9 1000 	str.w	r1, [r9]
1a00493a:	9913      	ldr	r1, [sp, #76]	; 0x4c
1a00493c:	f8c9 1004 	str.w	r1, [r9, #4]
1a004940:	3201      	adds	r2, #1
1a004942:	440c      	add	r4, r1
1a004944:	2a07      	cmp	r2, #7
1a004946:	942a      	str	r4, [sp, #168]	; 0xa8
1a004948:	9229      	str	r2, [sp, #164]	; 0xa4
1a00494a:	f300 847c 	bgt.w	1a005246 <_svfprintf_r+0x15a6>
1a00494e:	f109 0908 	add.w	r9, r9, #8
1a004952:	9a12      	ldr	r2, [sp, #72]	; 0x48
1a004954:	18b5      	adds	r5, r6, r2
1a004956:	eba5 050a 	sub.w	r5, r5, sl
1a00495a:	1ad3      	subs	r3, r2, r3
1a00495c:	429d      	cmp	r5, r3
1a00495e:	bfa8      	it	ge
1a004960:	461d      	movge	r5, r3
1a004962:	2d00      	cmp	r5, #0
1a004964:	dd0d      	ble.n	1a004982 <_svfprintf_r+0xce2>
1a004966:	9a29      	ldr	r2, [sp, #164]	; 0xa4
1a004968:	f8c9 a000 	str.w	sl, [r9]
1a00496c:	3201      	adds	r2, #1
1a00496e:	442c      	add	r4, r5
1a004970:	2a07      	cmp	r2, #7
1a004972:	942a      	str	r4, [sp, #168]	; 0xa8
1a004974:	f8c9 5004 	str.w	r5, [r9, #4]
1a004978:	9229      	str	r2, [sp, #164]	; 0xa4
1a00497a:	f300 8579 	bgt.w	1a005470 <_svfprintf_r+0x17d0>
1a00497e:	f109 0908 	add.w	r9, r9, #8
1a004982:	2d00      	cmp	r5, #0
1a004984:	bfac      	ite	ge
1a004986:	1b5d      	subge	r5, r3, r5
1a004988:	461d      	movlt	r5, r3
1a00498a:	2d00      	cmp	r5, #0
1a00498c:	f77f ac74 	ble.w	1a004278 <_svfprintf_r+0x5d8>
1a004990:	2d10      	cmp	r5, #16
1a004992:	9a29      	ldr	r2, [sp, #164]	; 0xa4
1a004994:	4bc2      	ldr	r3, [pc, #776]	; (1a004ca0 <_svfprintf_r+0x1000>)
1a004996:	f340 82df 	ble.w	1a004f58 <_svfprintf_r+0x12b8>
1a00499a:	2610      	movs	r6, #16
1a00499c:	e9dd 7806 	ldrd	r7, r8, [sp, #24]
1a0049a0:	469a      	mov	sl, r3
1a0049a2:	e005      	b.n	1a0049b0 <_svfprintf_r+0xd10>
1a0049a4:	f109 0908 	add.w	r9, r9, #8
1a0049a8:	3d10      	subs	r5, #16
1a0049aa:	2d10      	cmp	r5, #16
1a0049ac:	f340 82d3 	ble.w	1a004f56 <_svfprintf_r+0x12b6>
1a0049b0:	3201      	adds	r2, #1
1a0049b2:	3410      	adds	r4, #16
1a0049b4:	2a07      	cmp	r2, #7
1a0049b6:	e9cd 2429 	strd	r2, r4, [sp, #164]	; 0xa4
1a0049ba:	e9c9 a600 	strd	sl, r6, [r9]
1a0049be:	ddf1      	ble.n	1a0049a4 <_svfprintf_r+0xd04>
1a0049c0:	aa28      	add	r2, sp, #160	; 0xa0
1a0049c2:	4641      	mov	r1, r8
1a0049c4:	4638      	mov	r0, r7
1a0049c6:	f004 fc8b 	bl	1a0092e0 <__ssprint_r>
1a0049ca:	2800      	cmp	r0, #0
1a0049cc:	f47f aa47 	bne.w	1a003e5e <_svfprintf_r+0x1be>
1a0049d0:	e9dd 2429 	ldrd	r2, r4, [sp, #164]	; 0xa4
1a0049d4:	f10d 09ac 	add.w	r9, sp, #172	; 0xac
1a0049d8:	e7e6      	b.n	1a0049a8 <_svfprintf_r+0xd08>
1a0049da:	9a02      	ldr	r2, [sp, #8]
1a0049dc:	07d0      	lsls	r0, r2, #31
1a0049de:	f53f aeb4 	bmi.w	1a00474a <_svfprintf_r+0xaaa>
1a0049e2:	2201      	movs	r2, #1
1a0049e4:	2d07      	cmp	r5, #7
1a0049e6:	f8c9 6000 	str.w	r6, [r9]
1a0049ea:	e9cd 5429 	strd	r5, r4, [sp, #164]	; 0xa4
1a0049ee:	f8c9 2004 	str.w	r2, [r9, #4]
1a0049f2:	f300 8246 	bgt.w	1a004e82 <_svfprintf_r+0x11e2>
1a0049f6:	3302      	adds	r3, #2
1a0049f8:	930a      	str	r3, [sp, #40]	; 0x28
1a0049fa:	f109 0910 	add.w	r9, r9, #16
1a0049fe:	e6e0      	b.n	1a0047c2 <_svfprintf_r+0xb22>
1a004a00:	f1b8 0f00 	cmp.w	r8, #0
1a004a04:	f77f aedd 	ble.w	1a0047c2 <_svfprintf_r+0xb22>
1a004a08:	f1b8 0f10 	cmp.w	r8, #16
1a004a0c:	4ba4      	ldr	r3, [pc, #656]	; (1a004ca0 <_svfprintf_r+0x1000>)
1a004a0e:	f340 8639 	ble.w	1a005684 <_svfprintf_r+0x19e4>
1a004a12:	461a      	mov	r2, r3
1a004a14:	4655      	mov	r5, sl
1a004a16:	4623      	mov	r3, r4
1a004a18:	2610      	movs	r6, #16
1a004a1a:	f8dd 9018 	ldr.w	r9, [sp, #24]
1a004a1e:	f8dd a01c 	ldr.w	sl, [sp, #28]
1a004a22:	4614      	mov	r4, r2
1a004a24:	e007      	b.n	1a004a36 <_svfprintf_r+0xd96>
1a004a26:	3708      	adds	r7, #8
1a004a28:	f1a8 0810 	sub.w	r8, r8, #16
1a004a2c:	f1b8 0f10 	cmp.w	r8, #16
1a004a30:	f340 8304 	ble.w	1a00503c <_svfprintf_r+0x139c>
1a004a34:	3501      	adds	r5, #1
1a004a36:	3310      	adds	r3, #16
1a004a38:	2d07      	cmp	r5, #7
1a004a3a:	e9cd 5329 	strd	r5, r3, [sp, #164]	; 0xa4
1a004a3e:	e9c7 4600 	strd	r4, r6, [r7]
1a004a42:	ddf0      	ble.n	1a004a26 <_svfprintf_r+0xd86>
1a004a44:	aa28      	add	r2, sp, #160	; 0xa0
1a004a46:	4651      	mov	r1, sl
1a004a48:	4648      	mov	r0, r9
1a004a4a:	f004 fc49 	bl	1a0092e0 <__ssprint_r>
1a004a4e:	2800      	cmp	r0, #0
1a004a50:	f47f aa05 	bne.w	1a003e5e <_svfprintf_r+0x1be>
1a004a54:	e9dd 5329 	ldrd	r5, r3, [sp, #164]	; 0xa4
1a004a58:	af2b      	add	r7, sp, #172	; 0xac
1a004a5a:	e7e5      	b.n	1a004a28 <_svfprintf_r+0xd88>
1a004a5c:	aa28      	add	r2, sp, #160	; 0xa0
1a004a5e:	e9dd 0106 	ldrd	r0, r1, [sp, #24]
1a004a62:	f004 fc3d 	bl	1a0092e0 <__ssprint_r>
1a004a66:	2800      	cmp	r0, #0
1a004a68:	f47f a9f9 	bne.w	1a003e5e <_svfprintf_r+0x1be>
1a004a6c:	9c2a      	ldr	r4, [sp, #168]	; 0xa8
1a004a6e:	f10d 09ac 	add.w	r9, sp, #172	; 0xac
1a004a72:	f7ff bbef 	b.w	1a004254 <_svfprintf_r+0x5b4>
1a004a76:	232d      	movs	r3, #45	; 0x2d
1a004a78:	4264      	negs	r4, r4
1a004a7a:	f88d 3083 	strb.w	r3, [sp, #131]	; 0x83
1a004a7e:	eb65 0545 	sbc.w	r5, r5, r5, lsl #1
1a004a82:	2301      	movs	r3, #1
1a004a84:	f7ff ba65 	b.w	1a003f52 <_svfprintf_r+0x2b2>
1a004a88:	4634      	mov	r4, r6
1a004a8a:	f7ff b95c 	b.w	1a003d46 <_svfprintf_r+0xa6>
1a004a8e:	aa28      	add	r2, sp, #160	; 0xa0
1a004a90:	e9dd 0106 	ldrd	r0, r1, [sp, #24]
1a004a94:	f004 fc24 	bl	1a0092e0 <__ssprint_r>
1a004a98:	2800      	cmp	r0, #0
1a004a9a:	f47f a9e0 	bne.w	1a003e5e <_svfprintf_r+0x1be>
1a004a9e:	e9dd 5429 	ldrd	r5, r4, [sp, #164]	; 0xa4
1a004aa2:	af2b      	add	r7, sp, #172	; 0xac
1a004aa4:	e65b      	b.n	1a00475e <_svfprintf_r+0xabe>
1a004aa6:	aa28      	add	r2, sp, #160	; 0xa0
1a004aa8:	e9dd 0106 	ldrd	r0, r1, [sp, #24]
1a004aac:	f004 fc18 	bl	1a0092e0 <__ssprint_r>
1a004ab0:	2800      	cmp	r0, #0
1a004ab2:	f47f a9d4 	bne.w	1a003e5e <_svfprintf_r+0x1be>
1a004ab6:	e9dd 3429 	ldrd	r3, r4, [sp, #164]	; 0xa4
1a004aba:	af2b      	add	r7, sp, #172	; 0xac
1a004abc:	930b      	str	r3, [sp, #44]	; 0x2c
1a004abe:	e65b      	b.n	1a004778 <_svfprintf_r+0xad8>
1a004ac0:	9b02      	ldr	r3, [sp, #8]
1a004ac2:	07db      	lsls	r3, r3, #31
1a004ac4:	f53f ad72 	bmi.w	1a0045ac <_svfprintf_r+0x90c>
1a004ac8:	f7ff bbd6 	b.w	1a004278 <_svfprintf_r+0x5d8>
1a004acc:	ae54      	add	r6, sp, #336	; 0x150
1a004ace:	e4d1      	b.n	1a004474 <_svfprintf_r+0x7d4>
1a004ad0:	9b02      	ldr	r3, [sp, #8]
1a004ad2:	059f      	lsls	r7, r3, #22
1a004ad4:	f100 831c 	bmi.w	1a005110 <_svfprintf_r+0x1470>
1a004ad8:	2500      	movs	r5, #0
1a004ada:	f7ff b9df 	b.w	1a003e9c <_svfprintf_r+0x1fc>
1a004ade:	9904      	ldr	r1, [sp, #16]
1a004ae0:	6812      	ldr	r2, [r2, #0]
1a004ae2:	9309      	str	r3, [sp, #36]	; 0x24
1a004ae4:	17cd      	asrs	r5, r1, #31
1a004ae6:	4608      	mov	r0, r1
1a004ae8:	4629      	mov	r1, r5
1a004aea:	e9c2 0100 	strd	r0, r1, [r2]
1a004aee:	465e      	mov	r6, fp
1a004af0:	f7ff ba76 	b.w	1a003fe0 <_svfprintf_r+0x340>
1a004af4:	9b09      	ldr	r3, [sp, #36]	; 0x24
1a004af6:	1d1a      	adds	r2, r3, #4
1a004af8:	9b09      	ldr	r3, [sp, #36]	; 0x24
1a004afa:	9209      	str	r2, [sp, #36]	; 0x24
1a004afc:	681c      	ldr	r4, [r3, #0]
1a004afe:	2500      	movs	r5, #0
1a004b00:	2301      	movs	r3, #1
1a004b02:	f7ff ba23 	b.w	1a003f4c <_svfprintf_r+0x2ac>
1a004b06:	e9dd 0110 	ldrd	r0, r1, [sp, #64]	; 0x40
1a004b0a:	4602      	mov	r2, r0
1a004b0c:	460b      	mov	r3, r1
1a004b0e:	f7fd fec5 	bl	1a00289c <__aeabi_dcmpun>
1a004b12:	2800      	cmp	r0, #0
1a004b14:	f040 8528 	bne.w	1a005568 <_svfprintf_r+0x18c8>
1a004b18:	f1b8 0f61 	cmp.w	r8, #97	; 0x61
1a004b1c:	f000 850d 	beq.w	1a00553a <_svfprintf_r+0x189a>
1a004b20:	f1b8 0f41 	cmp.w	r8, #65	; 0x41
1a004b24:	f000 83e9 	beq.w	1a0052fa <_svfprintf_r+0x165a>
1a004b28:	f028 0320 	bic.w	r3, r8, #32
1a004b2c:	f1ba 3fff 	cmp.w	sl, #4294967295
1a004b30:	9303      	str	r3, [sp, #12]
1a004b32:	f000 8307 	beq.w	1a005144 <_svfprintf_r+0x14a4>
1a004b36:	2b47      	cmp	r3, #71	; 0x47
1a004b38:	d104      	bne.n	1a004b44 <_svfprintf_r+0xea4>
1a004b3a:	f1ba 0f00 	cmp.w	sl, #0
1a004b3e:	bf08      	it	eq
1a004b40:	f04f 0a01 	moveq.w	sl, #1
1a004b44:	e9dd 4510 	ldrd	r4, r5, [sp, #64]	; 0x40
1a004b48:	9902      	ldr	r1, [sp, #8]
1a004b4a:	2d00      	cmp	r5, #0
1a004b4c:	f441 7280 	orr.w	r2, r1, #256	; 0x100
1a004b50:	f2c0 8476 	blt.w	1a005440 <_svfprintf_r+0x17a0>
1a004b54:	e9cd 451c 	strd	r4, r5, [sp, #112]	; 0x70
1a004b58:	2300      	movs	r3, #0
1a004b5a:	931e      	str	r3, [sp, #120]	; 0x78
1a004b5c:	910a      	str	r1, [sp, #40]	; 0x28
1a004b5e:	9308      	str	r3, [sp, #32]
1a004b60:	9202      	str	r2, [sp, #8]
1a004b62:	9b03      	ldr	r3, [sp, #12]
1a004b64:	2b46      	cmp	r3, #70	; 0x46
1a004b66:	f000 837c 	beq.w	1a005262 <_svfprintf_r+0x15c2>
1a004b6a:	2b45      	cmp	r3, #69	; 0x45
1a004b6c:	f000 84d4 	beq.w	1a005518 <_svfprintf_r+0x1878>
1a004b70:	aa26      	add	r2, sp, #152	; 0x98
1a004b72:	ab23      	add	r3, sp, #140	; 0x8c
1a004b74:	e9cd 3200 	strd	r3, r2, [sp]
1a004b78:	2102      	movs	r1, #2
1a004b7a:	ab22      	add	r3, sp, #136	; 0x88
1a004b7c:	4652      	mov	r2, sl
1a004b7e:	ed9d 0b1c 	vldr	d0, [sp, #112]	; 0x70
1a004b82:	9806      	ldr	r0, [sp, #24]
1a004b84:	f002 fc94 	bl	1a0074b0 <_dtoa_r>
1a004b88:	9b03      	ldr	r3, [sp, #12]
1a004b8a:	2b47      	cmp	r3, #71	; 0x47
1a004b8c:	4606      	mov	r6, r0
1a004b8e:	f040 858e 	bne.w	1a0056ae <_svfprintf_r+0x1a0e>
1a004b92:	9b0a      	ldr	r3, [sp, #40]	; 0x28
1a004b94:	07db      	lsls	r3, r3, #31
1a004b96:	f100 847b 	bmi.w	1a005490 <_svfprintf_r+0x17f0>
1a004b9a:	9f26      	ldr	r7, [sp, #152]	; 0x98
1a004b9c:	1bbb      	subs	r3, r7, r6
1a004b9e:	9312      	str	r3, [sp, #72]	; 0x48
1a004ba0:	9b22      	ldr	r3, [sp, #136]	; 0x88
1a004ba2:	930e      	str	r3, [sp, #56]	; 0x38
1a004ba4:	9b03      	ldr	r3, [sp, #12]
1a004ba6:	2b47      	cmp	r3, #71	; 0x47
1a004ba8:	f000 82ee 	beq.w	1a005188 <_svfprintf_r+0x14e8>
1a004bac:	9b03      	ldr	r3, [sp, #12]
1a004bae:	2b46      	cmp	r3, #70	; 0x46
1a004bb0:	f000 8380 	beq.w	1a0052b4 <_svfprintf_r+0x1614>
1a004bb4:	9903      	ldr	r1, [sp, #12]
1a004bb6:	9b0e      	ldr	r3, [sp, #56]	; 0x38
1a004bb8:	2941      	cmp	r1, #65	; 0x41
1a004bba:	f103 32ff 	add.w	r2, r3, #4294967295
1a004bbe:	fa5f f388 	uxtb.w	r3, r8
1a004bc2:	bf03      	ittte	eq
1a004bc4:	330f      	addeq	r3, #15
1a004bc6:	b2db      	uxtbeq	r3, r3
1a004bc8:	2101      	moveq	r1, #1
1a004bca:	2100      	movne	r1, #0
1a004bcc:	2a00      	cmp	r2, #0
1a004bce:	f88d 3090 	strb.w	r3, [sp, #144]	; 0x90
1a004bd2:	bfb8      	it	lt
1a004bd4:	9b0e      	ldrlt	r3, [sp, #56]	; 0x38
1a004bd6:	9222      	str	r2, [sp, #136]	; 0x88
1a004bd8:	bfb6      	itet	lt
1a004bda:	f1c3 0201 	rsblt	r2, r3, #1
1a004bde:	232b      	movge	r3, #43	; 0x2b
1a004be0:	232d      	movlt	r3, #45	; 0x2d
1a004be2:	2a09      	cmp	r2, #9
1a004be4:	f88d 3091 	strb.w	r3, [sp, #145]	; 0x91
1a004be8:	f340 84ae 	ble.w	1a005548 <_svfprintf_r+0x18a8>
1a004bec:	f10d 049f 	add.w	r4, sp, #159	; 0x9f
1a004bf0:	4620      	mov	r0, r4
1a004bf2:	4d2c      	ldr	r5, [pc, #176]	; (1a004ca4 <_svfprintf_r+0x1004>)
1a004bf4:	e001      	b.n	1a004bfa <_svfprintf_r+0xf5a>
1a004bf6:	4608      	mov	r0, r1
1a004bf8:	461a      	mov	r2, r3
1a004bfa:	fb85 3102 	smull	r3, r1, r5, r2
1a004bfe:	17d3      	asrs	r3, r2, #31
1a004c00:	ebc3 03a1 	rsb	r3, r3, r1, asr #2
1a004c04:	eb03 0183 	add.w	r1, r3, r3, lsl #2
1a004c08:	eba2 0141 	sub.w	r1, r2, r1, lsl #1
1a004c0c:	3130      	adds	r1, #48	; 0x30
1a004c0e:	2a63      	cmp	r2, #99	; 0x63
1a004c10:	f800 1c01 	strb.w	r1, [r0, #-1]
1a004c14:	f100 31ff 	add.w	r1, r0, #4294967295
1a004c18:	dced      	bgt.n	1a004bf6 <_svfprintf_r+0xf56>
1a004c1a:	3330      	adds	r3, #48	; 0x30
1a004c1c:	1e82      	subs	r2, r0, #2
1a004c1e:	b2db      	uxtb	r3, r3
1a004c20:	4294      	cmp	r4, r2
1a004c22:	f801 3c01 	strb.w	r3, [r1, #-1]
1a004c26:	f240 8545 	bls.w	1a0056b4 <_svfprintf_r+0x1a14>
1a004c2a:	f10d 0292 	add.w	r2, sp, #146	; 0x92
1a004c2e:	e001      	b.n	1a004c34 <_svfprintf_r+0xf94>
1a004c30:	f811 3b01 	ldrb.w	r3, [r1], #1
1a004c34:	f802 3b01 	strb.w	r3, [r2], #1
1a004c38:	428c      	cmp	r4, r1
1a004c3a:	d1f9      	bne.n	1a004c30 <_svfprintf_r+0xf90>
1a004c3c:	f10d 03a1 	add.w	r3, sp, #161	; 0xa1
1a004c40:	f10d 0292 	add.w	r2, sp, #146	; 0x92
1a004c44:	1a1b      	subs	r3, r3, r0
1a004c46:	4413      	add	r3, r2
1a004c48:	aa24      	add	r2, sp, #144	; 0x90
1a004c4a:	1a9b      	subs	r3, r3, r2
1a004c4c:	9316      	str	r3, [sp, #88]	; 0x58
1a004c4e:	9b12      	ldr	r3, [sp, #72]	; 0x48
1a004c50:	9a16      	ldr	r2, [sp, #88]	; 0x58
1a004c52:	2b01      	cmp	r3, #1
1a004c54:	eb03 0702 	add.w	r7, r3, r2
1a004c58:	f340 84ee 	ble.w	1a005638 <_svfprintf_r+0x1998>
1a004c5c:	9b13      	ldr	r3, [sp, #76]	; 0x4c
1a004c5e:	441f      	add	r7, r3
1a004c60:	9b0a      	ldr	r3, [sp, #40]	; 0x28
1a004c62:	2200      	movs	r2, #0
1a004c64:	f423 6380 	bic.w	r3, r3, #1024	; 0x400
1a004c68:	f443 7380 	orr.w	r3, r3, #256	; 0x100
1a004c6c:	e9cd 220e 	strd	r2, r2, [sp, #56]	; 0x38
1a004c70:	9302      	str	r3, [sp, #8]
1a004c72:	ea27 73e7 	bic.w	r3, r7, r7, asr #31
1a004c76:	920c      	str	r2, [sp, #48]	; 0x30
1a004c78:	9303      	str	r3, [sp, #12]
1a004c7a:	9b1e      	ldr	r3, [sp, #120]	; 0x78
1a004c7c:	2b00      	cmp	r3, #0
1a004c7e:	f040 82aa 	bne.w	1a0051d6 <_svfprintf_r+0x1536>
1a004c82:	469a      	mov	sl, r3
1a004c84:	f89d 2083 	ldrb.w	r2, [sp, #131]	; 0x83
1a004c88:	f7ff b9ea 	b.w	1a004060 <_svfprintf_r+0x3c0>
1a004c8c:	9b09      	ldr	r3, [sp, #36]	; 0x24
1a004c8e:	1d1a      	adds	r2, r3, #4
1a004c90:	9b09      	ldr	r3, [sp, #36]	; 0x24
1a004c92:	9209      	str	r2, [sp, #36]	; 0x24
1a004c94:	681c      	ldr	r4, [r3, #0]
1a004c96:	17e5      	asrs	r5, r4, #31
1a004c98:	4622      	mov	r2, r4
1a004c9a:	462b      	mov	r3, r5
1a004c9c:	f7ff ba0f 	b.w	1a0040be <_svfprintf_r+0x41e>
1a004ca0:	1a00a010 	.word	0x1a00a010
1a004ca4:	66666667 	.word	0x66666667
1a004ca8:	9b09      	ldr	r3, [sp, #36]	; 0x24
1a004caa:	1d1a      	adds	r2, r3, #4
1a004cac:	9b09      	ldr	r3, [sp, #36]	; 0x24
1a004cae:	9209      	str	r2, [sp, #36]	; 0x24
1a004cb0:	681c      	ldr	r4, [r3, #0]
1a004cb2:	2500      	movs	r5, #0
1a004cb4:	f7ff b9e8 	b.w	1a004088 <_svfprintf_r+0x3e8>
1a004cb8:	4252      	negs	r2, r2
1a004cba:	9205      	str	r2, [sp, #20]
1a004cbc:	9309      	str	r3, [sp, #36]	; 0x24
1a004cbe:	f7ff b925 	b.w	1a003f0c <_svfprintf_r+0x26c>
1a004cc2:	f443 7300 	orr.w	r3, r3, #512	; 0x200
1a004cc6:	f89b 8001 	ldrb.w	r8, [fp, #1]
1a004cca:	9302      	str	r3, [sp, #8]
1a004ccc:	f10b 0b01 	add.w	fp, fp, #1
1a004cd0:	f7ff b846 	b.w	1a003d60 <_svfprintf_r+0xc0>
1a004cd4:	f043 0320 	orr.w	r3, r3, #32
1a004cd8:	f89b 8001 	ldrb.w	r8, [fp, #1]
1a004cdc:	9302      	str	r3, [sp, #8]
1a004cde:	f10b 0b01 	add.w	fp, fp, #1
1a004ce2:	f7ff b83d 	b.w	1a003d60 <_svfprintf_r+0xc0>
1a004ce6:	aa28      	add	r2, sp, #160	; 0xa0
1a004ce8:	e9dd 0106 	ldrd	r0, r1, [sp, #24]
1a004cec:	f004 faf8 	bl	1a0092e0 <__ssprint_r>
1a004cf0:	2800      	cmp	r0, #0
1a004cf2:	f47f a8b4 	bne.w	1a003e5e <_svfprintf_r+0x1be>
1a004cf6:	9c2a      	ldr	r4, [sp, #168]	; 0xa8
1a004cf8:	f10d 09ac 	add.w	r9, sp, #172	; 0xac
1a004cfc:	e466      	b.n	1a0045cc <_svfprintf_r+0x92c>
1a004cfe:	2140      	movs	r1, #64	; 0x40
1a004d00:	9806      	ldr	r0, [sp, #24]
1a004d02:	f7fe fac7 	bl	1a003294 <_malloc_r>
1a004d06:	9b07      	ldr	r3, [sp, #28]
1a004d08:	6018      	str	r0, [r3, #0]
1a004d0a:	6118      	str	r0, [r3, #16]
1a004d0c:	2800      	cmp	r0, #0
1a004d0e:	f000 84c6 	beq.w	1a00569e <_svfprintf_r+0x19fe>
1a004d12:	9a07      	ldr	r2, [sp, #28]
1a004d14:	2340      	movs	r3, #64	; 0x40
1a004d16:	6153      	str	r3, [r2, #20]
1a004d18:	f7fe bfd9 	b.w	1a003cce <_svfprintf_r+0x2e>
1a004d1c:	4657      	mov	r7, sl
1a004d1e:	2f06      	cmp	r7, #6
1a004d20:	bf28      	it	cs
1a004d22:	2706      	movcs	r7, #6
1a004d24:	46b2      	mov	sl, r6
1a004d26:	960c      	str	r6, [sp, #48]	; 0x30
1a004d28:	e9cd 660e 	strd	r6, r6, [sp, #56]	; 0x38
1a004d2c:	9608      	str	r6, [sp, #32]
1a004d2e:	4632      	mov	r2, r6
1a004d30:	9703      	str	r7, [sp, #12]
1a004d32:	9409      	str	r4, [sp, #36]	; 0x24
1a004d34:	4ebe      	ldr	r6, [pc, #760]	; (1a005030 <_svfprintf_r+0x1390>)
1a004d36:	f7ff b993 	b.w	1a004060 <_svfprintf_r+0x3c0>
1a004d3a:	2d10      	cmp	r5, #16
1a004d3c:	9a29      	ldr	r2, [sp, #164]	; 0xa4
1a004d3e:	4bbd      	ldr	r3, [pc, #756]	; (1a005034 <_svfprintf_r+0x1394>)
1a004d40:	f340 81b8 	ble.w	1a0050b4 <_svfprintf_r+0x1414>
1a004d44:	4619      	mov	r1, r3
1a004d46:	2710      	movs	r7, #16
1a004d48:	4623      	mov	r3, r4
1a004d4a:	e9dd 8a06 	ldrd	r8, sl, [sp, #24]
1a004d4e:	460c      	mov	r4, r1
1a004d50:	e005      	b.n	1a004d5e <_svfprintf_r+0x10be>
1a004d52:	f109 0908 	add.w	r9, r9, #8
1a004d56:	3d10      	subs	r5, #16
1a004d58:	2d10      	cmp	r5, #16
1a004d5a:	f340 81a8 	ble.w	1a0050ae <_svfprintf_r+0x140e>
1a004d5e:	3201      	adds	r2, #1
1a004d60:	3310      	adds	r3, #16
1a004d62:	2a07      	cmp	r2, #7
1a004d64:	e9cd 2329 	strd	r2, r3, [sp, #164]	; 0xa4
1a004d68:	e9c9 4700 	strd	r4, r7, [r9]
1a004d6c:	ddf1      	ble.n	1a004d52 <_svfprintf_r+0x10b2>
1a004d6e:	aa28      	add	r2, sp, #160	; 0xa0
1a004d70:	4651      	mov	r1, sl
1a004d72:	4640      	mov	r0, r8
1a004d74:	f004 fab4 	bl	1a0092e0 <__ssprint_r>
1a004d78:	2800      	cmp	r0, #0
1a004d7a:	f47f a870 	bne.w	1a003e5e <_svfprintf_r+0x1be>
1a004d7e:	e9dd 2329 	ldrd	r2, r3, [sp, #164]	; 0xa4
1a004d82:	f10d 09ac 	add.w	r9, sp, #172	; 0xac
1a004d86:	e7e6      	b.n	1a004d56 <_svfprintf_r+0x10b6>
1a004d88:	9b12      	ldr	r3, [sp, #72]	; 0x48
1a004d8a:	f8cd b02c 	str.w	fp, [sp, #44]	; 0x2c
1a004d8e:	18f3      	adds	r3, r6, r3
1a004d90:	930a      	str	r3, [sp, #40]	; 0x28
1a004d92:	9b0f      	ldr	r3, [sp, #60]	; 0x3c
1a004d94:	960e      	str	r6, [sp, #56]	; 0x38
1a004d96:	464a      	mov	r2, r9
1a004d98:	4656      	mov	r6, sl
1a004d9a:	4fa6      	ldr	r7, [pc, #664]	; (1a005034 <_svfprintf_r+0x1394>)
1a004d9c:	f8dd 8060 	ldr.w	r8, [sp, #96]	; 0x60
1a004da0:	f8dd a064 	ldr.w	sl, [sp, #100]	; 0x64
1a004da4:	4621      	mov	r1, r4
1a004da6:	e9dd b906 	ldrd	fp, r9, [sp, #24]
1a004daa:	2b00      	cmp	r3, #0
1a004dac:	d033      	beq.n	1a004e16 <_svfprintf_r+0x1176>
1a004dae:	9b0c      	ldr	r3, [sp, #48]	; 0x30
1a004db0:	2b00      	cmp	r3, #0
1a004db2:	d134      	bne.n	1a004e1e <_svfprintf_r+0x117e>
1a004db4:	9b0f      	ldr	r3, [sp, #60]	; 0x3c
1a004db6:	3b01      	subs	r3, #1
1a004db8:	f108 38ff 	add.w	r8, r8, #4294967295
1a004dbc:	930f      	str	r3, [sp, #60]	; 0x3c
1a004dbe:	9b29      	ldr	r3, [sp, #164]	; 0xa4
1a004dc0:	9817      	ldr	r0, [sp, #92]	; 0x5c
1a004dc2:	6010      	str	r0, [r2, #0]
1a004dc4:	3301      	adds	r3, #1
1a004dc6:	4451      	add	r1, sl
1a004dc8:	2b07      	cmp	r3, #7
1a004dca:	912a      	str	r1, [sp, #168]	; 0xa8
1a004dcc:	f8c2 a004 	str.w	sl, [r2, #4]
1a004dd0:	9329      	str	r3, [sp, #164]	; 0xa4
1a004dd2:	dc66      	bgt.n	1a004ea2 <_svfprintf_r+0x1202>
1a004dd4:	3208      	adds	r2, #8
1a004dd6:	980a      	ldr	r0, [sp, #40]	; 0x28
1a004dd8:	f898 3000 	ldrb.w	r3, [r8]
1a004ddc:	1b85      	subs	r5, r0, r6
1a004dde:	429d      	cmp	r5, r3
1a004de0:	bfa8      	it	ge
1a004de2:	461d      	movge	r5, r3
1a004de4:	2d00      	cmp	r5, #0
1a004de6:	dd0c      	ble.n	1a004e02 <_svfprintf_r+0x1162>
1a004de8:	9b29      	ldr	r3, [sp, #164]	; 0xa4
1a004dea:	6016      	str	r6, [r2, #0]
1a004dec:	3301      	adds	r3, #1
1a004dee:	4429      	add	r1, r5
1a004df0:	2b07      	cmp	r3, #7
1a004df2:	912a      	str	r1, [sp, #168]	; 0xa8
1a004df4:	6055      	str	r5, [r2, #4]
1a004df6:	9329      	str	r3, [sp, #164]	; 0xa4
1a004df8:	f300 80b8 	bgt.w	1a004f6c <_svfprintf_r+0x12cc>
1a004dfc:	f898 3000 	ldrb.w	r3, [r8]
1a004e00:	3208      	adds	r2, #8
1a004e02:	2d00      	cmp	r5, #0
1a004e04:	bfac      	ite	ge
1a004e06:	1b5d      	subge	r5, r3, r5
1a004e08:	461d      	movlt	r5, r3
1a004e0a:	2d00      	cmp	r5, #0
1a004e0c:	dc0b      	bgt.n	1a004e26 <_svfprintf_r+0x1186>
1a004e0e:	441e      	add	r6, r3
1a004e10:	9b0f      	ldr	r3, [sp, #60]	; 0x3c
1a004e12:	2b00      	cmp	r3, #0
1a004e14:	d1cb      	bne.n	1a004dae <_svfprintf_r+0x110e>
1a004e16:	9b0c      	ldr	r3, [sp, #48]	; 0x30
1a004e18:	2b00      	cmp	r3, #0
1a004e1a:	f000 81a6 	beq.w	1a00516a <_svfprintf_r+0x14ca>
1a004e1e:	9b0c      	ldr	r3, [sp, #48]	; 0x30
1a004e20:	3b01      	subs	r3, #1
1a004e22:	930c      	str	r3, [sp, #48]	; 0x30
1a004e24:	e7cb      	b.n	1a004dbe <_svfprintf_r+0x111e>
1a004e26:	2d10      	cmp	r5, #16
1a004e28:	9829      	ldr	r0, [sp, #164]	; 0xa4
1a004e2a:	dd1c      	ble.n	1a004e66 <_svfprintf_r+0x11c6>
1a004e2c:	2410      	movs	r4, #16
1a004e2e:	e004      	b.n	1a004e3a <_svfprintf_r+0x119a>
1a004e30:	3d10      	subs	r5, #16
1a004e32:	2d10      	cmp	r5, #16
1a004e34:	f102 0208 	add.w	r2, r2, #8
1a004e38:	dd15      	ble.n	1a004e66 <_svfprintf_r+0x11c6>
1a004e3a:	3001      	adds	r0, #1
1a004e3c:	3110      	adds	r1, #16
1a004e3e:	2807      	cmp	r0, #7
1a004e40:	e9cd 0129 	strd	r0, r1, [sp, #164]	; 0xa4
1a004e44:	e9c2 7400 	strd	r7, r4, [r2]
1a004e48:	ddf2      	ble.n	1a004e30 <_svfprintf_r+0x1190>
1a004e4a:	aa28      	add	r2, sp, #160	; 0xa0
1a004e4c:	4649      	mov	r1, r9
1a004e4e:	4658      	mov	r0, fp
1a004e50:	f004 fa46 	bl	1a0092e0 <__ssprint_r>
1a004e54:	2800      	cmp	r0, #0
1a004e56:	f47f a802 	bne.w	1a003e5e <_svfprintf_r+0x1be>
1a004e5a:	3d10      	subs	r5, #16
1a004e5c:	2d10      	cmp	r5, #16
1a004e5e:	e9dd 0129 	ldrd	r0, r1, [sp, #164]	; 0xa4
1a004e62:	aa2b      	add	r2, sp, #172	; 0xac
1a004e64:	dce9      	bgt.n	1a004e3a <_svfprintf_r+0x119a>
1a004e66:	3001      	adds	r0, #1
1a004e68:	4429      	add	r1, r5
1a004e6a:	2807      	cmp	r0, #7
1a004e6c:	e9cd 0129 	strd	r0, r1, [sp, #164]	; 0xa4
1a004e70:	e9c2 7500 	strd	r7, r5, [r2]
1a004e74:	f300 81b6 	bgt.w	1a0051e4 <_svfprintf_r+0x1544>
1a004e78:	f898 3000 	ldrb.w	r3, [r8]
1a004e7c:	3208      	adds	r2, #8
1a004e7e:	441e      	add	r6, r3
1a004e80:	e7c6      	b.n	1a004e10 <_svfprintf_r+0x1170>
1a004e82:	aa28      	add	r2, sp, #160	; 0xa0
1a004e84:	e9dd 0106 	ldrd	r0, r1, [sp, #24]
1a004e88:	f004 fa2a 	bl	1a0092e0 <__ssprint_r>
1a004e8c:	2800      	cmp	r0, #0
1a004e8e:	f47e afe6 	bne.w	1a003e5e <_svfprintf_r+0x1be>
1a004e92:	e9dd 3429 	ldrd	r3, r4, [sp, #164]	; 0xa4
1a004e96:	3301      	adds	r3, #1
1a004e98:	930a      	str	r3, [sp, #40]	; 0x28
1a004e9a:	f10d 09b4 	add.w	r9, sp, #180	; 0xb4
1a004e9e:	af2b      	add	r7, sp, #172	; 0xac
1a004ea0:	e48f      	b.n	1a0047c2 <_svfprintf_r+0xb22>
1a004ea2:	aa28      	add	r2, sp, #160	; 0xa0
1a004ea4:	4649      	mov	r1, r9
1a004ea6:	4658      	mov	r0, fp
1a004ea8:	f004 fa1a 	bl	1a0092e0 <__ssprint_r>
1a004eac:	2800      	cmp	r0, #0
1a004eae:	f47e afd6 	bne.w	1a003e5e <_svfprintf_r+0x1be>
1a004eb2:	992a      	ldr	r1, [sp, #168]	; 0xa8
1a004eb4:	aa2b      	add	r2, sp, #172	; 0xac
1a004eb6:	e78e      	b.n	1a004dd6 <_svfprintf_r+0x1136>
1a004eb8:	aa28      	add	r2, sp, #160	; 0xa0
1a004eba:	e9dd 0106 	ldrd	r0, r1, [sp, #24]
1a004ebe:	f004 fa0f 	bl	1a0092e0 <__ssprint_r>
1a004ec2:	2800      	cmp	r0, #0
1a004ec4:	f47e afcb 	bne.w	1a003e5e <_svfprintf_r+0x1be>
1a004ec8:	f89d 2083 	ldrb.w	r2, [sp, #131]	; 0x83
1a004ecc:	9c2a      	ldr	r4, [sp, #168]	; 0xa8
1a004ece:	f10d 09ac 	add.w	r9, sp, #172	; 0xac
1a004ed2:	f7ff b996 	b.w	1a004202 <_svfprintf_r+0x562>
1a004ed6:	9a29      	ldr	r2, [sp, #164]	; 0xa4
1a004ed8:	4957      	ldr	r1, [pc, #348]	; (1a005038 <_svfprintf_r+0x1398>)
1a004eda:	f8c9 1000 	str.w	r1, [r9]
1a004ede:	3201      	adds	r2, #1
1a004ee0:	3401      	adds	r4, #1
1a004ee2:	2101      	movs	r1, #1
1a004ee4:	2a07      	cmp	r2, #7
1a004ee6:	e9cd 2429 	strd	r2, r4, [sp, #164]	; 0xa4
1a004eea:	f8c9 1004 	str.w	r1, [r9, #4]
1a004eee:	f300 80f1 	bgt.w	1a0050d4 <_svfprintf_r+0x1434>
1a004ef2:	f109 0908 	add.w	r9, r9, #8
1a004ef6:	2b00      	cmp	r3, #0
1a004ef8:	d15a      	bne.n	1a004fb0 <_svfprintf_r+0x1310>
1a004efa:	9b02      	ldr	r3, [sp, #8]
1a004efc:	9a12      	ldr	r2, [sp, #72]	; 0x48
1a004efe:	f003 0301 	and.w	r3, r3, #1
1a004f02:	4313      	orrs	r3, r2
1a004f04:	f43f a9b8 	beq.w	1a004278 <_svfprintf_r+0x5d8>
1a004f08:	9a29      	ldr	r2, [sp, #164]	; 0xa4
1a004f0a:	9b15      	ldr	r3, [sp, #84]	; 0x54
1a004f0c:	f8c9 3000 	str.w	r3, [r9]
1a004f10:	9b13      	ldr	r3, [sp, #76]	; 0x4c
1a004f12:	f8c9 3004 	str.w	r3, [r9, #4]
1a004f16:	3201      	adds	r2, #1
1a004f18:	441c      	add	r4, r3
1a004f1a:	2a07      	cmp	r2, #7
1a004f1c:	942a      	str	r4, [sp, #168]	; 0xa8
1a004f1e:	9229      	str	r2, [sp, #164]	; 0xa4
1a004f20:	f300 8102 	bgt.w	1a005128 <_svfprintf_r+0x1488>
1a004f24:	f109 0908 	add.w	r9, r9, #8
1a004f28:	9b12      	ldr	r3, [sp, #72]	; 0x48
1a004f2a:	3201      	adds	r2, #1
1a004f2c:	441c      	add	r4, r3
1a004f2e:	2a07      	cmp	r2, #7
1a004f30:	e9cd 2429 	strd	r2, r4, [sp, #164]	; 0xa4
1a004f34:	e9c9 6300 	strd	r6, r3, [r9]
1a004f38:	f77f a99c 	ble.w	1a004274 <_svfprintf_r+0x5d4>
1a004f3c:	e44c      	b.n	1a0047d8 <_svfprintf_r+0xb38>
1a004f3e:	aa28      	add	r2, sp, #160	; 0xa0
1a004f40:	e9dd 0106 	ldrd	r0, r1, [sp, #24]
1a004f44:	f004 f9cc 	bl	1a0092e0 <__ssprint_r>
1a004f48:	2800      	cmp	r0, #0
1a004f4a:	f47e af88 	bne.w	1a003e5e <_svfprintf_r+0x1be>
1a004f4e:	f10d 09ac 	add.w	r9, sp, #172	; 0xac
1a004f52:	f7ff bb25 	b.w	1a0045a0 <_svfprintf_r+0x900>
1a004f56:	4653      	mov	r3, sl
1a004f58:	3201      	adds	r2, #1
1a004f5a:	442c      	add	r4, r5
1a004f5c:	2a07      	cmp	r2, #7
1a004f5e:	e9cd 2429 	strd	r2, r4, [sp, #164]	; 0xa4
1a004f62:	e9c9 3500 	strd	r3, r5, [r9]
1a004f66:	f77f a985 	ble.w	1a004274 <_svfprintf_r+0x5d4>
1a004f6a:	e435      	b.n	1a0047d8 <_svfprintf_r+0xb38>
1a004f6c:	aa28      	add	r2, sp, #160	; 0xa0
1a004f6e:	4649      	mov	r1, r9
1a004f70:	4658      	mov	r0, fp
1a004f72:	f004 f9b5 	bl	1a0092e0 <__ssprint_r>
1a004f76:	2800      	cmp	r0, #0
1a004f78:	f47e af71 	bne.w	1a003e5e <_svfprintf_r+0x1be>
1a004f7c:	f898 3000 	ldrb.w	r3, [r8]
1a004f80:	992a      	ldr	r1, [sp, #168]	; 0xa8
1a004f82:	aa2b      	add	r2, sp, #172	; 0xac
1a004f84:	e73d      	b.n	1a004e02 <_svfprintf_r+0x1162>
1a004f86:	aa28      	add	r2, sp, #160	; 0xa0
1a004f88:	e9dd 0106 	ldrd	r0, r1, [sp, #24]
1a004f8c:	f004 f9a8 	bl	1a0092e0 <__ssprint_r>
1a004f90:	2800      	cmp	r0, #0
1a004f92:	f47e af64 	bne.w	1a003e5e <_svfprintf_r+0x1be>
1a004f96:	9c2a      	ldr	r4, [sp, #168]	; 0xa8
1a004f98:	f10d 09ac 	add.w	r9, sp, #172	; 0xac
1a004f9c:	f7ff b955 	b.w	1a00424a <_svfprintf_r+0x5aa>
1a004fa0:	9a09      	ldr	r2, [sp, #36]	; 0x24
1a004fa2:	6812      	ldr	r2, [r2, #0]
1a004fa4:	9309      	str	r3, [sp, #36]	; 0x24
1a004fa6:	9b04      	ldr	r3, [sp, #16]
1a004fa8:	6013      	str	r3, [r2, #0]
1a004faa:	465e      	mov	r6, fp
1a004fac:	f7ff b818 	b.w	1a003fe0 <_svfprintf_r+0x340>
1a004fb0:	9a29      	ldr	r2, [sp, #164]	; 0xa4
1a004fb2:	9915      	ldr	r1, [sp, #84]	; 0x54
1a004fb4:	f8c9 1000 	str.w	r1, [r9]
1a004fb8:	9913      	ldr	r1, [sp, #76]	; 0x4c
1a004fba:	f8c9 1004 	str.w	r1, [r9, #4]
1a004fbe:	3201      	adds	r2, #1
1a004fc0:	440c      	add	r4, r1
1a004fc2:	2a07      	cmp	r2, #7
1a004fc4:	942a      	str	r4, [sp, #168]	; 0xa8
1a004fc6:	9229      	str	r2, [sp, #164]	; 0xa4
1a004fc8:	f300 80ae 	bgt.w	1a005128 <_svfprintf_r+0x1488>
1a004fcc:	f109 0908 	add.w	r9, r9, #8
1a004fd0:	2b00      	cmp	r3, #0
1a004fd2:	daa9      	bge.n	1a004f28 <_svfprintf_r+0x1288>
1a004fd4:	425d      	negs	r5, r3
1a004fd6:	3310      	adds	r3, #16
1a004fd8:	4b16      	ldr	r3, [pc, #88]	; (1a005034 <_svfprintf_r+0x1394>)
1a004fda:	f280 8287 	bge.w	1a0054ec <_svfprintf_r+0x184c>
1a004fde:	4619      	mov	r1, r3
1a004fe0:	2710      	movs	r7, #16
1a004fe2:	4623      	mov	r3, r4
1a004fe4:	e9dd 8a06 	ldrd	r8, sl, [sp, #24]
1a004fe8:	460c      	mov	r4, r1
1a004fea:	e005      	b.n	1a004ff8 <_svfprintf_r+0x1358>
1a004fec:	f109 0908 	add.w	r9, r9, #8
1a004ff0:	3d10      	subs	r5, #16
1a004ff2:	2d10      	cmp	r5, #16
1a004ff4:	f340 8277 	ble.w	1a0054e6 <_svfprintf_r+0x1846>
1a004ff8:	3201      	adds	r2, #1
1a004ffa:	3310      	adds	r3, #16
1a004ffc:	2a07      	cmp	r2, #7
1a004ffe:	e9cd 2329 	strd	r2, r3, [sp, #164]	; 0xa4
1a005002:	e9c9 4700 	strd	r4, r7, [r9]
1a005006:	ddf1      	ble.n	1a004fec <_svfprintf_r+0x134c>
1a005008:	aa28      	add	r2, sp, #160	; 0xa0
1a00500a:	4651      	mov	r1, sl
1a00500c:	4640      	mov	r0, r8
1a00500e:	f004 f967 	bl	1a0092e0 <__ssprint_r>
1a005012:	2800      	cmp	r0, #0
1a005014:	f47e af23 	bne.w	1a003e5e <_svfprintf_r+0x1be>
1a005018:	e9dd 2329 	ldrd	r2, r3, [sp, #164]	; 0xa4
1a00501c:	f10d 09ac 	add.w	r9, sp, #172	; 0xac
1a005020:	e7e6      	b.n	1a004ff0 <_svfprintf_r+0x1350>
1a005022:	4630      	mov	r0, r6
1a005024:	f7fe fdcc 	bl	1a003bc0 <strlen>
1a005028:	46aa      	mov	sl, r5
1a00502a:	4607      	mov	r7, r0
1a00502c:	f7ff b80c 	b.w	1a004048 <_svfprintf_r+0x3a8>
1a005030:	1a009ff4 	.word	0x1a009ff4
1a005034:	1a00a010 	.word	0x1a00a010
1a005038:	1a009ffc 	.word	0x1a009ffc
1a00503c:	4622      	mov	r2, r4
1a00503e:	461c      	mov	r4, r3
1a005040:	4613      	mov	r3, r2
1a005042:	462a      	mov	r2, r5
1a005044:	3201      	adds	r2, #1
1a005046:	920a      	str	r2, [sp, #40]	; 0x28
1a005048:	f107 0208 	add.w	r2, r7, #8
1a00504c:	e9c7 3800 	strd	r3, r8, [r7]
1a005050:	9b0a      	ldr	r3, [sp, #40]	; 0x28
1a005052:	9329      	str	r3, [sp, #164]	; 0xa4
1a005054:	4444      	add	r4, r8
1a005056:	2b07      	cmp	r3, #7
1a005058:	942a      	str	r4, [sp, #168]	; 0xa8
1a00505a:	f73f af12 	bgt.w	1a004e82 <_svfprintf_r+0x11e2>
1a00505e:	3301      	adds	r3, #1
1a005060:	930a      	str	r3, [sp, #40]	; 0x28
1a005062:	f102 0908 	add.w	r9, r2, #8
1a005066:	4617      	mov	r7, r2
1a005068:	f7ff bbab 	b.w	1a0047c2 <_svfprintf_r+0xb22>
1a00506c:	9f02      	ldr	r7, [sp, #8]
1a00506e:	9b09      	ldr	r3, [sp, #36]	; 0x24
1a005070:	f417 7f00 	tst.w	r7, #512	; 0x200
1a005074:	d044      	beq.n	1a005100 <_svfprintf_r+0x1460>
1a005076:	f993 4000 	ldrsb.w	r4, [r3]
1a00507a:	9209      	str	r2, [sp, #36]	; 0x24
1a00507c:	17e5      	asrs	r5, r4, #31
1a00507e:	4622      	mov	r2, r4
1a005080:	462b      	mov	r3, r5
1a005082:	f7ff b81c 	b.w	1a0040be <_svfprintf_r+0x41e>
1a005086:	9f02      	ldr	r7, [sp, #8]
1a005088:	05b9      	lsls	r1, r7, #22
1a00508a:	bf47      	ittee	mi
1a00508c:	9209      	strmi	r2, [sp, #36]	; 0x24
1a00508e:	b2e4      	uxtbmi	r4, r4
1a005090:	9f02      	ldrpl	r7, [sp, #8]
1a005092:	9209      	strpl	r2, [sp, #36]	; 0x24
1a005094:	2500      	movs	r5, #0
1a005096:	f7fe bff7 	b.w	1a004088 <_svfprintf_r+0x3e8>
1a00509a:	9f02      	ldr	r7, [sp, #8]
1a00509c:	9209      	str	r2, [sp, #36]	; 0x24
1a00509e:	05b8      	lsls	r0, r7, #22
1a0050a0:	bf4c      	ite	mi
1a0050a2:	b2e4      	uxtbmi	r4, r4
1a0050a4:	9f02      	ldrpl	r7, [sp, #8]
1a0050a6:	2500      	movs	r5, #0
1a0050a8:	2301      	movs	r3, #1
1a0050aa:	f7fe bf4f 	b.w	1a003f4c <_svfprintf_r+0x2ac>
1a0050ae:	4621      	mov	r1, r4
1a0050b0:	461c      	mov	r4, r3
1a0050b2:	460b      	mov	r3, r1
1a0050b4:	3201      	adds	r2, #1
1a0050b6:	442c      	add	r4, r5
1a0050b8:	2a07      	cmp	r2, #7
1a0050ba:	e9cd 2429 	strd	r2, r4, [sp, #164]	; 0xa4
1a0050be:	e9c9 3500 	strd	r3, r5, [r9]
1a0050c2:	dc42      	bgt.n	1a00514a <_svfprintf_r+0x14aa>
1a0050c4:	f109 0908 	add.w	r9, r9, #8
1a0050c8:	e424      	b.n	1a004914 <_svfprintf_r+0xc74>
1a0050ca:	222d      	movs	r2, #45	; 0x2d
1a0050cc:	f88d 2083 	strb.w	r2, [sp, #131]	; 0x83
1a0050d0:	f7ff b95d 	b.w	1a00438e <_svfprintf_r+0x6ee>
1a0050d4:	aa28      	add	r2, sp, #160	; 0xa0
1a0050d6:	e9dd 0106 	ldrd	r0, r1, [sp, #24]
1a0050da:	f004 f901 	bl	1a0092e0 <__ssprint_r>
1a0050de:	2800      	cmp	r0, #0
1a0050e0:	f47e aebd 	bne.w	1a003e5e <_svfprintf_r+0x1be>
1a0050e4:	9b22      	ldr	r3, [sp, #136]	; 0x88
1a0050e6:	9c2a      	ldr	r4, [sp, #168]	; 0xa8
1a0050e8:	f10d 09ac 	add.w	r9, sp, #172	; 0xac
1a0050ec:	e703      	b.n	1a004ef6 <_svfprintf_r+0x1256>
1a0050ee:	9a12      	ldr	r2, [sp, #72]	; 0x48
1a0050f0:	18b5      	adds	r5, r6, r2
1a0050f2:	eba5 050a 	sub.w	r5, r5, sl
1a0050f6:	1ad3      	subs	r3, r2, r3
1a0050f8:	429d      	cmp	r5, r3
1a0050fa:	bfa8      	it	ge
1a0050fc:	461d      	movge	r5, r3
1a0050fe:	e440      	b.n	1a004982 <_svfprintf_r+0xce2>
1a005100:	681c      	ldr	r4, [r3, #0]
1a005102:	9209      	str	r2, [sp, #36]	; 0x24
1a005104:	17e5      	asrs	r5, r4, #31
1a005106:	9f02      	ldr	r7, [sp, #8]
1a005108:	4622      	mov	r2, r4
1a00510a:	462b      	mov	r3, r5
1a00510c:	f7fe bfd7 	b.w	1a0040be <_svfprintf_r+0x41e>
1a005110:	b2e4      	uxtb	r4, r4
1a005112:	2500      	movs	r5, #0
1a005114:	f7fe bec2 	b.w	1a003e9c <_svfprintf_r+0x1fc>
1a005118:	9a09      	ldr	r2, [sp, #36]	; 0x24
1a00511a:	9309      	str	r3, [sp, #36]	; 0x24
1a00511c:	6812      	ldr	r2, [r2, #0]
1a00511e:	9b04      	ldr	r3, [sp, #16]
1a005120:	8013      	strh	r3, [r2, #0]
1a005122:	465e      	mov	r6, fp
1a005124:	f7fe bf5c 	b.w	1a003fe0 <_svfprintf_r+0x340>
1a005128:	aa28      	add	r2, sp, #160	; 0xa0
1a00512a:	e9dd 0106 	ldrd	r0, r1, [sp, #24]
1a00512e:	f004 f8d7 	bl	1a0092e0 <__ssprint_r>
1a005132:	2800      	cmp	r0, #0
1a005134:	f47e ae93 	bne.w	1a003e5e <_svfprintf_r+0x1be>
1a005138:	9b22      	ldr	r3, [sp, #136]	; 0x88
1a00513a:	e9dd 2429 	ldrd	r2, r4, [sp, #164]	; 0xa4
1a00513e:	f10d 09ac 	add.w	r9, sp, #172	; 0xac
1a005142:	e745      	b.n	1a004fd0 <_svfprintf_r+0x1330>
1a005144:	f04f 0a06 	mov.w	sl, #6
1a005148:	e4fc      	b.n	1a004b44 <_svfprintf_r+0xea4>
1a00514a:	aa28      	add	r2, sp, #160	; 0xa0
1a00514c:	e9dd 0106 	ldrd	r0, r1, [sp, #24]
1a005150:	f004 f8c6 	bl	1a0092e0 <__ssprint_r>
1a005154:	2800      	cmp	r0, #0
1a005156:	f47e ae82 	bne.w	1a003e5e <_svfprintf_r+0x1be>
1a00515a:	9c2a      	ldr	r4, [sp, #168]	; 0xa8
1a00515c:	f10d 09ac 	add.w	r9, sp, #172	; 0xac
1a005160:	f7ff bbd8 	b.w	1a004914 <_svfprintf_r+0xc74>
1a005164:	9f02      	ldr	r7, [sp, #8]
1a005166:	f7ff b97e 	b.w	1a004466 <_svfprintf_r+0x7c6>
1a00516a:	46b2      	mov	sl, r6
1a00516c:	9b12      	ldr	r3, [sp, #72]	; 0x48
1a00516e:	9e0e      	ldr	r6, [sp, #56]	; 0x38
1a005170:	f8dd b02c 	ldr.w	fp, [sp, #44]	; 0x2c
1a005174:	f8cd 8060 	str.w	r8, [sp, #96]	; 0x60
1a005178:	18f3      	adds	r3, r6, r3
1a00517a:	459a      	cmp	sl, r3
1a00517c:	460c      	mov	r4, r1
1a00517e:	4691      	mov	r9, r2
1a005180:	bf28      	it	cs
1a005182:	469a      	movcs	sl, r3
1a005184:	f7ff bbcd 	b.w	1a004922 <_svfprintf_r+0xc82>
1a005188:	9b0e      	ldr	r3, [sp, #56]	; 0x38
1a00518a:	1cda      	adds	r2, r3, #3
1a00518c:	db01      	blt.n	1a005192 <_svfprintf_r+0x14f2>
1a00518e:	459a      	cmp	sl, r3
1a005190:	da05      	bge.n	1a00519e <_svfprintf_r+0x14fe>
1a005192:	f1a8 0802 	sub.w	r8, r8, #2
1a005196:	f028 0320 	bic.w	r3, r8, #32
1a00519a:	9303      	str	r3, [sp, #12]
1a00519c:	e50a      	b.n	1a004bb4 <_svfprintf_r+0xf14>
1a00519e:	9b12      	ldr	r3, [sp, #72]	; 0x48
1a0051a0:	4619      	mov	r1, r3
1a0051a2:	9b0e      	ldr	r3, [sp, #56]	; 0x38
1a0051a4:	4299      	cmp	r1, r3
1a0051a6:	f300 8159 	bgt.w	1a00545c <_svfprintf_r+0x17bc>
1a0051aa:	9a0a      	ldr	r2, [sp, #40]	; 0x28
1a0051ac:	07d7      	lsls	r7, r2, #31
1a0051ae:	f140 81c9 	bpl.w	1a005544 <_svfprintf_r+0x18a4>
1a0051b2:	9a13      	ldr	r2, [sp, #76]	; 0x4c
1a0051b4:	189f      	adds	r7, r3, r2
1a0051b6:	9b0a      	ldr	r3, [sp, #40]	; 0x28
1a0051b8:	055d      	lsls	r5, r3, #21
1a0051ba:	d503      	bpl.n	1a0051c4 <_svfprintf_r+0x1524>
1a0051bc:	9b0e      	ldr	r3, [sp, #56]	; 0x38
1a0051be:	2b00      	cmp	r3, #0
1a0051c0:	f300 81f6 	bgt.w	1a0055b0 <_svfprintf_r+0x1910>
1a0051c4:	ea27 73e7 	bic.w	r3, r7, r7, asr #31
1a0051c8:	9303      	str	r3, [sp, #12]
1a0051ca:	f04f 0867 	mov.w	r8, #103	; 0x67
1a0051ce:	2300      	movs	r3, #0
1a0051d0:	930c      	str	r3, [sp, #48]	; 0x30
1a0051d2:	930f      	str	r3, [sp, #60]	; 0x3c
1a0051d4:	e551      	b.n	1a004c7a <_svfprintf_r+0xfda>
1a0051d6:	222d      	movs	r2, #45	; 0x2d
1a0051d8:	f88d 2083 	strb.w	r2, [sp, #131]	; 0x83
1a0051dc:	f04f 0a00 	mov.w	sl, #0
1a0051e0:	f7fe bf41 	b.w	1a004066 <_svfprintf_r+0x3c6>
1a0051e4:	aa28      	add	r2, sp, #160	; 0xa0
1a0051e6:	4649      	mov	r1, r9
1a0051e8:	4658      	mov	r0, fp
1a0051ea:	f004 f879 	bl	1a0092e0 <__ssprint_r>
1a0051ee:	2800      	cmp	r0, #0
1a0051f0:	f47e ae35 	bne.w	1a003e5e <_svfprintf_r+0x1be>
1a0051f4:	f898 3000 	ldrb.w	r3, [r8]
1a0051f8:	992a      	ldr	r1, [sp, #168]	; 0xa8
1a0051fa:	aa2b      	add	r2, sp, #172	; 0xac
1a0051fc:	441e      	add	r6, r3
1a0051fe:	e607      	b.n	1a004e10 <_svfprintf_r+0x1170>
1a005200:	aa28      	add	r2, sp, #160	; 0xa0
1a005202:	e9dd 0106 	ldrd	r0, r1, [sp, #24]
1a005206:	f004 f86b 	bl	1a0092e0 <__ssprint_r>
1a00520a:	2800      	cmp	r0, #0
1a00520c:	f47e ae27 	bne.w	1a003e5e <_svfprintf_r+0x1be>
1a005210:	9c2a      	ldr	r4, [sp, #168]	; 0xa8
1a005212:	f10d 09ac 	add.w	r9, sp, #172	; 0xac
1a005216:	f7ff bb75 	b.w	1a004904 <_svfprintf_r+0xc64>
1a00521a:	9b19      	ldr	r3, [sp, #100]	; 0x64
1a00521c:	9917      	ldr	r1, [sp, #92]	; 0x5c
1a00521e:	1af6      	subs	r6, r6, r3
1a005220:	461a      	mov	r2, r3
1a005222:	4630      	mov	r0, r6
1a005224:	f004 f822 	bl	1a00926c <strncpy>
1a005228:	f898 3001 	ldrb.w	r3, [r8, #1]
1a00522c:	b10b      	cbz	r3, 1a005232 <_svfprintf_r+0x1592>
1a00522e:	f108 0801 	add.w	r8, r8, #1
1a005232:	220a      	movs	r2, #10
1a005234:	2300      	movs	r3, #0
1a005236:	4620      	mov	r0, r4
1a005238:	4629      	mov	r1, r5
1a00523a:	f04f 0b00 	mov.w	fp, #0
1a00523e:	f7fd fb6b 	bl	1a002918 <__aeabi_uldivmod>
1a005242:	f7ff b960 	b.w	1a004506 <_svfprintf_r+0x866>
1a005246:	aa28      	add	r2, sp, #160	; 0xa0
1a005248:	e9dd 0106 	ldrd	r0, r1, [sp, #24]
1a00524c:	f004 f848 	bl	1a0092e0 <__ssprint_r>
1a005250:	2800      	cmp	r0, #0
1a005252:	f47e ae04 	bne.w	1a003e5e <_svfprintf_r+0x1be>
1a005256:	9b22      	ldr	r3, [sp, #136]	; 0x88
1a005258:	9c2a      	ldr	r4, [sp, #168]	; 0xa8
1a00525a:	f10d 09ac 	add.w	r9, sp, #172	; 0xac
1a00525e:	f7ff bb78 	b.w	1a004952 <_svfprintf_r+0xcb2>
1a005262:	aa26      	add	r2, sp, #152	; 0x98
1a005264:	ab23      	add	r3, sp, #140	; 0x8c
1a005266:	e9cd 3200 	strd	r3, r2, [sp]
1a00526a:	2103      	movs	r1, #3
1a00526c:	ab22      	add	r3, sp, #136	; 0x88
1a00526e:	4652      	mov	r2, sl
1a005270:	ed9d 0b1c 	vldr	d0, [sp, #112]	; 0x70
1a005274:	9806      	ldr	r0, [sp, #24]
1a005276:	f002 f91b 	bl	1a0074b0 <_dtoa_r>
1a00527a:	7803      	ldrb	r3, [r0, #0]
1a00527c:	2b30      	cmp	r3, #48	; 0x30
1a00527e:	4606      	mov	r6, r0
1a005280:	f000 81cd 	beq.w	1a00561e <_svfprintf_r+0x197e>
1a005284:	9b22      	ldr	r3, [sp, #136]	; 0x88
1a005286:	4453      	add	r3, sl
1a005288:	18f4      	adds	r4, r6, r3
1a00528a:	2200      	movs	r2, #0
1a00528c:	2300      	movs	r3, #0
1a00528e:	e9dd 011c 	ldrd	r0, r1, [sp, #112]	; 0x70
1a005292:	f7fd fad1 	bl	1a002838 <__aeabi_dcmpeq>
1a005296:	b108      	cbz	r0, 1a00529c <_svfprintf_r+0x15fc>
1a005298:	4627      	mov	r7, r4
1a00529a:	e47f      	b.n	1a004b9c <_svfprintf_r+0xefc>
1a00529c:	9f26      	ldr	r7, [sp, #152]	; 0x98
1a00529e:	42a7      	cmp	r7, r4
1a0052a0:	f4bf ac7c 	bcs.w	1a004b9c <_svfprintf_r+0xefc>
1a0052a4:	2230      	movs	r2, #48	; 0x30
1a0052a6:	1c7b      	adds	r3, r7, #1
1a0052a8:	9326      	str	r3, [sp, #152]	; 0x98
1a0052aa:	703a      	strb	r2, [r7, #0]
1a0052ac:	9f26      	ldr	r7, [sp, #152]	; 0x98
1a0052ae:	42bc      	cmp	r4, r7
1a0052b0:	d8f9      	bhi.n	1a0052a6 <_svfprintf_r+0x1606>
1a0052b2:	e473      	b.n	1a004b9c <_svfprintf_r+0xefc>
1a0052b4:	9b0a      	ldr	r3, [sp, #40]	; 0x28
1a0052b6:	9a0e      	ldr	r2, [sp, #56]	; 0x38
1a0052b8:	f003 0301 	and.w	r3, r3, #1
1a0052bc:	2a00      	cmp	r2, #0
1a0052be:	ea43 030a 	orr.w	r3, r3, sl
1a0052c2:	f340 81bf 	ble.w	1a005644 <_svfprintf_r+0x19a4>
1a0052c6:	2b00      	cmp	r3, #0
1a0052c8:	f040 819a 	bne.w	1a005600 <_svfprintf_r+0x1960>
1a0052cc:	9f0e      	ldr	r7, [sp, #56]	; 0x38
1a0052ce:	f04f 0866 	mov.w	r8, #102	; 0x66
1a0052d2:	9b0a      	ldr	r3, [sp, #40]	; 0x28
1a0052d4:	055a      	lsls	r2, r3, #21
1a0052d6:	f100 816d 	bmi.w	1a0055b4 <_svfprintf_r+0x1914>
1a0052da:	ea27 73e7 	bic.w	r3, r7, r7, asr #31
1a0052de:	9303      	str	r3, [sp, #12]
1a0052e0:	e775      	b.n	1a0051ce <_svfprintf_r+0x152e>
1a0052e2:	4657      	mov	r7, sl
1a0052e4:	f8cd a00c 	str.w	sl, [sp, #12]
1a0052e8:	9409      	str	r4, [sp, #36]	; 0x24
1a0052ea:	4682      	mov	sl, r0
1a0052ec:	900c      	str	r0, [sp, #48]	; 0x30
1a0052ee:	e9cd 000e 	strd	r0, r0, [sp, #56]	; 0x38
1a0052f2:	f89d 2083 	ldrb.w	r2, [sp, #131]	; 0x83
1a0052f6:	f7fe beb3 	b.w	1a004060 <_svfprintf_r+0x3c0>
1a0052fa:	2330      	movs	r3, #48	; 0x30
1a0052fc:	f88d 3084 	strb.w	r3, [sp, #132]	; 0x84
1a005300:	2358      	movs	r3, #88	; 0x58
1a005302:	f88d 3085 	strb.w	r3, [sp, #133]	; 0x85
1a005306:	9b02      	ldr	r3, [sp, #8]
1a005308:	f1ba 0f63 	cmp.w	sl, #99	; 0x63
1a00530c:	f043 0302 	orr.w	r3, r3, #2
1a005310:	930a      	str	r3, [sp, #40]	; 0x28
1a005312:	f300 80dd 	bgt.w	1a0054d0 <_svfprintf_r+0x1830>
1a005316:	2300      	movs	r3, #0
1a005318:	9308      	str	r3, [sp, #32]
1a00531a:	ae3b      	add	r6, sp, #236	; 0xec
1a00531c:	9a02      	ldr	r2, [sp, #8]
1a00531e:	9b11      	ldr	r3, [sp, #68]	; 0x44
1a005320:	f442 7281 	orr.w	r2, r2, #258	; 0x102
1a005324:	9202      	str	r2, [sp, #8]
1a005326:	2b00      	cmp	r3, #0
1a005328:	f028 0220 	bic.w	r2, r8, #32
1a00532c:	9203      	str	r2, [sp, #12]
1a00532e:	f2c0 808c 	blt.w	1a00544a <_svfprintf_r+0x17aa>
1a005332:	ed9d 7b10 	vldr	d7, [sp, #64]	; 0x40
1a005336:	ed8d 7b1c 	vstr	d7, [sp, #112]	; 0x70
1a00533a:	2300      	movs	r3, #0
1a00533c:	931e      	str	r3, [sp, #120]	; 0x78
1a00533e:	f1b8 0f61 	cmp.w	r8, #97	; 0x61
1a005342:	f000 811d 	beq.w	1a005580 <_svfprintf_r+0x18e0>
1a005346:	f1b8 0f41 	cmp.w	r8, #65	; 0x41
1a00534a:	f47f ac0a 	bne.w	1a004b62 <_svfprintf_r+0xec2>
1a00534e:	a822      	add	r0, sp, #136	; 0x88
1a005350:	ed9d 0b1c 	vldr	d0, [sp, #112]	; 0x70
1a005354:	f003 ff54 	bl	1a009200 <frexp>
1a005358:	2200      	movs	r2, #0
1a00535a:	f04f 537f 	mov.w	r3, #1069547520	; 0x3fc00000
1a00535e:	ec51 0b10 	vmov	r0, r1, d0
1a005362:	f7fd f801 	bl	1a002368 <__aeabi_dmul>
1a005366:	2200      	movs	r2, #0
1a005368:	2300      	movs	r3, #0
1a00536a:	e9cd 010c 	strd	r0, r1, [sp, #48]	; 0x30
1a00536e:	f7fd fa63 	bl	1a002838 <__aeabi_dcmpeq>
1a005372:	b108      	cbz	r0, 1a005378 <_svfprintf_r+0x16d8>
1a005374:	2301      	movs	r3, #1
1a005376:	9322      	str	r3, [sp, #136]	; 0x88
1a005378:	4bb6      	ldr	r3, [pc, #728]	; (1a005654 <_svfprintf_r+0x19b4>)
1a00537a:	930b      	str	r3, [sp, #44]	; 0x2c
1a00537c:	e9cd b80e 	strd	fp, r8, [sp, #56]	; 0x38
1a005380:	f10a 35ff 	add.w	r5, sl, #4294967295
1a005384:	f8cd a048 	str.w	sl, [sp, #72]	; 0x48
1a005388:	f8cd 907c 	str.w	r9, [sp, #124]	; 0x7c
1a00538c:	f8dd b02c 	ldr.w	fp, [sp, #44]	; 0x2c
1a005390:	e9dd 890c 	ldrd	r8, r9, [sp, #48]	; 0x30
1a005394:	46b2      	mov	sl, r6
1a005396:	960c      	str	r6, [sp, #48]	; 0x30
1a005398:	e003      	b.n	1a0053a2 <_svfprintf_r+0x1702>
1a00539a:	f7fd fa4d 	bl	1a002838 <__aeabi_dcmpeq>
1a00539e:	bb20      	cbnz	r0, 1a0053ea <_svfprintf_r+0x174a>
1a0053a0:	46ba      	mov	sl, r7
1a0053a2:	2200      	movs	r2, #0
1a0053a4:	4bac      	ldr	r3, [pc, #688]	; (1a005658 <_svfprintf_r+0x19b8>)
1a0053a6:	4640      	mov	r0, r8
1a0053a8:	4649      	mov	r1, r9
1a0053aa:	f7fc ffdd 	bl	1a002368 <__aeabi_dmul>
1a0053ae:	4689      	mov	r9, r1
1a0053b0:	4680      	mov	r8, r0
1a0053b2:	f7fd fa89 	bl	1a0028c8 <__aeabi_d2iz>
1a0053b6:	4606      	mov	r6, r0
1a0053b8:	f7fc ff6c 	bl	1a002294 <__aeabi_i2d>
1a0053bc:	4602      	mov	r2, r0
1a0053be:	460b      	mov	r3, r1
1a0053c0:	4640      	mov	r0, r8
1a0053c2:	4649      	mov	r1, r9
1a0053c4:	f7fc fe18 	bl	1a001ff8 <__aeabi_dsub>
1a0053c8:	4657      	mov	r7, sl
1a0053ca:	f81b 4006 	ldrb.w	r4, [fp, r6]
1a0053ce:	f807 4b01 	strb.w	r4, [r7], #1
1a0053d2:	f1b5 3fff 	cmp.w	r5, #4294967295
1a0053d6:	462c      	mov	r4, r5
1a0053d8:	4680      	mov	r8, r0
1a0053da:	4689      	mov	r9, r1
1a0053dc:	f04f 0200 	mov.w	r2, #0
1a0053e0:	f04f 0300 	mov.w	r3, #0
1a0053e4:	f105 35ff 	add.w	r5, r5, #4294967295
1a0053e8:	d1d7      	bne.n	1a00539a <_svfprintf_r+0x16fa>
1a0053ea:	4640      	mov	r0, r8
1a0053ec:	4649      	mov	r1, r9
1a0053ee:	2200      	movs	r2, #0
1a0053f0:	4b9a      	ldr	r3, [pc, #616]	; (1a00565c <_svfprintf_r+0x19bc>)
1a0053f2:	f8dd b038 	ldr.w	fp, [sp, #56]	; 0x38
1a0053f6:	f8dd 803c 	ldr.w	r8, [sp, #60]	; 0x3c
1a0053fa:	f8cd a038 	str.w	sl, [sp, #56]	; 0x38
1a0053fe:	4635      	mov	r5, r6
1a005400:	f8dd 907c 	ldr.w	r9, [sp, #124]	; 0x7c
1a005404:	9e0c      	ldr	r6, [sp, #48]	; 0x30
1a005406:	f8dd a048 	ldr.w	sl, [sp, #72]	; 0x48
1a00540a:	e9cd 010c 	strd	r0, r1, [sp, #48]	; 0x30
1a00540e:	f7fd fa3b 	bl	1a002888 <__aeabi_dcmpgt>
1a005412:	2800      	cmp	r0, #0
1a005414:	d13f      	bne.n	1a005496 <_svfprintf_r+0x17f6>
1a005416:	e9dd 010c 	ldrd	r0, r1, [sp, #48]	; 0x30
1a00541a:	2200      	movs	r2, #0
1a00541c:	4b8f      	ldr	r3, [pc, #572]	; (1a00565c <_svfprintf_r+0x19bc>)
1a00541e:	f7fd fa0b 	bl	1a002838 <__aeabi_dcmpeq>
1a005422:	b108      	cbz	r0, 1a005428 <_svfprintf_r+0x1788>
1a005424:	07e9      	lsls	r1, r5, #31
1a005426:	d436      	bmi.n	1a005496 <_svfprintf_r+0x17f6>
1a005428:	2c00      	cmp	r4, #0
1a00542a:	f6ff abb7 	blt.w	1a004b9c <_svfprintf_r+0xefc>
1a00542e:	1c63      	adds	r3, r4, #1
1a005430:	443b      	add	r3, r7
1a005432:	2230      	movs	r2, #48	; 0x30
1a005434:	f807 2b01 	strb.w	r2, [r7], #1
1a005438:	42bb      	cmp	r3, r7
1a00543a:	d1fb      	bne.n	1a005434 <_svfprintf_r+0x1794>
1a00543c:	f7ff bbae 	b.w	1a004b9c <_svfprintf_r+0xefc>
1a005440:	9b02      	ldr	r3, [sp, #8]
1a005442:	930a      	str	r3, [sp, #40]	; 0x28
1a005444:	2300      	movs	r3, #0
1a005446:	9308      	str	r3, [sp, #32]
1a005448:	9202      	str	r2, [sp, #8]
1a00544a:	e9dd 1210 	ldrd	r1, r2, [sp, #64]	; 0x40
1a00544e:	f102 4300 	add.w	r3, r2, #2147483648	; 0x80000000
1a005452:	931d      	str	r3, [sp, #116]	; 0x74
1a005454:	232d      	movs	r3, #45	; 0x2d
1a005456:	911c      	str	r1, [sp, #112]	; 0x70
1a005458:	931e      	str	r3, [sp, #120]	; 0x78
1a00545a:	e770      	b.n	1a00533e <_svfprintf_r+0x169e>
1a00545c:	e9dd 3212 	ldrd	r3, r2, [sp, #72]	; 0x48
1a005460:	189f      	adds	r7, r3, r2
1a005462:	9b0e      	ldr	r3, [sp, #56]	; 0x38
1a005464:	2b00      	cmp	r3, #0
1a005466:	f340 80d1 	ble.w	1a00560c <_svfprintf_r+0x196c>
1a00546a:	f04f 0867 	mov.w	r8, #103	; 0x67
1a00546e:	e730      	b.n	1a0052d2 <_svfprintf_r+0x1632>
1a005470:	aa28      	add	r2, sp, #160	; 0xa0
1a005472:	e9dd 0106 	ldrd	r0, r1, [sp, #24]
1a005476:	f003 ff33 	bl	1a0092e0 <__ssprint_r>
1a00547a:	2800      	cmp	r0, #0
1a00547c:	f47e acef 	bne.w	1a003e5e <_svfprintf_r+0x1be>
1a005480:	9b22      	ldr	r3, [sp, #136]	; 0x88
1a005482:	9a12      	ldr	r2, [sp, #72]	; 0x48
1a005484:	9c2a      	ldr	r4, [sp, #168]	; 0xa8
1a005486:	1ad3      	subs	r3, r2, r3
1a005488:	f10d 09ac 	add.w	r9, sp, #172	; 0xac
1a00548c:	f7ff ba79 	b.w	1a004982 <_svfprintf_r+0xce2>
1a005490:	eb06 040a 	add.w	r4, r6, sl
1a005494:	e6f9      	b.n	1a00528a <_svfprintf_r+0x15ea>
1a005496:	9b0e      	ldr	r3, [sp, #56]	; 0x38
1a005498:	9326      	str	r3, [sp, #152]	; 0x98
1a00549a:	9b0b      	ldr	r3, [sp, #44]	; 0x2c
1a00549c:	f817 2c01 	ldrb.w	r2, [r7, #-1]
1a0054a0:	7bd9      	ldrb	r1, [r3, #15]
1a0054a2:	4291      	cmp	r1, r2
1a0054a4:	463b      	mov	r3, r7
1a0054a6:	d109      	bne.n	1a0054bc <_svfprintf_r+0x181c>
1a0054a8:	2030      	movs	r0, #48	; 0x30
1a0054aa:	f803 0c01 	strb.w	r0, [r3, #-1]
1a0054ae:	9b26      	ldr	r3, [sp, #152]	; 0x98
1a0054b0:	1e5a      	subs	r2, r3, #1
1a0054b2:	9226      	str	r2, [sp, #152]	; 0x98
1a0054b4:	f813 2c01 	ldrb.w	r2, [r3, #-1]
1a0054b8:	4291      	cmp	r1, r2
1a0054ba:	d0f6      	beq.n	1a0054aa <_svfprintf_r+0x180a>
1a0054bc:	2a39      	cmp	r2, #57	; 0x39
1a0054be:	bf0b      	itete	eq
1a0054c0:	9a0b      	ldreq	r2, [sp, #44]	; 0x2c
1a0054c2:	3201      	addne	r2, #1
1a0054c4:	7a92      	ldrbeq	r2, [r2, #10]
1a0054c6:	b2d2      	uxtbne	r2, r2
1a0054c8:	f803 2c01 	strb.w	r2, [r3, #-1]
1a0054cc:	f7ff bb66 	b.w	1a004b9c <_svfprintf_r+0xefc>
1a0054d0:	f10a 0101 	add.w	r1, sl, #1
1a0054d4:	9806      	ldr	r0, [sp, #24]
1a0054d6:	f7fd fedd 	bl	1a003294 <_malloc_r>
1a0054da:	4606      	mov	r6, r0
1a0054dc:	2800      	cmp	r0, #0
1a0054de:	f000 80ed 	beq.w	1a0056bc <_svfprintf_r+0x1a1c>
1a0054e2:	9008      	str	r0, [sp, #32]
1a0054e4:	e71a      	b.n	1a00531c <_svfprintf_r+0x167c>
1a0054e6:	4621      	mov	r1, r4
1a0054e8:	461c      	mov	r4, r3
1a0054ea:	460b      	mov	r3, r1
1a0054ec:	3201      	adds	r2, #1
1a0054ee:	442c      	add	r4, r5
1a0054f0:	2a07      	cmp	r2, #7
1a0054f2:	e9cd 2429 	strd	r2, r4, [sp, #164]	; 0xa4
1a0054f6:	e9c9 3500 	strd	r3, r5, [r9]
1a0054fa:	f77f ad13 	ble.w	1a004f24 <_svfprintf_r+0x1284>
1a0054fe:	aa28      	add	r2, sp, #160	; 0xa0
1a005500:	e9dd 0106 	ldrd	r0, r1, [sp, #24]
1a005504:	f003 feec 	bl	1a0092e0 <__ssprint_r>
1a005508:	2800      	cmp	r0, #0
1a00550a:	f47e aca8 	bne.w	1a003e5e <_svfprintf_r+0x1be>
1a00550e:	e9dd 2429 	ldrd	r2, r4, [sp, #164]	; 0xa4
1a005512:	f10d 09ac 	add.w	r9, sp, #172	; 0xac
1a005516:	e507      	b.n	1a004f28 <_svfprintf_r+0x1288>
1a005518:	f10a 0401 	add.w	r4, sl, #1
1a00551c:	a926      	add	r1, sp, #152	; 0x98
1a00551e:	ab23      	add	r3, sp, #140	; 0x8c
1a005520:	e9cd 3100 	strd	r3, r1, [sp]
1a005524:	4622      	mov	r2, r4
1a005526:	ab22      	add	r3, sp, #136	; 0x88
1a005528:	2102      	movs	r1, #2
1a00552a:	ed9d 0b1c 	vldr	d0, [sp, #112]	; 0x70
1a00552e:	9806      	ldr	r0, [sp, #24]
1a005530:	f001 ffbe 	bl	1a0074b0 <_dtoa_r>
1a005534:	4606      	mov	r6, r0
1a005536:	4434      	add	r4, r6
1a005538:	e6a7      	b.n	1a00528a <_svfprintf_r+0x15ea>
1a00553a:	2330      	movs	r3, #48	; 0x30
1a00553c:	f88d 3084 	strb.w	r3, [sp, #132]	; 0x84
1a005540:	2378      	movs	r3, #120	; 0x78
1a005542:	e6de      	b.n	1a005302 <_svfprintf_r+0x1662>
1a005544:	9f0e      	ldr	r7, [sp, #56]	; 0x38
1a005546:	e636      	b.n	1a0051b6 <_svfprintf_r+0x1516>
1a005548:	2900      	cmp	r1, #0
1a00554a:	f040 8098 	bne.w	1a00567e <_svfprintf_r+0x19de>
1a00554e:	2330      	movs	r3, #48	; 0x30
1a005550:	f88d 3092 	strb.w	r3, [sp, #146]	; 0x92
1a005554:	f10d 0393 	add.w	r3, sp, #147	; 0x93
1a005558:	3230      	adds	r2, #48	; 0x30
1a00555a:	f803 2b01 	strb.w	r2, [r3], #1
1a00555e:	aa24      	add	r2, sp, #144	; 0x90
1a005560:	1a9b      	subs	r3, r3, r2
1a005562:	9316      	str	r3, [sp, #88]	; 0x58
1a005564:	f7ff bb73 	b.w	1a004c4e <_svfprintf_r+0xfae>
1a005568:	9b11      	ldr	r3, [sp, #68]	; 0x44
1a00556a:	4e3d      	ldr	r6, [pc, #244]	; (1a005660 <_svfprintf_r+0x19c0>)
1a00556c:	2b00      	cmp	r3, #0
1a00556e:	bfb6      	itet	lt
1a005570:	222d      	movlt	r2, #45	; 0x2d
1a005572:	f89d 2083 	ldrbge.w	r2, [sp, #131]	; 0x83
1a005576:	f88d 2083 	strblt.w	r2, [sp, #131]	; 0x83
1a00557a:	4b3a      	ldr	r3, [pc, #232]	; (1a005664 <_svfprintf_r+0x19c4>)
1a00557c:	f7fe bf09 	b.w	1a004392 <_svfprintf_r+0x6f2>
1a005580:	a822      	add	r0, sp, #136	; 0x88
1a005582:	ed9d 0b1c 	vldr	d0, [sp, #112]	; 0x70
1a005586:	f003 fe3b 	bl	1a009200 <frexp>
1a00558a:	2200      	movs	r2, #0
1a00558c:	f04f 537f 	mov.w	r3, #1069547520	; 0x3fc00000
1a005590:	ec51 0b10 	vmov	r0, r1, d0
1a005594:	f7fc fee8 	bl	1a002368 <__aeabi_dmul>
1a005598:	2200      	movs	r2, #0
1a00559a:	2300      	movs	r3, #0
1a00559c:	e9cd 010c 	strd	r0, r1, [sp, #48]	; 0x30
1a0055a0:	f7fd f94a 	bl	1a002838 <__aeabi_dcmpeq>
1a0055a4:	b108      	cbz	r0, 1a0055aa <_svfprintf_r+0x190a>
1a0055a6:	2301      	movs	r3, #1
1a0055a8:	9322      	str	r3, [sp, #136]	; 0x88
1a0055aa:	4b2f      	ldr	r3, [pc, #188]	; (1a005668 <_svfprintf_r+0x19c8>)
1a0055ac:	930b      	str	r3, [sp, #44]	; 0x2c
1a0055ae:	e6e5      	b.n	1a00537c <_svfprintf_r+0x16dc>
1a0055b0:	f04f 0867 	mov.w	r8, #103	; 0x67
1a0055b4:	9818      	ldr	r0, [sp, #96]	; 0x60
1a0055b6:	2200      	movs	r2, #0
1a0055b8:	920c      	str	r2, [sp, #48]	; 0x30
1a0055ba:	920f      	str	r2, [sp, #60]	; 0x3c
1a0055bc:	7803      	ldrb	r3, [r0, #0]
1a0055be:	9a0e      	ldr	r2, [sp, #56]	; 0x38
1a0055c0:	2bff      	cmp	r3, #255	; 0xff
1a0055c2:	d00c      	beq.n	1a0055de <_svfprintf_r+0x193e>
1a0055c4:	4293      	cmp	r3, r2
1a0055c6:	da0a      	bge.n	1a0055de <_svfprintf_r+0x193e>
1a0055c8:	7841      	ldrb	r1, [r0, #1]
1a0055ca:	1ad2      	subs	r2, r2, r3
1a0055cc:	b1a1      	cbz	r1, 1a0055f8 <_svfprintf_r+0x1958>
1a0055ce:	9b0f      	ldr	r3, [sp, #60]	; 0x3c
1a0055d0:	3301      	adds	r3, #1
1a0055d2:	930f      	str	r3, [sp, #60]	; 0x3c
1a0055d4:	460b      	mov	r3, r1
1a0055d6:	2bff      	cmp	r3, #255	; 0xff
1a0055d8:	f100 0001 	add.w	r0, r0, #1
1a0055dc:	d1f2      	bne.n	1a0055c4 <_svfprintf_r+0x1924>
1a0055de:	920e      	str	r2, [sp, #56]	; 0x38
1a0055e0:	9b0f      	ldr	r3, [sp, #60]	; 0x3c
1a0055e2:	9a0c      	ldr	r2, [sp, #48]	; 0x30
1a0055e4:	9018      	str	r0, [sp, #96]	; 0x60
1a0055e6:	4413      	add	r3, r2
1a0055e8:	9a19      	ldr	r2, [sp, #100]	; 0x64
1a0055ea:	fb02 7703 	mla	r7, r2, r3, r7
1a0055ee:	ea27 73e7 	bic.w	r3, r7, r7, asr #31
1a0055f2:	9303      	str	r3, [sp, #12]
1a0055f4:	f7ff bb41 	b.w	1a004c7a <_svfprintf_r+0xfda>
1a0055f8:	990c      	ldr	r1, [sp, #48]	; 0x30
1a0055fa:	3101      	adds	r1, #1
1a0055fc:	910c      	str	r1, [sp, #48]	; 0x30
1a0055fe:	e7df      	b.n	1a0055c0 <_svfprintf_r+0x1920>
1a005600:	9b13      	ldr	r3, [sp, #76]	; 0x4c
1a005602:	18d7      	adds	r7, r2, r3
1a005604:	4457      	add	r7, sl
1a005606:	f04f 0866 	mov.w	r8, #102	; 0x66
1a00560a:	e662      	b.n	1a0052d2 <_svfprintf_r+0x1632>
1a00560c:	f1c3 0301 	rsb	r3, r3, #1
1a005610:	441f      	add	r7, r3
1a005612:	ea27 73e7 	bic.w	r3, r7, r7, asr #31
1a005616:	9303      	str	r3, [sp, #12]
1a005618:	f04f 0867 	mov.w	r8, #103	; 0x67
1a00561c:	e5d7      	b.n	1a0051ce <_svfprintf_r+0x152e>
1a00561e:	2200      	movs	r2, #0
1a005620:	2300      	movs	r3, #0
1a005622:	e9dd 011c 	ldrd	r0, r1, [sp, #112]	; 0x70
1a005626:	f7fd f907 	bl	1a002838 <__aeabi_dcmpeq>
1a00562a:	2800      	cmp	r0, #0
1a00562c:	f47f ae2a 	bne.w	1a005284 <_svfprintf_r+0x15e4>
1a005630:	f1ca 0301 	rsb	r3, sl, #1
1a005634:	9322      	str	r3, [sp, #136]	; 0x88
1a005636:	e626      	b.n	1a005286 <_svfprintf_r+0x15e6>
1a005638:	9b0a      	ldr	r3, [sp, #40]	; 0x28
1a00563a:	07db      	lsls	r3, r3, #31
1a00563c:	f57f ab10 	bpl.w	1a004c60 <_svfprintf_r+0xfc0>
1a005640:	f7ff bb0c 	b.w	1a004c5c <_svfprintf_r+0xfbc>
1a005644:	b993      	cbnz	r3, 1a00566c <_svfprintf_r+0x19cc>
1a005646:	2301      	movs	r3, #1
1a005648:	9303      	str	r3, [sp, #12]
1a00564a:	461f      	mov	r7, r3
1a00564c:	f04f 0866 	mov.w	r8, #102	; 0x66
1a005650:	e5bd      	b.n	1a0051ce <_svfprintf_r+0x152e>
1a005652:	bf00      	nop
1a005654:	1a009fe0 	.word	0x1a009fe0
1a005658:	40300000 	.word	0x40300000
1a00565c:	3fe00000 	.word	0x3fe00000
1a005660:	1a009fc4 	.word	0x1a009fc4
1a005664:	1a009fc8 	.word	0x1a009fc8
1a005668:	1a009fcc 	.word	0x1a009fcc
1a00566c:	9b13      	ldr	r3, [sp, #76]	; 0x4c
1a00566e:	1c5f      	adds	r7, r3, #1
1a005670:	4457      	add	r7, sl
1a005672:	ea27 73e7 	bic.w	r3, r7, r7, asr #31
1a005676:	9303      	str	r3, [sp, #12]
1a005678:	f04f 0866 	mov.w	r8, #102	; 0x66
1a00567c:	e5a7      	b.n	1a0051ce <_svfprintf_r+0x152e>
1a00567e:	f10d 0392 	add.w	r3, sp, #146	; 0x92
1a005682:	e769      	b.n	1a005558 <_svfprintf_r+0x18b8>
1a005684:	464a      	mov	r2, r9
1a005686:	e4e1      	b.n	1a00504c <_svfprintf_r+0x13ac>
1a005688:	9b09      	ldr	r3, [sp, #36]	; 0x24
1a00568a:	f89b 8001 	ldrb.w	r8, [fp, #1]
1a00568e:	f853 0b04 	ldr.w	r0, [r3], #4
1a005692:	9309      	str	r3, [sp, #36]	; 0x24
1a005694:	4693      	mov	fp, r2
1a005696:	ea40 7ae0 	orr.w	sl, r0, r0, asr #31
1a00569a:	f7fe bb61 	b.w	1a003d60 <_svfprintf_r+0xc0>
1a00569e:	9a06      	ldr	r2, [sp, #24]
1a0056a0:	230c      	movs	r3, #12
1a0056a2:	6013      	str	r3, [r2, #0]
1a0056a4:	f04f 33ff 	mov.w	r3, #4294967295
1a0056a8:	9304      	str	r3, [sp, #16]
1a0056aa:	f7fe bbe7 	b.w	1a003e7c <_svfprintf_r+0x1dc>
1a0056ae:	4654      	mov	r4, sl
1a0056b0:	4434      	add	r4, r6
1a0056b2:	e5ea      	b.n	1a00528a <_svfprintf_r+0x15ea>
1a0056b4:	2302      	movs	r3, #2
1a0056b6:	9316      	str	r3, [sp, #88]	; 0x58
1a0056b8:	f7ff bac9 	b.w	1a004c4e <_svfprintf_r+0xfae>
1a0056bc:	9a07      	ldr	r2, [sp, #28]
1a0056be:	8993      	ldrh	r3, [r2, #12]
1a0056c0:	f043 0340 	orr.w	r3, r3, #64	; 0x40
1a0056c4:	8193      	strh	r3, [r2, #12]
1a0056c6:	f7fe bbd2 	b.w	1a003e6e <_svfprintf_r+0x1ce>
1a0056ca:	461f      	mov	r7, r3
1a0056cc:	f7ff ba14 	b.w	1a004af8 <_svfprintf_r+0xe58>
1a0056d0:	461f      	mov	r7, r3
1a0056d2:	f7ff baeb 	b.w	1a004cac <_svfprintf_r+0x100c>
1a0056d6:	461f      	mov	r7, r3
1a0056d8:	f7ff bada 	b.w	1a004c90 <_svfprintf_r+0xff0>
1a0056dc:	ffff ffff 			; <UNDEFINED> instruction: 0xffffffff

1a0056e0 <_vfprintf_r>:
1a0056e0:	e92d 4ff0 	stmdb	sp!, {r4, r5, r6, r7, r8, r9, sl, fp, lr}
1a0056e4:	b0d5      	sub	sp, #340	; 0x154
1a0056e6:	461c      	mov	r4, r3
1a0056e8:	4689      	mov	r9, r1
1a0056ea:	4617      	mov	r7, r2
1a0056ec:	4605      	mov	r5, r0
1a0056ee:	9005      	str	r0, [sp, #20]
1a0056f0:	f002 ff8c 	bl	1a00860c <_localeconv_r>
1a0056f4:	6803      	ldr	r3, [r0, #0]
1a0056f6:	9315      	str	r3, [sp, #84]	; 0x54
1a0056f8:	4618      	mov	r0, r3
1a0056fa:	f7fe fa61 	bl	1a003bc0 <strlen>
1a0056fe:	9408      	str	r4, [sp, #32]
1a005700:	9013      	str	r0, [sp, #76]	; 0x4c
1a005702:	b11d      	cbz	r5, 1a00570c <_vfprintf_r+0x2c>
1a005704:	6bab      	ldr	r3, [r5, #56]	; 0x38
1a005706:	2b00      	cmp	r3, #0
1a005708:	f000 8411 	beq.w	1a005f2e <_vfprintf_r+0x84e>
1a00570c:	f8d9 1064 	ldr.w	r1, [r9, #100]	; 0x64
1a005710:	f9b9 200c 	ldrsh.w	r2, [r9, #12]
1a005714:	07cd      	lsls	r5, r1, #31
1a005716:	b293      	uxth	r3, r2
1a005718:	d402      	bmi.n	1a005720 <_vfprintf_r+0x40>
1a00571a:	0598      	lsls	r0, r3, #22
1a00571c:	f140 8754 	bpl.w	1a0065c8 <_vfprintf_r+0xee8>
1a005720:	0499      	lsls	r1, r3, #18
1a005722:	d40a      	bmi.n	1a00573a <_vfprintf_r+0x5a>
1a005724:	f8d9 1064 	ldr.w	r1, [r9, #100]	; 0x64
1a005728:	f442 5300 	orr.w	r3, r2, #8192	; 0x2000
1a00572c:	f421 5100 	bic.w	r1, r1, #8192	; 0x2000
1a005730:	f8a9 300c 	strh.w	r3, [r9, #12]
1a005734:	f8c9 1064 	str.w	r1, [r9, #100]	; 0x64
1a005738:	b29b      	uxth	r3, r3
1a00573a:	071a      	lsls	r2, r3, #28
1a00573c:	f140 80bf 	bpl.w	1a0058be <_vfprintf_r+0x1de>
1a005740:	f8d9 2010 	ldr.w	r2, [r9, #16]
1a005744:	2a00      	cmp	r2, #0
1a005746:	f000 80ba 	beq.w	1a0058be <_vfprintf_r+0x1de>
1a00574a:	f003 021a 	and.w	r2, r3, #26
1a00574e:	2a0a      	cmp	r2, #10
1a005750:	f000 80c3 	beq.w	1a0058da <_vfprintf_r+0x1fa>
1a005754:	2300      	movs	r3, #0
1a005756:	ed9f 7b9c 	vldr	d7, [pc, #624]	; 1a0059c8 <_vfprintf_r+0x2e8>
1a00575a:	9312      	str	r3, [sp, #72]	; 0x48
1a00575c:	e9cd 3329 	strd	r3, r3, [sp, #164]	; 0xa4
1a005760:	9314      	str	r3, [sp, #80]	; 0x50
1a005762:	9316      	str	r3, [sp, #88]	; 0x58
1a005764:	e9cd 3318 	strd	r3, r3, [sp, #96]	; 0x60
1a005768:	9317      	str	r3, [sp, #92]	; 0x5c
1a00576a:	9304      	str	r3, [sp, #16]
1a00576c:	ab2b      	add	r3, sp, #172	; 0xac
1a00576e:	9328      	str	r3, [sp, #160]	; 0xa0
1a005770:	469b      	mov	fp, r3
1a005772:	783b      	ldrb	r3, [r7, #0]
1a005774:	f8cd 901c 	str.w	r9, [sp, #28]
1a005778:	ed8d 7b10 	vstr	d7, [sp, #64]	; 0x40
1a00577c:	2b00      	cmp	r3, #0
1a00577e:	f000 8267 	beq.w	1a005c50 <_vfprintf_r+0x570>
1a005782:	2b25      	cmp	r3, #37	; 0x25
1a005784:	f001 80ab 	beq.w	1a0068de <_vfprintf_r+0x11fe>
1a005788:	463d      	mov	r5, r7
1a00578a:	e003      	b.n	1a005794 <_vfprintf_r+0xb4>
1a00578c:	2b25      	cmp	r3, #37	; 0x25
1a00578e:	f000 80bb 	beq.w	1a005908 <_vfprintf_r+0x228>
1a005792:	4625      	mov	r5, r4
1a005794:	786b      	ldrb	r3, [r5, #1]
1a005796:	1c6c      	adds	r4, r5, #1
1a005798:	2b00      	cmp	r3, #0
1a00579a:	d1f7      	bne.n	1a00578c <_vfprintf_r+0xac>
1a00579c:	1be6      	subs	r6, r4, r7
1a00579e:	f000 8257 	beq.w	1a005c50 <_vfprintf_r+0x570>
1a0057a2:	e9dd 3229 	ldrd	r3, r2, [sp, #164]	; 0xa4
1a0057a6:	3301      	adds	r3, #1
1a0057a8:	4432      	add	r2, r6
1a0057aa:	2b07      	cmp	r3, #7
1a0057ac:	f8cb 7000 	str.w	r7, [fp]
1a0057b0:	f8cb 6004 	str.w	r6, [fp, #4]
1a0057b4:	e9cd 3229 	strd	r3, r2, [sp, #164]	; 0xa4
1a0057b8:	f300 80aa 	bgt.w	1a005910 <_vfprintf_r+0x230>
1a0057bc:	f10b 0b08 	add.w	fp, fp, #8
1a0057c0:	9a04      	ldr	r2, [sp, #16]
1a0057c2:	786b      	ldrb	r3, [r5, #1]
1a0057c4:	4432      	add	r2, r6
1a0057c6:	9204      	str	r2, [sp, #16]
1a0057c8:	2b00      	cmp	r3, #0
1a0057ca:	f000 8241 	beq.w	1a005c50 <_vfprintf_r+0x570>
1a0057ce:	2300      	movs	r3, #0
1a0057d0:	f894 8001 	ldrb.w	r8, [r4, #1]
1a0057d4:	9306      	str	r3, [sp, #24]
1a0057d6:	f88d 3083 	strb.w	r3, [sp, #131]	; 0x83
1a0057da:	9302      	str	r3, [sp, #8]
1a0057dc:	f104 0a01 	add.w	sl, r4, #1
1a0057e0:	f04f 39ff 	mov.w	r9, #4294967295
1a0057e4:	262b      	movs	r6, #43	; 0x2b
1a0057e6:	2120      	movs	r1, #32
1a0057e8:	f10a 0a01 	add.w	sl, sl, #1
1a0057ec:	f1a8 0320 	sub.w	r3, r8, #32
1a0057f0:	2b5a      	cmp	r3, #90	; 0x5a
1a0057f2:	f200 83a1 	bhi.w	1a005f38 <_vfprintf_r+0x858>
1a0057f6:	e8df f013 	tbh	[pc, r3, lsl #1]
1a0057fa:	0282      	.short	0x0282
1a0057fc:	039f039f 	.word	0x039f039f
1a005800:	039f027b 	.word	0x039f027b
1a005804:	039f039f 	.word	0x039f039f
1a005808:	039f0301 	.word	0x039f0301
1a00580c:	02f6039f 	.word	0x02f6039f
1a005810:	039f00df 	.word	0x039f00df
1a005814:	032b00c4 	.word	0x032b00c4
1a005818:	0324039f 	.word	0x0324039f
1a00581c:	00960096 	.word	0x00960096
1a005820:	00960096 	.word	0x00960096
1a005824:	00960096 	.word	0x00960096
1a005828:	00960096 	.word	0x00960096
1a00582c:	039f0096 	.word	0x039f0096
1a005830:	039f039f 	.word	0x039f039f
1a005834:	039f039f 	.word	0x039f039f
1a005838:	039f039f 	.word	0x039f039f
1a00583c:	039f0345 	.word	0x039f0345
1a005840:	016201a8 	.word	0x016201a8
1a005844:	03450345 	.word	0x03450345
1a005848:	039f0345 	.word	0x039f0345
1a00584c:	039f039f 	.word	0x039f039f
1a005850:	015b039f 	.word	0x015b039f
1a005854:	039f039f 	.word	0x039f039f
1a005858:	039f014e 	.word	0x039f014e
1a00585c:	039f039f 	.word	0x039f039f
1a005860:	039f0123 	.word	0x039f0123
1a005864:	039f0115 	.word	0x039f0115
1a005868:	00cb039f 	.word	0x00cb039f
1a00586c:	039f039f 	.word	0x039f039f
1a005870:	039f039f 	.word	0x039f039f
1a005874:	039f039f 	.word	0x039f039f
1a005878:	039f039f 	.word	0x039f039f
1a00587c:	039f0345 	.word	0x039f0345
1a005880:	00ef01a8 	.word	0x00ef01a8
1a005884:	03450345 	.word	0x03450345
1a005888:	02700345 	.word	0x02700345
1a00588c:	005b00ef 	.word	0x005b00ef
1a005890:	02eb039f 	.word	0x02eb039f
1a005894:	02d1039f 	.word	0x02d1039f
1a005898:	028c02bd 	.word	0x028c02bd
1a00589c:	039f005b 	.word	0x039f005b
1a0058a0:	005f0123 	.word	0x005f0123
1a0058a4:	039f0387 	.word	0x039f0387
1a0058a8:	00a5039f 	.word	0x00a5039f
1a0058ac:	005f039f 	.word	0x005f039f
1a0058b0:	9b02      	ldr	r3, [sp, #8]
1a0058b2:	f043 0320 	orr.w	r3, r3, #32
1a0058b6:	9302      	str	r3, [sp, #8]
1a0058b8:	f89a 8000 	ldrb.w	r8, [sl]
1a0058bc:	e794      	b.n	1a0057e8 <_vfprintf_r+0x108>
1a0058be:	4649      	mov	r1, r9
1a0058c0:	9805      	ldr	r0, [sp, #20]
1a0058c2:	f001 fcf9 	bl	1a0072b8 <__swsetup_r>
1a0058c6:	2800      	cmp	r0, #0
1a0058c8:	f041 8381 	bne.w	1a006fce <_vfprintf_r+0x18ee>
1a0058cc:	f8b9 300c 	ldrh.w	r3, [r9, #12]
1a0058d0:	f003 021a 	and.w	r2, r3, #26
1a0058d4:	2a0a      	cmp	r2, #10
1a0058d6:	f47f af3d 	bne.w	1a005754 <_vfprintf_r+0x74>
1a0058da:	f9b9 200e 	ldrsh.w	r2, [r9, #14]
1a0058de:	2a00      	cmp	r2, #0
1a0058e0:	f6ff af38 	blt.w	1a005754 <_vfprintf_r+0x74>
1a0058e4:	f8d9 2064 	ldr.w	r2, [r9, #100]	; 0x64
1a0058e8:	07d6      	lsls	r6, r2, #31
1a0058ea:	d402      	bmi.n	1a0058f2 <_vfprintf_r+0x212>
1a0058ec:	059d      	lsls	r5, r3, #22
1a0058ee:	f141 8190 	bpl.w	1a006c12 <_vfprintf_r+0x1532>
1a0058f2:	4623      	mov	r3, r4
1a0058f4:	463a      	mov	r2, r7
1a0058f6:	4649      	mov	r1, r9
1a0058f8:	9805      	ldr	r0, [sp, #20]
1a0058fa:	f001 fc9b 	bl	1a007234 <__sbprintf>
1a0058fe:	9004      	str	r0, [sp, #16]
1a005900:	9804      	ldr	r0, [sp, #16]
1a005902:	b055      	add	sp, #340	; 0x154
1a005904:	e8bd 8ff0 	ldmia.w	sp!, {r4, r5, r6, r7, r8, r9, sl, fp, pc}
1a005908:	1be6      	subs	r6, r4, r7
1a00590a:	f43f af60 	beq.w	1a0057ce <_vfprintf_r+0xee>
1a00590e:	e748      	b.n	1a0057a2 <_vfprintf_r+0xc2>
1a005910:	aa28      	add	r2, sp, #160	; 0xa0
1a005912:	9907      	ldr	r1, [sp, #28]
1a005914:	9805      	ldr	r0, [sp, #20]
1a005916:	f003 fd9b 	bl	1a009450 <__sprint_r>
1a00591a:	2800      	cmp	r0, #0
1a00591c:	f041 8427 	bne.w	1a00716e <_vfprintf_r+0x1a8e>
1a005920:	f10d 0bac 	add.w	fp, sp, #172	; 0xac
1a005924:	e74c      	b.n	1a0057c0 <_vfprintf_r+0xe0>
1a005926:	f1a8 0330 	sub.w	r3, r8, #48	; 0x30
1a00592a:	2200      	movs	r2, #0
1a00592c:	f81a 8b01 	ldrb.w	r8, [sl], #1
1a005930:	eb02 0282 	add.w	r2, r2, r2, lsl #2
1a005934:	eb03 0242 	add.w	r2, r3, r2, lsl #1
1a005938:	f1a8 0330 	sub.w	r3, r8, #48	; 0x30
1a00593c:	2b09      	cmp	r3, #9
1a00593e:	d9f5      	bls.n	1a00592c <_vfprintf_r+0x24c>
1a005940:	9206      	str	r2, [sp, #24]
1a005942:	e753      	b.n	1a0057ec <_vfprintf_r+0x10c>
1a005944:	4b22      	ldr	r3, [pc, #136]	; (1a0059d0 <_vfprintf_r+0x2f0>)
1a005946:	9314      	str	r3, [sp, #80]	; 0x50
1a005948:	9b02      	ldr	r3, [sp, #8]
1a00594a:	069f      	lsls	r7, r3, #26
1a00594c:	d525      	bpl.n	1a00599a <_vfprintf_r+0x2ba>
1a00594e:	9c08      	ldr	r4, [sp, #32]
1a005950:	3407      	adds	r4, #7
1a005952:	f024 0307 	bic.w	r3, r4, #7
1a005956:	e8f3 4502 	ldrd	r4, r5, [r3], #8
1a00595a:	9308      	str	r3, [sp, #32]
1a00595c:	9a02      	ldr	r2, [sp, #8]
1a00595e:	07d1      	lsls	r1, r2, #31
1a005960:	d50a      	bpl.n	1a005978 <_vfprintf_r+0x298>
1a005962:	ea54 0305 	orrs.w	r3, r4, r5
1a005966:	d007      	beq.n	1a005978 <_vfprintf_r+0x298>
1a005968:	2330      	movs	r3, #48	; 0x30
1a00596a:	f042 0202 	orr.w	r2, r2, #2
1a00596e:	f88d 8085 	strb.w	r8, [sp, #133]	; 0x85
1a005972:	9202      	str	r2, [sp, #8]
1a005974:	f88d 3084 	strb.w	r3, [sp, #132]	; 0x84
1a005978:	9b02      	ldr	r3, [sp, #8]
1a00597a:	f423 6680 	bic.w	r6, r3, #1024	; 0x400
1a00597e:	2302      	movs	r3, #2
1a005980:	e1d9      	b.n	1a005d36 <_vfprintf_r+0x656>
1a005982:	f89a 8000 	ldrb.w	r8, [sl]
1a005986:	9b02      	ldr	r3, [sp, #8]
1a005988:	f043 0304 	orr.w	r3, r3, #4
1a00598c:	9302      	str	r3, [sp, #8]
1a00598e:	e72b      	b.n	1a0057e8 <_vfprintf_r+0x108>
1a005990:	4b10      	ldr	r3, [pc, #64]	; (1a0059d4 <_vfprintf_r+0x2f4>)
1a005992:	9314      	str	r3, [sp, #80]	; 0x50
1a005994:	9b02      	ldr	r3, [sp, #8]
1a005996:	069f      	lsls	r7, r3, #26
1a005998:	d4d9      	bmi.n	1a00594e <_vfprintf_r+0x26e>
1a00599a:	9b08      	ldr	r3, [sp, #32]
1a00599c:	f853 4b04 	ldr.w	r4, [r3], #4
1a0059a0:	9308      	str	r3, [sp, #32]
1a0059a2:	9b02      	ldr	r3, [sp, #8]
1a0059a4:	06de      	lsls	r6, r3, #27
1a0059a6:	f100 864f 	bmi.w	1a006648 <_vfprintf_r+0xf68>
1a0059aa:	9b02      	ldr	r3, [sp, #8]
1a0059ac:	065d      	lsls	r5, r3, #25
1a0059ae:	f140 8647 	bpl.w	1a006640 <_vfprintf_r+0xf60>
1a0059b2:	b2a4      	uxth	r4, r4
1a0059b4:	2500      	movs	r5, #0
1a0059b6:	e7d1      	b.n	1a00595c <_vfprintf_r+0x27c>
1a0059b8:	f88d 6083 	strb.w	r6, [sp, #131]	; 0x83
1a0059bc:	f89a 8000 	ldrb.w	r8, [sl]
1a0059c0:	e712      	b.n	1a0057e8 <_vfprintf_r+0x108>
1a0059c2:	bf00      	nop
1a0059c4:	f3af 8000 	nop.w
	...
1a0059d0:	1a009fcc 	.word	0x1a009fcc
1a0059d4:	1a009fe0 	.word	0x1a009fe0
1a0059d8:	9e02      	ldr	r6, [sp, #8]
1a0059da:	06b0      	lsls	r0, r6, #26
1a0059dc:	f140 870b 	bpl.w	1a0067f6 <_vfprintf_r+0x1116>
1a0059e0:	9c08      	ldr	r4, [sp, #32]
1a0059e2:	3407      	adds	r4, #7
1a0059e4:	f024 0307 	bic.w	r3, r4, #7
1a0059e8:	4619      	mov	r1, r3
1a0059ea:	e8f1 2302 	ldrd	r2, r3, [r1], #8
1a0059ee:	9108      	str	r1, [sp, #32]
1a0059f0:	4614      	mov	r4, r2
1a0059f2:	461d      	mov	r5, r3
1a0059f4:	2a00      	cmp	r2, #0
1a0059f6:	f173 0300 	sbcs.w	r3, r3, #0
1a0059fa:	db71      	blt.n	1a005ae0 <_vfprintf_r+0x400>
1a0059fc:	f1b9 3fff 	cmp.w	r9, #4294967295
1a005a00:	f000 82c5 	beq.w	1a005f8e <_vfprintf_r+0x8ae>
1a005a04:	f026 0380 	bic.w	r3, r6, #128	; 0x80
1a005a08:	9302      	str	r3, [sp, #8]
1a005a0a:	ea54 0305 	orrs.w	r3, r4, r5
1a005a0e:	f040 82bd 	bne.w	1a005f8c <_vfprintf_r+0x8ac>
1a005a12:	f1b9 0f00 	cmp.w	r9, #0
1a005a16:	f041 810e 	bne.w	1a006c36 <_vfprintf_r+0x1556>
1a005a1a:	f04f 0900 	mov.w	r9, #0
1a005a1e:	464e      	mov	r6, r9
1a005a20:	af54      	add	r7, sp, #336	; 0x150
1a005a22:	e2bf      	b.n	1a005fa4 <_vfprintf_r+0x8c4>
1a005a24:	9b02      	ldr	r3, [sp, #8]
1a005a26:	069d      	lsls	r5, r3, #26
1a005a28:	f043 0610 	orr.w	r6, r3, #16
1a005a2c:	f100 828f 	bmi.w	1a005f4e <_vfprintf_r+0x86e>
1a005a30:	9b08      	ldr	r3, [sp, #32]
1a005a32:	1d1a      	adds	r2, r3, #4
1a005a34:	9b08      	ldr	r3, [sp, #32]
1a005a36:	9208      	str	r2, [sp, #32]
1a005a38:	681c      	ldr	r4, [r3, #0]
1a005a3a:	2500      	movs	r5, #0
1a005a3c:	2301      	movs	r3, #1
1a005a3e:	e17a      	b.n	1a005d36 <_vfprintf_r+0x656>
1a005a40:	9c08      	ldr	r4, [sp, #32]
1a005a42:	f854 7b04 	ldr.w	r7, [r4], #4
1a005a46:	2500      	movs	r5, #0
1a005a48:	f88d 5083 	strb.w	r5, [sp, #131]	; 0x83
1a005a4c:	2f00      	cmp	r7, #0
1a005a4e:	f000 8737 	beq.w	1a0068c0 <_vfprintf_r+0x11e0>
1a005a52:	f1b9 3fff 	cmp.w	r9, #4294967295
1a005a56:	f000 87bc 	beq.w	1a0069d2 <_vfprintf_r+0x12f2>
1a005a5a:	464a      	mov	r2, r9
1a005a5c:	4629      	mov	r1, r5
1a005a5e:	4638      	mov	r0, r7
1a005a60:	f002 fe56 	bl	1a008710 <memchr>
1a005a64:	9009      	str	r0, [sp, #36]	; 0x24
1a005a66:	2800      	cmp	r0, #0
1a005a68:	f001 824a 	beq.w	1a006f00 <_vfprintf_r+0x1820>
1a005a6c:	9b09      	ldr	r3, [sp, #36]	; 0x24
1a005a6e:	46a9      	mov	r9, r5
1a005a70:	1bde      	subs	r6, r3, r7
1a005a72:	e9cd 990e 	strd	r9, r9, [sp, #56]	; 0x38
1a005a76:	ea26 73e6 	bic.w	r3, r6, r6, asr #31
1a005a7a:	f89d 2083 	ldrb.w	r2, [sp, #131]	; 0x83
1a005a7e:	9408      	str	r4, [sp, #32]
1a005a80:	9303      	str	r3, [sp, #12]
1a005a82:	f8cd 9024 	str.w	r9, [sp, #36]	; 0x24
1a005a86:	f8cd 9030 	str.w	r9, [sp, #48]	; 0x30
1a005a8a:	2a00      	cmp	r2, #0
1a005a8c:	d06f      	beq.n	1a005b6e <_vfprintf_r+0x48e>
1a005a8e:	9b03      	ldr	r3, [sp, #12]
1a005a90:	3301      	adds	r3, #1
1a005a92:	9303      	str	r3, [sp, #12]
1a005a94:	e06b      	b.n	1a005b6e <_vfprintf_r+0x48e>
1a005a96:	9b02      	ldr	r3, [sp, #8]
1a005a98:	069c      	lsls	r4, r3, #26
1a005a9a:	f043 0610 	orr.w	r6, r3, #16
1a005a9e:	f100 825f 	bmi.w	1a005f60 <_vfprintf_r+0x880>
1a005aa2:	9b08      	ldr	r3, [sp, #32]
1a005aa4:	1d1a      	adds	r2, r3, #4
1a005aa6:	9b08      	ldr	r3, [sp, #32]
1a005aa8:	9208      	str	r2, [sp, #32]
1a005aaa:	681c      	ldr	r4, [r3, #0]
1a005aac:	2500      	movs	r5, #0
1a005aae:	e25e      	b.n	1a005f6e <_vfprintf_r+0x88e>
1a005ab0:	9b02      	ldr	r3, [sp, #8]
1a005ab2:	f89a 8000 	ldrb.w	r8, [sl]
1a005ab6:	f043 0308 	orr.w	r3, r3, #8
1a005aba:	9302      	str	r3, [sp, #8]
1a005abc:	e694      	b.n	1a0057e8 <_vfprintf_r+0x108>
1a005abe:	9b02      	ldr	r3, [sp, #8]
1a005ac0:	069c      	lsls	r4, r3, #26
1a005ac2:	f043 0610 	orr.w	r6, r3, #16
1a005ac6:	d48b      	bmi.n	1a0059e0 <_vfprintf_r+0x300>
1a005ac8:	9b08      	ldr	r3, [sp, #32]
1a005aca:	1d1a      	adds	r2, r3, #4
1a005acc:	9b08      	ldr	r3, [sp, #32]
1a005ace:	9208      	str	r2, [sp, #32]
1a005ad0:	681c      	ldr	r4, [r3, #0]
1a005ad2:	17e5      	asrs	r5, r4, #31
1a005ad4:	4622      	mov	r2, r4
1a005ad6:	462b      	mov	r3, r5
1a005ad8:	2a00      	cmp	r2, #0
1a005ada:	f173 0300 	sbcs.w	r3, r3, #0
1a005ade:	da8d      	bge.n	1a0059fc <_vfprintf_r+0x31c>
1a005ae0:	4264      	negs	r4, r4
1a005ae2:	f04f 032d 	mov.w	r3, #45	; 0x2d
1a005ae6:	eb65 0545 	sbc.w	r5, r5, r5, lsl #1
1a005aea:	f1b9 3fff 	cmp.w	r9, #4294967295
1a005aee:	f88d 3083 	strb.w	r3, [sp, #131]	; 0x83
1a005af2:	f04f 0301 	mov.w	r3, #1
1a005af6:	f040 8125 	bne.w	1a005d44 <_vfprintf_r+0x664>
1a005afa:	2b01      	cmp	r3, #1
1a005afc:	f000 8247 	beq.w	1a005f8e <_vfprintf_r+0x8ae>
1a005b00:	2b02      	cmp	r3, #2
1a005b02:	f000 8479 	beq.w	1a0063f8 <_vfprintf_r+0xd18>
1a005b06:	a954      	add	r1, sp, #336	; 0x150
1a005b08:	e000      	b.n	1a005b0c <_vfprintf_r+0x42c>
1a005b0a:	4639      	mov	r1, r7
1a005b0c:	08e2      	lsrs	r2, r4, #3
1a005b0e:	ea42 7245 	orr.w	r2, r2, r5, lsl #29
1a005b12:	08e8      	lsrs	r0, r5, #3
1a005b14:	f004 0307 	and.w	r3, r4, #7
1a005b18:	4605      	mov	r5, r0
1a005b1a:	4614      	mov	r4, r2
1a005b1c:	3330      	adds	r3, #48	; 0x30
1a005b1e:	ea54 0205 	orrs.w	r2, r4, r5
1a005b22:	f801 3c01 	strb.w	r3, [r1, #-1]
1a005b26:	f101 37ff 	add.w	r7, r1, #4294967295
1a005b2a:	d1ee      	bne.n	1a005b0a <_vfprintf_r+0x42a>
1a005b2c:	07f2      	lsls	r2, r6, #31
1a005b2e:	f140 8288 	bpl.w	1a006042 <_vfprintf_r+0x962>
1a005b32:	2b30      	cmp	r3, #48	; 0x30
1a005b34:	f000 8285 	beq.w	1a006042 <_vfprintf_r+0x962>
1a005b38:	2330      	movs	r3, #48	; 0x30
1a005b3a:	3902      	subs	r1, #2
1a005b3c:	f807 3c01 	strb.w	r3, [r7, #-1]
1a005b40:	ab54      	add	r3, sp, #336	; 0x150
1a005b42:	9602      	str	r6, [sp, #8]
1a005b44:	460f      	mov	r7, r1
1a005b46:	1a5e      	subs	r6, r3, r1
1a005b48:	e22c      	b.n	1a005fa4 <_vfprintf_r+0x8c4>
1a005b4a:	9c08      	ldr	r4, [sp, #32]
1a005b4c:	2300      	movs	r3, #0
1a005b4e:	f854 2b04 	ldr.w	r2, [r4], #4
1a005b52:	f88d 20ec 	strb.w	r2, [sp, #236]	; 0xec
1a005b56:	2601      	movs	r6, #1
1a005b58:	461a      	mov	r2, r3
1a005b5a:	9603      	str	r6, [sp, #12]
1a005b5c:	9408      	str	r4, [sp, #32]
1a005b5e:	e9cd 220e 	strd	r2, r2, [sp, #56]	; 0x38
1a005b62:	f88d 3083 	strb.w	r3, [sp, #131]	; 0x83
1a005b66:	9209      	str	r2, [sp, #36]	; 0x24
1a005b68:	4691      	mov	r9, r2
1a005b6a:	920c      	str	r2, [sp, #48]	; 0x30
1a005b6c:	af3b      	add	r7, sp, #236	; 0xec
1a005b6e:	9b02      	ldr	r3, [sp, #8]
1a005b70:	f013 0302 	ands.w	r3, r3, #2
1a005b74:	930a      	str	r3, [sp, #40]	; 0x28
1a005b76:	d002      	beq.n	1a005b7e <_vfprintf_r+0x49e>
1a005b78:	9b03      	ldr	r3, [sp, #12]
1a005b7a:	3302      	adds	r3, #2
1a005b7c:	9303      	str	r3, [sp, #12]
1a005b7e:	9b02      	ldr	r3, [sp, #8]
1a005b80:	9c2a      	ldr	r4, [sp, #168]	; 0xa8
1a005b82:	f013 0384 	ands.w	r3, r3, #132	; 0x84
1a005b86:	930b      	str	r3, [sp, #44]	; 0x2c
1a005b88:	d104      	bne.n	1a005b94 <_vfprintf_r+0x4b4>
1a005b8a:	9b06      	ldr	r3, [sp, #24]
1a005b8c:	9903      	ldr	r1, [sp, #12]
1a005b8e:	1a5d      	subs	r5, r3, r1
1a005b90:	2d00      	cmp	r5, #0
1a005b92:	dc66      	bgt.n	1a005c62 <_vfprintf_r+0x582>
1a005b94:	b172      	cbz	r2, 1a005bb4 <_vfprintf_r+0x4d4>
1a005b96:	9a29      	ldr	r2, [sp, #164]	; 0xa4
1a005b98:	3201      	adds	r2, #1
1a005b9a:	3401      	adds	r4, #1
1a005b9c:	f10d 0083 	add.w	r0, sp, #131	; 0x83
1a005ba0:	2101      	movs	r1, #1
1a005ba2:	2a07      	cmp	r2, #7
1a005ba4:	e9cd 2429 	strd	r2, r4, [sp, #164]	; 0xa4
1a005ba8:	e9cb 0100 	strd	r0, r1, [fp]
1a005bac:	f300 83b1 	bgt.w	1a006312 <_vfprintf_r+0xc32>
1a005bb0:	f10b 0b08 	add.w	fp, fp, #8
1a005bb4:	9b0a      	ldr	r3, [sp, #40]	; 0x28
1a005bb6:	b16b      	cbz	r3, 1a005bd4 <_vfprintf_r+0x4f4>
1a005bb8:	9b29      	ldr	r3, [sp, #164]	; 0xa4
1a005bba:	3301      	adds	r3, #1
1a005bbc:	3402      	adds	r4, #2
1a005bbe:	a921      	add	r1, sp, #132	; 0x84
1a005bc0:	2202      	movs	r2, #2
1a005bc2:	2b07      	cmp	r3, #7
1a005bc4:	e9cd 3429 	strd	r3, r4, [sp, #164]	; 0xa4
1a005bc8:	e9cb 1200 	strd	r1, r2, [fp]
1a005bcc:	f300 83ad 	bgt.w	1a00632a <_vfprintf_r+0xc4a>
1a005bd0:	f10b 0b08 	add.w	fp, fp, #8
1a005bd4:	9b0b      	ldr	r3, [sp, #44]	; 0x2c
1a005bd6:	2b80      	cmp	r3, #128	; 0x80
1a005bd8:	f000 8295 	beq.w	1a006106 <_vfprintf_r+0xa26>
1a005bdc:	eba9 0506 	sub.w	r5, r9, r6
1a005be0:	2d00      	cmp	r5, #0
1a005be2:	f300 82d3 	bgt.w	1a00618c <_vfprintf_r+0xaac>
1a005be6:	9b02      	ldr	r3, [sp, #8]
1a005be8:	05db      	lsls	r3, r3, #23
1a005bea:	f100 822e 	bmi.w	1a00604a <_vfprintf_r+0x96a>
1a005bee:	9b29      	ldr	r3, [sp, #164]	; 0xa4
1a005bf0:	f8cb 7000 	str.w	r7, [fp]
1a005bf4:	3301      	adds	r3, #1
1a005bf6:	4434      	add	r4, r6
1a005bf8:	2b07      	cmp	r3, #7
1a005bfa:	942a      	str	r4, [sp, #168]	; 0xa8
1a005bfc:	f8cb 6004 	str.w	r6, [fp, #4]
1a005c00:	9329      	str	r3, [sp, #164]	; 0xa4
1a005c02:	f300 8325 	bgt.w	1a006250 <_vfprintf_r+0xb70>
1a005c06:	f10b 0b08 	add.w	fp, fp, #8
1a005c0a:	9b02      	ldr	r3, [sp, #8]
1a005c0c:	075d      	lsls	r5, r3, #29
1a005c0e:	d505      	bpl.n	1a005c1c <_vfprintf_r+0x53c>
1a005c10:	9b06      	ldr	r3, [sp, #24]
1a005c12:	9a03      	ldr	r2, [sp, #12]
1a005c14:	1a9d      	subs	r5, r3, r2
1a005c16:	2d00      	cmp	r5, #0
1a005c18:	f300 83ae 	bgt.w	1a006378 <_vfprintf_r+0xc98>
1a005c1c:	9b04      	ldr	r3, [sp, #16]
1a005c1e:	9a06      	ldr	r2, [sp, #24]
1a005c20:	9903      	ldr	r1, [sp, #12]
1a005c22:	428a      	cmp	r2, r1
1a005c24:	bfac      	ite	ge
1a005c26:	189b      	addge	r3, r3, r2
1a005c28:	185b      	addlt	r3, r3, r1
1a005c2a:	9304      	str	r3, [sp, #16]
1a005c2c:	2c00      	cmp	r4, #0
1a005c2e:	f040 82e7 	bne.w	1a006200 <_vfprintf_r+0xb20>
1a005c32:	2300      	movs	r3, #0
1a005c34:	9329      	str	r3, [sp, #164]	; 0xa4
1a005c36:	9b09      	ldr	r3, [sp, #36]	; 0x24
1a005c38:	b11b      	cbz	r3, 1a005c42 <_vfprintf_r+0x562>
1a005c3a:	9909      	ldr	r1, [sp, #36]	; 0x24
1a005c3c:	9805      	ldr	r0, [sp, #20]
1a005c3e:	f7fd f9dd 	bl	1a002ffc <_free_r>
1a005c42:	f10d 0bac 	add.w	fp, sp, #172	; 0xac
1a005c46:	4657      	mov	r7, sl
1a005c48:	783b      	ldrb	r3, [r7, #0]
1a005c4a:	2b00      	cmp	r3, #0
1a005c4c:	f47f ad99 	bne.w	1a005782 <_vfprintf_r+0xa2>
1a005c50:	9b2a      	ldr	r3, [sp, #168]	; 0xa8
1a005c52:	f8dd 901c 	ldr.w	r9, [sp, #28]
1a005c56:	2b00      	cmp	r3, #0
1a005c58:	f040 86f5 	bne.w	1a006a46 <_vfprintf_r+0x1366>
1a005c5c:	2300      	movs	r3, #0
1a005c5e:	9329      	str	r3, [sp, #164]	; 0xa4
1a005c60:	e375      	b.n	1a00634e <_vfprintf_r+0xc6e>
1a005c62:	2d10      	cmp	r5, #16
1a005c64:	9a29      	ldr	r2, [sp, #164]	; 0xa4
1a005c66:	dd29      	ble.n	1a005cbc <_vfprintf_r+0x5dc>
1a005c68:	4659      	mov	r1, fp
1a005c6a:	4620      	mov	r0, r4
1a005c6c:	961e      	str	r6, [sp, #120]	; 0x78
1a005c6e:	2310      	movs	r3, #16
1a005c70:	9c05      	ldr	r4, [sp, #20]
1a005c72:	9e07      	ldr	r6, [sp, #28]
1a005c74:	46bb      	mov	fp, r7
1a005c76:	e004      	b.n	1a005c82 <_vfprintf_r+0x5a2>
1a005c78:	3d10      	subs	r5, #16
1a005c7a:	2d10      	cmp	r5, #16
1a005c7c:	f101 0108 	add.w	r1, r1, #8
1a005c80:	dd18      	ble.n	1a005cb4 <_vfprintf_r+0x5d4>
1a005c82:	3201      	adds	r2, #1
1a005c84:	4fbc      	ldr	r7, [pc, #752]	; (1a005f78 <_vfprintf_r+0x898>)
1a005c86:	3010      	adds	r0, #16
1a005c88:	2a07      	cmp	r2, #7
1a005c8a:	e9cd 2029 	strd	r2, r0, [sp, #164]	; 0xa4
1a005c8e:	e9c1 7300 	strd	r7, r3, [r1]
1a005c92:	ddf1      	ble.n	1a005c78 <_vfprintf_r+0x598>
1a005c94:	aa28      	add	r2, sp, #160	; 0xa0
1a005c96:	4631      	mov	r1, r6
1a005c98:	4620      	mov	r0, r4
1a005c9a:	f003 fbd9 	bl	1a009450 <__sprint_r>
1a005c9e:	2800      	cmp	r0, #0
1a005ca0:	f040 834f 	bne.w	1a006342 <_vfprintf_r+0xc62>
1a005ca4:	3d10      	subs	r5, #16
1a005ca6:	2d10      	cmp	r5, #16
1a005ca8:	e9dd 2029 	ldrd	r2, r0, [sp, #164]	; 0xa4
1a005cac:	a92b      	add	r1, sp, #172	; 0xac
1a005cae:	f04f 0310 	mov.w	r3, #16
1a005cb2:	dce6      	bgt.n	1a005c82 <_vfprintf_r+0x5a2>
1a005cb4:	9e1e      	ldr	r6, [sp, #120]	; 0x78
1a005cb6:	465f      	mov	r7, fp
1a005cb8:	4604      	mov	r4, r0
1a005cba:	468b      	mov	fp, r1
1a005cbc:	3201      	adds	r2, #1
1a005cbe:	4bae      	ldr	r3, [pc, #696]	; (1a005f78 <_vfprintf_r+0x898>)
1a005cc0:	442c      	add	r4, r5
1a005cc2:	2a07      	cmp	r2, #7
1a005cc4:	e9cd 2429 	strd	r2, r4, [sp, #164]	; 0xa4
1a005cc8:	e9cb 3500 	strd	r3, r5, [fp]
1a005ccc:	f300 862a 	bgt.w	1a006924 <_vfprintf_r+0x1244>
1a005cd0:	f10b 0b08 	add.w	fp, fp, #8
1a005cd4:	f89d 2083 	ldrb.w	r2, [sp, #131]	; 0x83
1a005cd8:	e75c      	b.n	1a005b94 <_vfprintf_r+0x4b4>
1a005cda:	f89a 8000 	ldrb.w	r8, [sl]
1a005cde:	9b02      	ldr	r3, [sp, #8]
1a005ce0:	f1b8 0f68 	cmp.w	r8, #104	; 0x68
1a005ce4:	f000 85e3 	beq.w	1a0068ae <_vfprintf_r+0x11ce>
1a005ce8:	f043 0340 	orr.w	r3, r3, #64	; 0x40
1a005cec:	9302      	str	r3, [sp, #8]
1a005cee:	e57b      	b.n	1a0057e8 <_vfprintf_r+0x108>
1a005cf0:	9b02      	ldr	r3, [sp, #8]
1a005cf2:	f89a 8000 	ldrb.w	r8, [sl]
1a005cf6:	f043 0301 	orr.w	r3, r3, #1
1a005cfa:	9302      	str	r3, [sp, #8]
1a005cfc:	e574      	b.n	1a0057e8 <_vfprintf_r+0x108>
1a005cfe:	f89d 3083 	ldrb.w	r3, [sp, #131]	; 0x83
1a005d02:	f89a 8000 	ldrb.w	r8, [sl]
1a005d06:	2b00      	cmp	r3, #0
1a005d08:	f47f ad6e 	bne.w	1a0057e8 <_vfprintf_r+0x108>
1a005d0c:	f88d 1083 	strb.w	r1, [sp, #131]	; 0x83
1a005d10:	e56a      	b.n	1a0057e8 <_vfprintf_r+0x108>
1a005d12:	9c08      	ldr	r4, [sp, #32]
1a005d14:	f647 0230 	movw	r2, #30768	; 0x7830
1a005d18:	f854 3b04 	ldr.w	r3, [r4], #4
1a005d1c:	f8ad 2084 	strh.w	r2, [sp, #132]	; 0x84
1a005d20:	9a02      	ldr	r2, [sp, #8]
1a005d22:	9408      	str	r4, [sp, #32]
1a005d24:	461c      	mov	r4, r3
1a005d26:	4b95      	ldr	r3, [pc, #596]	; (1a005f7c <_vfprintf_r+0x89c>)
1a005d28:	9314      	str	r3, [sp, #80]	; 0x50
1a005d2a:	f042 0602 	orr.w	r6, r2, #2
1a005d2e:	2500      	movs	r5, #0
1a005d30:	2302      	movs	r3, #2
1a005d32:	f04f 0878 	mov.w	r8, #120	; 0x78
1a005d36:	2200      	movs	r2, #0
1a005d38:	f1b9 3fff 	cmp.w	r9, #4294967295
1a005d3c:	f88d 2083 	strb.w	r2, [sp, #131]	; 0x83
1a005d40:	f43f aedb 	beq.w	1a005afa <_vfprintf_r+0x41a>
1a005d44:	f026 0280 	bic.w	r2, r6, #128	; 0x80
1a005d48:	9202      	str	r2, [sp, #8]
1a005d4a:	ea54 0205 	orrs.w	r2, r4, r5
1a005d4e:	f040 82dd 	bne.w	1a00630c <_vfprintf_r+0xc2c>
1a005d52:	f1b9 0f00 	cmp.w	r9, #0
1a005d56:	f040 8348 	bne.w	1a0063ea <_vfprintf_r+0xd0a>
1a005d5a:	2b00      	cmp	r3, #0
1a005d5c:	f47f ae5d 	bne.w	1a005a1a <_vfprintf_r+0x33a>
1a005d60:	f016 0601 	ands.w	r6, r6, #1
1a005d64:	f000 846a 	beq.w	1a00663c <_vfprintf_r+0xf5c>
1a005d68:	2330      	movs	r3, #48	; 0x30
1a005d6a:	f88d 314f 	strb.w	r3, [sp, #335]	; 0x14f
1a005d6e:	f20d 174f 	addw	r7, sp, #335	; 0x14f
1a005d72:	e117      	b.n	1a005fa4 <_vfprintf_r+0x8c4>
1a005d74:	9e02      	ldr	r6, [sp, #8]
1a005d76:	06b0      	lsls	r0, r6, #26
1a005d78:	f100 80f2 	bmi.w	1a005f60 <_vfprintf_r+0x880>
1a005d7c:	9b02      	ldr	r3, [sp, #8]
1a005d7e:	9a08      	ldr	r2, [sp, #32]
1a005d80:	06d9      	lsls	r1, r3, #27
1a005d82:	f852 4b04 	ldr.w	r4, [r2], #4
1a005d86:	f101 8243 	bmi.w	1a007210 <_vfprintf_r+0x1b30>
1a005d8a:	9e02      	ldr	r6, [sp, #8]
1a005d8c:	4633      	mov	r3, r6
1a005d8e:	065b      	lsls	r3, r3, #25
1a005d90:	f140 8635 	bpl.w	1a0069fe <_vfprintf_r+0x131e>
1a005d94:	9208      	str	r2, [sp, #32]
1a005d96:	b2a4      	uxth	r4, r4
1a005d98:	2500      	movs	r5, #0
1a005d9a:	e0e8      	b.n	1a005f6e <_vfprintf_r+0x88e>
1a005d9c:	9902      	ldr	r1, [sp, #8]
1a005d9e:	9a08      	ldr	r2, [sp, #32]
1a005da0:	0689      	lsls	r1, r1, #26
1a005da2:	f102 0304 	add.w	r3, r2, #4
1a005da6:	f100 8452 	bmi.w	1a00664e <_vfprintf_r+0xf6e>
1a005daa:	9a02      	ldr	r2, [sp, #8]
1a005dac:	06d7      	lsls	r7, r2, #27
1a005dae:	f100 85e1 	bmi.w	1a006974 <_vfprintf_r+0x1294>
1a005db2:	9a02      	ldr	r2, [sp, #8]
1a005db4:	0656      	lsls	r6, r2, #25
1a005db6:	f100 8664 	bmi.w	1a006a82 <_vfprintf_r+0x13a2>
1a005dba:	9a02      	ldr	r2, [sp, #8]
1a005dbc:	0595      	lsls	r5, r2, #22
1a005dbe:	f140 85d9 	bpl.w	1a006974 <_vfprintf_r+0x1294>
1a005dc2:	9a08      	ldr	r2, [sp, #32]
1a005dc4:	9308      	str	r3, [sp, #32]
1a005dc6:	6812      	ldr	r2, [r2, #0]
1a005dc8:	9b04      	ldr	r3, [sp, #16]
1a005dca:	7013      	strb	r3, [r2, #0]
1a005dcc:	4657      	mov	r7, sl
1a005dce:	e73b      	b.n	1a005c48 <_vfprintf_r+0x568>
1a005dd0:	f89a 8000 	ldrb.w	r8, [sl]
1a005dd4:	9b02      	ldr	r3, [sp, #8]
1a005dd6:	f1b8 0f6c 	cmp.w	r8, #108	; 0x6c
1a005dda:	f000 855f 	beq.w	1a00689c <_vfprintf_r+0x11bc>
1a005dde:	f043 0310 	orr.w	r3, r3, #16
1a005de2:	9302      	str	r3, [sp, #8]
1a005de4:	e500      	b.n	1a0057e8 <_vfprintf_r+0x108>
1a005de6:	9b08      	ldr	r3, [sp, #32]
1a005de8:	f89a 8000 	ldrb.w	r8, [sl]
1a005dec:	f853 2b04 	ldr.w	r2, [r3], #4
1a005df0:	9206      	str	r2, [sp, #24]
1a005df2:	2a00      	cmp	r2, #0
1a005df4:	f2c0 8513 	blt.w	1a00681e <_vfprintf_r+0x113e>
1a005df8:	9308      	str	r3, [sp, #32]
1a005dfa:	e4f5      	b.n	1a0057e8 <_vfprintf_r+0x108>
1a005dfc:	9d05      	ldr	r5, [sp, #20]
1a005dfe:	4628      	mov	r0, r5
1a005e00:	f002 fc04 	bl	1a00860c <_localeconv_r>
1a005e04:	6843      	ldr	r3, [r0, #4]
1a005e06:	9317      	str	r3, [sp, #92]	; 0x5c
1a005e08:	4618      	mov	r0, r3
1a005e0a:	f7fd fed9 	bl	1a003bc0 <strlen>
1a005e0e:	9019      	str	r0, [sp, #100]	; 0x64
1a005e10:	4604      	mov	r4, r0
1a005e12:	4628      	mov	r0, r5
1a005e14:	f002 fbfa 	bl	1a00860c <_localeconv_r>
1a005e18:	6883      	ldr	r3, [r0, #8]
1a005e1a:	9318      	str	r3, [sp, #96]	; 0x60
1a005e1c:	2120      	movs	r1, #32
1a005e1e:	2c00      	cmp	r4, #0
1a005e20:	f43f ad4a 	beq.w	1a0058b8 <_vfprintf_r+0x1d8>
1a005e24:	9b18      	ldr	r3, [sp, #96]	; 0x60
1a005e26:	f89a 8000 	ldrb.w	r8, [sl]
1a005e2a:	2b00      	cmp	r3, #0
1a005e2c:	f43f acdc 	beq.w	1a0057e8 <_vfprintf_r+0x108>
1a005e30:	781b      	ldrb	r3, [r3, #0]
1a005e32:	2b00      	cmp	r3, #0
1a005e34:	f43f acd8 	beq.w	1a0057e8 <_vfprintf_r+0x108>
1a005e38:	9b02      	ldr	r3, [sp, #8]
1a005e3a:	f443 6380 	orr.w	r3, r3, #1024	; 0x400
1a005e3e:	9302      	str	r3, [sp, #8]
1a005e40:	e4d2      	b.n	1a0057e8 <_vfprintf_r+0x108>
1a005e42:	9b02      	ldr	r3, [sp, #8]
1a005e44:	f89a 8000 	ldrb.w	r8, [sl]
1a005e48:	f043 0380 	orr.w	r3, r3, #128	; 0x80
1a005e4c:	9302      	str	r3, [sp, #8]
1a005e4e:	e4cb      	b.n	1a0057e8 <_vfprintf_r+0x108>
1a005e50:	4652      	mov	r2, sl
1a005e52:	f812 8b01 	ldrb.w	r8, [r2], #1
1a005e56:	f1b8 0f2a 	cmp.w	r8, #42	; 0x2a
1a005e5a:	f001 81be 	beq.w	1a0071da <_vfprintf_r+0x1afa>
1a005e5e:	f1a8 0330 	sub.w	r3, r8, #48	; 0x30
1a005e62:	2b09      	cmp	r3, #9
1a005e64:	4692      	mov	sl, r2
1a005e66:	f04f 0900 	mov.w	r9, #0
1a005e6a:	f63f acbf 	bhi.w	1a0057ec <_vfprintf_r+0x10c>
1a005e6e:	f81a 8b01 	ldrb.w	r8, [sl], #1
1a005e72:	eb09 0989 	add.w	r9, r9, r9, lsl #2
1a005e76:	eb03 0949 	add.w	r9, r3, r9, lsl #1
1a005e7a:	f1a8 0330 	sub.w	r3, r8, #48	; 0x30
1a005e7e:	2b09      	cmp	r3, #9
1a005e80:	d9f5      	bls.n	1a005e6e <_vfprintf_r+0x78e>
1a005e82:	e4b3      	b.n	1a0057ec <_vfprintf_r+0x10c>
1a005e84:	9c08      	ldr	r4, [sp, #32]
1a005e86:	3407      	adds	r4, #7
1a005e88:	f024 0307 	bic.w	r3, r4, #7
1a005e8c:	ecb3 7b02 	vldmia	r3!, {d7}
1a005e90:	ec55 4b17 	vmov	r4, r5, d7
1a005e94:	9308      	str	r3, [sp, #32]
1a005e96:	f025 4300 	bic.w	r3, r5, #2147483648	; 0x80000000
1a005e9a:	931b      	str	r3, [sp, #108]	; 0x6c
1a005e9c:	ed8d 7a1a 	vstr	s14, [sp, #104]	; 0x68
1a005ea0:	e9dd 011a 	ldrd	r0, r1, [sp, #104]	; 0x68
1a005ea4:	f04f 32ff 	mov.w	r2, #4294967295
1a005ea8:	4b35      	ldr	r3, [pc, #212]	; (1a005f80 <_vfprintf_r+0x8a0>)
1a005eaa:	ed8d 7b10 	vstr	d7, [sp, #64]	; 0x40
1a005eae:	f7fc fcf5 	bl	1a00289c <__aeabi_dcmpun>
1a005eb2:	2800      	cmp	r0, #0
1a005eb4:	f040 83dc 	bne.w	1a006670 <_vfprintf_r+0xf90>
1a005eb8:	f04f 32ff 	mov.w	r2, #4294967295
1a005ebc:	4b30      	ldr	r3, [pc, #192]	; (1a005f80 <_vfprintf_r+0x8a0>)
1a005ebe:	e9dd 011a 	ldrd	r0, r1, [sp, #104]	; 0x68
1a005ec2:	f7fc fccd 	bl	1a002860 <__aeabi_dcmple>
1a005ec6:	2800      	cmp	r0, #0
1a005ec8:	f040 83d2 	bne.w	1a006670 <_vfprintf_r+0xf90>
1a005ecc:	2200      	movs	r2, #0
1a005ece:	2300      	movs	r3, #0
1a005ed0:	4620      	mov	r0, r4
1a005ed2:	4629      	mov	r1, r5
1a005ed4:	f7fc fcba 	bl	1a00284c <__aeabi_dcmplt>
1a005ed8:	2800      	cmp	r0, #0
1a005eda:	f040 8780 	bne.w	1a006dde <_vfprintf_r+0x16fe>
1a005ede:	f89d 2083 	ldrb.w	r2, [sp, #131]	; 0x83
1a005ee2:	4f28      	ldr	r7, [pc, #160]	; (1a005f84 <_vfprintf_r+0x8a4>)
1a005ee4:	4b28      	ldr	r3, [pc, #160]	; (1a005f88 <_vfprintf_r+0x8a8>)
1a005ee6:	9802      	ldr	r0, [sp, #8]
1a005ee8:	2100      	movs	r1, #0
1a005eea:	2603      	movs	r6, #3
1a005eec:	f020 0080 	bic.w	r0, r0, #128	; 0x80
1a005ef0:	9603      	str	r6, [sp, #12]
1a005ef2:	9109      	str	r1, [sp, #36]	; 0x24
1a005ef4:	9002      	str	r0, [sp, #8]
1a005ef6:	f1b8 0f47 	cmp.w	r8, #71	; 0x47
1a005efa:	bfc8      	it	gt
1a005efc:	461f      	movgt	r7, r3
1a005efe:	4689      	mov	r9, r1
1a005f00:	910c      	str	r1, [sp, #48]	; 0x30
1a005f02:	e9cd 110e 	strd	r1, r1, [sp, #56]	; 0x38
1a005f06:	e5c0      	b.n	1a005a8a <_vfprintf_r+0x3aa>
1a005f08:	9e02      	ldr	r6, [sp, #8]
1a005f0a:	06b4      	lsls	r4, r6, #26
1a005f0c:	d41f      	bmi.n	1a005f4e <_vfprintf_r+0x86e>
1a005f0e:	9b02      	ldr	r3, [sp, #8]
1a005f10:	9a08      	ldr	r2, [sp, #32]
1a005f12:	06d8      	lsls	r0, r3, #27
1a005f14:	f852 4b04 	ldr.w	r4, [r2], #4
1a005f18:	f101 8174 	bmi.w	1a007204 <_vfprintf_r+0x1b24>
1a005f1c:	9e02      	ldr	r6, [sp, #8]
1a005f1e:	0671      	lsls	r1, r6, #25
1a005f20:	f140 8577 	bpl.w	1a006a12 <_vfprintf_r+0x1332>
1a005f24:	9208      	str	r2, [sp, #32]
1a005f26:	b2a4      	uxth	r4, r4
1a005f28:	2500      	movs	r5, #0
1a005f2a:	2301      	movs	r3, #1
1a005f2c:	e703      	b.n	1a005d36 <_vfprintf_r+0x656>
1a005f2e:	9805      	ldr	r0, [sp, #20]
1a005f30:	f7fc ffde 	bl	1a002ef0 <__sinit>
1a005f34:	f7ff bbea 	b.w	1a00570c <_vfprintf_r+0x2c>
1a005f38:	f1b8 0f00 	cmp.w	r8, #0
1a005f3c:	f43f ae88 	beq.w	1a005c50 <_vfprintf_r+0x570>
1a005f40:	2300      	movs	r3, #0
1a005f42:	2601      	movs	r6, #1
1a005f44:	461a      	mov	r2, r3
1a005f46:	9603      	str	r6, [sp, #12]
1a005f48:	f88d 80ec 	strb.w	r8, [sp, #236]	; 0xec
1a005f4c:	e607      	b.n	1a005b5e <_vfprintf_r+0x47e>
1a005f4e:	9c08      	ldr	r4, [sp, #32]
1a005f50:	3407      	adds	r4, #7
1a005f52:	f024 0307 	bic.w	r3, r4, #7
1a005f56:	e8f3 4502 	ldrd	r4, r5, [r3], #8
1a005f5a:	9308      	str	r3, [sp, #32]
1a005f5c:	2301      	movs	r3, #1
1a005f5e:	e6ea      	b.n	1a005d36 <_vfprintf_r+0x656>
1a005f60:	9c08      	ldr	r4, [sp, #32]
1a005f62:	3407      	adds	r4, #7
1a005f64:	f024 0307 	bic.w	r3, r4, #7
1a005f68:	e8f3 4502 	ldrd	r4, r5, [r3], #8
1a005f6c:	9308      	str	r3, [sp, #32]
1a005f6e:	f426 6680 	bic.w	r6, r6, #1024	; 0x400
1a005f72:	2300      	movs	r3, #0
1a005f74:	e6df      	b.n	1a005d36 <_vfprintf_r+0x656>
1a005f76:	bf00      	nop
1a005f78:	1a00a020 	.word	0x1a00a020
1a005f7c:	1a009fcc 	.word	0x1a009fcc
1a005f80:	7fefffff 	.word	0x7fefffff
1a005f84:	1a009fbc 	.word	0x1a009fbc
1a005f88:	1a009fc0 	.word	0x1a009fc0
1a005f8c:	9e02      	ldr	r6, [sp, #8]
1a005f8e:	2d00      	cmp	r5, #0
1a005f90:	bf08      	it	eq
1a005f92:	2c0a      	cmpeq	r4, #10
1a005f94:	d213      	bcs.n	1a005fbe <_vfprintf_r+0x8de>
1a005f96:	3430      	adds	r4, #48	; 0x30
1a005f98:	9602      	str	r6, [sp, #8]
1a005f9a:	f88d 414f 	strb.w	r4, [sp, #335]	; 0x14f
1a005f9e:	2601      	movs	r6, #1
1a005fa0:	f20d 174f 	addw	r7, sp, #335	; 0x14f
1a005fa4:	2300      	movs	r3, #0
1a005fa6:	454e      	cmp	r6, r9
1a005fa8:	9309      	str	r3, [sp, #36]	; 0x24
1a005faa:	930c      	str	r3, [sp, #48]	; 0x30
1a005fac:	e9cd 330e 	strd	r3, r3, [sp, #56]	; 0x38
1a005fb0:	4633      	mov	r3, r6
1a005fb2:	bfb8      	it	lt
1a005fb4:	464b      	movlt	r3, r9
1a005fb6:	f89d 2083 	ldrb.w	r2, [sp, #131]	; 0x83
1a005fba:	9303      	str	r3, [sp, #12]
1a005fbc:	e565      	b.n	1a005a8a <_vfprintf_r+0x3aa>
1a005fbe:	f406 6380 	and.w	r3, r6, #1024	; 0x400
1a005fc2:	2200      	movs	r2, #0
1a005fc4:	e9cd a802 	strd	sl, r8, [sp, #8]
1a005fc8:	f8cd b024 	str.w	fp, [sp, #36]	; 0x24
1a005fcc:	af54      	add	r7, sp, #336	; 0x150
1a005fce:	46cb      	mov	fp, r9
1a005fd0:	4692      	mov	sl, r2
1a005fd2:	46b1      	mov	r9, r6
1a005fd4:	f8dd 8060 	ldr.w	r8, [sp, #96]	; 0x60
1a005fd8:	461e      	mov	r6, r3
1a005fda:	e007      	b.n	1a005fec <_vfprintf_r+0x90c>
1a005fdc:	f7fc fc9c 	bl	1a002918 <__aeabi_uldivmod>
1a005fe0:	2d00      	cmp	r5, #0
1a005fe2:	bf08      	it	eq
1a005fe4:	2c0a      	cmpeq	r4, #10
1a005fe6:	d320      	bcc.n	1a00602a <_vfprintf_r+0x94a>
1a005fe8:	4604      	mov	r4, r0
1a005fea:	460d      	mov	r5, r1
1a005fec:	220a      	movs	r2, #10
1a005fee:	2300      	movs	r3, #0
1a005ff0:	4620      	mov	r0, r4
1a005ff2:	4629      	mov	r1, r5
1a005ff4:	f7fc fc90 	bl	1a002918 <__aeabi_uldivmod>
1a005ff8:	f102 0c30 	add.w	ip, r2, #48	; 0x30
1a005ffc:	f807 cc01 	strb.w	ip, [r7, #-1]
1a006000:	4620      	mov	r0, r4
1a006002:	4629      	mov	r1, r5
1a006004:	220a      	movs	r2, #10
1a006006:	2300      	movs	r3, #0
1a006008:	f10a 0a01 	add.w	sl, sl, #1
1a00600c:	3f01      	subs	r7, #1
1a00600e:	2e00      	cmp	r6, #0
1a006010:	d0e4      	beq.n	1a005fdc <_vfprintf_r+0x8fc>
1a006012:	f898 c000 	ldrb.w	ip, [r8]
1a006016:	45e2      	cmp	sl, ip
1a006018:	d1e0      	bne.n	1a005fdc <_vfprintf_r+0x8fc>
1a00601a:	f1ba 0fff 	cmp.w	sl, #255	; 0xff
1a00601e:	d0dd      	beq.n	1a005fdc <_vfprintf_r+0x8fc>
1a006020:	429d      	cmp	r5, r3
1a006022:	bf08      	it	eq
1a006024:	4294      	cmpeq	r4, r2
1a006026:	f080 871e 	bcs.w	1a006e66 <_vfprintf_r+0x1786>
1a00602a:	f8cd a048 	str.w	sl, [sp, #72]	; 0x48
1a00602e:	464e      	mov	r6, r9
1a006030:	f8cd 8060 	str.w	r8, [sp, #96]	; 0x60
1a006034:	46d9      	mov	r9, fp
1a006036:	f8dd a008 	ldr.w	sl, [sp, #8]
1a00603a:	f8dd 800c 	ldr.w	r8, [sp, #12]
1a00603e:	f8dd b024 	ldr.w	fp, [sp, #36]	; 0x24
1a006042:	9602      	str	r6, [sp, #8]
1a006044:	ab54      	add	r3, sp, #336	; 0x150
1a006046:	1bde      	subs	r6, r3, r7
1a006048:	e7ac      	b.n	1a005fa4 <_vfprintf_r+0x8c4>
1a00604a:	f1b8 0f65 	cmp.w	r8, #101	; 0x65
1a00604e:	f340 810a 	ble.w	1a006266 <_vfprintf_r+0xb86>
1a006052:	2200      	movs	r2, #0
1a006054:	2300      	movs	r3, #0
1a006056:	e9dd 0110 	ldrd	r0, r1, [sp, #64]	; 0x40
1a00605a:	f7fc fbed 	bl	1a002838 <__aeabi_dcmpeq>
1a00605e:	2800      	cmp	r0, #0
1a006060:	f000 81de 	beq.w	1a006420 <_vfprintf_r+0xd40>
1a006064:	9b29      	ldr	r3, [sp, #164]	; 0xa4
1a006066:	4ac2      	ldr	r2, [pc, #776]	; (1a006370 <_vfprintf_r+0xc90>)
1a006068:	f8cb 2000 	str.w	r2, [fp]
1a00606c:	3301      	adds	r3, #1
1a00606e:	3401      	adds	r4, #1
1a006070:	2201      	movs	r2, #1
1a006072:	2b07      	cmp	r3, #7
1a006074:	e9cd 3429 	strd	r3, r4, [sp, #164]	; 0xa4
1a006078:	f8cb 2004 	str.w	r2, [fp, #4]
1a00607c:	f300 8463 	bgt.w	1a006946 <_vfprintf_r+0x1266>
1a006080:	f10b 0b08 	add.w	fp, fp, #8
1a006084:	9b22      	ldr	r3, [sp, #136]	; 0x88
1a006086:	9a12      	ldr	r2, [sp, #72]	; 0x48
1a006088:	9c2a      	ldr	r4, [sp, #168]	; 0xa8
1a00608a:	4293      	cmp	r3, r2
1a00608c:	f280 82a5 	bge.w	1a0065da <_vfprintf_r+0xefa>
1a006090:	9b29      	ldr	r3, [sp, #164]	; 0xa4
1a006092:	9a15      	ldr	r2, [sp, #84]	; 0x54
1a006094:	f8cb 2000 	str.w	r2, [fp]
1a006098:	9a13      	ldr	r2, [sp, #76]	; 0x4c
1a00609a:	f8cb 2004 	str.w	r2, [fp, #4]
1a00609e:	3301      	adds	r3, #1
1a0060a0:	4414      	add	r4, r2
1a0060a2:	2b07      	cmp	r3, #7
1a0060a4:	e9cd 3429 	strd	r3, r4, [sp, #164]	; 0xa4
1a0060a8:	f300 83ec 	bgt.w	1a006884 <_vfprintf_r+0x11a4>
1a0060ac:	f10b 0b08 	add.w	fp, fp, #8
1a0060b0:	9b12      	ldr	r3, [sp, #72]	; 0x48
1a0060b2:	1e5d      	subs	r5, r3, #1
1a0060b4:	2d00      	cmp	r5, #0
1a0060b6:	f77f ada8 	ble.w	1a005c0a <_vfprintf_r+0x52a>
1a0060ba:	2d10      	cmp	r5, #16
1a0060bc:	9a29      	ldr	r2, [sp, #164]	; 0xa4
1a0060be:	4bad      	ldr	r3, [pc, #692]	; (1a006374 <_vfprintf_r+0xc94>)
1a0060c0:	f340 844e 	ble.w	1a006960 <_vfprintf_r+0x1280>
1a0060c4:	2610      	movs	r6, #16
1a0060c6:	9f05      	ldr	r7, [sp, #20]
1a0060c8:	f8dd 801c 	ldr.w	r8, [sp, #28]
1a0060cc:	4699      	mov	r9, r3
1a0060ce:	e005      	b.n	1a0060dc <_vfprintf_r+0x9fc>
1a0060d0:	f10b 0b08 	add.w	fp, fp, #8
1a0060d4:	3d10      	subs	r5, #16
1a0060d6:	2d10      	cmp	r5, #16
1a0060d8:	f340 8441 	ble.w	1a00695e <_vfprintf_r+0x127e>
1a0060dc:	3201      	adds	r2, #1
1a0060de:	3410      	adds	r4, #16
1a0060e0:	2a07      	cmp	r2, #7
1a0060e2:	e9cd 2429 	strd	r2, r4, [sp, #164]	; 0xa4
1a0060e6:	e9cb 9600 	strd	r9, r6, [fp]
1a0060ea:	ddf1      	ble.n	1a0060d0 <_vfprintf_r+0x9f0>
1a0060ec:	aa28      	add	r2, sp, #160	; 0xa0
1a0060ee:	4641      	mov	r1, r8
1a0060f0:	4638      	mov	r0, r7
1a0060f2:	f003 f9ad 	bl	1a009450 <__sprint_r>
1a0060f6:	2800      	cmp	r0, #0
1a0060f8:	f040 8423 	bne.w	1a006942 <_vfprintf_r+0x1262>
1a0060fc:	e9dd 2429 	ldrd	r2, r4, [sp, #164]	; 0xa4
1a006100:	f10d 0bac 	add.w	fp, sp, #172	; 0xac
1a006104:	e7e6      	b.n	1a0060d4 <_vfprintf_r+0x9f4>
1a006106:	9b06      	ldr	r3, [sp, #24]
1a006108:	9a03      	ldr	r2, [sp, #12]
1a00610a:	1a9d      	subs	r5, r3, r2
1a00610c:	2d00      	cmp	r5, #0
1a00610e:	f77f ad65 	ble.w	1a005bdc <_vfprintf_r+0x4fc>
1a006112:	2d10      	cmp	r5, #16
1a006114:	9a29      	ldr	r2, [sp, #164]	; 0xa4
1a006116:	4b97      	ldr	r3, [pc, #604]	; (1a006374 <_vfprintf_r+0xc94>)
1a006118:	dd28      	ble.n	1a00616c <_vfprintf_r+0xa8c>
1a00611a:	960a      	str	r6, [sp, #40]	; 0x28
1a00611c:	4659      	mov	r1, fp
1a00611e:	4620      	mov	r0, r4
1a006120:	46bb      	mov	fp, r7
1a006122:	9c05      	ldr	r4, [sp, #20]
1a006124:	9e07      	ldr	r6, [sp, #28]
1a006126:	461f      	mov	r7, r3
1a006128:	e004      	b.n	1a006134 <_vfprintf_r+0xa54>
1a00612a:	3d10      	subs	r5, #16
1a00612c:	2d10      	cmp	r5, #16
1a00612e:	f101 0108 	add.w	r1, r1, #8
1a006132:	dd16      	ble.n	1a006162 <_vfprintf_r+0xa82>
1a006134:	3201      	adds	r2, #1
1a006136:	3010      	adds	r0, #16
1a006138:	2310      	movs	r3, #16
1a00613a:	2a07      	cmp	r2, #7
1a00613c:	e9cd 2029 	strd	r2, r0, [sp, #164]	; 0xa4
1a006140:	600f      	str	r7, [r1, #0]
1a006142:	604b      	str	r3, [r1, #4]
1a006144:	ddf1      	ble.n	1a00612a <_vfprintf_r+0xa4a>
1a006146:	aa28      	add	r2, sp, #160	; 0xa0
1a006148:	4631      	mov	r1, r6
1a00614a:	4620      	mov	r0, r4
1a00614c:	f003 f980 	bl	1a009450 <__sprint_r>
1a006150:	2800      	cmp	r0, #0
1a006152:	f040 80f6 	bne.w	1a006342 <_vfprintf_r+0xc62>
1a006156:	3d10      	subs	r5, #16
1a006158:	2d10      	cmp	r5, #16
1a00615a:	e9dd 2029 	ldrd	r2, r0, [sp, #164]	; 0xa4
1a00615e:	a92b      	add	r1, sp, #172	; 0xac
1a006160:	dce8      	bgt.n	1a006134 <_vfprintf_r+0xa54>
1a006162:	9e0a      	ldr	r6, [sp, #40]	; 0x28
1a006164:	463b      	mov	r3, r7
1a006166:	4604      	mov	r4, r0
1a006168:	465f      	mov	r7, fp
1a00616a:	468b      	mov	fp, r1
1a00616c:	3201      	adds	r2, #1
1a00616e:	442c      	add	r4, r5
1a006170:	2a07      	cmp	r2, #7
1a006172:	e9cd 2429 	strd	r2, r4, [sp, #164]	; 0xa4
1a006176:	e9cb 3500 	strd	r3, r5, [fp]
1a00617a:	f300 8355 	bgt.w	1a006828 <_vfprintf_r+0x1148>
1a00617e:	eba9 0506 	sub.w	r5, r9, r6
1a006182:	2d00      	cmp	r5, #0
1a006184:	f10b 0b08 	add.w	fp, fp, #8
1a006188:	f77f ad2d 	ble.w	1a005be6 <_vfprintf_r+0x506>
1a00618c:	2d10      	cmp	r5, #16
1a00618e:	9a29      	ldr	r2, [sp, #164]	; 0xa4
1a006190:	4b78      	ldr	r3, [pc, #480]	; (1a006374 <_vfprintf_r+0xc94>)
1a006192:	dd29      	ble.n	1a0061e8 <_vfprintf_r+0xb08>
1a006194:	960a      	str	r6, [sp, #40]	; 0x28
1a006196:	4659      	mov	r1, fp
1a006198:	4620      	mov	r0, r4
1a00619a:	46bb      	mov	fp, r7
1a00619c:	f04f 0910 	mov.w	r9, #16
1a0061a0:	9c05      	ldr	r4, [sp, #20]
1a0061a2:	9e07      	ldr	r6, [sp, #28]
1a0061a4:	461f      	mov	r7, r3
1a0061a6:	e004      	b.n	1a0061b2 <_vfprintf_r+0xad2>
1a0061a8:	3d10      	subs	r5, #16
1a0061aa:	2d10      	cmp	r5, #16
1a0061ac:	f101 0108 	add.w	r1, r1, #8
1a0061b0:	dd15      	ble.n	1a0061de <_vfprintf_r+0xafe>
1a0061b2:	3201      	adds	r2, #1
1a0061b4:	3010      	adds	r0, #16
1a0061b6:	2a07      	cmp	r2, #7
1a0061b8:	e9cd 2029 	strd	r2, r0, [sp, #164]	; 0xa4
1a0061bc:	e9c1 7900 	strd	r7, r9, [r1]
1a0061c0:	ddf2      	ble.n	1a0061a8 <_vfprintf_r+0xac8>
1a0061c2:	aa28      	add	r2, sp, #160	; 0xa0
1a0061c4:	4631      	mov	r1, r6
1a0061c6:	4620      	mov	r0, r4
1a0061c8:	f003 f942 	bl	1a009450 <__sprint_r>
1a0061cc:	2800      	cmp	r0, #0
1a0061ce:	f040 80b8 	bne.w	1a006342 <_vfprintf_r+0xc62>
1a0061d2:	3d10      	subs	r5, #16
1a0061d4:	2d10      	cmp	r5, #16
1a0061d6:	e9dd 2029 	ldrd	r2, r0, [sp, #164]	; 0xa4
1a0061da:	a92b      	add	r1, sp, #172	; 0xac
1a0061dc:	dce9      	bgt.n	1a0061b2 <_vfprintf_r+0xad2>
1a0061de:	9e0a      	ldr	r6, [sp, #40]	; 0x28
1a0061e0:	463b      	mov	r3, r7
1a0061e2:	4604      	mov	r4, r0
1a0061e4:	465f      	mov	r7, fp
1a0061e6:	468b      	mov	fp, r1
1a0061e8:	3201      	adds	r2, #1
1a0061ea:	442c      	add	r4, r5
1a0061ec:	2a07      	cmp	r2, #7
1a0061ee:	e9cd 2429 	strd	r2, r4, [sp, #164]	; 0xa4
1a0061f2:	e9cb 3500 	strd	r3, r5, [fp]
1a0061f6:	f300 81da 	bgt.w	1a0065ae <_vfprintf_r+0xece>
1a0061fa:	f10b 0b08 	add.w	fp, fp, #8
1a0061fe:	e4f2      	b.n	1a005be6 <_vfprintf_r+0x506>
1a006200:	aa28      	add	r2, sp, #160	; 0xa0
1a006202:	9907      	ldr	r1, [sp, #28]
1a006204:	9805      	ldr	r0, [sp, #20]
1a006206:	f003 f923 	bl	1a009450 <__sprint_r>
1a00620a:	2800      	cmp	r0, #0
1a00620c:	f43f ad11 	beq.w	1a005c32 <_vfprintf_r+0x552>
1a006210:	f8dd 901c 	ldr.w	r9, [sp, #28]
1a006214:	e096      	b.n	1a006344 <_vfprintf_r+0xc64>
1a006216:	9a29      	ldr	r2, [sp, #164]	; 0xa4
1a006218:	9915      	ldr	r1, [sp, #84]	; 0x54
1a00621a:	f8cb 1000 	str.w	r1, [fp]
1a00621e:	9913      	ldr	r1, [sp, #76]	; 0x4c
1a006220:	f8cb 1004 	str.w	r1, [fp, #4]
1a006224:	3201      	adds	r2, #1
1a006226:	440c      	add	r4, r1
1a006228:	2a07      	cmp	r2, #7
1a00622a:	942a      	str	r4, [sp, #168]	; 0xa8
1a00622c:	9229      	str	r2, [sp, #164]	; 0xa4
1a00622e:	f300 84e1 	bgt.w	1a006bf4 <_vfprintf_r+0x1514>
1a006232:	f10b 0b08 	add.w	fp, fp, #8
1a006236:	2b00      	cmp	r3, #0
1a006238:	f2c0 86a2 	blt.w	1a006f80 <_vfprintf_r+0x18a0>
1a00623c:	9b12      	ldr	r3, [sp, #72]	; 0x48
1a00623e:	3201      	adds	r2, #1
1a006240:	441c      	add	r4, r3
1a006242:	2a07      	cmp	r2, #7
1a006244:	e9cd 2429 	strd	r2, r4, [sp, #164]	; 0xa4
1a006248:	e9cb 7300 	strd	r7, r3, [fp]
1a00624c:	f77f acdb 	ble.w	1a005c06 <_vfprintf_r+0x526>
1a006250:	aa28      	add	r2, sp, #160	; 0xa0
1a006252:	9907      	ldr	r1, [sp, #28]
1a006254:	9805      	ldr	r0, [sp, #20]
1a006256:	f003 f8fb 	bl	1a009450 <__sprint_r>
1a00625a:	2800      	cmp	r0, #0
1a00625c:	d1d8      	bne.n	1a006210 <_vfprintf_r+0xb30>
1a00625e:	9c2a      	ldr	r4, [sp, #168]	; 0xa8
1a006260:	f10d 0bac 	add.w	fp, sp, #172	; 0xac
1a006264:	e4d1      	b.n	1a005c0a <_vfprintf_r+0x52a>
1a006266:	9a12      	ldr	r2, [sp, #72]	; 0x48
1a006268:	9b29      	ldr	r3, [sp, #164]	; 0xa4
1a00626a:	2a01      	cmp	r2, #1
1a00626c:	f104 0401 	add.w	r4, r4, #1
1a006270:	f103 0501 	add.w	r5, r3, #1
1a006274:	f10b 0608 	add.w	r6, fp, #8
1a006278:	f340 8158 	ble.w	1a00652c <_vfprintf_r+0xe4c>
1a00627c:	2301      	movs	r3, #1
1a00627e:	2d07      	cmp	r5, #7
1a006280:	f8cb 7000 	str.w	r7, [fp]
1a006284:	e9cd 5429 	strd	r5, r4, [sp, #164]	; 0xa4
1a006288:	f8cb 3004 	str.w	r3, [fp, #4]
1a00628c:	f300 832a 	bgt.w	1a0068e4 <_vfprintf_r+0x1204>
1a006290:	9b13      	ldr	r3, [sp, #76]	; 0x4c
1a006292:	9a15      	ldr	r2, [sp, #84]	; 0x54
1a006294:	1c69      	adds	r1, r5, #1
1a006296:	441c      	add	r4, r3
1a006298:	2907      	cmp	r1, #7
1a00629a:	910b      	str	r1, [sp, #44]	; 0x2c
1a00629c:	e9cd 1429 	strd	r1, r4, [sp, #164]	; 0xa4
1a0062a0:	e9c6 2300 	strd	r2, r3, [r6]
1a0062a4:	f300 832a 	bgt.w	1a0068fc <_vfprintf_r+0x121c>
1a0062a8:	3608      	adds	r6, #8
1a0062aa:	9a0b      	ldr	r2, [sp, #44]	; 0x2c
1a0062ac:	9d12      	ldr	r5, [sp, #72]	; 0x48
1a0062ae:	f102 0901 	add.w	r9, r2, #1
1a0062b2:	2300      	movs	r3, #0
1a0062b4:	2200      	movs	r2, #0
1a0062b6:	e9dd 0110 	ldrd	r0, r1, [sp, #64]	; 0x40
1a0062ba:	f8cd 9028 	str.w	r9, [sp, #40]	; 0x28
1a0062be:	f106 0b08 	add.w	fp, r6, #8
1a0062c2:	f105 38ff 	add.w	r8, r5, #4294967295
1a0062c6:	f7fc fab7 	bl	1a002838 <__aeabi_dcmpeq>
1a0062ca:	2800      	cmp	r0, #0
1a0062cc:	f040 8141 	bne.w	1a006552 <_vfprintf_r+0xe72>
1a0062d0:	9b0a      	ldr	r3, [sp, #40]	; 0x28
1a0062d2:	f8c6 8004 	str.w	r8, [r6, #4]
1a0062d6:	3701      	adds	r7, #1
1a0062d8:	4444      	add	r4, r8
1a0062da:	2b07      	cmp	r3, #7
1a0062dc:	6037      	str	r7, [r6, #0]
1a0062de:	942a      	str	r4, [sp, #168]	; 0xa8
1a0062e0:	9329      	str	r3, [sp, #164]	; 0xa4
1a0062e2:	f300 82bf 	bgt.w	1a006864 <_vfprintf_r+0x1184>
1a0062e6:	9a0b      	ldr	r2, [sp, #44]	; 0x2c
1a0062e8:	f106 0310 	add.w	r3, r6, #16
1a0062ec:	3202      	adds	r2, #2
1a0062ee:	465e      	mov	r6, fp
1a0062f0:	920a      	str	r2, [sp, #40]	; 0x28
1a0062f2:	469b      	mov	fp, r3
1a0062f4:	9a16      	ldr	r2, [sp, #88]	; 0x58
1a0062f6:	6072      	str	r2, [r6, #4]
1a0062f8:	4414      	add	r4, r2
1a0062fa:	9a0a      	ldr	r2, [sp, #40]	; 0x28
1a0062fc:	942a      	str	r4, [sp, #168]	; 0xa8
1a0062fe:	ab24      	add	r3, sp, #144	; 0x90
1a006300:	2a07      	cmp	r2, #7
1a006302:	9229      	str	r2, [sp, #164]	; 0xa4
1a006304:	6033      	str	r3, [r6, #0]
1a006306:	f77f ac80 	ble.w	1a005c0a <_vfprintf_r+0x52a>
1a00630a:	e7a1      	b.n	1a006250 <_vfprintf_r+0xb70>
1a00630c:	9e02      	ldr	r6, [sp, #8]
1a00630e:	f7ff bbf4 	b.w	1a005afa <_vfprintf_r+0x41a>
1a006312:	aa28      	add	r2, sp, #160	; 0xa0
1a006314:	9907      	ldr	r1, [sp, #28]
1a006316:	9805      	ldr	r0, [sp, #20]
1a006318:	f003 f89a 	bl	1a009450 <__sprint_r>
1a00631c:	2800      	cmp	r0, #0
1a00631e:	f47f af77 	bne.w	1a006210 <_vfprintf_r+0xb30>
1a006322:	9c2a      	ldr	r4, [sp, #168]	; 0xa8
1a006324:	f10d 0bac 	add.w	fp, sp, #172	; 0xac
1a006328:	e444      	b.n	1a005bb4 <_vfprintf_r+0x4d4>
1a00632a:	aa28      	add	r2, sp, #160	; 0xa0
1a00632c:	9907      	ldr	r1, [sp, #28]
1a00632e:	9805      	ldr	r0, [sp, #20]
1a006330:	f003 f88e 	bl	1a009450 <__sprint_r>
1a006334:	2800      	cmp	r0, #0
1a006336:	f47f af6b 	bne.w	1a006210 <_vfprintf_r+0xb30>
1a00633a:	9c2a      	ldr	r4, [sp, #168]	; 0xa8
1a00633c:	f10d 0bac 	add.w	fp, sp, #172	; 0xac
1a006340:	e448      	b.n	1a005bd4 <_vfprintf_r+0x4f4>
1a006342:	46b1      	mov	r9, r6
1a006344:	9909      	ldr	r1, [sp, #36]	; 0x24
1a006346:	b111      	cbz	r1, 1a00634e <_vfprintf_r+0xc6e>
1a006348:	9805      	ldr	r0, [sp, #20]
1a00634a:	f7fc fe57 	bl	1a002ffc <_free_r>
1a00634e:	f8d9 2064 	ldr.w	r2, [r9, #100]	; 0x64
1a006352:	f8b9 300c 	ldrh.w	r3, [r9, #12]
1a006356:	07d4      	lsls	r4, r2, #31
1a006358:	d402      	bmi.n	1a006360 <_vfprintf_r+0xc80>
1a00635a:	0598      	lsls	r0, r3, #22
1a00635c:	f140 82db 	bpl.w	1a006916 <_vfprintf_r+0x1236>
1a006360:	0659      	lsls	r1, r3, #25
1a006362:	f100 8640 	bmi.w	1a006fe6 <_vfprintf_r+0x1906>
1a006366:	9804      	ldr	r0, [sp, #16]
1a006368:	b055      	add	sp, #340	; 0x154
1a00636a:	e8bd 8ff0 	ldmia.w	sp!, {r4, r5, r6, r7, r8, r9, sl, fp, pc}
1a00636e:	bf00      	nop
1a006370:	1a009ffc 	.word	0x1a009ffc
1a006374:	1a00a030 	.word	0x1a00a030
1a006378:	2d10      	cmp	r5, #16
1a00637a:	9b29      	ldr	r3, [sp, #164]	; 0xa4
1a00637c:	dd21      	ble.n	1a0063c2 <_vfprintf_r+0xce2>
1a00637e:	2610      	movs	r6, #16
1a006380:	9f05      	ldr	r7, [sp, #20]
1a006382:	f8dd 801c 	ldr.w	r8, [sp, #28]
1a006386:	e004      	b.n	1a006392 <_vfprintf_r+0xcb2>
1a006388:	3d10      	subs	r5, #16
1a00638a:	2d10      	cmp	r5, #16
1a00638c:	f10b 0b08 	add.w	fp, fp, #8
1a006390:	dd17      	ble.n	1a0063c2 <_vfprintf_r+0xce2>
1a006392:	3301      	adds	r3, #1
1a006394:	4ab3      	ldr	r2, [pc, #716]	; (1a006664 <_vfprintf_r+0xf84>)
1a006396:	3410      	adds	r4, #16
1a006398:	2b07      	cmp	r3, #7
1a00639a:	e9cd 3429 	strd	r3, r4, [sp, #164]	; 0xa4
1a00639e:	e9cb 2600 	strd	r2, r6, [fp]
1a0063a2:	ddf1      	ble.n	1a006388 <_vfprintf_r+0xca8>
1a0063a4:	aa28      	add	r2, sp, #160	; 0xa0
1a0063a6:	4641      	mov	r1, r8
1a0063a8:	4638      	mov	r0, r7
1a0063aa:	f003 f851 	bl	1a009450 <__sprint_r>
1a0063ae:	2800      	cmp	r0, #0
1a0063b0:	f040 82c7 	bne.w	1a006942 <_vfprintf_r+0x1262>
1a0063b4:	3d10      	subs	r5, #16
1a0063b6:	2d10      	cmp	r5, #16
1a0063b8:	e9dd 3429 	ldrd	r3, r4, [sp, #164]	; 0xa4
1a0063bc:	f10d 0bac 	add.w	fp, sp, #172	; 0xac
1a0063c0:	dce7      	bgt.n	1a006392 <_vfprintf_r+0xcb2>
1a0063c2:	3301      	adds	r3, #1
1a0063c4:	4aa7      	ldr	r2, [pc, #668]	; (1a006664 <_vfprintf_r+0xf84>)
1a0063c6:	442c      	add	r4, r5
1a0063c8:	2b07      	cmp	r3, #7
1a0063ca:	e9cd 3429 	strd	r3, r4, [sp, #164]	; 0xa4
1a0063ce:	e9cb 2500 	strd	r2, r5, [fp]
1a0063d2:	f77f ac23 	ble.w	1a005c1c <_vfprintf_r+0x53c>
1a0063d6:	aa28      	add	r2, sp, #160	; 0xa0
1a0063d8:	9907      	ldr	r1, [sp, #28]
1a0063da:	9805      	ldr	r0, [sp, #20]
1a0063dc:	f003 f838 	bl	1a009450 <__sprint_r>
1a0063e0:	2800      	cmp	r0, #0
1a0063e2:	f47f af15 	bne.w	1a006210 <_vfprintf_r+0xb30>
1a0063e6:	9c2a      	ldr	r4, [sp, #168]	; 0xa8
1a0063e8:	e418      	b.n	1a005c1c <_vfprintf_r+0x53c>
1a0063ea:	2b01      	cmp	r3, #1
1a0063ec:	f000 8423 	beq.w	1a006c36 <_vfprintf_r+0x1556>
1a0063f0:	2b02      	cmp	r3, #2
1a0063f2:	9e02      	ldr	r6, [sp, #8]
1a0063f4:	f47f ab87 	bne.w	1a005b06 <_vfprintf_r+0x426>
1a0063f8:	9814      	ldr	r0, [sp, #80]	; 0x50
1a0063fa:	af54      	add	r7, sp, #336	; 0x150
1a0063fc:	0923      	lsrs	r3, r4, #4
1a0063fe:	f004 010f 	and.w	r1, r4, #15
1a006402:	ea43 7305 	orr.w	r3, r3, r5, lsl #28
1a006406:	092a      	lsrs	r2, r5, #4
1a006408:	461c      	mov	r4, r3
1a00640a:	4615      	mov	r5, r2
1a00640c:	5c43      	ldrb	r3, [r0, r1]
1a00640e:	f807 3d01 	strb.w	r3, [r7, #-1]!
1a006412:	ea54 0305 	orrs.w	r3, r4, r5
1a006416:	d1f1      	bne.n	1a0063fc <_vfprintf_r+0xd1c>
1a006418:	ab54      	add	r3, sp, #336	; 0x150
1a00641a:	9602      	str	r6, [sp, #8]
1a00641c:	1bde      	subs	r6, r3, r7
1a00641e:	e5c1      	b.n	1a005fa4 <_vfprintf_r+0x8c4>
1a006420:	9b22      	ldr	r3, [sp, #136]	; 0x88
1a006422:	2b00      	cmp	r3, #0
1a006424:	f340 80df 	ble.w	1a0065e6 <_vfprintf_r+0xf06>
1a006428:	9b0e      	ldr	r3, [sp, #56]	; 0x38
1a00642a:	9a12      	ldr	r2, [sp, #72]	; 0x48
1a00642c:	4293      	cmp	r3, r2
1a00642e:	bfa8      	it	ge
1a006430:	4613      	movge	r3, r2
1a006432:	2b00      	cmp	r3, #0
1a006434:	461d      	mov	r5, r3
1a006436:	dd0d      	ble.n	1a006454 <_vfprintf_r+0xd74>
1a006438:	9b29      	ldr	r3, [sp, #164]	; 0xa4
1a00643a:	f8cb 7000 	str.w	r7, [fp]
1a00643e:	3301      	adds	r3, #1
1a006440:	442c      	add	r4, r5
1a006442:	2b07      	cmp	r3, #7
1a006444:	942a      	str	r4, [sp, #168]	; 0xa8
1a006446:	f8cb 5004 	str.w	r5, [fp, #4]
1a00644a:	9329      	str	r3, [sp, #164]	; 0xa4
1a00644c:	f300 84fe 	bgt.w	1a006e4c <_vfprintf_r+0x176c>
1a006450:	f10b 0b08 	add.w	fp, fp, #8
1a006454:	9b0e      	ldr	r3, [sp, #56]	; 0x38
1a006456:	2d00      	cmp	r5, #0
1a006458:	bfa8      	it	ge
1a00645a:	1b5b      	subge	r3, r3, r5
1a00645c:	2b00      	cmp	r3, #0
1a00645e:	461d      	mov	r5, r3
1a006460:	f300 8290 	bgt.w	1a006984 <_vfprintf_r+0x12a4>
1a006464:	9b0e      	ldr	r3, [sp, #56]	; 0x38
1a006466:	443b      	add	r3, r7
1a006468:	4699      	mov	r9, r3
1a00646a:	9b02      	ldr	r3, [sp, #8]
1a00646c:	0558      	lsls	r0, r3, #21
1a00646e:	f100 8413 	bmi.w	1a006c98 <_vfprintf_r+0x15b8>
1a006472:	9b22      	ldr	r3, [sp, #136]	; 0x88
1a006474:	9a12      	ldr	r2, [sp, #72]	; 0x48
1a006476:	4293      	cmp	r3, r2
1a006478:	db03      	blt.n	1a006482 <_vfprintf_r+0xda2>
1a00647a:	9a02      	ldr	r2, [sp, #8]
1a00647c:	07d1      	lsls	r1, r2, #31
1a00647e:	f140 82f7 	bpl.w	1a006a70 <_vfprintf_r+0x1390>
1a006482:	9a29      	ldr	r2, [sp, #164]	; 0xa4
1a006484:	9915      	ldr	r1, [sp, #84]	; 0x54
1a006486:	f8cb 1000 	str.w	r1, [fp]
1a00648a:	9913      	ldr	r1, [sp, #76]	; 0x4c
1a00648c:	f8cb 1004 	str.w	r1, [fp, #4]
1a006490:	3201      	adds	r2, #1
1a006492:	440c      	add	r4, r1
1a006494:	2a07      	cmp	r2, #7
1a006496:	942a      	str	r4, [sp, #168]	; 0xa8
1a006498:	9229      	str	r2, [sp, #164]	; 0xa4
1a00649a:	f300 8523 	bgt.w	1a006ee4 <_vfprintf_r+0x1804>
1a00649e:	f10b 0b08 	add.w	fp, fp, #8
1a0064a2:	9a12      	ldr	r2, [sp, #72]	; 0x48
1a0064a4:	18bd      	adds	r5, r7, r2
1a0064a6:	eba5 0509 	sub.w	r5, r5, r9
1a0064aa:	1ad3      	subs	r3, r2, r3
1a0064ac:	429d      	cmp	r5, r3
1a0064ae:	bfa8      	it	ge
1a0064b0:	461d      	movge	r5, r3
1a0064b2:	2d00      	cmp	r5, #0
1a0064b4:	dd0d      	ble.n	1a0064d2 <_vfprintf_r+0xdf2>
1a0064b6:	9a29      	ldr	r2, [sp, #164]	; 0xa4
1a0064b8:	f8cb 9000 	str.w	r9, [fp]
1a0064bc:	3201      	adds	r2, #1
1a0064be:	442c      	add	r4, r5
1a0064c0:	2a07      	cmp	r2, #7
1a0064c2:	942a      	str	r4, [sp, #168]	; 0xa8
1a0064c4:	f8cb 5004 	str.w	r5, [fp, #4]
1a0064c8:	9229      	str	r2, [sp, #164]	; 0xa4
1a0064ca:	f300 8546 	bgt.w	1a006f5a <_vfprintf_r+0x187a>
1a0064ce:	f10b 0b08 	add.w	fp, fp, #8
1a0064d2:	2d00      	cmp	r5, #0
1a0064d4:	bfac      	ite	ge
1a0064d6:	1b5d      	subge	r5, r3, r5
1a0064d8:	461d      	movlt	r5, r3
1a0064da:	2d00      	cmp	r5, #0
1a0064dc:	f77f ab95 	ble.w	1a005c0a <_vfprintf_r+0x52a>
1a0064e0:	2d10      	cmp	r5, #16
1a0064e2:	9a29      	ldr	r2, [sp, #164]	; 0xa4
1a0064e4:	4b60      	ldr	r3, [pc, #384]	; (1a006668 <_vfprintf_r+0xf88>)
1a0064e6:	f340 823b 	ble.w	1a006960 <_vfprintf_r+0x1280>
1a0064ea:	2610      	movs	r6, #16
1a0064ec:	9f05      	ldr	r7, [sp, #20]
1a0064ee:	f8dd 801c 	ldr.w	r8, [sp, #28]
1a0064f2:	4699      	mov	r9, r3
1a0064f4:	e005      	b.n	1a006502 <_vfprintf_r+0xe22>
1a0064f6:	f10b 0b08 	add.w	fp, fp, #8
1a0064fa:	3d10      	subs	r5, #16
1a0064fc:	2d10      	cmp	r5, #16
1a0064fe:	f340 822e 	ble.w	1a00695e <_vfprintf_r+0x127e>
1a006502:	3201      	adds	r2, #1
1a006504:	3410      	adds	r4, #16
1a006506:	2a07      	cmp	r2, #7
1a006508:	e9cd 2429 	strd	r2, r4, [sp, #164]	; 0xa4
1a00650c:	e9cb 9600 	strd	r9, r6, [fp]
1a006510:	ddf1      	ble.n	1a0064f6 <_vfprintf_r+0xe16>
1a006512:	aa28      	add	r2, sp, #160	; 0xa0
1a006514:	4641      	mov	r1, r8
1a006516:	4638      	mov	r0, r7
1a006518:	f002 ff9a 	bl	1a009450 <__sprint_r>
1a00651c:	2800      	cmp	r0, #0
1a00651e:	f040 8210 	bne.w	1a006942 <_vfprintf_r+0x1262>
1a006522:	e9dd 2429 	ldrd	r2, r4, [sp, #164]	; 0xa4
1a006526:	f10d 0bac 	add.w	fp, sp, #172	; 0xac
1a00652a:	e7e6      	b.n	1a0064fa <_vfprintf_r+0xe1a>
1a00652c:	9a02      	ldr	r2, [sp, #8]
1a00652e:	07d2      	lsls	r2, r2, #31
1a006530:	f53f aea4 	bmi.w	1a00627c <_vfprintf_r+0xb9c>
1a006534:	2201      	movs	r2, #1
1a006536:	2d07      	cmp	r5, #7
1a006538:	f8cb 7000 	str.w	r7, [fp]
1a00653c:	e9cd 5429 	strd	r5, r4, [sp, #164]	; 0xa4
1a006540:	f8cb 2004 	str.w	r2, [fp, #4]
1a006544:	f300 818e 	bgt.w	1a006864 <_vfprintf_r+0x1184>
1a006548:	3302      	adds	r3, #2
1a00654a:	930a      	str	r3, [sp, #40]	; 0x28
1a00654c:	f10b 0b10 	add.w	fp, fp, #16
1a006550:	e6d0      	b.n	1a0062f4 <_vfprintf_r+0xc14>
1a006552:	f1b8 0f00 	cmp.w	r8, #0
1a006556:	f77f aecd 	ble.w	1a0062f4 <_vfprintf_r+0xc14>
1a00655a:	f1b8 0f10 	cmp.w	r8, #16
1a00655e:	4b42      	ldr	r3, [pc, #264]	; (1a006668 <_vfprintf_r+0xf88>)
1a006560:	f340 8635 	ble.w	1a0071ce <_vfprintf_r+0x1aee>
1a006564:	461a      	mov	r2, r3
1a006566:	464d      	mov	r5, r9
1a006568:	4623      	mov	r3, r4
1a00656a:	2710      	movs	r7, #16
1a00656c:	f8dd b01c 	ldr.w	fp, [sp, #28]
1a006570:	f8dd 9014 	ldr.w	r9, [sp, #20]
1a006574:	4614      	mov	r4, r2
1a006576:	e007      	b.n	1a006588 <_vfprintf_r+0xea8>
1a006578:	3608      	adds	r6, #8
1a00657a:	f1a8 0810 	sub.w	r8, r8, #16
1a00657e:	f1b8 0f10 	cmp.w	r8, #16
1a006582:	f340 815e 	ble.w	1a006842 <_vfprintf_r+0x1162>
1a006586:	3501      	adds	r5, #1
1a006588:	3310      	adds	r3, #16
1a00658a:	2d07      	cmp	r5, #7
1a00658c:	e9cd 5329 	strd	r5, r3, [sp, #164]	; 0xa4
1a006590:	e9c6 4700 	strd	r4, r7, [r6]
1a006594:	ddf0      	ble.n	1a006578 <_vfprintf_r+0xe98>
1a006596:	aa28      	add	r2, sp, #160	; 0xa0
1a006598:	4659      	mov	r1, fp
1a00659a:	4648      	mov	r0, r9
1a00659c:	f002 ff58 	bl	1a009450 <__sprint_r>
1a0065a0:	2800      	cmp	r0, #0
1a0065a2:	f040 821d 	bne.w	1a0069e0 <_vfprintf_r+0x1300>
1a0065a6:	e9dd 5329 	ldrd	r5, r3, [sp, #164]	; 0xa4
1a0065aa:	ae2b      	add	r6, sp, #172	; 0xac
1a0065ac:	e7e5      	b.n	1a00657a <_vfprintf_r+0xe9a>
1a0065ae:	aa28      	add	r2, sp, #160	; 0xa0
1a0065b0:	9907      	ldr	r1, [sp, #28]
1a0065b2:	9805      	ldr	r0, [sp, #20]
1a0065b4:	f002 ff4c 	bl	1a009450 <__sprint_r>
1a0065b8:	2800      	cmp	r0, #0
1a0065ba:	f47f ae29 	bne.w	1a006210 <_vfprintf_r+0xb30>
1a0065be:	9c2a      	ldr	r4, [sp, #168]	; 0xa8
1a0065c0:	f10d 0bac 	add.w	fp, sp, #172	; 0xac
1a0065c4:	f7ff bb0f 	b.w	1a005be6 <_vfprintf_r+0x506>
1a0065c8:	f8d9 0058 	ldr.w	r0, [r9, #88]	; 0x58
1a0065cc:	f7fc fe5e 	bl	1a00328c <__retarget_lock_acquire_recursive>
1a0065d0:	f9b9 200c 	ldrsh.w	r2, [r9, #12]
1a0065d4:	b293      	uxth	r3, r2
1a0065d6:	f7ff b8a3 	b.w	1a005720 <_vfprintf_r+0x40>
1a0065da:	9b02      	ldr	r3, [sp, #8]
1a0065dc:	07dd      	lsls	r5, r3, #31
1a0065de:	f53f ad57 	bmi.w	1a006090 <_vfprintf_r+0x9b0>
1a0065e2:	f7ff bb12 	b.w	1a005c0a <_vfprintf_r+0x52a>
1a0065e6:	9a29      	ldr	r2, [sp, #164]	; 0xa4
1a0065e8:	4920      	ldr	r1, [pc, #128]	; (1a00666c <_vfprintf_r+0xf8c>)
1a0065ea:	f8cb 1000 	str.w	r1, [fp]
1a0065ee:	3201      	adds	r2, #1
1a0065f0:	3401      	adds	r4, #1
1a0065f2:	2101      	movs	r1, #1
1a0065f4:	2a07      	cmp	r2, #7
1a0065f6:	e9cd 2429 	strd	r2, r4, [sp, #164]	; 0xa4
1a0065fa:	f8cb 1004 	str.w	r1, [fp, #4]
1a0065fe:	f300 8409 	bgt.w	1a006e14 <_vfprintf_r+0x1734>
1a006602:	f10b 0b08 	add.w	fp, fp, #8
1a006606:	2b00      	cmp	r3, #0
1a006608:	f47f ae05 	bne.w	1a006216 <_vfprintf_r+0xb36>
1a00660c:	9b02      	ldr	r3, [sp, #8]
1a00660e:	9a12      	ldr	r2, [sp, #72]	; 0x48
1a006610:	f003 0301 	and.w	r3, r3, #1
1a006614:	4313      	orrs	r3, r2
1a006616:	f43f aaf8 	beq.w	1a005c0a <_vfprintf_r+0x52a>
1a00661a:	9a29      	ldr	r2, [sp, #164]	; 0xa4
1a00661c:	9b15      	ldr	r3, [sp, #84]	; 0x54
1a00661e:	f8cb 3000 	str.w	r3, [fp]
1a006622:	9b13      	ldr	r3, [sp, #76]	; 0x4c
1a006624:	f8cb 3004 	str.w	r3, [fp, #4]
1a006628:	3201      	adds	r2, #1
1a00662a:	441c      	add	r4, r3
1a00662c:	2a07      	cmp	r2, #7
1a00662e:	942a      	str	r4, [sp, #168]	; 0xa8
1a006630:	9229      	str	r2, [sp, #164]	; 0xa4
1a006632:	f300 82df 	bgt.w	1a006bf4 <_vfprintf_r+0x1514>
1a006636:	f10b 0b08 	add.w	fp, fp, #8
1a00663a:	e5ff      	b.n	1a00623c <_vfprintf_r+0xb5c>
1a00663c:	af54      	add	r7, sp, #336	; 0x150
1a00663e:	e4b1      	b.n	1a005fa4 <_vfprintf_r+0x8c4>
1a006640:	9b02      	ldr	r3, [sp, #8]
1a006642:	0598      	lsls	r0, r3, #22
1a006644:	f100 822d 	bmi.w	1a006aa2 <_vfprintf_r+0x13c2>
1a006648:	2500      	movs	r5, #0
1a00664a:	f7ff b987 	b.w	1a00595c <_vfprintf_r+0x27c>
1a00664e:	9904      	ldr	r1, [sp, #16]
1a006650:	6812      	ldr	r2, [r2, #0]
1a006652:	9308      	str	r3, [sp, #32]
1a006654:	17cd      	asrs	r5, r1, #31
1a006656:	4608      	mov	r0, r1
1a006658:	4629      	mov	r1, r5
1a00665a:	e9c2 0100 	strd	r0, r1, [r2]
1a00665e:	4657      	mov	r7, sl
1a006660:	f7ff baf2 	b.w	1a005c48 <_vfprintf_r+0x568>
1a006664:	1a00a020 	.word	0x1a00a020
1a006668:	1a00a030 	.word	0x1a00a030
1a00666c:	1a009ffc 	.word	0x1a009ffc
1a006670:	e9dd 0110 	ldrd	r0, r1, [sp, #64]	; 0x40
1a006674:	4602      	mov	r2, r0
1a006676:	460b      	mov	r3, r1
1a006678:	f7fc f910 	bl	1a00289c <__aeabi_dcmpun>
1a00667c:	2800      	cmp	r0, #0
1a00667e:	f040 853a 	bne.w	1a0070f6 <_vfprintf_r+0x1a16>
1a006682:	f1b8 0f61 	cmp.w	r8, #97	; 0x61
1a006686:	f000 84d0 	beq.w	1a00702a <_vfprintf_r+0x194a>
1a00668a:	f1b8 0f41 	cmp.w	r8, #65	; 0x41
1a00668e:	f000 820c 	beq.w	1a006aaa <_vfprintf_r+0x13ca>
1a006692:	f028 0320 	bic.w	r3, r8, #32
1a006696:	f1b9 3fff 	cmp.w	r9, #4294967295
1a00669a:	9303      	str	r3, [sp, #12]
1a00669c:	f000 8500 	beq.w	1a0070a0 <_vfprintf_r+0x19c0>
1a0066a0:	2b47      	cmp	r3, #71	; 0x47
1a0066a2:	d104      	bne.n	1a0066ae <_vfprintf_r+0xfce>
1a0066a4:	f1b9 0f00 	cmp.w	r9, #0
1a0066a8:	bf08      	it	eq
1a0066aa:	f04f 0901 	moveq.w	r9, #1
1a0066ae:	e9dd 4510 	ldrd	r4, r5, [sp, #64]	; 0x40
1a0066b2:	9902      	ldr	r1, [sp, #8]
1a0066b4:	2d00      	cmp	r5, #0
1a0066b6:	f441 7280 	orr.w	r2, r1, #256	; 0x100
1a0066ba:	f2c0 8395 	blt.w	1a006de8 <_vfprintf_r+0x1708>
1a0066be:	2300      	movs	r3, #0
1a0066c0:	e9cd 3109 	strd	r3, r1, [sp, #36]	; 0x24
1a0066c4:	e9cd 451c 	strd	r4, r5, [sp, #112]	; 0x70
1a0066c8:	931e      	str	r3, [sp, #120]	; 0x78
1a0066ca:	9202      	str	r2, [sp, #8]
1a0066cc:	9b03      	ldr	r3, [sp, #12]
1a0066ce:	2b46      	cmp	r3, #70	; 0x46
1a0066d0:	f000 83df 	beq.w	1a006e92 <_vfprintf_r+0x17b2>
1a0066d4:	2b45      	cmp	r3, #69	; 0x45
1a0066d6:	f000 84d2 	beq.w	1a00707e <_vfprintf_r+0x199e>
1a0066da:	aa26      	add	r2, sp, #152	; 0x98
1a0066dc:	ab23      	add	r3, sp, #140	; 0x8c
1a0066de:	e9cd 3200 	strd	r3, r2, [sp]
1a0066e2:	2102      	movs	r1, #2
1a0066e4:	ab22      	add	r3, sp, #136	; 0x88
1a0066e6:	464a      	mov	r2, r9
1a0066e8:	ed9d 0b1c 	vldr	d0, [sp, #112]	; 0x70
1a0066ec:	9805      	ldr	r0, [sp, #20]
1a0066ee:	f000 fedf 	bl	1a0074b0 <_dtoa_r>
1a0066f2:	9b03      	ldr	r3, [sp, #12]
1a0066f4:	2b47      	cmp	r3, #71	; 0x47
1a0066f6:	4607      	mov	r7, r0
1a0066f8:	f040 858d 	bne.w	1a007216 <_vfprintf_r+0x1b36>
1a0066fc:	9b0a      	ldr	r3, [sp, #40]	; 0x28
1a0066fe:	07db      	lsls	r3, r3, #31
1a006700:	f100 843b 	bmi.w	1a006f7a <_vfprintf_r+0x189a>
1a006704:	9e26      	ldr	r6, [sp, #152]	; 0x98
1a006706:	1bf3      	subs	r3, r6, r7
1a006708:	9312      	str	r3, [sp, #72]	; 0x48
1a00670a:	9b22      	ldr	r3, [sp, #136]	; 0x88
1a00670c:	930e      	str	r3, [sp, #56]	; 0x38
1a00670e:	9b03      	ldr	r3, [sp, #12]
1a006710:	2b47      	cmp	r3, #71	; 0x47
1a006712:	f000 8293 	beq.w	1a006c3c <_vfprintf_r+0x155c>
1a006716:	9b03      	ldr	r3, [sp, #12]
1a006718:	2b46      	cmp	r3, #70	; 0x46
1a00671a:	f000 83fd 	beq.w	1a006f18 <_vfprintf_r+0x1838>
1a00671e:	9903      	ldr	r1, [sp, #12]
1a006720:	9b0e      	ldr	r3, [sp, #56]	; 0x38
1a006722:	2941      	cmp	r1, #65	; 0x41
1a006724:	f103 32ff 	add.w	r2, r3, #4294967295
1a006728:	fa5f f388 	uxtb.w	r3, r8
1a00672c:	bf03      	ittte	eq
1a00672e:	330f      	addeq	r3, #15
1a006730:	b2db      	uxtbeq	r3, r3
1a006732:	2101      	moveq	r1, #1
1a006734:	2100      	movne	r1, #0
1a006736:	2a00      	cmp	r2, #0
1a006738:	f88d 3090 	strb.w	r3, [sp, #144]	; 0x90
1a00673c:	bfb8      	it	lt
1a00673e:	9b0e      	ldrlt	r3, [sp, #56]	; 0x38
1a006740:	9222      	str	r2, [sp, #136]	; 0x88
1a006742:	bfb6      	itet	lt
1a006744:	f1c3 0201 	rsblt	r2, r3, #1
1a006748:	232b      	movge	r3, #43	; 0x2b
1a00674a:	232d      	movlt	r3, #45	; 0x2d
1a00674c:	2a09      	cmp	r2, #9
1a00674e:	f88d 3091 	strb.w	r3, [sp, #145]	; 0x91
1a006752:	f340 84c1 	ble.w	1a0070d8 <_vfprintf_r+0x19f8>
1a006756:	f10d 049f 	add.w	r4, sp, #159	; 0x9f
1a00675a:	4620      	mov	r0, r4
1a00675c:	4dbe      	ldr	r5, [pc, #760]	; (1a006a58 <_vfprintf_r+0x1378>)
1a00675e:	e001      	b.n	1a006764 <_vfprintf_r+0x1084>
1a006760:	4608      	mov	r0, r1
1a006762:	461a      	mov	r2, r3
1a006764:	fb85 3102 	smull	r3, r1, r5, r2
1a006768:	17d3      	asrs	r3, r2, #31
1a00676a:	ebc3 03a1 	rsb	r3, r3, r1, asr #2
1a00676e:	eb03 0183 	add.w	r1, r3, r3, lsl #2
1a006772:	eba2 0141 	sub.w	r1, r2, r1, lsl #1
1a006776:	3130      	adds	r1, #48	; 0x30
1a006778:	2a63      	cmp	r2, #99	; 0x63
1a00677a:	f800 1c01 	strb.w	r1, [r0, #-1]
1a00677e:	f100 31ff 	add.w	r1, r0, #4294967295
1a006782:	dced      	bgt.n	1a006760 <_vfprintf_r+0x1080>
1a006784:	3330      	adds	r3, #48	; 0x30
1a006786:	1e82      	subs	r2, r0, #2
1a006788:	b2db      	uxtb	r3, r3
1a00678a:	4294      	cmp	r4, r2
1a00678c:	f801 3c01 	strb.w	r3, [r1, #-1]
1a006790:	f240 8544 	bls.w	1a00721c <_vfprintf_r+0x1b3c>
1a006794:	f10d 0292 	add.w	r2, sp, #146	; 0x92
1a006798:	e001      	b.n	1a00679e <_vfprintf_r+0x10be>
1a00679a:	f811 3b01 	ldrb.w	r3, [r1], #1
1a00679e:	f802 3b01 	strb.w	r3, [r2], #1
1a0067a2:	42a1      	cmp	r1, r4
1a0067a4:	d1f9      	bne.n	1a00679a <_vfprintf_r+0x10ba>
1a0067a6:	f10d 03a1 	add.w	r3, sp, #161	; 0xa1
1a0067aa:	f10d 0292 	add.w	r2, sp, #146	; 0x92
1a0067ae:	1a1b      	subs	r3, r3, r0
1a0067b0:	4413      	add	r3, r2
1a0067b2:	aa24      	add	r2, sp, #144	; 0x90
1a0067b4:	1a9b      	subs	r3, r3, r2
1a0067b6:	9316      	str	r3, [sp, #88]	; 0x58
1a0067b8:	9b12      	ldr	r3, [sp, #72]	; 0x48
1a0067ba:	9a16      	ldr	r2, [sp, #88]	; 0x58
1a0067bc:	2b01      	cmp	r3, #1
1a0067be:	eb03 0602 	add.w	r6, r3, r2
1a0067c2:	f340 84ee 	ble.w	1a0071a2 <_vfprintf_r+0x1ac2>
1a0067c6:	9b13      	ldr	r3, [sp, #76]	; 0x4c
1a0067c8:	441e      	add	r6, r3
1a0067ca:	9b0a      	ldr	r3, [sp, #40]	; 0x28
1a0067cc:	2200      	movs	r2, #0
1a0067ce:	f423 6380 	bic.w	r3, r3, #1024	; 0x400
1a0067d2:	f443 7380 	orr.w	r3, r3, #256	; 0x100
1a0067d6:	e9cd 220e 	strd	r2, r2, [sp, #56]	; 0x38
1a0067da:	9302      	str	r3, [sp, #8]
1a0067dc:	ea26 73e6 	bic.w	r3, r6, r6, asr #31
1a0067e0:	920c      	str	r2, [sp, #48]	; 0x30
1a0067e2:	9303      	str	r3, [sp, #12]
1a0067e4:	9b1e      	ldr	r3, [sp, #120]	; 0x78
1a0067e6:	2b00      	cmp	r3, #0
1a0067e8:	f040 824f 	bne.w	1a006c8a <_vfprintf_r+0x15aa>
1a0067ec:	4699      	mov	r9, r3
1a0067ee:	f89d 2083 	ldrb.w	r2, [sp, #131]	; 0x83
1a0067f2:	f7ff b94a 	b.w	1a005a8a <_vfprintf_r+0x3aa>
1a0067f6:	9b08      	ldr	r3, [sp, #32]
1a0067f8:	1d1a      	adds	r2, r3, #4
1a0067fa:	9b02      	ldr	r3, [sp, #8]
1a0067fc:	06d9      	lsls	r1, r3, #27
1a0067fe:	f100 8504 	bmi.w	1a00720a <_vfprintf_r+0x1b2a>
1a006802:	9e02      	ldr	r6, [sp, #8]
1a006804:	4633      	mov	r3, r6
1a006806:	065b      	lsls	r3, r3, #25
1a006808:	f140 80ec 	bpl.w	1a0069e4 <_vfprintf_r+0x1304>
1a00680c:	9b08      	ldr	r3, [sp, #32]
1a00680e:	9208      	str	r2, [sp, #32]
1a006810:	f9b3 4000 	ldrsh.w	r4, [r3]
1a006814:	17e5      	asrs	r5, r4, #31
1a006816:	4622      	mov	r2, r4
1a006818:	462b      	mov	r3, r5
1a00681a:	f7ff b8eb 	b.w	1a0059f4 <_vfprintf_r+0x314>
1a00681e:	4252      	negs	r2, r2
1a006820:	9206      	str	r2, [sp, #24]
1a006822:	9308      	str	r3, [sp, #32]
1a006824:	f7ff b8af 	b.w	1a005986 <_vfprintf_r+0x2a6>
1a006828:	aa28      	add	r2, sp, #160	; 0xa0
1a00682a:	9907      	ldr	r1, [sp, #28]
1a00682c:	9805      	ldr	r0, [sp, #20]
1a00682e:	f002 fe0f 	bl	1a009450 <__sprint_r>
1a006832:	2800      	cmp	r0, #0
1a006834:	f47f acec 	bne.w	1a006210 <_vfprintf_r+0xb30>
1a006838:	9c2a      	ldr	r4, [sp, #168]	; 0xa8
1a00683a:	f10d 0bac 	add.w	fp, sp, #172	; 0xac
1a00683e:	f7ff b9cd 	b.w	1a005bdc <_vfprintf_r+0x4fc>
1a006842:	4622      	mov	r2, r4
1a006844:	461c      	mov	r4, r3
1a006846:	4613      	mov	r3, r2
1a006848:	462a      	mov	r2, r5
1a00684a:	3201      	adds	r2, #1
1a00684c:	920a      	str	r2, [sp, #40]	; 0x28
1a00684e:	f106 0208 	add.w	r2, r6, #8
1a006852:	e9c6 3800 	strd	r3, r8, [r6]
1a006856:	9b0a      	ldr	r3, [sp, #40]	; 0x28
1a006858:	9329      	str	r3, [sp, #164]	; 0xa4
1a00685a:	4444      	add	r4, r8
1a00685c:	2b07      	cmp	r3, #7
1a00685e:	942a      	str	r4, [sp, #168]	; 0xa8
1a006860:	f340 8100 	ble.w	1a006a64 <_vfprintf_r+0x1384>
1a006864:	aa28      	add	r2, sp, #160	; 0xa0
1a006866:	9907      	ldr	r1, [sp, #28]
1a006868:	9805      	ldr	r0, [sp, #20]
1a00686a:	f002 fdf1 	bl	1a009450 <__sprint_r>
1a00686e:	2800      	cmp	r0, #0
1a006870:	f47f acce 	bne.w	1a006210 <_vfprintf_r+0xb30>
1a006874:	e9dd 3429 	ldrd	r3, r4, [sp, #164]	; 0xa4
1a006878:	3301      	adds	r3, #1
1a00687a:	930a      	str	r3, [sp, #40]	; 0x28
1a00687c:	f10d 0bb4 	add.w	fp, sp, #180	; 0xb4
1a006880:	ae2b      	add	r6, sp, #172	; 0xac
1a006882:	e537      	b.n	1a0062f4 <_vfprintf_r+0xc14>
1a006884:	aa28      	add	r2, sp, #160	; 0xa0
1a006886:	9907      	ldr	r1, [sp, #28]
1a006888:	9805      	ldr	r0, [sp, #20]
1a00688a:	f002 fde1 	bl	1a009450 <__sprint_r>
1a00688e:	2800      	cmp	r0, #0
1a006890:	f47f acbe 	bne.w	1a006210 <_vfprintf_r+0xb30>
1a006894:	9c2a      	ldr	r4, [sp, #168]	; 0xa8
1a006896:	f10d 0bac 	add.w	fp, sp, #172	; 0xac
1a00689a:	e409      	b.n	1a0060b0 <_vfprintf_r+0x9d0>
1a00689c:	f043 0320 	orr.w	r3, r3, #32
1a0068a0:	f89a 8001 	ldrb.w	r8, [sl, #1]
1a0068a4:	9302      	str	r3, [sp, #8]
1a0068a6:	f10a 0a01 	add.w	sl, sl, #1
1a0068aa:	f7fe bf9d 	b.w	1a0057e8 <_vfprintf_r+0x108>
1a0068ae:	f443 7300 	orr.w	r3, r3, #512	; 0x200
1a0068b2:	f89a 8001 	ldrb.w	r8, [sl, #1]
1a0068b6:	9302      	str	r3, [sp, #8]
1a0068b8:	f10a 0a01 	add.w	sl, sl, #1
1a0068bc:	f7fe bf94 	b.w	1a0057e8 <_vfprintf_r+0x108>
1a0068c0:	464e      	mov	r6, r9
1a0068c2:	2e06      	cmp	r6, #6
1a0068c4:	bf28      	it	cs
1a0068c6:	2606      	movcs	r6, #6
1a0068c8:	46b9      	mov	r9, r7
1a0068ca:	970c      	str	r7, [sp, #48]	; 0x30
1a0068cc:	e9cd 770e 	strd	r7, r7, [sp, #56]	; 0x38
1a0068d0:	9709      	str	r7, [sp, #36]	; 0x24
1a0068d2:	463a      	mov	r2, r7
1a0068d4:	9603      	str	r6, [sp, #12]
1a0068d6:	9408      	str	r4, [sp, #32]
1a0068d8:	4f60      	ldr	r7, [pc, #384]	; (1a006a5c <_vfprintf_r+0x137c>)
1a0068da:	f7ff b8d6 	b.w	1a005a8a <_vfprintf_r+0x3aa>
1a0068de:	463c      	mov	r4, r7
1a0068e0:	f7fe bf75 	b.w	1a0057ce <_vfprintf_r+0xee>
1a0068e4:	aa28      	add	r2, sp, #160	; 0xa0
1a0068e6:	9907      	ldr	r1, [sp, #28]
1a0068e8:	9805      	ldr	r0, [sp, #20]
1a0068ea:	f002 fdb1 	bl	1a009450 <__sprint_r>
1a0068ee:	2800      	cmp	r0, #0
1a0068f0:	f47f ac8e 	bne.w	1a006210 <_vfprintf_r+0xb30>
1a0068f4:	e9dd 5429 	ldrd	r5, r4, [sp, #164]	; 0xa4
1a0068f8:	ae2b      	add	r6, sp, #172	; 0xac
1a0068fa:	e4c9      	b.n	1a006290 <_vfprintf_r+0xbb0>
1a0068fc:	aa28      	add	r2, sp, #160	; 0xa0
1a0068fe:	9907      	ldr	r1, [sp, #28]
1a006900:	9805      	ldr	r0, [sp, #20]
1a006902:	f002 fda5 	bl	1a009450 <__sprint_r>
1a006906:	2800      	cmp	r0, #0
1a006908:	f47f ac82 	bne.w	1a006210 <_vfprintf_r+0xb30>
1a00690c:	e9dd 3429 	ldrd	r3, r4, [sp, #164]	; 0xa4
1a006910:	ae2b      	add	r6, sp, #172	; 0xac
1a006912:	930b      	str	r3, [sp, #44]	; 0x2c
1a006914:	e4c9      	b.n	1a0062aa <_vfprintf_r+0xbca>
1a006916:	f8d9 0058 	ldr.w	r0, [r9, #88]	; 0x58
1a00691a:	f7fc fcb9 	bl	1a003290 <__retarget_lock_release_recursive>
1a00691e:	f8b9 300c 	ldrh.w	r3, [r9, #12]
1a006922:	e51d      	b.n	1a006360 <_vfprintf_r+0xc80>
1a006924:	aa28      	add	r2, sp, #160	; 0xa0
1a006926:	9907      	ldr	r1, [sp, #28]
1a006928:	9805      	ldr	r0, [sp, #20]
1a00692a:	f002 fd91 	bl	1a009450 <__sprint_r>
1a00692e:	2800      	cmp	r0, #0
1a006930:	f47f ac6e 	bne.w	1a006210 <_vfprintf_r+0xb30>
1a006934:	f89d 2083 	ldrb.w	r2, [sp, #131]	; 0x83
1a006938:	9c2a      	ldr	r4, [sp, #168]	; 0xa8
1a00693a:	f10d 0bac 	add.w	fp, sp, #172	; 0xac
1a00693e:	f7ff b929 	b.w	1a005b94 <_vfprintf_r+0x4b4>
1a006942:	46c1      	mov	r9, r8
1a006944:	e4fe      	b.n	1a006344 <_vfprintf_r+0xc64>
1a006946:	aa28      	add	r2, sp, #160	; 0xa0
1a006948:	9907      	ldr	r1, [sp, #28]
1a00694a:	9805      	ldr	r0, [sp, #20]
1a00694c:	f002 fd80 	bl	1a009450 <__sprint_r>
1a006950:	2800      	cmp	r0, #0
1a006952:	f47f ac5d 	bne.w	1a006210 <_vfprintf_r+0xb30>
1a006956:	f10d 0bac 	add.w	fp, sp, #172	; 0xac
1a00695a:	f7ff bb93 	b.w	1a006084 <_vfprintf_r+0x9a4>
1a00695e:	464b      	mov	r3, r9
1a006960:	3201      	adds	r2, #1
1a006962:	442c      	add	r4, r5
1a006964:	2a07      	cmp	r2, #7
1a006966:	e9cd 2429 	strd	r2, r4, [sp, #164]	; 0xa4
1a00696a:	e9cb 3500 	strd	r3, r5, [fp]
1a00696e:	f77f a94a 	ble.w	1a005c06 <_vfprintf_r+0x526>
1a006972:	e46d      	b.n	1a006250 <_vfprintf_r+0xb70>
1a006974:	9a08      	ldr	r2, [sp, #32]
1a006976:	6812      	ldr	r2, [r2, #0]
1a006978:	9308      	str	r3, [sp, #32]
1a00697a:	9b04      	ldr	r3, [sp, #16]
1a00697c:	6013      	str	r3, [r2, #0]
1a00697e:	4657      	mov	r7, sl
1a006980:	f7ff b962 	b.w	1a005c48 <_vfprintf_r+0x568>
1a006984:	2d10      	cmp	r5, #16
1a006986:	9a29      	ldr	r2, [sp, #164]	; 0xa4
1a006988:	4b35      	ldr	r3, [pc, #212]	; (1a006a60 <_vfprintf_r+0x1380>)
1a00698a:	dd50      	ble.n	1a006a2e <_vfprintf_r+0x134e>
1a00698c:	4619      	mov	r1, r3
1a00698e:	2610      	movs	r6, #16
1a006990:	4623      	mov	r3, r4
1a006992:	f8dd 8014 	ldr.w	r8, [sp, #20]
1a006996:	f8dd 901c 	ldr.w	r9, [sp, #28]
1a00699a:	460c      	mov	r4, r1
1a00699c:	e004      	b.n	1a0069a8 <_vfprintf_r+0x12c8>
1a00699e:	f10b 0b08 	add.w	fp, fp, #8
1a0069a2:	3d10      	subs	r5, #16
1a0069a4:	2d10      	cmp	r5, #16
1a0069a6:	dd3f      	ble.n	1a006a28 <_vfprintf_r+0x1348>
1a0069a8:	3201      	adds	r2, #1
1a0069aa:	3310      	adds	r3, #16
1a0069ac:	2a07      	cmp	r2, #7
1a0069ae:	e9cd 2329 	strd	r2, r3, [sp, #164]	; 0xa4
1a0069b2:	e9cb 4600 	strd	r4, r6, [fp]
1a0069b6:	ddf2      	ble.n	1a00699e <_vfprintf_r+0x12be>
1a0069b8:	aa28      	add	r2, sp, #160	; 0xa0
1a0069ba:	4649      	mov	r1, r9
1a0069bc:	4640      	mov	r0, r8
1a0069be:	f002 fd47 	bl	1a009450 <__sprint_r>
1a0069c2:	2800      	cmp	r0, #0
1a0069c4:	f47f acbe 	bne.w	1a006344 <_vfprintf_r+0xc64>
1a0069c8:	e9dd 2329 	ldrd	r2, r3, [sp, #164]	; 0xa4
1a0069cc:	f10d 0bac 	add.w	fp, sp, #172	; 0xac
1a0069d0:	e7e7      	b.n	1a0069a2 <_vfprintf_r+0x12c2>
1a0069d2:	4638      	mov	r0, r7
1a0069d4:	f7fd f8f4 	bl	1a003bc0 <strlen>
1a0069d8:	46a9      	mov	r9, r5
1a0069da:	4606      	mov	r6, r0
1a0069dc:	f7ff b849 	b.w	1a005a72 <_vfprintf_r+0x392>
1a0069e0:	46d9      	mov	r9, fp
1a0069e2:	e4af      	b.n	1a006344 <_vfprintf_r+0xc64>
1a0069e4:	9e02      	ldr	r6, [sp, #8]
1a0069e6:	9b08      	ldr	r3, [sp, #32]
1a0069e8:	f416 7f00 	tst.w	r6, #512	; 0x200
1a0069ec:	d051      	beq.n	1a006a92 <_vfprintf_r+0x13b2>
1a0069ee:	f993 4000 	ldrsb.w	r4, [r3]
1a0069f2:	9208      	str	r2, [sp, #32]
1a0069f4:	17e5      	asrs	r5, r4, #31
1a0069f6:	4622      	mov	r2, r4
1a0069f8:	462b      	mov	r3, r5
1a0069fa:	f7fe bffb 	b.w	1a0059f4 <_vfprintf_r+0x314>
1a0069fe:	9e02      	ldr	r6, [sp, #8]
1a006a00:	05b7      	lsls	r7, r6, #22
1a006a02:	bf47      	ittee	mi
1a006a04:	9208      	strmi	r2, [sp, #32]
1a006a06:	b2e4      	uxtbmi	r4, r4
1a006a08:	9e02      	ldrpl	r6, [sp, #8]
1a006a0a:	9208      	strpl	r2, [sp, #32]
1a006a0c:	2500      	movs	r5, #0
1a006a0e:	f7ff baae 	b.w	1a005f6e <_vfprintf_r+0x88e>
1a006a12:	9e02      	ldr	r6, [sp, #8]
1a006a14:	9208      	str	r2, [sp, #32]
1a006a16:	4633      	mov	r3, r6
1a006a18:	059b      	lsls	r3, r3, #22
1a006a1a:	bf4c      	ite	mi
1a006a1c:	b2e4      	uxtbmi	r4, r4
1a006a1e:	9e02      	ldrpl	r6, [sp, #8]
1a006a20:	2500      	movs	r5, #0
1a006a22:	2301      	movs	r3, #1
1a006a24:	f7ff b987 	b.w	1a005d36 <_vfprintf_r+0x656>
1a006a28:	4621      	mov	r1, r4
1a006a2a:	461c      	mov	r4, r3
1a006a2c:	460b      	mov	r3, r1
1a006a2e:	3201      	adds	r2, #1
1a006a30:	442c      	add	r4, r5
1a006a32:	2a07      	cmp	r2, #7
1a006a34:	e9cd 2429 	strd	r2, r4, [sp, #164]	; 0xa4
1a006a38:	e9cb 3500 	strd	r3, r5, [fp]
1a006a3c:	f300 80ef 	bgt.w	1a006c1e <_vfprintf_r+0x153e>
1a006a40:	f10b 0b08 	add.w	fp, fp, #8
1a006a44:	e50e      	b.n	1a006464 <_vfprintf_r+0xd84>
1a006a46:	9805      	ldr	r0, [sp, #20]
1a006a48:	aa28      	add	r2, sp, #160	; 0xa0
1a006a4a:	4649      	mov	r1, r9
1a006a4c:	f002 fd00 	bl	1a009450 <__sprint_r>
1a006a50:	2800      	cmp	r0, #0
1a006a52:	f43f a903 	beq.w	1a005c5c <_vfprintf_r+0x57c>
1a006a56:	e47a      	b.n	1a00634e <_vfprintf_r+0xc6e>
1a006a58:	66666667 	.word	0x66666667
1a006a5c:	1a009ff4 	.word	0x1a009ff4
1a006a60:	1a00a030 	.word	0x1a00a030
1a006a64:	3301      	adds	r3, #1
1a006a66:	930a      	str	r3, [sp, #40]	; 0x28
1a006a68:	f102 0b08 	add.w	fp, r2, #8
1a006a6c:	4616      	mov	r6, r2
1a006a6e:	e441      	b.n	1a0062f4 <_vfprintf_r+0xc14>
1a006a70:	9a12      	ldr	r2, [sp, #72]	; 0x48
1a006a72:	18bd      	adds	r5, r7, r2
1a006a74:	eba5 0509 	sub.w	r5, r5, r9
1a006a78:	1ad3      	subs	r3, r2, r3
1a006a7a:	429d      	cmp	r5, r3
1a006a7c:	bfa8      	it	ge
1a006a7e:	461d      	movge	r5, r3
1a006a80:	e527      	b.n	1a0064d2 <_vfprintf_r+0xdf2>
1a006a82:	9a08      	ldr	r2, [sp, #32]
1a006a84:	9308      	str	r3, [sp, #32]
1a006a86:	6812      	ldr	r2, [r2, #0]
1a006a88:	9b04      	ldr	r3, [sp, #16]
1a006a8a:	8013      	strh	r3, [r2, #0]
1a006a8c:	4657      	mov	r7, sl
1a006a8e:	f7ff b8db 	b.w	1a005c48 <_vfprintf_r+0x568>
1a006a92:	681c      	ldr	r4, [r3, #0]
1a006a94:	9208      	str	r2, [sp, #32]
1a006a96:	17e5      	asrs	r5, r4, #31
1a006a98:	9e02      	ldr	r6, [sp, #8]
1a006a9a:	4622      	mov	r2, r4
1a006a9c:	462b      	mov	r3, r5
1a006a9e:	f7fe bfa9 	b.w	1a0059f4 <_vfprintf_r+0x314>
1a006aa2:	b2e4      	uxtb	r4, r4
1a006aa4:	2500      	movs	r5, #0
1a006aa6:	f7fe bf59 	b.w	1a00595c <_vfprintf_r+0x27c>
1a006aaa:	2330      	movs	r3, #48	; 0x30
1a006aac:	f88d 3084 	strb.w	r3, [sp, #132]	; 0x84
1a006ab0:	2358      	movs	r3, #88	; 0x58
1a006ab2:	f88d 3085 	strb.w	r3, [sp, #133]	; 0x85
1a006ab6:	9b02      	ldr	r3, [sp, #8]
1a006ab8:	f1b9 0f63 	cmp.w	r9, #99	; 0x63
1a006abc:	f043 0302 	orr.w	r3, r3, #2
1a006ac0:	930a      	str	r3, [sp, #40]	; 0x28
1a006ac2:	f300 82b7 	bgt.w	1a007034 <_vfprintf_r+0x1954>
1a006ac6:	2300      	movs	r3, #0
1a006ac8:	9309      	str	r3, [sp, #36]	; 0x24
1a006aca:	af3b      	add	r7, sp, #236	; 0xec
1a006acc:	9a02      	ldr	r2, [sp, #8]
1a006ace:	9b11      	ldr	r3, [sp, #68]	; 0x44
1a006ad0:	f442 7281 	orr.w	r2, r2, #258	; 0x102
1a006ad4:	9202      	str	r2, [sp, #8]
1a006ad6:	2b00      	cmp	r3, #0
1a006ad8:	f028 0220 	bic.w	r2, r8, #32
1a006adc:	9203      	str	r2, [sp, #12]
1a006ade:	f2c0 8188 	blt.w	1a006df2 <_vfprintf_r+0x1712>
1a006ae2:	ed9d 7b10 	vldr	d7, [sp, #64]	; 0x40
1a006ae6:	ed8d 7b1c 	vstr	d7, [sp, #112]	; 0x70
1a006aea:	2300      	movs	r3, #0
1a006aec:	931e      	str	r3, [sp, #120]	; 0x78
1a006aee:	f1b8 0f61 	cmp.w	r8, #97	; 0x61
1a006af2:	f000 82d9 	beq.w	1a0070a8 <_vfprintf_r+0x19c8>
1a006af6:	f1b8 0f41 	cmp.w	r8, #65	; 0x41
1a006afa:	f47f ade7 	bne.w	1a0066cc <_vfprintf_r+0xfec>
1a006afe:	a822      	add	r0, sp, #136	; 0x88
1a006b00:	ed9d 0b1c 	vldr	d0, [sp, #112]	; 0x70
1a006b04:	f002 fb7c 	bl	1a009200 <frexp>
1a006b08:	2200      	movs	r2, #0
1a006b0a:	f04f 537f 	mov.w	r3, #1069547520	; 0x3fc00000
1a006b0e:	ec51 0b10 	vmov	r0, r1, d0
1a006b12:	f7fb fc29 	bl	1a002368 <__aeabi_dmul>
1a006b16:	2200      	movs	r2, #0
1a006b18:	2300      	movs	r3, #0
1a006b1a:	e9cd 010c 	strd	r0, r1, [sp, #48]	; 0x30
1a006b1e:	f7fb fe8b 	bl	1a002838 <__aeabi_dcmpeq>
1a006b22:	b108      	cbz	r0, 1a006b28 <_vfprintf_r+0x1448>
1a006b24:	2301      	movs	r3, #1
1a006b26:	9322      	str	r3, [sp, #136]	; 0x88
1a006b28:	4bb6      	ldr	r3, [pc, #728]	; (1a006e04 <_vfprintf_r+0x1724>)
1a006b2a:	930b      	str	r3, [sp, #44]	; 0x2c
1a006b2c:	e9cd 8a0e 	strd	r8, sl, [sp, #56]	; 0x38
1a006b30:	f109 35ff 	add.w	r5, r9, #4294967295
1a006b34:	f8cd 9048 	str.w	r9, [sp, #72]	; 0x48
1a006b38:	f8cd b07c 	str.w	fp, [sp, #124]	; 0x7c
1a006b3c:	e9dd 890c 	ldrd	r8, r9, [sp, #48]	; 0x30
1a006b40:	f8dd b02c 	ldr.w	fp, [sp, #44]	; 0x2c
1a006b44:	970c      	str	r7, [sp, #48]	; 0x30
1a006b46:	46ba      	mov	sl, r7
1a006b48:	e003      	b.n	1a006b52 <_vfprintf_r+0x1472>
1a006b4a:	f7fb fe75 	bl	1a002838 <__aeabi_dcmpeq>
1a006b4e:	bb20      	cbnz	r0, 1a006b9a <_vfprintf_r+0x14ba>
1a006b50:	46b2      	mov	sl, r6
1a006b52:	2200      	movs	r2, #0
1a006b54:	4bac      	ldr	r3, [pc, #688]	; (1a006e08 <_vfprintf_r+0x1728>)
1a006b56:	4640      	mov	r0, r8
1a006b58:	4649      	mov	r1, r9
1a006b5a:	f7fb fc05 	bl	1a002368 <__aeabi_dmul>
1a006b5e:	4689      	mov	r9, r1
1a006b60:	4680      	mov	r8, r0
1a006b62:	f7fb feb1 	bl	1a0028c8 <__aeabi_d2iz>
1a006b66:	4607      	mov	r7, r0
1a006b68:	f7fb fb94 	bl	1a002294 <__aeabi_i2d>
1a006b6c:	4602      	mov	r2, r0
1a006b6e:	460b      	mov	r3, r1
1a006b70:	4640      	mov	r0, r8
1a006b72:	4649      	mov	r1, r9
1a006b74:	f7fb fa40 	bl	1a001ff8 <__aeabi_dsub>
1a006b78:	4656      	mov	r6, sl
1a006b7a:	f81b 4007 	ldrb.w	r4, [fp, r7]
1a006b7e:	f806 4b01 	strb.w	r4, [r6], #1
1a006b82:	f1b5 3fff 	cmp.w	r5, #4294967295
1a006b86:	462c      	mov	r4, r5
1a006b88:	4680      	mov	r8, r0
1a006b8a:	4689      	mov	r9, r1
1a006b8c:	f04f 0200 	mov.w	r2, #0
1a006b90:	f04f 0300 	mov.w	r3, #0
1a006b94:	f105 35ff 	add.w	r5, r5, #4294967295
1a006b98:	d1d7      	bne.n	1a006b4a <_vfprintf_r+0x146a>
1a006b9a:	4640      	mov	r0, r8
1a006b9c:	4649      	mov	r1, r9
1a006b9e:	2200      	movs	r2, #0
1a006ba0:	4b9a      	ldr	r3, [pc, #616]	; (1a006e0c <_vfprintf_r+0x172c>)
1a006ba2:	f8dd 8038 	ldr.w	r8, [sp, #56]	; 0x38
1a006ba6:	f8dd b07c 	ldr.w	fp, [sp, #124]	; 0x7c
1a006baa:	f8cd a038 	str.w	sl, [sp, #56]	; 0x38
1a006bae:	463d      	mov	r5, r7
1a006bb0:	f8dd 9048 	ldr.w	r9, [sp, #72]	; 0x48
1a006bb4:	9f0c      	ldr	r7, [sp, #48]	; 0x30
1a006bb6:	f8dd a03c 	ldr.w	sl, [sp, #60]	; 0x3c
1a006bba:	e9cd 010c 	strd	r0, r1, [sp, #48]	; 0x30
1a006bbe:	f7fb fe63 	bl	1a002888 <__aeabi_dcmpgt>
1a006bc2:	2800      	cmp	r0, #0
1a006bc4:	f040 8214 	bne.w	1a006ff0 <_vfprintf_r+0x1910>
1a006bc8:	e9dd 010c 	ldrd	r0, r1, [sp, #48]	; 0x30
1a006bcc:	2200      	movs	r2, #0
1a006bce:	4b8f      	ldr	r3, [pc, #572]	; (1a006e0c <_vfprintf_r+0x172c>)
1a006bd0:	f7fb fe32 	bl	1a002838 <__aeabi_dcmpeq>
1a006bd4:	b118      	cbz	r0, 1a006bde <_vfprintf_r+0x14fe>
1a006bd6:	462b      	mov	r3, r5
1a006bd8:	07db      	lsls	r3, r3, #31
1a006bda:	f100 8209 	bmi.w	1a006ff0 <_vfprintf_r+0x1910>
1a006bde:	2c00      	cmp	r4, #0
1a006be0:	f6ff ad91 	blt.w	1a006706 <_vfprintf_r+0x1026>
1a006be4:	1c63      	adds	r3, r4, #1
1a006be6:	4433      	add	r3, r6
1a006be8:	2230      	movs	r2, #48	; 0x30
1a006bea:	f806 2b01 	strb.w	r2, [r6], #1
1a006bee:	429e      	cmp	r6, r3
1a006bf0:	d1fb      	bne.n	1a006bea <_vfprintf_r+0x150a>
1a006bf2:	e588      	b.n	1a006706 <_vfprintf_r+0x1026>
1a006bf4:	aa28      	add	r2, sp, #160	; 0xa0
1a006bf6:	9907      	ldr	r1, [sp, #28]
1a006bf8:	9805      	ldr	r0, [sp, #20]
1a006bfa:	f002 fc29 	bl	1a009450 <__sprint_r>
1a006bfe:	2800      	cmp	r0, #0
1a006c00:	f47f ab06 	bne.w	1a006210 <_vfprintf_r+0xb30>
1a006c04:	9b22      	ldr	r3, [sp, #136]	; 0x88
1a006c06:	e9dd 2429 	ldrd	r2, r4, [sp, #164]	; 0xa4
1a006c0a:	f10d 0bac 	add.w	fp, sp, #172	; 0xac
1a006c0e:	f7ff bb12 	b.w	1a006236 <_vfprintf_r+0xb56>
1a006c12:	f8d9 0058 	ldr.w	r0, [r9, #88]	; 0x58
1a006c16:	f7fc fb3b 	bl	1a003290 <__retarget_lock_release_recursive>
1a006c1a:	f7fe be6a 	b.w	1a0058f2 <_vfprintf_r+0x212>
1a006c1e:	aa28      	add	r2, sp, #160	; 0xa0
1a006c20:	9907      	ldr	r1, [sp, #28]
1a006c22:	9805      	ldr	r0, [sp, #20]
1a006c24:	f002 fc14 	bl	1a009450 <__sprint_r>
1a006c28:	2800      	cmp	r0, #0
1a006c2a:	f47f aaf1 	bne.w	1a006210 <_vfprintf_r+0xb30>
1a006c2e:	9c2a      	ldr	r4, [sp, #168]	; 0xa8
1a006c30:	f10d 0bac 	add.w	fp, sp, #172	; 0xac
1a006c34:	e416      	b.n	1a006464 <_vfprintf_r+0xd84>
1a006c36:	9e02      	ldr	r6, [sp, #8]
1a006c38:	f7ff b9ad 	b.w	1a005f96 <_vfprintf_r+0x8b6>
1a006c3c:	9b0e      	ldr	r3, [sp, #56]	; 0x38
1a006c3e:	1cde      	adds	r6, r3, #3
1a006c40:	db01      	blt.n	1a006c46 <_vfprintf_r+0x1566>
1a006c42:	4599      	cmp	r9, r3
1a006c44:	da05      	bge.n	1a006c52 <_vfprintf_r+0x1572>
1a006c46:	f1a8 0802 	sub.w	r8, r8, #2
1a006c4a:	f028 0320 	bic.w	r3, r8, #32
1a006c4e:	9303      	str	r3, [sp, #12]
1a006c50:	e565      	b.n	1a00671e <_vfprintf_r+0x103e>
1a006c52:	9b12      	ldr	r3, [sp, #72]	; 0x48
1a006c54:	4619      	mov	r1, r3
1a006c56:	9b0e      	ldr	r3, [sp, #56]	; 0x38
1a006c58:	4299      	cmp	r1, r3
1a006c5a:	f300 8174 	bgt.w	1a006f46 <_vfprintf_r+0x1866>
1a006c5e:	9a0a      	ldr	r2, [sp, #40]	; 0x28
1a006c60:	07d4      	lsls	r4, r2, #31
1a006c62:	f140 8254 	bpl.w	1a00710e <_vfprintf_r+0x1a2e>
1a006c66:	9a13      	ldr	r2, [sp, #76]	; 0x4c
1a006c68:	189e      	adds	r6, r3, r2
1a006c6a:	9b0a      	ldr	r3, [sp, #40]	; 0x28
1a006c6c:	0558      	lsls	r0, r3, #21
1a006c6e:	d503      	bpl.n	1a006c78 <_vfprintf_r+0x1598>
1a006c70:	9b0e      	ldr	r3, [sp, #56]	; 0x38
1a006c72:	2b00      	cmp	r3, #0
1a006c74:	f300 824d 	bgt.w	1a007112 <_vfprintf_r+0x1a32>
1a006c78:	ea26 73e6 	bic.w	r3, r6, r6, asr #31
1a006c7c:	9303      	str	r3, [sp, #12]
1a006c7e:	f04f 0867 	mov.w	r8, #103	; 0x67
1a006c82:	2300      	movs	r3, #0
1a006c84:	930c      	str	r3, [sp, #48]	; 0x30
1a006c86:	930f      	str	r3, [sp, #60]	; 0x3c
1a006c88:	e5ac      	b.n	1a0067e4 <_vfprintf_r+0x1104>
1a006c8a:	222d      	movs	r2, #45	; 0x2d
1a006c8c:	f88d 2083 	strb.w	r2, [sp, #131]	; 0x83
1a006c90:	f04f 0900 	mov.w	r9, #0
1a006c94:	f7fe befb 	b.w	1a005a8e <_vfprintf_r+0x3ae>
1a006c98:	9b12      	ldr	r3, [sp, #72]	; 0x48
1a006c9a:	f8cd a02c 	str.w	sl, [sp, #44]	; 0x2c
1a006c9e:	18fb      	adds	r3, r7, r3
1a006ca0:	930a      	str	r3, [sp, #40]	; 0x28
1a006ca2:	9b0f      	ldr	r3, [sp, #60]	; 0x3c
1a006ca4:	970e      	str	r7, [sp, #56]	; 0x38
1a006ca6:	465a      	mov	r2, fp
1a006ca8:	464f      	mov	r7, r9
1a006caa:	4e59      	ldr	r6, [pc, #356]	; (1a006e10 <_vfprintf_r+0x1730>)
1a006cac:	f8dd 8060 	ldr.w	r8, [sp, #96]	; 0x60
1a006cb0:	f8dd a014 	ldr.w	sl, [sp, #20]
1a006cb4:	f8dd b01c 	ldr.w	fp, [sp, #28]
1a006cb8:	f8dd 9064 	ldr.w	r9, [sp, #100]	; 0x64
1a006cbc:	4621      	mov	r1, r4
1a006cbe:	2b00      	cmp	r3, #0
1a006cc0:	d032      	beq.n	1a006d28 <_vfprintf_r+0x1648>
1a006cc2:	9b0c      	ldr	r3, [sp, #48]	; 0x30
1a006cc4:	2b00      	cmp	r3, #0
1a006cc6:	d16e      	bne.n	1a006da6 <_vfprintf_r+0x16c6>
1a006cc8:	9b0f      	ldr	r3, [sp, #60]	; 0x3c
1a006cca:	3b01      	subs	r3, #1
1a006ccc:	f108 38ff 	add.w	r8, r8, #4294967295
1a006cd0:	930f      	str	r3, [sp, #60]	; 0x3c
1a006cd2:	9b29      	ldr	r3, [sp, #164]	; 0xa4
1a006cd4:	9817      	ldr	r0, [sp, #92]	; 0x5c
1a006cd6:	6010      	str	r0, [r2, #0]
1a006cd8:	3301      	adds	r3, #1
1a006cda:	4449      	add	r1, r9
1a006cdc:	2b07      	cmp	r3, #7
1a006cde:	912a      	str	r1, [sp, #168]	; 0xa8
1a006ce0:	f8c2 9004 	str.w	r9, [r2, #4]
1a006ce4:	9329      	str	r3, [sp, #164]	; 0xa4
1a006ce6:	dc62      	bgt.n	1a006dae <_vfprintf_r+0x16ce>
1a006ce8:	3208      	adds	r2, #8
1a006cea:	980a      	ldr	r0, [sp, #40]	; 0x28
1a006cec:	f898 3000 	ldrb.w	r3, [r8]
1a006cf0:	1bc5      	subs	r5, r0, r7
1a006cf2:	429d      	cmp	r5, r3
1a006cf4:	bfa8      	it	ge
1a006cf6:	461d      	movge	r5, r3
1a006cf8:	2d00      	cmp	r5, #0
1a006cfa:	dd0b      	ble.n	1a006d14 <_vfprintf_r+0x1634>
1a006cfc:	9b29      	ldr	r3, [sp, #164]	; 0xa4
1a006cfe:	6017      	str	r7, [r2, #0]
1a006d00:	3301      	adds	r3, #1
1a006d02:	4429      	add	r1, r5
1a006d04:	2b07      	cmp	r3, #7
1a006d06:	912a      	str	r1, [sp, #168]	; 0xa8
1a006d08:	6055      	str	r5, [r2, #4]
1a006d0a:	9329      	str	r3, [sp, #164]	; 0xa4
1a006d0c:	dc5a      	bgt.n	1a006dc4 <_vfprintf_r+0x16e4>
1a006d0e:	f898 3000 	ldrb.w	r3, [r8]
1a006d12:	3208      	adds	r2, #8
1a006d14:	2d00      	cmp	r5, #0
1a006d16:	bfac      	ite	ge
1a006d18:	1b5d      	subge	r5, r3, r5
1a006d1a:	461d      	movlt	r5, r3
1a006d1c:	2d00      	cmp	r5, #0
1a006d1e:	dc15      	bgt.n	1a006d4c <_vfprintf_r+0x166c>
1a006d20:	441f      	add	r7, r3
1a006d22:	9b0f      	ldr	r3, [sp, #60]	; 0x3c
1a006d24:	2b00      	cmp	r3, #0
1a006d26:	d1cc      	bne.n	1a006cc2 <_vfprintf_r+0x15e2>
1a006d28:	9b0c      	ldr	r3, [sp, #48]	; 0x30
1a006d2a:	2b00      	cmp	r3, #0
1a006d2c:	d13b      	bne.n	1a006da6 <_vfprintf_r+0x16c6>
1a006d2e:	46b9      	mov	r9, r7
1a006d30:	9b12      	ldr	r3, [sp, #72]	; 0x48
1a006d32:	9f0e      	ldr	r7, [sp, #56]	; 0x38
1a006d34:	f8dd a02c 	ldr.w	sl, [sp, #44]	; 0x2c
1a006d38:	f8cd 8060 	str.w	r8, [sp, #96]	; 0x60
1a006d3c:	18fb      	adds	r3, r7, r3
1a006d3e:	4599      	cmp	r9, r3
1a006d40:	4693      	mov	fp, r2
1a006d42:	460c      	mov	r4, r1
1a006d44:	bf28      	it	cs
1a006d46:	4699      	movcs	r9, r3
1a006d48:	f7ff bb93 	b.w	1a006472 <_vfprintf_r+0xd92>
1a006d4c:	2d10      	cmp	r5, #16
1a006d4e:	9829      	ldr	r0, [sp, #164]	; 0xa4
1a006d50:	dd1c      	ble.n	1a006d8c <_vfprintf_r+0x16ac>
1a006d52:	2410      	movs	r4, #16
1a006d54:	e004      	b.n	1a006d60 <_vfprintf_r+0x1680>
1a006d56:	3d10      	subs	r5, #16
1a006d58:	2d10      	cmp	r5, #16
1a006d5a:	f102 0208 	add.w	r2, r2, #8
1a006d5e:	dd15      	ble.n	1a006d8c <_vfprintf_r+0x16ac>
1a006d60:	3001      	adds	r0, #1
1a006d62:	3110      	adds	r1, #16
1a006d64:	2807      	cmp	r0, #7
1a006d66:	e9cd 0129 	strd	r0, r1, [sp, #164]	; 0xa4
1a006d6a:	e9c2 6400 	strd	r6, r4, [r2]
1a006d6e:	ddf2      	ble.n	1a006d56 <_vfprintf_r+0x1676>
1a006d70:	aa28      	add	r2, sp, #160	; 0xa0
1a006d72:	4659      	mov	r1, fp
1a006d74:	4650      	mov	r0, sl
1a006d76:	f002 fb6b 	bl	1a009450 <__sprint_r>
1a006d7a:	2800      	cmp	r0, #0
1a006d7c:	f47f ae30 	bne.w	1a0069e0 <_vfprintf_r+0x1300>
1a006d80:	3d10      	subs	r5, #16
1a006d82:	2d10      	cmp	r5, #16
1a006d84:	e9dd 0129 	ldrd	r0, r1, [sp, #164]	; 0xa4
1a006d88:	aa2b      	add	r2, sp, #172	; 0xac
1a006d8a:	dce9      	bgt.n	1a006d60 <_vfprintf_r+0x1680>
1a006d8c:	3001      	adds	r0, #1
1a006d8e:	4429      	add	r1, r5
1a006d90:	2807      	cmp	r0, #7
1a006d92:	e9cd 0129 	strd	r0, r1, [sp, #164]	; 0xa4
1a006d96:	e9c2 6500 	strd	r6, r5, [r2]
1a006d9a:	dc49      	bgt.n	1a006e30 <_vfprintf_r+0x1750>
1a006d9c:	f898 3000 	ldrb.w	r3, [r8]
1a006da0:	3208      	adds	r2, #8
1a006da2:	441f      	add	r7, r3
1a006da4:	e7bd      	b.n	1a006d22 <_vfprintf_r+0x1642>
1a006da6:	9b0c      	ldr	r3, [sp, #48]	; 0x30
1a006da8:	3b01      	subs	r3, #1
1a006daa:	930c      	str	r3, [sp, #48]	; 0x30
1a006dac:	e791      	b.n	1a006cd2 <_vfprintf_r+0x15f2>
1a006dae:	aa28      	add	r2, sp, #160	; 0xa0
1a006db0:	4659      	mov	r1, fp
1a006db2:	4650      	mov	r0, sl
1a006db4:	f002 fb4c 	bl	1a009450 <__sprint_r>
1a006db8:	2800      	cmp	r0, #0
1a006dba:	f47f ae11 	bne.w	1a0069e0 <_vfprintf_r+0x1300>
1a006dbe:	992a      	ldr	r1, [sp, #168]	; 0xa8
1a006dc0:	aa2b      	add	r2, sp, #172	; 0xac
1a006dc2:	e792      	b.n	1a006cea <_vfprintf_r+0x160a>
1a006dc4:	aa28      	add	r2, sp, #160	; 0xa0
1a006dc6:	4659      	mov	r1, fp
1a006dc8:	4650      	mov	r0, sl
1a006dca:	f002 fb41 	bl	1a009450 <__sprint_r>
1a006dce:	2800      	cmp	r0, #0
1a006dd0:	f47f ae06 	bne.w	1a0069e0 <_vfprintf_r+0x1300>
1a006dd4:	f898 3000 	ldrb.w	r3, [r8]
1a006dd8:	992a      	ldr	r1, [sp, #168]	; 0xa8
1a006dda:	aa2b      	add	r2, sp, #172	; 0xac
1a006ddc:	e79a      	b.n	1a006d14 <_vfprintf_r+0x1634>
1a006dde:	222d      	movs	r2, #45	; 0x2d
1a006de0:	f88d 2083 	strb.w	r2, [sp, #131]	; 0x83
1a006de4:	f7ff b87d 	b.w	1a005ee2 <_vfprintf_r+0x802>
1a006de8:	9b02      	ldr	r3, [sp, #8]
1a006dea:	930a      	str	r3, [sp, #40]	; 0x28
1a006dec:	2300      	movs	r3, #0
1a006dee:	9309      	str	r3, [sp, #36]	; 0x24
1a006df0:	9202      	str	r2, [sp, #8]
1a006df2:	e9dd 1210 	ldrd	r1, r2, [sp, #64]	; 0x40
1a006df6:	f102 4300 	add.w	r3, r2, #2147483648	; 0x80000000
1a006dfa:	931d      	str	r3, [sp, #116]	; 0x74
1a006dfc:	232d      	movs	r3, #45	; 0x2d
1a006dfe:	911c      	str	r1, [sp, #112]	; 0x70
1a006e00:	931e      	str	r3, [sp, #120]	; 0x78
1a006e02:	e674      	b.n	1a006aee <_vfprintf_r+0x140e>
1a006e04:	1a009fe0 	.word	0x1a009fe0
1a006e08:	40300000 	.word	0x40300000
1a006e0c:	3fe00000 	.word	0x3fe00000
1a006e10:	1a00a030 	.word	0x1a00a030
1a006e14:	aa28      	add	r2, sp, #160	; 0xa0
1a006e16:	9907      	ldr	r1, [sp, #28]
1a006e18:	9805      	ldr	r0, [sp, #20]
1a006e1a:	f002 fb19 	bl	1a009450 <__sprint_r>
1a006e1e:	2800      	cmp	r0, #0
1a006e20:	f47f a9f6 	bne.w	1a006210 <_vfprintf_r+0xb30>
1a006e24:	9b22      	ldr	r3, [sp, #136]	; 0x88
1a006e26:	9c2a      	ldr	r4, [sp, #168]	; 0xa8
1a006e28:	f10d 0bac 	add.w	fp, sp, #172	; 0xac
1a006e2c:	f7ff bbeb 	b.w	1a006606 <_vfprintf_r+0xf26>
1a006e30:	aa28      	add	r2, sp, #160	; 0xa0
1a006e32:	4659      	mov	r1, fp
1a006e34:	4650      	mov	r0, sl
1a006e36:	f002 fb0b 	bl	1a009450 <__sprint_r>
1a006e3a:	2800      	cmp	r0, #0
1a006e3c:	f47f add0 	bne.w	1a0069e0 <_vfprintf_r+0x1300>
1a006e40:	f898 3000 	ldrb.w	r3, [r8]
1a006e44:	992a      	ldr	r1, [sp, #168]	; 0xa8
1a006e46:	aa2b      	add	r2, sp, #172	; 0xac
1a006e48:	441f      	add	r7, r3
1a006e4a:	e76a      	b.n	1a006d22 <_vfprintf_r+0x1642>
1a006e4c:	aa28      	add	r2, sp, #160	; 0xa0
1a006e4e:	9907      	ldr	r1, [sp, #28]
1a006e50:	9805      	ldr	r0, [sp, #20]
1a006e52:	f002 fafd 	bl	1a009450 <__sprint_r>
1a006e56:	2800      	cmp	r0, #0
1a006e58:	f47f a9da 	bne.w	1a006210 <_vfprintf_r+0xb30>
1a006e5c:	9c2a      	ldr	r4, [sp, #168]	; 0xa8
1a006e5e:	f10d 0bac 	add.w	fp, sp, #172	; 0xac
1a006e62:	f7ff baf7 	b.w	1a006454 <_vfprintf_r+0xd74>
1a006e66:	9b19      	ldr	r3, [sp, #100]	; 0x64
1a006e68:	9917      	ldr	r1, [sp, #92]	; 0x5c
1a006e6a:	1aff      	subs	r7, r7, r3
1a006e6c:	461a      	mov	r2, r3
1a006e6e:	4638      	mov	r0, r7
1a006e70:	f002 f9fc 	bl	1a00926c <strncpy>
1a006e74:	f898 3001 	ldrb.w	r3, [r8, #1]
1a006e78:	b10b      	cbz	r3, 1a006e7e <_vfprintf_r+0x179e>
1a006e7a:	f108 0801 	add.w	r8, r8, #1
1a006e7e:	220a      	movs	r2, #10
1a006e80:	2300      	movs	r3, #0
1a006e82:	4620      	mov	r0, r4
1a006e84:	4629      	mov	r1, r5
1a006e86:	f04f 0a00 	mov.w	sl, #0
1a006e8a:	f7fb fd45 	bl	1a002918 <__aeabi_uldivmod>
1a006e8e:	f7ff b8ab 	b.w	1a005fe8 <_vfprintf_r+0x908>
1a006e92:	aa26      	add	r2, sp, #152	; 0x98
1a006e94:	ab23      	add	r3, sp, #140	; 0x8c
1a006e96:	e9cd 3200 	strd	r3, r2, [sp]
1a006e9a:	2103      	movs	r1, #3
1a006e9c:	ab22      	add	r3, sp, #136	; 0x88
1a006e9e:	464a      	mov	r2, r9
1a006ea0:	ed9d 0b1c 	vldr	d0, [sp, #112]	; 0x70
1a006ea4:	9805      	ldr	r0, [sp, #20]
1a006ea6:	f000 fb03 	bl	1a0074b0 <_dtoa_r>
1a006eaa:	7803      	ldrb	r3, [r0, #0]
1a006eac:	2b30      	cmp	r3, #48	; 0x30
1a006eae:	4607      	mov	r7, r0
1a006eb0:	f000 8161 	beq.w	1a007176 <_vfprintf_r+0x1a96>
1a006eb4:	9b22      	ldr	r3, [sp, #136]	; 0x88
1a006eb6:	444b      	add	r3, r9
1a006eb8:	18fc      	adds	r4, r7, r3
1a006eba:	2200      	movs	r2, #0
1a006ebc:	2300      	movs	r3, #0
1a006ebe:	e9dd 011c 	ldrd	r0, r1, [sp, #112]	; 0x70
1a006ec2:	f7fb fcb9 	bl	1a002838 <__aeabi_dcmpeq>
1a006ec6:	b108      	cbz	r0, 1a006ecc <_vfprintf_r+0x17ec>
1a006ec8:	4626      	mov	r6, r4
1a006eca:	e41c      	b.n	1a006706 <_vfprintf_r+0x1026>
1a006ecc:	9e26      	ldr	r6, [sp, #152]	; 0x98
1a006ece:	42a6      	cmp	r6, r4
1a006ed0:	f4bf ac19 	bcs.w	1a006706 <_vfprintf_r+0x1026>
1a006ed4:	2230      	movs	r2, #48	; 0x30
1a006ed6:	1c73      	adds	r3, r6, #1
1a006ed8:	9326      	str	r3, [sp, #152]	; 0x98
1a006eda:	7032      	strb	r2, [r6, #0]
1a006edc:	9e26      	ldr	r6, [sp, #152]	; 0x98
1a006ede:	42b4      	cmp	r4, r6
1a006ee0:	d8f9      	bhi.n	1a006ed6 <_vfprintf_r+0x17f6>
1a006ee2:	e410      	b.n	1a006706 <_vfprintf_r+0x1026>
1a006ee4:	aa28      	add	r2, sp, #160	; 0xa0
1a006ee6:	9907      	ldr	r1, [sp, #28]
1a006ee8:	9805      	ldr	r0, [sp, #20]
1a006eea:	f002 fab1 	bl	1a009450 <__sprint_r>
1a006eee:	2800      	cmp	r0, #0
1a006ef0:	f47f a98e 	bne.w	1a006210 <_vfprintf_r+0xb30>
1a006ef4:	9b22      	ldr	r3, [sp, #136]	; 0x88
1a006ef6:	9c2a      	ldr	r4, [sp, #168]	; 0xa8
1a006ef8:	f10d 0bac 	add.w	fp, sp, #172	; 0xac
1a006efc:	f7ff bad1 	b.w	1a0064a2 <_vfprintf_r+0xdc2>
1a006f00:	464e      	mov	r6, r9
1a006f02:	f8cd 900c 	str.w	r9, [sp, #12]
1a006f06:	9408      	str	r4, [sp, #32]
1a006f08:	4681      	mov	r9, r0
1a006f0a:	900c      	str	r0, [sp, #48]	; 0x30
1a006f0c:	e9cd 000e 	strd	r0, r0, [sp, #56]	; 0x38
1a006f10:	f89d 2083 	ldrb.w	r2, [sp, #131]	; 0x83
1a006f14:	f7fe bdb9 	b.w	1a005a8a <_vfprintf_r+0x3aa>
1a006f18:	9b0a      	ldr	r3, [sp, #40]	; 0x28
1a006f1a:	9a0e      	ldr	r2, [sp, #56]	; 0x38
1a006f1c:	f003 0301 	and.w	r3, r3, #1
1a006f20:	2a00      	cmp	r2, #0
1a006f22:	ea43 0309 	orr.w	r3, r3, r9
1a006f26:	f340 8142 	ble.w	1a0071ae <_vfprintf_r+0x1ace>
1a006f2a:	2b00      	cmp	r3, #0
1a006f2c:	f040 8119 	bne.w	1a007162 <_vfprintf_r+0x1a82>
1a006f30:	9e0e      	ldr	r6, [sp, #56]	; 0x38
1a006f32:	f04f 0866 	mov.w	r8, #102	; 0x66
1a006f36:	9b0a      	ldr	r3, [sp, #40]	; 0x28
1a006f38:	055a      	lsls	r2, r3, #21
1a006f3a:	f100 80ec 	bmi.w	1a007116 <_vfprintf_r+0x1a36>
1a006f3e:	ea26 73e6 	bic.w	r3, r6, r6, asr #31
1a006f42:	9303      	str	r3, [sp, #12]
1a006f44:	e69d      	b.n	1a006c82 <_vfprintf_r+0x15a2>
1a006f46:	e9dd 3212 	ldrd	r3, r2, [sp, #72]	; 0x48
1a006f4a:	189e      	adds	r6, r3, r2
1a006f4c:	9b0e      	ldr	r3, [sp, #56]	; 0x38
1a006f4e:	2b00      	cmp	r3, #0
1a006f50:	f340 811e 	ble.w	1a007190 <_vfprintf_r+0x1ab0>
1a006f54:	f04f 0867 	mov.w	r8, #103	; 0x67
1a006f58:	e7ed      	b.n	1a006f36 <_vfprintf_r+0x1856>
1a006f5a:	aa28      	add	r2, sp, #160	; 0xa0
1a006f5c:	9907      	ldr	r1, [sp, #28]
1a006f5e:	9805      	ldr	r0, [sp, #20]
1a006f60:	f002 fa76 	bl	1a009450 <__sprint_r>
1a006f64:	2800      	cmp	r0, #0
1a006f66:	f47f a953 	bne.w	1a006210 <_vfprintf_r+0xb30>
1a006f6a:	9b22      	ldr	r3, [sp, #136]	; 0x88
1a006f6c:	9a12      	ldr	r2, [sp, #72]	; 0x48
1a006f6e:	9c2a      	ldr	r4, [sp, #168]	; 0xa8
1a006f70:	1ad3      	subs	r3, r2, r3
1a006f72:	f10d 0bac 	add.w	fp, sp, #172	; 0xac
1a006f76:	f7ff baac 	b.w	1a0064d2 <_vfprintf_r+0xdf2>
1a006f7a:	eb07 0409 	add.w	r4, r7, r9
1a006f7e:	e79c      	b.n	1a006eba <_vfprintf_r+0x17da>
1a006f80:	425d      	negs	r5, r3
1a006f82:	3310      	adds	r3, #16
1a006f84:	4ba7      	ldr	r3, [pc, #668]	; (1a007224 <_vfprintf_r+0x1b44>)
1a006f86:	da63      	bge.n	1a007050 <_vfprintf_r+0x1970>
1a006f88:	4619      	mov	r1, r3
1a006f8a:	2610      	movs	r6, #16
1a006f8c:	4623      	mov	r3, r4
1a006f8e:	f8dd 8014 	ldr.w	r8, [sp, #20]
1a006f92:	f8dd 901c 	ldr.w	r9, [sp, #28]
1a006f96:	460c      	mov	r4, r1
1a006f98:	e004      	b.n	1a006fa4 <_vfprintf_r+0x18c4>
1a006f9a:	f10b 0b08 	add.w	fp, fp, #8
1a006f9e:	3d10      	subs	r5, #16
1a006fa0:	2d10      	cmp	r5, #16
1a006fa2:	dd52      	ble.n	1a00704a <_vfprintf_r+0x196a>
1a006fa4:	3201      	adds	r2, #1
1a006fa6:	3310      	adds	r3, #16
1a006fa8:	2a07      	cmp	r2, #7
1a006faa:	e9cd 2329 	strd	r2, r3, [sp, #164]	; 0xa4
1a006fae:	e9cb 4600 	strd	r4, r6, [fp]
1a006fb2:	ddf2      	ble.n	1a006f9a <_vfprintf_r+0x18ba>
1a006fb4:	aa28      	add	r2, sp, #160	; 0xa0
1a006fb6:	4649      	mov	r1, r9
1a006fb8:	4640      	mov	r0, r8
1a006fba:	f002 fa49 	bl	1a009450 <__sprint_r>
1a006fbe:	2800      	cmp	r0, #0
1a006fc0:	f47f a9c0 	bne.w	1a006344 <_vfprintf_r+0xc64>
1a006fc4:	e9dd 2329 	ldrd	r2, r3, [sp, #164]	; 0xa4
1a006fc8:	f10d 0bac 	add.w	fp, sp, #172	; 0xac
1a006fcc:	e7e7      	b.n	1a006f9e <_vfprintf_r+0x18be>
1a006fce:	f8d9 3064 	ldr.w	r3, [r9, #100]	; 0x64
1a006fd2:	07db      	lsls	r3, r3, #31
1a006fd4:	d407      	bmi.n	1a006fe6 <_vfprintf_r+0x1906>
1a006fd6:	f8b9 300c 	ldrh.w	r3, [r9, #12]
1a006fda:	059f      	lsls	r7, r3, #22
1a006fdc:	d403      	bmi.n	1a006fe6 <_vfprintf_r+0x1906>
1a006fde:	f8d9 0058 	ldr.w	r0, [r9, #88]	; 0x58
1a006fe2:	f7fc f955 	bl	1a003290 <__retarget_lock_release_recursive>
1a006fe6:	f04f 33ff 	mov.w	r3, #4294967295
1a006fea:	9304      	str	r3, [sp, #16]
1a006fec:	f7ff b9bb 	b.w	1a006366 <_vfprintf_r+0xc86>
1a006ff0:	9b0e      	ldr	r3, [sp, #56]	; 0x38
1a006ff2:	9326      	str	r3, [sp, #152]	; 0x98
1a006ff4:	9b0b      	ldr	r3, [sp, #44]	; 0x2c
1a006ff6:	f816 2c01 	ldrb.w	r2, [r6, #-1]
1a006ffa:	7bd9      	ldrb	r1, [r3, #15]
1a006ffc:	428a      	cmp	r2, r1
1a006ffe:	4633      	mov	r3, r6
1a007000:	d109      	bne.n	1a007016 <_vfprintf_r+0x1936>
1a007002:	2030      	movs	r0, #48	; 0x30
1a007004:	f803 0c01 	strb.w	r0, [r3, #-1]
1a007008:	9b26      	ldr	r3, [sp, #152]	; 0x98
1a00700a:	1e5a      	subs	r2, r3, #1
1a00700c:	9226      	str	r2, [sp, #152]	; 0x98
1a00700e:	f813 2c01 	ldrb.w	r2, [r3, #-1]
1a007012:	4291      	cmp	r1, r2
1a007014:	d0f6      	beq.n	1a007004 <_vfprintf_r+0x1924>
1a007016:	2a39      	cmp	r2, #57	; 0x39
1a007018:	bf0b      	itete	eq
1a00701a:	9a0b      	ldreq	r2, [sp, #44]	; 0x2c
1a00701c:	3201      	addne	r2, #1
1a00701e:	7a92      	ldrbeq	r2, [r2, #10]
1a007020:	b2d2      	uxtbne	r2, r2
1a007022:	f803 2c01 	strb.w	r2, [r3, #-1]
1a007026:	f7ff bb6e 	b.w	1a006706 <_vfprintf_r+0x1026>
1a00702a:	2330      	movs	r3, #48	; 0x30
1a00702c:	f88d 3084 	strb.w	r3, [sp, #132]	; 0x84
1a007030:	2378      	movs	r3, #120	; 0x78
1a007032:	e53e      	b.n	1a006ab2 <_vfprintf_r+0x13d2>
1a007034:	f109 0101 	add.w	r1, r9, #1
1a007038:	9805      	ldr	r0, [sp, #20]
1a00703a:	f7fc f92b 	bl	1a003294 <_malloc_r>
1a00703e:	4607      	mov	r7, r0
1a007040:	2800      	cmp	r0, #0
1a007042:	f000 80d5 	beq.w	1a0071f0 <_vfprintf_r+0x1b10>
1a007046:	9009      	str	r0, [sp, #36]	; 0x24
1a007048:	e540      	b.n	1a006acc <_vfprintf_r+0x13ec>
1a00704a:	4621      	mov	r1, r4
1a00704c:	461c      	mov	r4, r3
1a00704e:	460b      	mov	r3, r1
1a007050:	3201      	adds	r2, #1
1a007052:	442c      	add	r4, r5
1a007054:	2a07      	cmp	r2, #7
1a007056:	e9cd 2429 	strd	r2, r4, [sp, #164]	; 0xa4
1a00705a:	e9cb 3500 	strd	r3, r5, [fp]
1a00705e:	f77f aaea 	ble.w	1a006636 <_vfprintf_r+0xf56>
1a007062:	aa28      	add	r2, sp, #160	; 0xa0
1a007064:	9907      	ldr	r1, [sp, #28]
1a007066:	9805      	ldr	r0, [sp, #20]
1a007068:	f002 f9f2 	bl	1a009450 <__sprint_r>
1a00706c:	2800      	cmp	r0, #0
1a00706e:	f47f a8cf 	bne.w	1a006210 <_vfprintf_r+0xb30>
1a007072:	e9dd 2429 	ldrd	r2, r4, [sp, #164]	; 0xa4
1a007076:	f10d 0bac 	add.w	fp, sp, #172	; 0xac
1a00707a:	f7ff b8df 	b.w	1a00623c <_vfprintf_r+0xb5c>
1a00707e:	f109 0401 	add.w	r4, r9, #1
1a007082:	a926      	add	r1, sp, #152	; 0x98
1a007084:	ab23      	add	r3, sp, #140	; 0x8c
1a007086:	e9cd 3100 	strd	r3, r1, [sp]
1a00708a:	4622      	mov	r2, r4
1a00708c:	ab22      	add	r3, sp, #136	; 0x88
1a00708e:	2102      	movs	r1, #2
1a007090:	ed9d 0b1c 	vldr	d0, [sp, #112]	; 0x70
1a007094:	9805      	ldr	r0, [sp, #20]
1a007096:	f000 fa0b 	bl	1a0074b0 <_dtoa_r>
1a00709a:	4607      	mov	r7, r0
1a00709c:	443c      	add	r4, r7
1a00709e:	e70c      	b.n	1a006eba <_vfprintf_r+0x17da>
1a0070a0:	f04f 0906 	mov.w	r9, #6
1a0070a4:	f7ff bb03 	b.w	1a0066ae <_vfprintf_r+0xfce>
1a0070a8:	a822      	add	r0, sp, #136	; 0x88
1a0070aa:	ed9d 0b1c 	vldr	d0, [sp, #112]	; 0x70
1a0070ae:	f002 f8a7 	bl	1a009200 <frexp>
1a0070b2:	2200      	movs	r2, #0
1a0070b4:	f04f 537f 	mov.w	r3, #1069547520	; 0x3fc00000
1a0070b8:	ec51 0b10 	vmov	r0, r1, d0
1a0070bc:	f7fb f954 	bl	1a002368 <__aeabi_dmul>
1a0070c0:	2200      	movs	r2, #0
1a0070c2:	2300      	movs	r3, #0
1a0070c4:	e9cd 010c 	strd	r0, r1, [sp, #48]	; 0x30
1a0070c8:	f7fb fbb6 	bl	1a002838 <__aeabi_dcmpeq>
1a0070cc:	b108      	cbz	r0, 1a0070d2 <_vfprintf_r+0x19f2>
1a0070ce:	2301      	movs	r3, #1
1a0070d0:	9322      	str	r3, [sp, #136]	; 0x88
1a0070d2:	4b55      	ldr	r3, [pc, #340]	; (1a007228 <_vfprintf_r+0x1b48>)
1a0070d4:	930b      	str	r3, [sp, #44]	; 0x2c
1a0070d6:	e529      	b.n	1a006b2c <_vfprintf_r+0x144c>
1a0070d8:	2900      	cmp	r1, #0
1a0070da:	d17b      	bne.n	1a0071d4 <_vfprintf_r+0x1af4>
1a0070dc:	2330      	movs	r3, #48	; 0x30
1a0070de:	f88d 3092 	strb.w	r3, [sp, #146]	; 0x92
1a0070e2:	f10d 0393 	add.w	r3, sp, #147	; 0x93
1a0070e6:	3230      	adds	r2, #48	; 0x30
1a0070e8:	f803 2b01 	strb.w	r2, [r3], #1
1a0070ec:	aa24      	add	r2, sp, #144	; 0x90
1a0070ee:	1a9b      	subs	r3, r3, r2
1a0070f0:	9316      	str	r3, [sp, #88]	; 0x58
1a0070f2:	f7ff bb61 	b.w	1a0067b8 <_vfprintf_r+0x10d8>
1a0070f6:	9b11      	ldr	r3, [sp, #68]	; 0x44
1a0070f8:	4f4c      	ldr	r7, [pc, #304]	; (1a00722c <_vfprintf_r+0x1b4c>)
1a0070fa:	2b00      	cmp	r3, #0
1a0070fc:	bfb6      	itet	lt
1a0070fe:	222d      	movlt	r2, #45	; 0x2d
1a007100:	f89d 2083 	ldrbge.w	r2, [sp, #131]	; 0x83
1a007104:	f88d 2083 	strblt.w	r2, [sp, #131]	; 0x83
1a007108:	4b49      	ldr	r3, [pc, #292]	; (1a007230 <_vfprintf_r+0x1b50>)
1a00710a:	f7fe beec 	b.w	1a005ee6 <_vfprintf_r+0x806>
1a00710e:	9e0e      	ldr	r6, [sp, #56]	; 0x38
1a007110:	e5ab      	b.n	1a006c6a <_vfprintf_r+0x158a>
1a007112:	f04f 0867 	mov.w	r8, #103	; 0x67
1a007116:	9818      	ldr	r0, [sp, #96]	; 0x60
1a007118:	2200      	movs	r2, #0
1a00711a:	920c      	str	r2, [sp, #48]	; 0x30
1a00711c:	920f      	str	r2, [sp, #60]	; 0x3c
1a00711e:	7803      	ldrb	r3, [r0, #0]
1a007120:	9a0e      	ldr	r2, [sp, #56]	; 0x38
1a007122:	2bff      	cmp	r3, #255	; 0xff
1a007124:	d00c      	beq.n	1a007140 <_vfprintf_r+0x1a60>
1a007126:	4293      	cmp	r3, r2
1a007128:	da0a      	bge.n	1a007140 <_vfprintf_r+0x1a60>
1a00712a:	7841      	ldrb	r1, [r0, #1]
1a00712c:	1ad2      	subs	r2, r2, r3
1a00712e:	b1a1      	cbz	r1, 1a00715a <_vfprintf_r+0x1a7a>
1a007130:	9b0f      	ldr	r3, [sp, #60]	; 0x3c
1a007132:	3301      	adds	r3, #1
1a007134:	930f      	str	r3, [sp, #60]	; 0x3c
1a007136:	460b      	mov	r3, r1
1a007138:	2bff      	cmp	r3, #255	; 0xff
1a00713a:	f100 0001 	add.w	r0, r0, #1
1a00713e:	d1f2      	bne.n	1a007126 <_vfprintf_r+0x1a46>
1a007140:	920e      	str	r2, [sp, #56]	; 0x38
1a007142:	9b0f      	ldr	r3, [sp, #60]	; 0x3c
1a007144:	9a0c      	ldr	r2, [sp, #48]	; 0x30
1a007146:	9018      	str	r0, [sp, #96]	; 0x60
1a007148:	4413      	add	r3, r2
1a00714a:	9a19      	ldr	r2, [sp, #100]	; 0x64
1a00714c:	fb02 6603 	mla	r6, r2, r3, r6
1a007150:	ea26 73e6 	bic.w	r3, r6, r6, asr #31
1a007154:	9303      	str	r3, [sp, #12]
1a007156:	f7ff bb45 	b.w	1a0067e4 <_vfprintf_r+0x1104>
1a00715a:	990c      	ldr	r1, [sp, #48]	; 0x30
1a00715c:	3101      	adds	r1, #1
1a00715e:	910c      	str	r1, [sp, #48]	; 0x30
1a007160:	e7df      	b.n	1a007122 <_vfprintf_r+0x1a42>
1a007162:	9b13      	ldr	r3, [sp, #76]	; 0x4c
1a007164:	18d6      	adds	r6, r2, r3
1a007166:	444e      	add	r6, r9
1a007168:	f04f 0866 	mov.w	r8, #102	; 0x66
1a00716c:	e6e3      	b.n	1a006f36 <_vfprintf_r+0x1856>
1a00716e:	f8dd 901c 	ldr.w	r9, [sp, #28]
1a007172:	f7ff b8ec 	b.w	1a00634e <_vfprintf_r+0xc6e>
1a007176:	2200      	movs	r2, #0
1a007178:	2300      	movs	r3, #0
1a00717a:	e9dd 011c 	ldrd	r0, r1, [sp, #112]	; 0x70
1a00717e:	f7fb fb5b 	bl	1a002838 <__aeabi_dcmpeq>
1a007182:	2800      	cmp	r0, #0
1a007184:	f47f ae96 	bne.w	1a006eb4 <_vfprintf_r+0x17d4>
1a007188:	f1c9 0301 	rsb	r3, r9, #1
1a00718c:	9322      	str	r3, [sp, #136]	; 0x88
1a00718e:	e692      	b.n	1a006eb6 <_vfprintf_r+0x17d6>
1a007190:	f1c3 0301 	rsb	r3, r3, #1
1a007194:	441e      	add	r6, r3
1a007196:	ea26 73e6 	bic.w	r3, r6, r6, asr #31
1a00719a:	9303      	str	r3, [sp, #12]
1a00719c:	f04f 0867 	mov.w	r8, #103	; 0x67
1a0071a0:	e56f      	b.n	1a006c82 <_vfprintf_r+0x15a2>
1a0071a2:	9b0a      	ldr	r3, [sp, #40]	; 0x28
1a0071a4:	07dd      	lsls	r5, r3, #31
1a0071a6:	f57f ab10 	bpl.w	1a0067ca <_vfprintf_r+0x10ea>
1a0071aa:	f7ff bb0c 	b.w	1a0067c6 <_vfprintf_r+0x10e6>
1a0071ae:	b92b      	cbnz	r3, 1a0071bc <_vfprintf_r+0x1adc>
1a0071b0:	2301      	movs	r3, #1
1a0071b2:	9303      	str	r3, [sp, #12]
1a0071b4:	461e      	mov	r6, r3
1a0071b6:	f04f 0866 	mov.w	r8, #102	; 0x66
1a0071ba:	e562      	b.n	1a006c82 <_vfprintf_r+0x15a2>
1a0071bc:	9b13      	ldr	r3, [sp, #76]	; 0x4c
1a0071be:	1c5e      	adds	r6, r3, #1
1a0071c0:	444e      	add	r6, r9
1a0071c2:	ea26 73e6 	bic.w	r3, r6, r6, asr #31
1a0071c6:	9303      	str	r3, [sp, #12]
1a0071c8:	f04f 0866 	mov.w	r8, #102	; 0x66
1a0071cc:	e559      	b.n	1a006c82 <_vfprintf_r+0x15a2>
1a0071ce:	465a      	mov	r2, fp
1a0071d0:	f7ff bb3f 	b.w	1a006852 <_vfprintf_r+0x1172>
1a0071d4:	f10d 0392 	add.w	r3, sp, #146	; 0x92
1a0071d8:	e785      	b.n	1a0070e6 <_vfprintf_r+0x1a06>
1a0071da:	9b08      	ldr	r3, [sp, #32]
1a0071dc:	f89a 8001 	ldrb.w	r8, [sl, #1]
1a0071e0:	f853 0b04 	ldr.w	r0, [r3], #4
1a0071e4:	9308      	str	r3, [sp, #32]
1a0071e6:	4692      	mov	sl, r2
1a0071e8:	ea40 79e0 	orr.w	r9, r0, r0, asr #31
1a0071ec:	f7fe bafc 	b.w	1a0057e8 <_vfprintf_r+0x108>
1a0071f0:	f8dd 901c 	ldr.w	r9, [sp, #28]
1a0071f4:	f8b9 300c 	ldrh.w	r3, [r9, #12]
1a0071f8:	f043 0340 	orr.w	r3, r3, #64	; 0x40
1a0071fc:	f8a9 300c 	strh.w	r3, [r9, #12]
1a007200:	f7ff b8a5 	b.w	1a00634e <_vfprintf_r+0xc6e>
1a007204:	461e      	mov	r6, r3
1a007206:	f7fe bc15 	b.w	1a005a34 <_vfprintf_r+0x354>
1a00720a:	461e      	mov	r6, r3
1a00720c:	f7fe bc5e 	b.w	1a005acc <_vfprintf_r+0x3ec>
1a007210:	461e      	mov	r6, r3
1a007212:	f7fe bc48 	b.w	1a005aa6 <_vfprintf_r+0x3c6>
1a007216:	464c      	mov	r4, r9
1a007218:	443c      	add	r4, r7
1a00721a:	e64e      	b.n	1a006eba <_vfprintf_r+0x17da>
1a00721c:	2302      	movs	r3, #2
1a00721e:	9316      	str	r3, [sp, #88]	; 0x58
1a007220:	f7ff baca 	b.w	1a0067b8 <_vfprintf_r+0x10d8>
1a007224:	1a00a030 	.word	0x1a00a030
1a007228:	1a009fcc 	.word	0x1a009fcc
1a00722c:	1a009fc4 	.word	0x1a009fc4
1a007230:	1a009fc8 	.word	0x1a009fc8

1a007234 <__sbprintf>:
1a007234:	e92d 41f0 	stmdb	sp!, {r4, r5, r6, r7, r8, lr}
1a007238:	460c      	mov	r4, r1
1a00723a:	f5ad 6d8d 	sub.w	sp, sp, #1128	; 0x468
1a00723e:	8989      	ldrh	r1, [r1, #12]
1a007240:	6e66      	ldr	r6, [r4, #100]	; 0x64
1a007242:	89e5      	ldrh	r5, [r4, #14]
1a007244:	9619      	str	r6, [sp, #100]	; 0x64
1a007246:	f021 0102 	bic.w	r1, r1, #2
1a00724a:	4606      	mov	r6, r0
1a00724c:	69e0      	ldr	r0, [r4, #28]
1a00724e:	f8ad 100c 	strh.w	r1, [sp, #12]
1a007252:	4617      	mov	r7, r2
1a007254:	f44f 6180 	mov.w	r1, #1024	; 0x400
1a007258:	6a62      	ldr	r2, [r4, #36]	; 0x24
1a00725a:	f8ad 500e 	strh.w	r5, [sp, #14]
1a00725e:	4698      	mov	r8, r3
1a007260:	ad1a      	add	r5, sp, #104	; 0x68
1a007262:	2300      	movs	r3, #0
1a007264:	9007      	str	r0, [sp, #28]
1a007266:	a816      	add	r0, sp, #88	; 0x58
1a007268:	9209      	str	r2, [sp, #36]	; 0x24
1a00726a:	9306      	str	r3, [sp, #24]
1a00726c:	9500      	str	r5, [sp, #0]
1a00726e:	9504      	str	r5, [sp, #16]
1a007270:	9102      	str	r1, [sp, #8]
1a007272:	9105      	str	r1, [sp, #20]
1a007274:	f7fc f806 	bl	1a003284 <__retarget_lock_init_recursive>
1a007278:	4643      	mov	r3, r8
1a00727a:	463a      	mov	r2, r7
1a00727c:	4669      	mov	r1, sp
1a00727e:	4630      	mov	r0, r6
1a007280:	f7fe fa2e 	bl	1a0056e0 <_vfprintf_r>
1a007284:	1e05      	subs	r5, r0, #0
1a007286:	db07      	blt.n	1a007298 <__sbprintf+0x64>
1a007288:	4630      	mov	r0, r6
1a00728a:	4669      	mov	r1, sp
1a00728c:	f7fb fdd4 	bl	1a002e38 <_fflush_r>
1a007290:	2800      	cmp	r0, #0
1a007292:	bf18      	it	ne
1a007294:	f04f 35ff 	movne.w	r5, #4294967295
1a007298:	f8bd 300c 	ldrh.w	r3, [sp, #12]
1a00729c:	065b      	lsls	r3, r3, #25
1a00729e:	d503      	bpl.n	1a0072a8 <__sbprintf+0x74>
1a0072a0:	89a3      	ldrh	r3, [r4, #12]
1a0072a2:	f043 0340 	orr.w	r3, r3, #64	; 0x40
1a0072a6:	81a3      	strh	r3, [r4, #12]
1a0072a8:	9816      	ldr	r0, [sp, #88]	; 0x58
1a0072aa:	f7fb ffed 	bl	1a003288 <__retarget_lock_close_recursive>
1a0072ae:	4628      	mov	r0, r5
1a0072b0:	f50d 6d8d 	add.w	sp, sp, #1128	; 0x468
1a0072b4:	e8bd 81f0 	ldmia.w	sp!, {r4, r5, r6, r7, r8, pc}

1a0072b8 <__swsetup_r>:
1a0072b8:	b538      	push	{r3, r4, r5, lr}
1a0072ba:	4b32      	ldr	r3, [pc, #200]	; (1a007384 <__swsetup_r+0xcc>)
1a0072bc:	681b      	ldr	r3, [r3, #0]
1a0072be:	4605      	mov	r5, r0
1a0072c0:	460c      	mov	r4, r1
1a0072c2:	b10b      	cbz	r3, 1a0072c8 <__swsetup_r+0x10>
1a0072c4:	6b9a      	ldr	r2, [r3, #56]	; 0x38
1a0072c6:	b312      	cbz	r2, 1a00730e <__swsetup_r+0x56>
1a0072c8:	f9b4 200c 	ldrsh.w	r2, [r4, #12]
1a0072cc:	b293      	uxth	r3, r2
1a0072ce:	0718      	lsls	r0, r3, #28
1a0072d0:	d525      	bpl.n	1a00731e <__swsetup_r+0x66>
1a0072d2:	6920      	ldr	r0, [r4, #16]
1a0072d4:	2800      	cmp	r0, #0
1a0072d6:	d02d      	beq.n	1a007334 <__swsetup_r+0x7c>
1a0072d8:	f013 0201 	ands.w	r2, r3, #1
1a0072dc:	d007      	beq.n	1a0072ee <__swsetup_r+0x36>
1a0072de:	6963      	ldr	r3, [r4, #20]
1a0072e0:	2200      	movs	r2, #0
1a0072e2:	425b      	negs	r3, r3
1a0072e4:	61a3      	str	r3, [r4, #24]
1a0072e6:	60a2      	str	r2, [r4, #8]
1a0072e8:	b138      	cbz	r0, 1a0072fa <__swsetup_r+0x42>
1a0072ea:	2000      	movs	r0, #0
1a0072ec:	bd38      	pop	{r3, r4, r5, pc}
1a0072ee:	0799      	lsls	r1, r3, #30
1a0072f0:	bf58      	it	pl
1a0072f2:	6962      	ldrpl	r2, [r4, #20]
1a0072f4:	60a2      	str	r2, [r4, #8]
1a0072f6:	2800      	cmp	r0, #0
1a0072f8:	d1f7      	bne.n	1a0072ea <__swsetup_r+0x32>
1a0072fa:	f9b4 300c 	ldrsh.w	r3, [r4, #12]
1a0072fe:	061a      	lsls	r2, r3, #24
1a007300:	d5f4      	bpl.n	1a0072ec <__swsetup_r+0x34>
1a007302:	f043 0340 	orr.w	r3, r3, #64	; 0x40
1a007306:	81a3      	strh	r3, [r4, #12]
1a007308:	f04f 30ff 	mov.w	r0, #4294967295
1a00730c:	bd38      	pop	{r3, r4, r5, pc}
1a00730e:	4618      	mov	r0, r3
1a007310:	f7fb fdee 	bl	1a002ef0 <__sinit>
1a007314:	f9b4 200c 	ldrsh.w	r2, [r4, #12]
1a007318:	b293      	uxth	r3, r2
1a00731a:	0718      	lsls	r0, r3, #28
1a00731c:	d4d9      	bmi.n	1a0072d2 <__swsetup_r+0x1a>
1a00731e:	06d9      	lsls	r1, r3, #27
1a007320:	d528      	bpl.n	1a007374 <__swsetup_r+0xbc>
1a007322:	0758      	lsls	r0, r3, #29
1a007324:	d412      	bmi.n	1a00734c <__swsetup_r+0x94>
1a007326:	6920      	ldr	r0, [r4, #16]
1a007328:	f042 0308 	orr.w	r3, r2, #8
1a00732c:	81a3      	strh	r3, [r4, #12]
1a00732e:	b29b      	uxth	r3, r3
1a007330:	2800      	cmp	r0, #0
1a007332:	d1d1      	bne.n	1a0072d8 <__swsetup_r+0x20>
1a007334:	f403 7220 	and.w	r2, r3, #640	; 0x280
1a007338:	f5b2 7f00 	cmp.w	r2, #512	; 0x200
1a00733c:	d0cc      	beq.n	1a0072d8 <__swsetup_r+0x20>
1a00733e:	4628      	mov	r0, r5
1a007340:	4621      	mov	r1, r4
1a007342:	f001 f995 	bl	1a008670 <__smakebuf_r>
1a007346:	89a3      	ldrh	r3, [r4, #12]
1a007348:	6920      	ldr	r0, [r4, #16]
1a00734a:	e7c5      	b.n	1a0072d8 <__swsetup_r+0x20>
1a00734c:	6b21      	ldr	r1, [r4, #48]	; 0x30
1a00734e:	b151      	cbz	r1, 1a007366 <__swsetup_r+0xae>
1a007350:	f104 0340 	add.w	r3, r4, #64	; 0x40
1a007354:	4299      	cmp	r1, r3
1a007356:	d004      	beq.n	1a007362 <__swsetup_r+0xaa>
1a007358:	4628      	mov	r0, r5
1a00735a:	f7fb fe4f 	bl	1a002ffc <_free_r>
1a00735e:	f9b4 200c 	ldrsh.w	r2, [r4, #12]
1a007362:	2300      	movs	r3, #0
1a007364:	6323      	str	r3, [r4, #48]	; 0x30
1a007366:	2300      	movs	r3, #0
1a007368:	6920      	ldr	r0, [r4, #16]
1a00736a:	6063      	str	r3, [r4, #4]
1a00736c:	f022 0224 	bic.w	r2, r2, #36	; 0x24
1a007370:	6020      	str	r0, [r4, #0]
1a007372:	e7d9      	b.n	1a007328 <__swsetup_r+0x70>
1a007374:	f042 0240 	orr.w	r2, r2, #64	; 0x40
1a007378:	2309      	movs	r3, #9
1a00737a:	602b      	str	r3, [r5, #0]
1a00737c:	f04f 30ff 	mov.w	r0, #4294967295
1a007380:	81a2      	strh	r2, [r4, #12]
1a007382:	bd38      	pop	{r3, r4, r5, pc}
1a007384:	10000048 	.word	0x10000048

1a007388 <quorem>:
1a007388:	e92d 4ff0 	stmdb	sp!, {r4, r5, r6, r7, r8, r9, sl, fp, lr}
1a00738c:	6903      	ldr	r3, [r0, #16]
1a00738e:	690f      	ldr	r7, [r1, #16]
1a007390:	42bb      	cmp	r3, r7
1a007392:	b083      	sub	sp, #12
1a007394:	f2c0 8086 	blt.w	1a0074a4 <quorem+0x11c>
1a007398:	3f01      	subs	r7, #1
1a00739a:	f101 0614 	add.w	r6, r1, #20
1a00739e:	f100 0a14 	add.w	sl, r0, #20
1a0073a2:	f856 3027 	ldr.w	r3, [r6, r7, lsl #2]
1a0073a6:	f85a 2027 	ldr.w	r2, [sl, r7, lsl #2]
1a0073aa:	00bc      	lsls	r4, r7, #2
1a0073ac:	3301      	adds	r3, #1
1a0073ae:	9400      	str	r4, [sp, #0]
1a0073b0:	eb06 0904 	add.w	r9, r6, r4
1a0073b4:	429a      	cmp	r2, r3
1a0073b6:	4454      	add	r4, sl
1a0073b8:	fbb2 f8f3 	udiv	r8, r2, r3
1a0073bc:	9401      	str	r4, [sp, #4]
1a0073be:	d33a      	bcc.n	1a007436 <quorem+0xae>
1a0073c0:	2500      	movs	r5, #0
1a0073c2:	462a      	mov	r2, r5
1a0073c4:	46b6      	mov	lr, r6
1a0073c6:	46d4      	mov	ip, sl
1a0073c8:	f85e 4b04 	ldr.w	r4, [lr], #4
1a0073cc:	f8dc 3000 	ldr.w	r3, [ip]
1a0073d0:	fa1f fb84 	uxth.w	fp, r4
1a0073d4:	fb08 550b 	mla	r5, r8, fp, r5
1a0073d8:	ea4f 4b15 	mov.w	fp, r5, lsr #16
1a0073dc:	0c24      	lsrs	r4, r4, #16
1a0073de:	fb08 b404 	mla	r4, r8, r4, fp
1a0073e2:	b2ad      	uxth	r5, r5
1a0073e4:	1b55      	subs	r5, r2, r5
1a0073e6:	b2a2      	uxth	r2, r4
1a0073e8:	ebc2 4213 	rsb	r2, r2, r3, lsr #16
1a0073ec:	fa15 f383 	uxtah	r3, r5, r3
1a0073f0:	eb02 4223 	add.w	r2, r2, r3, asr #16
1a0073f4:	b29b      	uxth	r3, r3
1a0073f6:	ea43 4302 	orr.w	r3, r3, r2, lsl #16
1a0073fa:	45f1      	cmp	r9, lr
1a0073fc:	ea4f 4514 	mov.w	r5, r4, lsr #16
1a007400:	f84c 3b04 	str.w	r3, [ip], #4
1a007404:	ea4f 4222 	mov.w	r2, r2, asr #16
1a007408:	d2de      	bcs.n	1a0073c8 <quorem+0x40>
1a00740a:	9b00      	ldr	r3, [sp, #0]
1a00740c:	f85a 3003 	ldr.w	r3, [sl, r3]
1a007410:	b98b      	cbnz	r3, 1a007436 <quorem+0xae>
1a007412:	9a01      	ldr	r2, [sp, #4]
1a007414:	1f13      	subs	r3, r2, #4
1a007416:	459a      	cmp	sl, r3
1a007418:	d20c      	bcs.n	1a007434 <quorem+0xac>
1a00741a:	f852 3c04 	ldr.w	r3, [r2, #-4]
1a00741e:	b94b      	cbnz	r3, 1a007434 <quorem+0xac>
1a007420:	f1a2 0308 	sub.w	r3, r2, #8
1a007424:	e002      	b.n	1a00742c <quorem+0xa4>
1a007426:	681a      	ldr	r2, [r3, #0]
1a007428:	3b04      	subs	r3, #4
1a00742a:	b91a      	cbnz	r2, 1a007434 <quorem+0xac>
1a00742c:	459a      	cmp	sl, r3
1a00742e:	f107 37ff 	add.w	r7, r7, #4294967295
1a007432:	d3f8      	bcc.n	1a007426 <quorem+0x9e>
1a007434:	6107      	str	r7, [r0, #16]
1a007436:	4604      	mov	r4, r0
1a007438:	f001 fc34 	bl	1a008ca4 <__mcmp>
1a00743c:	2800      	cmp	r0, #0
1a00743e:	db2d      	blt.n	1a00749c <quorem+0x114>
1a007440:	f108 0801 	add.w	r8, r8, #1
1a007444:	4650      	mov	r0, sl
1a007446:	2300      	movs	r3, #0
1a007448:	f856 1b04 	ldr.w	r1, [r6], #4
1a00744c:	6805      	ldr	r5, [r0, #0]
1a00744e:	b28a      	uxth	r2, r1
1a007450:	1a9a      	subs	r2, r3, r2
1a007452:	0c0b      	lsrs	r3, r1, #16
1a007454:	fa12 f285 	uxtah	r2, r2, r5
1a007458:	ebc3 4315 	rsb	r3, r3, r5, lsr #16
1a00745c:	eb03 4322 	add.w	r3, r3, r2, asr #16
1a007460:	b292      	uxth	r2, r2
1a007462:	ea42 4203 	orr.w	r2, r2, r3, lsl #16
1a007466:	45b1      	cmp	r9, r6
1a007468:	f840 2b04 	str.w	r2, [r0], #4
1a00746c:	ea4f 4323 	mov.w	r3, r3, asr #16
1a007470:	d2ea      	bcs.n	1a007448 <quorem+0xc0>
1a007472:	f85a 2027 	ldr.w	r2, [sl, r7, lsl #2]
1a007476:	eb0a 0387 	add.w	r3, sl, r7, lsl #2
1a00747a:	b97a      	cbnz	r2, 1a00749c <quorem+0x114>
1a00747c:	1f1a      	subs	r2, r3, #4
1a00747e:	4592      	cmp	sl, r2
1a007480:	d20b      	bcs.n	1a00749a <quorem+0x112>
1a007482:	f853 2c04 	ldr.w	r2, [r3, #-4]
1a007486:	b942      	cbnz	r2, 1a00749a <quorem+0x112>
1a007488:	3b08      	subs	r3, #8
1a00748a:	e002      	b.n	1a007492 <quorem+0x10a>
1a00748c:	681a      	ldr	r2, [r3, #0]
1a00748e:	3b04      	subs	r3, #4
1a007490:	b91a      	cbnz	r2, 1a00749a <quorem+0x112>
1a007492:	459a      	cmp	sl, r3
1a007494:	f107 37ff 	add.w	r7, r7, #4294967295
1a007498:	d3f8      	bcc.n	1a00748c <quorem+0x104>
1a00749a:	6127      	str	r7, [r4, #16]
1a00749c:	4640      	mov	r0, r8
1a00749e:	b003      	add	sp, #12
1a0074a0:	e8bd 8ff0 	ldmia.w	sp!, {r4, r5, r6, r7, r8, r9, sl, fp, pc}
1a0074a4:	2000      	movs	r0, #0
1a0074a6:	b003      	add	sp, #12
1a0074a8:	e8bd 8ff0 	ldmia.w	sp!, {r4, r5, r6, r7, r8, r9, sl, fp, pc}
1a0074ac:	ffff ffff 			; <UNDEFINED> instruction: 0xffffffff

1a0074b0 <_dtoa_r>:
1a0074b0:	e92d 4ff0 	stmdb	sp!, {r4, r5, r6, r7, r8, r9, sl, fp, lr}
1a0074b4:	ec57 6b10 	vmov	r6, r7, d0
1a0074b8:	b097      	sub	sp, #92	; 0x5c
1a0074ba:	6c05      	ldr	r5, [r0, #64]	; 0x40
1a0074bc:	9c20      	ldr	r4, [sp, #128]	; 0x80
1a0074be:	9102      	str	r1, [sp, #8]
1a0074c0:	4682      	mov	sl, r0
1a0074c2:	920a      	str	r2, [sp, #40]	; 0x28
1a0074c4:	9307      	str	r3, [sp, #28]
1a0074c6:	e9cd 6700 	strd	r6, r7, [sp]
1a0074ca:	b155      	cbz	r5, 1a0074e2 <_dtoa_r+0x32>
1a0074cc:	6c42      	ldr	r2, [r0, #68]	; 0x44
1a0074ce:	606a      	str	r2, [r5, #4]
1a0074d0:	2301      	movs	r3, #1
1a0074d2:	4093      	lsls	r3, r2
1a0074d4:	60ab      	str	r3, [r5, #8]
1a0074d6:	4629      	mov	r1, r5
1a0074d8:	f001 f9f8 	bl	1a0088cc <_Bfree>
1a0074dc:	2300      	movs	r3, #0
1a0074de:	f8ca 3040 	str.w	r3, [sl, #64]	; 0x40
1a0074e2:	1e3e      	subs	r6, r7, #0
1a0074e4:	bfb4      	ite	lt
1a0074e6:	2301      	movlt	r3, #1
1a0074e8:	2300      	movge	r3, #0
1a0074ea:	6023      	str	r3, [r4, #0]
1a0074ec:	4b76      	ldr	r3, [pc, #472]	; (1a0076c8 <_dtoa_r+0x218>)
1a0074ee:	bfbc      	itt	lt
1a0074f0:	f026 4600 	biclt.w	r6, r6, #2147483648	; 0x80000000
1a0074f4:	9601      	strlt	r6, [sp, #4]
1a0074f6:	43b3      	bics	r3, r6
1a0074f8:	f000 80ae 	beq.w	1a007658 <_dtoa_r+0x1a8>
1a0074fc:	ed9d 7b00 	vldr	d7, [sp]
1a007500:	2200      	movs	r2, #0
1a007502:	2300      	movs	r3, #0
1a007504:	ec51 0b17 	vmov	r0, r1, d7
1a007508:	ed8d 7b04 	vstr	d7, [sp, #16]
1a00750c:	f7fb f994 	bl	1a002838 <__aeabi_dcmpeq>
1a007510:	4605      	mov	r5, r0
1a007512:	b178      	cbz	r0, 1a007534 <_dtoa_r+0x84>
1a007514:	9a07      	ldr	r2, [sp, #28]
1a007516:	2301      	movs	r3, #1
1a007518:	6013      	str	r3, [r2, #0]
1a00751a:	9b21      	ldr	r3, [sp, #132]	; 0x84
1a00751c:	2b00      	cmp	r3, #0
1a00751e:	f000 8313 	beq.w	1a007b48 <_dtoa_r+0x698>
1a007522:	4b6a      	ldr	r3, [pc, #424]	; (1a0076cc <_dtoa_r+0x21c>)
1a007524:	9a21      	ldr	r2, [sp, #132]	; 0x84
1a007526:	6013      	str	r3, [r2, #0]
1a007528:	3b01      	subs	r3, #1
1a00752a:	9303      	str	r3, [sp, #12]
1a00752c:	9803      	ldr	r0, [sp, #12]
1a00752e:	b017      	add	sp, #92	; 0x5c
1a007530:	e8bd 8ff0 	ldmia.w	sp!, {r4, r5, r6, r7, r8, r9, sl, fp, pc}
1a007534:	e9dd 7804 	ldrd	r7, r8, [sp, #16]
1a007538:	aa14      	add	r2, sp, #80	; 0x50
1a00753a:	a915      	add	r1, sp, #84	; 0x54
1a00753c:	ec48 7b10 	vmov	d0, r7, r8
1a007540:	4650      	mov	r0, sl
1a007542:	f001 fc47 	bl	1a008dd4 <__d2b>
1a007546:	0d34      	lsrs	r4, r6, #20
1a007548:	4683      	mov	fp, r0
1a00754a:	f040 809b 	bne.w	1a007684 <_dtoa_r+0x1d4>
1a00754e:	e9dd 5414 	ldrd	r5, r4, [sp, #80]	; 0x50
1a007552:	442c      	add	r4, r5
1a007554:	f204 4332 	addw	r3, r4, #1074	; 0x432
1a007558:	2b20      	cmp	r3, #32
1a00755a:	f340 83bb 	ble.w	1a007cd4 <_dtoa_r+0x824>
1a00755e:	f1c3 0340 	rsb	r3, r3, #64	; 0x40
1a007562:	409e      	lsls	r6, r3
1a007564:	9b00      	ldr	r3, [sp, #0]
1a007566:	f204 4012 	addw	r0, r4, #1042	; 0x412
1a00756a:	fa23 f000 	lsr.w	r0, r3, r0
1a00756e:	4330      	orrs	r0, r6
1a007570:	f7fa fe80 	bl	1a002274 <__aeabi_ui2d>
1a007574:	f1a1 73f8 	sub.w	r3, r1, #32505856	; 0x1f00000
1a007578:	2101      	movs	r1, #1
1a00757a:	4602      	mov	r2, r0
1a00757c:	3c01      	subs	r4, #1
1a00757e:	910e      	str	r1, [sp, #56]	; 0x38
1a007580:	4610      	mov	r0, r2
1a007582:	4619      	mov	r1, r3
1a007584:	2200      	movs	r2, #0
1a007586:	4b52      	ldr	r3, [pc, #328]	; (1a0076d0 <_dtoa_r+0x220>)
1a007588:	f7fa fd36 	bl	1a001ff8 <__aeabi_dsub>
1a00758c:	a348      	add	r3, pc, #288	; (adr r3, 1a0076b0 <_dtoa_r+0x200>)
1a00758e:	e9d3 2300 	ldrd	r2, r3, [r3]
1a007592:	f7fa fee9 	bl	1a002368 <__aeabi_dmul>
1a007596:	a348      	add	r3, pc, #288	; (adr r3, 1a0076b8 <_dtoa_r+0x208>)
1a007598:	e9d3 2300 	ldrd	r2, r3, [r3]
1a00759c:	f7fa fd2e 	bl	1a001ffc <__adddf3>
1a0075a0:	4606      	mov	r6, r0
1a0075a2:	4620      	mov	r0, r4
1a0075a4:	460f      	mov	r7, r1
1a0075a6:	f7fa fe75 	bl	1a002294 <__aeabi_i2d>
1a0075aa:	a345      	add	r3, pc, #276	; (adr r3, 1a0076c0 <_dtoa_r+0x210>)
1a0075ac:	e9d3 2300 	ldrd	r2, r3, [r3]
1a0075b0:	f7fa feda 	bl	1a002368 <__aeabi_dmul>
1a0075b4:	4602      	mov	r2, r0
1a0075b6:	460b      	mov	r3, r1
1a0075b8:	4630      	mov	r0, r6
1a0075ba:	4639      	mov	r1, r7
1a0075bc:	f7fa fd1e 	bl	1a001ffc <__adddf3>
1a0075c0:	4606      	mov	r6, r0
1a0075c2:	460f      	mov	r7, r1
1a0075c4:	f7fb f980 	bl	1a0028c8 <__aeabi_d2iz>
1a0075c8:	2200      	movs	r2, #0
1a0075ca:	4681      	mov	r9, r0
1a0075cc:	2300      	movs	r3, #0
1a0075ce:	4630      	mov	r0, r6
1a0075d0:	4639      	mov	r1, r7
1a0075d2:	f7fb f93b 	bl	1a00284c <__aeabi_dcmplt>
1a0075d6:	2800      	cmp	r0, #0
1a0075d8:	f040 82a9 	bne.w	1a007b2e <_dtoa_r+0x67e>
1a0075dc:	1b2c      	subs	r4, r5, r4
1a0075de:	f1b9 0f16 	cmp.w	r9, #22
1a0075e2:	f104 38ff 	add.w	r8, r4, #4294967295
1a0075e6:	f200 8296 	bhi.w	1a007b16 <_dtoa_r+0x666>
1a0075ea:	4b3a      	ldr	r3, [pc, #232]	; (1a0076d4 <_dtoa_r+0x224>)
1a0075ec:	eb03 03c9 	add.w	r3, r3, r9, lsl #3
1a0075f0:	e9d3 2300 	ldrd	r2, r3, [r3]
1a0075f4:	e9dd 0104 	ldrd	r0, r1, [sp, #16]
1a0075f8:	f7fb f928 	bl	1a00284c <__aeabi_dcmplt>
1a0075fc:	2800      	cmp	r0, #0
1a0075fe:	d06f      	beq.n	1a0076e0 <_dtoa_r+0x230>
1a007600:	2300      	movs	r3, #0
1a007602:	f1b8 0f00 	cmp.w	r8, #0
1a007606:	f109 39ff 	add.w	r9, r9, #4294967295
1a00760a:	930d      	str	r3, [sp, #52]	; 0x34
1a00760c:	f2c0 8289 	blt.w	1a007b22 <_dtoa_r+0x672>
1a007610:	2300      	movs	r3, #0
1a007612:	9308      	str	r3, [sp, #32]
1a007614:	f1b9 0f00 	cmp.w	r9, #0
1a007618:	da68      	bge.n	1a0076ec <_dtoa_r+0x23c>
1a00761a:	9b08      	ldr	r3, [sp, #32]
1a00761c:	f8cd 9018 	str.w	r9, [sp, #24]
1a007620:	eba3 0309 	sub.w	r3, r3, r9
1a007624:	9308      	str	r3, [sp, #32]
1a007626:	f1c9 0300 	rsb	r3, r9, #0
1a00762a:	930c      	str	r3, [sp, #48]	; 0x30
1a00762c:	9b02      	ldr	r3, [sp, #8]
1a00762e:	2b09      	cmp	r3, #9
1a007630:	f04f 0900 	mov.w	r9, #0
1a007634:	d862      	bhi.n	1a0076fc <_dtoa_r+0x24c>
1a007636:	2b05      	cmp	r3, #5
1a007638:	f340 834a 	ble.w	1a007cd0 <_dtoa_r+0x820>
1a00763c:	3b04      	subs	r3, #4
1a00763e:	9302      	str	r3, [sp, #8]
1a007640:	2400      	movs	r4, #0
1a007642:	9b02      	ldr	r3, [sp, #8]
1a007644:	3b02      	subs	r3, #2
1a007646:	2b03      	cmp	r3, #3
1a007648:	f200 8641 	bhi.w	1a0082ce <_dtoa_r+0xe1e>
1a00764c:	e8df f013 	tbh	[pc, r3, lsl #1]
1a007650:	04630466 	.word	0x04630466
1a007654:	0456043b 	.word	0x0456043b
1a007658:	9a07      	ldr	r2, [sp, #28]
1a00765a:	f242 730f 	movw	r3, #9999	; 0x270f
1a00765e:	6013      	str	r3, [r2, #0]
1a007660:	9b00      	ldr	r3, [sp, #0]
1a007662:	f3c6 0613 	ubfx	r6, r6, #0, #20
1a007666:	4333      	orrs	r3, r6
1a007668:	d118      	bne.n	1a00769c <_dtoa_r+0x1ec>
1a00766a:	9b21      	ldr	r3, [sp, #132]	; 0x84
1a00766c:	2b00      	cmp	r3, #0
1a00766e:	f000 8625 	beq.w	1a0082bc <_dtoa_r+0xe0c>
1a007672:	4b19      	ldr	r3, [pc, #100]	; (1a0076d8 <_dtoa_r+0x228>)
1a007674:	9303      	str	r3, [sp, #12]
1a007676:	3308      	adds	r3, #8
1a007678:	9a21      	ldr	r2, [sp, #132]	; 0x84
1a00767a:	9803      	ldr	r0, [sp, #12]
1a00767c:	6013      	str	r3, [r2, #0]
1a00767e:	b017      	add	sp, #92	; 0x5c
1a007680:	e8bd 8ff0 	ldmia.w	sp!, {r4, r5, r6, r7, r8, r9, sl, fp, pc}
1a007684:	f3c8 0113 	ubfx	r1, r8, #0, #20
1a007688:	f041 537f 	orr.w	r3, r1, #1069547520	; 0x3fc00000
1a00768c:	950e      	str	r5, [sp, #56]	; 0x38
1a00768e:	463a      	mov	r2, r7
1a007690:	f2a4 34ff 	subw	r4, r4, #1023	; 0x3ff
1a007694:	f443 1340 	orr.w	r3, r3, #3145728	; 0x300000
1a007698:	9d14      	ldr	r5, [sp, #80]	; 0x50
1a00769a:	e771      	b.n	1a007580 <_dtoa_r+0xd0>
1a00769c:	9b21      	ldr	r3, [sp, #132]	; 0x84
1a00769e:	2b00      	cmp	r3, #0
1a0076a0:	f040 8400 	bne.w	1a007ea4 <_dtoa_r+0x9f4>
1a0076a4:	4b0d      	ldr	r3, [pc, #52]	; (1a0076dc <_dtoa_r+0x22c>)
1a0076a6:	9303      	str	r3, [sp, #12]
1a0076a8:	e740      	b.n	1a00752c <_dtoa_r+0x7c>
1a0076aa:	bf00      	nop
1a0076ac:	f3af 8000 	nop.w
1a0076b0:	636f4361 	.word	0x636f4361
1a0076b4:	3fd287a7 	.word	0x3fd287a7
1a0076b8:	8b60c8b3 	.word	0x8b60c8b3
1a0076bc:	3fc68a28 	.word	0x3fc68a28
1a0076c0:	509f79fb 	.word	0x509f79fb
1a0076c4:	3fd34413 	.word	0x3fd34413
1a0076c8:	7ff00000 	.word	0x7ff00000
1a0076cc:	1a009ffd 	.word	0x1a009ffd
1a0076d0:	3ff80000 	.word	0x3ff80000
1a0076d4:	1a00a078 	.word	0x1a00a078
1a0076d8:	1a00a044 	.word	0x1a00a044
1a0076dc:	1a00a040 	.word	0x1a00a040
1a0076e0:	f1b8 0f00 	cmp.w	r8, #0
1a0076e4:	f2c0 84b6 	blt.w	1a008054 <_dtoa_r+0xba4>
1a0076e8:	900d      	str	r0, [sp, #52]	; 0x34
1a0076ea:	9008      	str	r0, [sp, #32]
1a0076ec:	2300      	movs	r3, #0
1a0076ee:	930c      	str	r3, [sp, #48]	; 0x30
1a0076f0:	9b02      	ldr	r3, [sp, #8]
1a0076f2:	f8cd 9018 	str.w	r9, [sp, #24]
1a0076f6:	2b09      	cmp	r3, #9
1a0076f8:	44c8      	add	r8, r9
1a0076fa:	d99c      	bls.n	1a007636 <_dtoa_r+0x186>
1a0076fc:	2300      	movs	r3, #0
1a0076fe:	2401      	movs	r4, #1
1a007700:	e9cd 340a 	strd	r3, r4, [sp, #40]	; 0x28
1a007704:	f04f 35ff 	mov.w	r5, #4294967295
1a007708:	9302      	str	r3, [sp, #8]
1a00770a:	9509      	str	r5, [sp, #36]	; 0x24
1a00770c:	2100      	movs	r1, #0
1a00770e:	f8ca 1044 	str.w	r1, [sl, #68]	; 0x44
1a007712:	950f      	str	r5, [sp, #60]	; 0x3c
1a007714:	4650      	mov	r0, sl
1a007716:	f001 f8b3 	bl	1a008880 <_Balloc>
1a00771a:	2d0e      	cmp	r5, #14
1a00771c:	9003      	str	r0, [sp, #12]
1a00771e:	f8ca 0040 	str.w	r0, [sl, #64]	; 0x40
1a007722:	f200 810a 	bhi.w	1a00793a <_dtoa_r+0x48a>
1a007726:	2c00      	cmp	r4, #0
1a007728:	f000 8107 	beq.w	1a00793a <_dtoa_r+0x48a>
1a00772c:	9906      	ldr	r1, [sp, #24]
1a00772e:	2900      	cmp	r1, #0
1a007730:	f340 8466 	ble.w	1a008000 <_dtoa_r+0xb50>
1a007734:	4bb1      	ldr	r3, [pc, #708]	; (1a0079fc <_dtoa_r+0x54c>)
1a007736:	f001 020f 	and.w	r2, r1, #15
1a00773a:	eb03 03c2 	add.w	r3, r3, r2, lsl #3
1a00773e:	ed93 7b00 	vldr	d7, [r3]
1a007742:	110c      	asrs	r4, r1, #4
1a007744:	06e3      	lsls	r3, r4, #27
1a007746:	ed8d 7b10 	vstr	d7, [sp, #64]	; 0x40
1a00774a:	f140 8406 	bpl.w	1a007f5a <_dtoa_r+0xaaa>
1a00774e:	4bac      	ldr	r3, [pc, #688]	; (1a007a00 <_dtoa_r+0x550>)
1a007750:	e9dd 0104 	ldrd	r0, r1, [sp, #16]
1a007754:	e9d3 2308 	ldrd	r2, r3, [r3, #32]
1a007758:	f7fa ff30 	bl	1a0025bc <__aeabi_ddiv>
1a00775c:	e9cd 0100 	strd	r0, r1, [sp]
1a007760:	f004 040f 	and.w	r4, r4, #15
1a007764:	2603      	movs	r6, #3
1a007766:	b17c      	cbz	r4, 1a007788 <_dtoa_r+0x2d8>
1a007768:	e9dd 0110 	ldrd	r0, r1, [sp, #64]	; 0x40
1a00776c:	4da4      	ldr	r5, [pc, #656]	; (1a007a00 <_dtoa_r+0x550>)
1a00776e:	07e7      	lsls	r7, r4, #31
1a007770:	d504      	bpl.n	1a00777c <_dtoa_r+0x2cc>
1a007772:	e9d5 2300 	ldrd	r2, r3, [r5]
1a007776:	f7fa fdf7 	bl	1a002368 <__aeabi_dmul>
1a00777a:	3601      	adds	r6, #1
1a00777c:	1064      	asrs	r4, r4, #1
1a00777e:	f105 0508 	add.w	r5, r5, #8
1a007782:	d1f4      	bne.n	1a00776e <_dtoa_r+0x2be>
1a007784:	e9cd 0110 	strd	r0, r1, [sp, #64]	; 0x40
1a007788:	e9dd 0100 	ldrd	r0, r1, [sp]
1a00778c:	e9dd 2310 	ldrd	r2, r3, [sp, #64]	; 0x40
1a007790:	f7fa ff14 	bl	1a0025bc <__aeabi_ddiv>
1a007794:	e9cd 0100 	strd	r0, r1, [sp]
1a007798:	9b0d      	ldr	r3, [sp, #52]	; 0x34
1a00779a:	b153      	cbz	r3, 1a0077b2 <_dtoa_r+0x302>
1a00779c:	e9dd 4500 	ldrd	r4, r5, [sp]
1a0077a0:	2200      	movs	r2, #0
1a0077a2:	4b98      	ldr	r3, [pc, #608]	; (1a007a04 <_dtoa_r+0x554>)
1a0077a4:	4620      	mov	r0, r4
1a0077a6:	4629      	mov	r1, r5
1a0077a8:	f7fb f850 	bl	1a00284c <__aeabi_dcmplt>
1a0077ac:	2800      	cmp	r0, #0
1a0077ae:	f040 8521 	bne.w	1a0081f4 <_dtoa_r+0xd44>
1a0077b2:	4630      	mov	r0, r6
1a0077b4:	f7fa fd6e 	bl	1a002294 <__aeabi_i2d>
1a0077b8:	e9dd 2300 	ldrd	r2, r3, [sp]
1a0077bc:	f7fa fdd4 	bl	1a002368 <__aeabi_dmul>
1a0077c0:	4b91      	ldr	r3, [pc, #580]	; (1a007a08 <_dtoa_r+0x558>)
1a0077c2:	2200      	movs	r2, #0
1a0077c4:	f7fa fc1a 	bl	1a001ffc <__adddf3>
1a0077c8:	9b09      	ldr	r3, [sp, #36]	; 0x24
1a0077ca:	4604      	mov	r4, r0
1a0077cc:	f1a1 7550 	sub.w	r5, r1, #54525952	; 0x3400000
1a0077d0:	2b00      	cmp	r3, #0
1a0077d2:	f000 83f9 	beq.w	1a007fc8 <_dtoa_r+0xb18>
1a0077d6:	9b06      	ldr	r3, [sp, #24]
1a0077d8:	9312      	str	r3, [sp, #72]	; 0x48
1a0077da:	9b09      	ldr	r3, [sp, #36]	; 0x24
1a0077dc:	9310      	str	r3, [sp, #64]	; 0x40
1a0077de:	e9dd 6700 	ldrd	r6, r7, [sp]
1a0077e2:	4639      	mov	r1, r7
1a0077e4:	4630      	mov	r0, r6
1a0077e6:	f7fb f86f 	bl	1a0028c8 <__aeabi_d2iz>
1a0077ea:	9000      	str	r0, [sp, #0]
1a0077ec:	f7fa fd52 	bl	1a002294 <__aeabi_i2d>
1a0077f0:	4602      	mov	r2, r0
1a0077f2:	460b      	mov	r3, r1
1a0077f4:	4630      	mov	r0, r6
1a0077f6:	4639      	mov	r1, r7
1a0077f8:	f7fa fbfe 	bl	1a001ff8 <__aeabi_dsub>
1a0077fc:	4b7f      	ldr	r3, [pc, #508]	; (1a0079fc <_dtoa_r+0x54c>)
1a0077fe:	9a00      	ldr	r2, [sp, #0]
1a007800:	460f      	mov	r7, r1
1a007802:	9910      	ldr	r1, [sp, #64]	; 0x40
1a007804:	4606      	mov	r6, r0
1a007806:	eb03 03c1 	add.w	r3, r3, r1, lsl #3
1a00780a:	980b      	ldr	r0, [sp, #44]	; 0x2c
1a00780c:	9903      	ldr	r1, [sp, #12]
1a00780e:	3230      	adds	r2, #48	; 0x30
1a007810:	e9cd 4500 	strd	r4, r5, [sp]
1a007814:	b2d5      	uxtb	r5, r2
1a007816:	1c4c      	adds	r4, r1, #1
1a007818:	e953 2302 	ldrd	r2, r3, [r3, #-8]
1a00781c:	2800      	cmp	r0, #0
1a00781e:	f000 848d 	beq.w	1a00813c <_dtoa_r+0xc8c>
1a007822:	2000      	movs	r0, #0
1a007824:	4979      	ldr	r1, [pc, #484]	; (1a007a0c <_dtoa_r+0x55c>)
1a007826:	f7fa fec9 	bl	1a0025bc <__aeabi_ddiv>
1a00782a:	e9dd 2300 	ldrd	r2, r3, [sp]
1a00782e:	f7fa fbe3 	bl	1a001ff8 <__aeabi_dsub>
1a007832:	9b03      	ldr	r3, [sp, #12]
1a007834:	4632      	mov	r2, r6
1a007836:	701d      	strb	r5, [r3, #0]
1a007838:	463b      	mov	r3, r7
1a00783a:	e9cd 0100 	strd	r0, r1, [sp]
1a00783e:	f7fb f823 	bl	1a002888 <__aeabi_dcmpgt>
1a007842:	2800      	cmp	r0, #0
1a007844:	f040 84ca 	bne.w	1a0081dc <_dtoa_r+0xd2c>
1a007848:	4632      	mov	r2, r6
1a00784a:	463b      	mov	r3, r7
1a00784c:	2000      	movs	r0, #0
1a00784e:	496d      	ldr	r1, [pc, #436]	; (1a007a04 <_dtoa_r+0x554>)
1a007850:	f7fa fbd2 	bl	1a001ff8 <__aeabi_dsub>
1a007854:	4602      	mov	r2, r0
1a007856:	460b      	mov	r3, r1
1a007858:	e9dd 0100 	ldrd	r0, r1, [sp]
1a00785c:	f7fb f814 	bl	1a002888 <__aeabi_dcmpgt>
1a007860:	2800      	cmp	r0, #0
1a007862:	f040 8526 	bne.w	1a0082b2 <_dtoa_r+0xe02>
1a007866:	9b10      	ldr	r3, [sp, #64]	; 0x40
1a007868:	2b01      	cmp	r3, #1
1a00786a:	d062      	beq.n	1a007932 <_dtoa_r+0x482>
1a00786c:	9a03      	ldr	r2, [sp, #12]
1a00786e:	f8cd 9040 	str.w	r9, [sp, #64]	; 0x40
1a007872:	4413      	add	r3, r2
1a007874:	f8cd 804c 	str.w	r8, [sp, #76]	; 0x4c
1a007878:	e9dd 8900 	ldrd	r8, r9, [sp]
1a00787c:	f8cd b000 	str.w	fp, [sp]
1a007880:	46d3      	mov	fp, sl
1a007882:	469a      	mov	sl, r3
1a007884:	e00c      	b.n	1a0078a0 <_dtoa_r+0x3f0>
1a007886:	2000      	movs	r0, #0
1a007888:	495e      	ldr	r1, [pc, #376]	; (1a007a04 <_dtoa_r+0x554>)
1a00788a:	f7fa fbb5 	bl	1a001ff8 <__aeabi_dsub>
1a00788e:	4642      	mov	r2, r8
1a007890:	464b      	mov	r3, r9
1a007892:	f7fa ffdb 	bl	1a00284c <__aeabi_dcmplt>
1a007896:	2800      	cmp	r0, #0
1a007898:	f040 84eb 	bne.w	1a008272 <_dtoa_r+0xdc2>
1a00789c:	45a2      	cmp	sl, r4
1a00789e:	d041      	beq.n	1a007924 <_dtoa_r+0x474>
1a0078a0:	4640      	mov	r0, r8
1a0078a2:	4649      	mov	r1, r9
1a0078a4:	2200      	movs	r2, #0
1a0078a6:	4b5a      	ldr	r3, [pc, #360]	; (1a007a10 <_dtoa_r+0x560>)
1a0078a8:	f7fa fd5e 	bl	1a002368 <__aeabi_dmul>
1a0078ac:	2200      	movs	r2, #0
1a0078ae:	4b58      	ldr	r3, [pc, #352]	; (1a007a10 <_dtoa_r+0x560>)
1a0078b0:	4680      	mov	r8, r0
1a0078b2:	4689      	mov	r9, r1
1a0078b4:	4630      	mov	r0, r6
1a0078b6:	4639      	mov	r1, r7
1a0078b8:	f7fa fd56 	bl	1a002368 <__aeabi_dmul>
1a0078bc:	460f      	mov	r7, r1
1a0078be:	4606      	mov	r6, r0
1a0078c0:	f7fb f802 	bl	1a0028c8 <__aeabi_d2iz>
1a0078c4:	4605      	mov	r5, r0
1a0078c6:	f7fa fce5 	bl	1a002294 <__aeabi_i2d>
1a0078ca:	4602      	mov	r2, r0
1a0078cc:	460b      	mov	r3, r1
1a0078ce:	4630      	mov	r0, r6
1a0078d0:	4639      	mov	r1, r7
1a0078d2:	f7fa fb91 	bl	1a001ff8 <__aeabi_dsub>
1a0078d6:	3530      	adds	r5, #48	; 0x30
1a0078d8:	b2ed      	uxtb	r5, r5
1a0078da:	4642      	mov	r2, r8
1a0078dc:	464b      	mov	r3, r9
1a0078de:	f804 5b01 	strb.w	r5, [r4], #1
1a0078e2:	4606      	mov	r6, r0
1a0078e4:	460f      	mov	r7, r1
1a0078e6:	f7fa ffb1 	bl	1a00284c <__aeabi_dcmplt>
1a0078ea:	4632      	mov	r2, r6
1a0078ec:	463b      	mov	r3, r7
1a0078ee:	2800      	cmp	r0, #0
1a0078f0:	d0c9      	beq.n	1a007886 <_dtoa_r+0x3d6>
1a0078f2:	9b12      	ldr	r3, [sp, #72]	; 0x48
1a0078f4:	46da      	mov	sl, fp
1a0078f6:	3301      	adds	r3, #1
1a0078f8:	f8dd b000 	ldr.w	fp, [sp]
1a0078fc:	9306      	str	r3, [sp, #24]
1a0078fe:	4659      	mov	r1, fp
1a007900:	4650      	mov	r0, sl
1a007902:	f000 ffe3 	bl	1a0088cc <_Bfree>
1a007906:	2300      	movs	r3, #0
1a007908:	7023      	strb	r3, [r4, #0]
1a00790a:	9b07      	ldr	r3, [sp, #28]
1a00790c:	461a      	mov	r2, r3
1a00790e:	9b06      	ldr	r3, [sp, #24]
1a007910:	6013      	str	r3, [r2, #0]
1a007912:	9b21      	ldr	r3, [sp, #132]	; 0x84
1a007914:	2b00      	cmp	r3, #0
1a007916:	f43f ae09 	beq.w	1a00752c <_dtoa_r+0x7c>
1a00791a:	9803      	ldr	r0, [sp, #12]
1a00791c:	601c      	str	r4, [r3, #0]
1a00791e:	b017      	add	sp, #92	; 0x5c
1a007920:	e8bd 8ff0 	ldmia.w	sp!, {r4, r5, r6, r7, r8, r9, sl, fp, pc}
1a007924:	46da      	mov	sl, fp
1a007926:	f8dd 9040 	ldr.w	r9, [sp, #64]	; 0x40
1a00792a:	f8dd 804c 	ldr.w	r8, [sp, #76]	; 0x4c
1a00792e:	f8dd b000 	ldr.w	fp, [sp]
1a007932:	e9dd 3404 	ldrd	r3, r4, [sp, #16]
1a007936:	e9cd 3400 	strd	r3, r4, [sp]
1a00793a:	9b15      	ldr	r3, [sp, #84]	; 0x54
1a00793c:	2b00      	cmp	r3, #0
1a00793e:	f2c0 80c9 	blt.w	1a007ad4 <_dtoa_r+0x624>
1a007942:	9a06      	ldr	r2, [sp, #24]
1a007944:	2a0e      	cmp	r2, #14
1a007946:	f300 80c5 	bgt.w	1a007ad4 <_dtoa_r+0x624>
1a00794a:	4b2c      	ldr	r3, [pc, #176]	; (1a0079fc <_dtoa_r+0x54c>)
1a00794c:	eb03 03c2 	add.w	r3, r3, r2, lsl #3
1a007950:	e9d3 8900 	ldrd	r8, r9, [r3]
1a007954:	9b0a      	ldr	r3, [sp, #40]	; 0x28
1a007956:	2b00      	cmp	r3, #0
1a007958:	da17      	bge.n	1a00798a <_dtoa_r+0x4da>
1a00795a:	9f09      	ldr	r7, [sp, #36]	; 0x24
1a00795c:	2f00      	cmp	r7, #0
1a00795e:	dc14      	bgt.n	1a00798a <_dtoa_r+0x4da>
1a007960:	f040 834b 	bne.w	1a007ffa <_dtoa_r+0xb4a>
1a007964:	2200      	movs	r2, #0
1a007966:	4b2b      	ldr	r3, [pc, #172]	; (1a007a14 <_dtoa_r+0x564>)
1a007968:	4640      	mov	r0, r8
1a00796a:	4649      	mov	r1, r9
1a00796c:	f7fa fcfc 	bl	1a002368 <__aeabi_dmul>
1a007970:	e9dd 2300 	ldrd	r2, r3, [sp]
1a007974:	f7fa ff7e 	bl	1a002874 <__aeabi_dcmpge>
1a007978:	2800      	cmp	r0, #0
1a00797a:	f000 83be 	beq.w	1a0080fa <_dtoa_r+0xc4a>
1a00797e:	9f09      	ldr	r7, [sp, #36]	; 0x24
1a007980:	463d      	mov	r5, r7
1a007982:	9b0a      	ldr	r3, [sp, #40]	; 0x28
1a007984:	9c03      	ldr	r4, [sp, #12]
1a007986:	43db      	mvns	r3, r3
1a007988:	e260      	b.n	1a007e4c <_dtoa_r+0x99c>
1a00798a:	e9dd 4500 	ldrd	r4, r5, [sp]
1a00798e:	4642      	mov	r2, r8
1a007990:	464b      	mov	r3, r9
1a007992:	4620      	mov	r0, r4
1a007994:	4629      	mov	r1, r5
1a007996:	f7fa fe11 	bl	1a0025bc <__aeabi_ddiv>
1a00799a:	f7fa ff95 	bl	1a0028c8 <__aeabi_d2iz>
1a00799e:	9000      	str	r0, [sp, #0]
1a0079a0:	f7fa fc78 	bl	1a002294 <__aeabi_i2d>
1a0079a4:	4642      	mov	r2, r8
1a0079a6:	464b      	mov	r3, r9
1a0079a8:	f7fa fcde 	bl	1a002368 <__aeabi_dmul>
1a0079ac:	4602      	mov	r2, r0
1a0079ae:	460b      	mov	r3, r1
1a0079b0:	4620      	mov	r0, r4
1a0079b2:	4629      	mov	r1, r5
1a0079b4:	f7fa fb20 	bl	1a001ff8 <__aeabi_dsub>
1a0079b8:	9b00      	ldr	r3, [sp, #0]
1a0079ba:	9c03      	ldr	r4, [sp, #12]
1a0079bc:	9a06      	ldr	r2, [sp, #24]
1a0079be:	3330      	adds	r3, #48	; 0x30
1a0079c0:	f804 3b01 	strb.w	r3, [r4], #1
1a0079c4:	9b09      	ldr	r3, [sp, #36]	; 0x24
1a0079c6:	3201      	adds	r2, #1
1a0079c8:	2b01      	cmp	r3, #1
1a0079ca:	4606      	mov	r6, r0
1a0079cc:	460f      	mov	r7, r1
1a0079ce:	9206      	str	r2, [sp, #24]
1a0079d0:	d054      	beq.n	1a007a7c <_dtoa_r+0x5cc>
1a0079d2:	2200      	movs	r2, #0
1a0079d4:	4b0e      	ldr	r3, [pc, #56]	; (1a007a10 <_dtoa_r+0x560>)
1a0079d6:	f7fa fcc7 	bl	1a002368 <__aeabi_dmul>
1a0079da:	2200      	movs	r2, #0
1a0079dc:	2300      	movs	r3, #0
1a0079de:	4606      	mov	r6, r0
1a0079e0:	460f      	mov	r7, r1
1a0079e2:	f7fa ff29 	bl	1a002838 <__aeabi_dcmpeq>
1a0079e6:	2800      	cmp	r0, #0
1a0079e8:	d189      	bne.n	1a0078fe <_dtoa_r+0x44e>
1a0079ea:	f8cd b000 	str.w	fp, [sp]
1a0079ee:	2501      	movs	r5, #1
1a0079f0:	f8dd b024 	ldr.w	fp, [sp, #36]	; 0x24
1a0079f4:	f8cd a008 	str.w	sl, [sp, #8]
1a0079f8:	e019      	b.n	1a007a2e <_dtoa_r+0x57e>
1a0079fa:	bf00      	nop
1a0079fc:	1a00a078 	.word	0x1a00a078
1a007a00:	1a00a050 	.word	0x1a00a050
1a007a04:	3ff00000 	.word	0x3ff00000
1a007a08:	401c0000 	.word	0x401c0000
1a007a0c:	3fe00000 	.word	0x3fe00000
1a007a10:	40240000 	.word	0x40240000
1a007a14:	40140000 	.word	0x40140000
1a007a18:	f7fa fca6 	bl	1a002368 <__aeabi_dmul>
1a007a1c:	2200      	movs	r2, #0
1a007a1e:	2300      	movs	r3, #0
1a007a20:	4606      	mov	r6, r0
1a007a22:	460f      	mov	r7, r1
1a007a24:	f7fa ff08 	bl	1a002838 <__aeabi_dcmpeq>
1a007a28:	2800      	cmp	r0, #0
1a007a2a:	f040 835c 	bne.w	1a0080e6 <_dtoa_r+0xc36>
1a007a2e:	4642      	mov	r2, r8
1a007a30:	464b      	mov	r3, r9
1a007a32:	4630      	mov	r0, r6
1a007a34:	4639      	mov	r1, r7
1a007a36:	f7fa fdc1 	bl	1a0025bc <__aeabi_ddiv>
1a007a3a:	f7fa ff45 	bl	1a0028c8 <__aeabi_d2iz>
1a007a3e:	4682      	mov	sl, r0
1a007a40:	f7fa fc28 	bl	1a002294 <__aeabi_i2d>
1a007a44:	4642      	mov	r2, r8
1a007a46:	464b      	mov	r3, r9
1a007a48:	f7fa fc8e 	bl	1a002368 <__aeabi_dmul>
1a007a4c:	4602      	mov	r2, r0
1a007a4e:	460b      	mov	r3, r1
1a007a50:	4630      	mov	r0, r6
1a007a52:	4639      	mov	r1, r7
1a007a54:	f7fa fad0 	bl	1a001ff8 <__aeabi_dsub>
1a007a58:	3501      	adds	r5, #1
1a007a5a:	f10a 0c30 	add.w	ip, sl, #48	; 0x30
1a007a5e:	45ab      	cmp	fp, r5
1a007a60:	4606      	mov	r6, r0
1a007a62:	460f      	mov	r7, r1
1a007a64:	f04f 0200 	mov.w	r2, #0
1a007a68:	4ba7      	ldr	r3, [pc, #668]	; (1a007d08 <_dtoa_r+0x858>)
1a007a6a:	f804 cb01 	strb.w	ip, [r4], #1
1a007a6e:	d1d3      	bne.n	1a007a18 <_dtoa_r+0x568>
1a007a70:	f8dd b000 	ldr.w	fp, [sp]
1a007a74:	f8cd a000 	str.w	sl, [sp]
1a007a78:	f8dd a008 	ldr.w	sl, [sp, #8]
1a007a7c:	4632      	mov	r2, r6
1a007a7e:	463b      	mov	r3, r7
1a007a80:	4630      	mov	r0, r6
1a007a82:	4639      	mov	r1, r7
1a007a84:	f7fa faba 	bl	1a001ffc <__adddf3>
1a007a88:	4642      	mov	r2, r8
1a007a8a:	464b      	mov	r3, r9
1a007a8c:	4606      	mov	r6, r0
1a007a8e:	460f      	mov	r7, r1
1a007a90:	f7fa fefa 	bl	1a002888 <__aeabi_dcmpgt>
1a007a94:	b960      	cbnz	r0, 1a007ab0 <_dtoa_r+0x600>
1a007a96:	4642      	mov	r2, r8
1a007a98:	464b      	mov	r3, r9
1a007a9a:	4630      	mov	r0, r6
1a007a9c:	4639      	mov	r1, r7
1a007a9e:	f7fa fecb 	bl	1a002838 <__aeabi_dcmpeq>
1a007aa2:	2800      	cmp	r0, #0
1a007aa4:	f43f af2b 	beq.w	1a0078fe <_dtoa_r+0x44e>
1a007aa8:	9b00      	ldr	r3, [sp, #0]
1a007aaa:	07db      	lsls	r3, r3, #31
1a007aac:	f57f af27 	bpl.w	1a0078fe <_dtoa_r+0x44e>
1a007ab0:	f814 5c01 	ldrb.w	r5, [r4, #-1]
1a007ab4:	9a03      	ldr	r2, [sp, #12]
1a007ab6:	1e63      	subs	r3, r4, #1
1a007ab8:	e004      	b.n	1a007ac4 <_dtoa_r+0x614>
1a007aba:	429a      	cmp	r2, r3
1a007abc:	f000 83c0 	beq.w	1a008240 <_dtoa_r+0xd90>
1a007ac0:	f813 5d01 	ldrb.w	r5, [r3, #-1]!
1a007ac4:	2d39      	cmp	r5, #57	; 0x39
1a007ac6:	f103 0401 	add.w	r4, r3, #1
1a007aca:	d0f6      	beq.n	1a007aba <_dtoa_r+0x60a>
1a007acc:	1c6a      	adds	r2, r5, #1
1a007ace:	b2d2      	uxtb	r2, r2
1a007ad0:	701a      	strb	r2, [r3, #0]
1a007ad2:	e714      	b.n	1a0078fe <_dtoa_r+0x44e>
1a007ad4:	9a0b      	ldr	r2, [sp, #44]	; 0x2c
1a007ad6:	2a00      	cmp	r2, #0
1a007ad8:	d03c      	beq.n	1a007b54 <_dtoa_r+0x6a4>
1a007ada:	9a02      	ldr	r2, [sp, #8]
1a007adc:	2a01      	cmp	r2, #1
1a007ade:	f340 8258 	ble.w	1a007f92 <_dtoa_r+0xae2>
1a007ae2:	9b09      	ldr	r3, [sp, #36]	; 0x24
1a007ae4:	1e5e      	subs	r6, r3, #1
1a007ae6:	9b0c      	ldr	r3, [sp, #48]	; 0x30
1a007ae8:	42b3      	cmp	r3, r6
1a007aea:	f280 8234 	bge.w	1a007f56 <_dtoa_r+0xaa6>
1a007aee:	9b0c      	ldr	r3, [sp, #48]	; 0x30
1a007af0:	960c      	str	r6, [sp, #48]	; 0x30
1a007af2:	1af3      	subs	r3, r6, r3
1a007af4:	4499      	add	r9, r3
1a007af6:	2600      	movs	r6, #0
1a007af8:	9b09      	ldr	r3, [sp, #36]	; 0x24
1a007afa:	2b00      	cmp	r3, #0
1a007afc:	f2c0 82f8 	blt.w	1a0080f0 <_dtoa_r+0xc40>
1a007b00:	9a08      	ldr	r2, [sp, #32]
1a007b02:	4614      	mov	r4, r2
1a007b04:	441a      	add	r2, r3
1a007b06:	4498      	add	r8, r3
1a007b08:	9208      	str	r2, [sp, #32]
1a007b0a:	2101      	movs	r1, #1
1a007b0c:	4650      	mov	r0, sl
1a007b0e:	f000 ff7d 	bl	1a008a0c <__i2b>
1a007b12:	4605      	mov	r5, r0
1a007b14:	e021      	b.n	1a007b5a <_dtoa_r+0x6aa>
1a007b16:	2301      	movs	r3, #1
1a007b18:	f1b8 0f00 	cmp.w	r8, #0
1a007b1c:	930d      	str	r3, [sp, #52]	; 0x34
1a007b1e:	f6bf ad77 	bge.w	1a007610 <_dtoa_r+0x160>
1a007b22:	f1c4 0301 	rsb	r3, r4, #1
1a007b26:	9308      	str	r3, [sp, #32]
1a007b28:	f04f 0800 	mov.w	r8, #0
1a007b2c:	e572      	b.n	1a007614 <_dtoa_r+0x164>
1a007b2e:	4648      	mov	r0, r9
1a007b30:	f7fa fbb0 	bl	1a002294 <__aeabi_i2d>
1a007b34:	4632      	mov	r2, r6
1a007b36:	463b      	mov	r3, r7
1a007b38:	f7fa fe7e 	bl	1a002838 <__aeabi_dcmpeq>
1a007b3c:	2800      	cmp	r0, #0
1a007b3e:	f47f ad4d 	bne.w	1a0075dc <_dtoa_r+0x12c>
1a007b42:	f109 39ff 	add.w	r9, r9, #4294967295
1a007b46:	e549      	b.n	1a0075dc <_dtoa_r+0x12c>
1a007b48:	4b70      	ldr	r3, [pc, #448]	; (1a007d0c <_dtoa_r+0x85c>)
1a007b4a:	9303      	str	r3, [sp, #12]
1a007b4c:	9803      	ldr	r0, [sp, #12]
1a007b4e:	b017      	add	sp, #92	; 0x5c
1a007b50:	e8bd 8ff0 	ldmia.w	sp!, {r4, r5, r6, r7, r8, r9, sl, fp, pc}
1a007b54:	9e0c      	ldr	r6, [sp, #48]	; 0x30
1a007b56:	9c08      	ldr	r4, [sp, #32]
1a007b58:	9d0b      	ldr	r5, [sp, #44]	; 0x2c
1a007b5a:	2c00      	cmp	r4, #0
1a007b5c:	dd0c      	ble.n	1a007b78 <_dtoa_r+0x6c8>
1a007b5e:	f1b8 0f00 	cmp.w	r8, #0
1a007b62:	dd09      	ble.n	1a007b78 <_dtoa_r+0x6c8>
1a007b64:	4544      	cmp	r4, r8
1a007b66:	9a08      	ldr	r2, [sp, #32]
1a007b68:	4623      	mov	r3, r4
1a007b6a:	bfa8      	it	ge
1a007b6c:	4643      	movge	r3, r8
1a007b6e:	1ad2      	subs	r2, r2, r3
1a007b70:	9208      	str	r2, [sp, #32]
1a007b72:	1ae4      	subs	r4, r4, r3
1a007b74:	eba8 0803 	sub.w	r8, r8, r3
1a007b78:	9b0c      	ldr	r3, [sp, #48]	; 0x30
1a007b7a:	b1d3      	cbz	r3, 1a007bb2 <_dtoa_r+0x702>
1a007b7c:	9b0b      	ldr	r3, [sp, #44]	; 0x2c
1a007b7e:	2b00      	cmp	r3, #0
1a007b80:	f000 8189 	beq.w	1a007e96 <_dtoa_r+0x9e6>
1a007b84:	2e00      	cmp	r6, #0
1a007b86:	dd10      	ble.n	1a007baa <_dtoa_r+0x6fa>
1a007b88:	4629      	mov	r1, r5
1a007b8a:	4632      	mov	r2, r6
1a007b8c:	4650      	mov	r0, sl
1a007b8e:	f000 ffdf 	bl	1a008b50 <__pow5mult>
1a007b92:	465a      	mov	r2, fp
1a007b94:	4601      	mov	r1, r0
1a007b96:	4605      	mov	r5, r0
1a007b98:	4650      	mov	r0, sl
1a007b9a:	f000 ff41 	bl	1a008a20 <__multiply>
1a007b9e:	4659      	mov	r1, fp
1a007ba0:	4607      	mov	r7, r0
1a007ba2:	4650      	mov	r0, sl
1a007ba4:	f000 fe92 	bl	1a0088cc <_Bfree>
1a007ba8:	46bb      	mov	fp, r7
1a007baa:	9b0c      	ldr	r3, [sp, #48]	; 0x30
1a007bac:	1b9a      	subs	r2, r3, r6
1a007bae:	f040 8173 	bne.w	1a007e98 <_dtoa_r+0x9e8>
1a007bb2:	2101      	movs	r1, #1
1a007bb4:	4650      	mov	r0, sl
1a007bb6:	f000 ff29 	bl	1a008a0c <__i2b>
1a007bba:	f1b9 0f00 	cmp.w	r9, #0
1a007bbe:	4607      	mov	r7, r0
1a007bc0:	f300 808e 	bgt.w	1a007ce0 <_dtoa_r+0x830>
1a007bc4:	9b02      	ldr	r3, [sp, #8]
1a007bc6:	2b01      	cmp	r3, #1
1a007bc8:	f340 8171 	ble.w	1a007eae <_dtoa_r+0x9fe>
1a007bcc:	2600      	movs	r6, #0
1a007bce:	2001      	movs	r0, #1
1a007bd0:	f1b9 0f00 	cmp.w	r9, #0
1a007bd4:	f040 808f 	bne.w	1a007cf6 <_dtoa_r+0x846>
1a007bd8:	4440      	add	r0, r8
1a007bda:	f010 001f 	ands.w	r0, r0, #31
1a007bde:	d075      	beq.n	1a007ccc <_dtoa_r+0x81c>
1a007be0:	f1c0 0320 	rsb	r3, r0, #32
1a007be4:	2b04      	cmp	r3, #4
1a007be6:	f340 836d 	ble.w	1a0082c4 <_dtoa_r+0xe14>
1a007bea:	f1c0 001c 	rsb	r0, r0, #28
1a007bee:	9b08      	ldr	r3, [sp, #32]
1a007bf0:	4403      	add	r3, r0
1a007bf2:	9308      	str	r3, [sp, #32]
1a007bf4:	4404      	add	r4, r0
1a007bf6:	4480      	add	r8, r0
1a007bf8:	9b08      	ldr	r3, [sp, #32]
1a007bfa:	2b00      	cmp	r3, #0
1a007bfc:	dd05      	ble.n	1a007c0a <_dtoa_r+0x75a>
1a007bfe:	4659      	mov	r1, fp
1a007c00:	461a      	mov	r2, r3
1a007c02:	4650      	mov	r0, sl
1a007c04:	f000 fff4 	bl	1a008bf0 <__lshift>
1a007c08:	4683      	mov	fp, r0
1a007c0a:	f1b8 0f00 	cmp.w	r8, #0
1a007c0e:	dd05      	ble.n	1a007c1c <_dtoa_r+0x76c>
1a007c10:	4639      	mov	r1, r7
1a007c12:	4642      	mov	r2, r8
1a007c14:	4650      	mov	r0, sl
1a007c16:	f000 ffeb 	bl	1a008bf0 <__lshift>
1a007c1a:	4607      	mov	r7, r0
1a007c1c:	9b0d      	ldr	r3, [sp, #52]	; 0x34
1a007c1e:	2b00      	cmp	r3, #0
1a007c20:	f040 811e 	bne.w	1a007e60 <_dtoa_r+0x9b0>
1a007c24:	9b09      	ldr	r3, [sp, #36]	; 0x24
1a007c26:	2b00      	cmp	r3, #0
1a007c28:	f340 80f5 	ble.w	1a007e16 <_dtoa_r+0x966>
1a007c2c:	9b06      	ldr	r3, [sp, #24]
1a007c2e:	3301      	adds	r3, #1
1a007c30:	9306      	str	r3, [sp, #24]
1a007c32:	9b0b      	ldr	r3, [sp, #44]	; 0x2c
1a007c34:	2b00      	cmp	r3, #0
1a007c36:	d177      	bne.n	1a007d28 <_dtoa_r+0x878>
1a007c38:	9c03      	ldr	r4, [sp, #12]
1a007c3a:	f8dd 8024 	ldr.w	r8, [sp, #36]	; 0x24
1a007c3e:	2601      	movs	r6, #1
1a007c40:	e003      	b.n	1a007c4a <_dtoa_r+0x79a>
1a007c42:	f000 fe4d 	bl	1a0088e0 <__multadd>
1a007c46:	3601      	adds	r6, #1
1a007c48:	4683      	mov	fp, r0
1a007c4a:	4639      	mov	r1, r7
1a007c4c:	4658      	mov	r0, fp
1a007c4e:	f7ff fb9b 	bl	1a007388 <quorem>
1a007c52:	4546      	cmp	r6, r8
1a007c54:	f100 0930 	add.w	r9, r0, #48	; 0x30
1a007c58:	f804 9b01 	strb.w	r9, [r4], #1
1a007c5c:	f04f 0300 	mov.w	r3, #0
1a007c60:	f04f 020a 	mov.w	r2, #10
1a007c64:	4659      	mov	r1, fp
1a007c66:	4650      	mov	r0, sl
1a007c68:	dbeb      	blt.n	1a007c42 <_dtoa_r+0x792>
1a007c6a:	2300      	movs	r3, #0
1a007c6c:	9300      	str	r3, [sp, #0]
1a007c6e:	4659      	mov	r1, fp
1a007c70:	2201      	movs	r2, #1
1a007c72:	4650      	mov	r0, sl
1a007c74:	f000 ffbc 	bl	1a008bf0 <__lshift>
1a007c78:	4639      	mov	r1, r7
1a007c7a:	4683      	mov	fp, r0
1a007c7c:	f001 f812 	bl	1a008ca4 <__mcmp>
1a007c80:	2800      	cmp	r0, #0
1a007c82:	f814 2c01 	ldrb.w	r2, [r4, #-1]
1a007c86:	f340 816f 	ble.w	1a007f68 <_dtoa_r+0xab8>
1a007c8a:	1e63      	subs	r3, r4, #1
1a007c8c:	9903      	ldr	r1, [sp, #12]
1a007c8e:	e004      	b.n	1a007c9a <_dtoa_r+0x7ea>
1a007c90:	4299      	cmp	r1, r3
1a007c92:	f000 8177 	beq.w	1a007f84 <_dtoa_r+0xad4>
1a007c96:	f813 2d01 	ldrb.w	r2, [r3, #-1]!
1a007c9a:	2a39      	cmp	r2, #57	; 0x39
1a007c9c:	f103 0401 	add.w	r4, r3, #1
1a007ca0:	d0f6      	beq.n	1a007c90 <_dtoa_r+0x7e0>
1a007ca2:	3201      	adds	r2, #1
1a007ca4:	701a      	strb	r2, [r3, #0]
1a007ca6:	4639      	mov	r1, r7
1a007ca8:	4650      	mov	r0, sl
1a007caa:	f000 fe0f 	bl	1a0088cc <_Bfree>
1a007cae:	2d00      	cmp	r5, #0
1a007cb0:	f43f ae25 	beq.w	1a0078fe <_dtoa_r+0x44e>
1a007cb4:	9900      	ldr	r1, [sp, #0]
1a007cb6:	b121      	cbz	r1, 1a007cc2 <_dtoa_r+0x812>
1a007cb8:	42a9      	cmp	r1, r5
1a007cba:	d002      	beq.n	1a007cc2 <_dtoa_r+0x812>
1a007cbc:	4650      	mov	r0, sl
1a007cbe:	f000 fe05 	bl	1a0088cc <_Bfree>
1a007cc2:	4629      	mov	r1, r5
1a007cc4:	4650      	mov	r0, sl
1a007cc6:	f000 fe01 	bl	1a0088cc <_Bfree>
1a007cca:	e618      	b.n	1a0078fe <_dtoa_r+0x44e>
1a007ccc:	201c      	movs	r0, #28
1a007cce:	e78e      	b.n	1a007bee <_dtoa_r+0x73e>
1a007cd0:	2401      	movs	r4, #1
1a007cd2:	e4b6      	b.n	1a007642 <_dtoa_r+0x192>
1a007cd4:	f1c3 0620 	rsb	r6, r3, #32
1a007cd8:	9b00      	ldr	r3, [sp, #0]
1a007cda:	fa03 f006 	lsl.w	r0, r3, r6
1a007cde:	e447      	b.n	1a007570 <_dtoa_r+0xc0>
1a007ce0:	4601      	mov	r1, r0
1a007ce2:	464a      	mov	r2, r9
1a007ce4:	4650      	mov	r0, sl
1a007ce6:	f000 ff33 	bl	1a008b50 <__pow5mult>
1a007cea:	9b02      	ldr	r3, [sp, #8]
1a007cec:	2b01      	cmp	r3, #1
1a007cee:	4607      	mov	r7, r0
1a007cf0:	f340 81b2 	ble.w	1a008058 <_dtoa_r+0xba8>
1a007cf4:	2600      	movs	r6, #0
1a007cf6:	693b      	ldr	r3, [r7, #16]
1a007cf8:	eb07 0383 	add.w	r3, r7, r3, lsl #2
1a007cfc:	6918      	ldr	r0, [r3, #16]
1a007cfe:	f000 fe35 	bl	1a00896c <__hi0bits>
1a007d02:	f1c0 0020 	rsb	r0, r0, #32
1a007d06:	e767      	b.n	1a007bd8 <_dtoa_r+0x728>
1a007d08:	40240000 	.word	0x40240000
1a007d0c:	1a009ffc 	.word	0x1a009ffc
1a007d10:	4629      	mov	r1, r5
1a007d12:	2300      	movs	r3, #0
1a007d14:	220a      	movs	r2, #10
1a007d16:	4650      	mov	r0, sl
1a007d18:	f000 fde2 	bl	1a0088e0 <__multadd>
1a007d1c:	9b0f      	ldr	r3, [sp, #60]	; 0x3c
1a007d1e:	2b00      	cmp	r3, #0
1a007d20:	4605      	mov	r5, r0
1a007d22:	f340 82c1 	ble.w	1a0082a8 <_dtoa_r+0xdf8>
1a007d26:	9309      	str	r3, [sp, #36]	; 0x24
1a007d28:	2c00      	cmp	r4, #0
1a007d2a:	f300 810d 	bgt.w	1a007f48 <_dtoa_r+0xa98>
1a007d2e:	2e00      	cmp	r6, #0
1a007d30:	f040 81c5 	bne.w	1a0080be <_dtoa_r+0xc0e>
1a007d34:	46a8      	mov	r8, r5
1a007d36:	9b00      	ldr	r3, [sp, #0]
1a007d38:	9902      	ldr	r1, [sp, #8]
1a007d3a:	9e03      	ldr	r6, [sp, #12]
1a007d3c:	f003 0201 	and.w	r2, r3, #1
1a007d40:	920b      	str	r2, [sp, #44]	; 0x2c
1a007d42:	430a      	orrs	r2, r1
1a007d44:	920a      	str	r2, [sp, #40]	; 0x28
1a007d46:	9a09      	ldr	r2, [sp, #36]	; 0x24
1a007d48:	1e73      	subs	r3, r6, #1
1a007d4a:	441a      	add	r2, r3
1a007d4c:	9209      	str	r2, [sp, #36]	; 0x24
1a007d4e:	463c      	mov	r4, r7
1a007d50:	4621      	mov	r1, r4
1a007d52:	4658      	mov	r0, fp
1a007d54:	f7ff fb18 	bl	1a007388 <quorem>
1a007d58:	4629      	mov	r1, r5
1a007d5a:	9000      	str	r0, [sp, #0]
1a007d5c:	4658      	mov	r0, fp
1a007d5e:	f000 ffa1 	bl	1a008ca4 <__mcmp>
1a007d62:	4642      	mov	r2, r8
1a007d64:	4607      	mov	r7, r0
1a007d66:	4621      	mov	r1, r4
1a007d68:	4650      	mov	r0, sl
1a007d6a:	f000 ffb7 	bl	1a008cdc <__mdiff>
1a007d6e:	9b00      	ldr	r3, [sp, #0]
1a007d70:	f103 0230 	add.w	r2, r3, #48	; 0x30
1a007d74:	68c3      	ldr	r3, [r0, #12]
1a007d76:	4681      	mov	r9, r0
1a007d78:	2b00      	cmp	r3, #0
1a007d7a:	d13e      	bne.n	1a007dfa <_dtoa_r+0x94a>
1a007d7c:	4601      	mov	r1, r0
1a007d7e:	4658      	mov	r0, fp
1a007d80:	9208      	str	r2, [sp, #32]
1a007d82:	f000 ff8f 	bl	1a008ca4 <__mcmp>
1a007d86:	4649      	mov	r1, r9
1a007d88:	9004      	str	r0, [sp, #16]
1a007d8a:	4650      	mov	r0, sl
1a007d8c:	f000 fd9e 	bl	1a0088cc <_Bfree>
1a007d90:	9b04      	ldr	r3, [sp, #16]
1a007d92:	9a08      	ldr	r2, [sp, #32]
1a007d94:	b91b      	cbnz	r3, 1a007d9e <_dtoa_r+0x8ee>
1a007d96:	990a      	ldr	r1, [sp, #40]	; 0x28
1a007d98:	2900      	cmp	r1, #0
1a007d9a:	f000 8271 	beq.w	1a008280 <_dtoa_r+0xdd0>
1a007d9e:	2f00      	cmp	r7, #0
1a007da0:	f106 0901 	add.w	r9, r6, #1
1a007da4:	f2c0 816e 	blt.w	1a008084 <_dtoa_r+0xbd4>
1a007da8:	9902      	ldr	r1, [sp, #8]
1a007daa:	430f      	orrs	r7, r1
1a007dac:	990b      	ldr	r1, [sp, #44]	; 0x2c
1a007dae:	4339      	orrs	r1, r7
1a007db0:	f000 8168 	beq.w	1a008084 <_dtoa_r+0xbd4>
1a007db4:	2b00      	cmp	r3, #0
1a007db6:	f300 81a2 	bgt.w	1a0080fe <_dtoa_r+0xc4e>
1a007dba:	9b09      	ldr	r3, [sp, #36]	; 0x24
1a007dbc:	7032      	strb	r2, [r6, #0]
1a007dbe:	42b3      	cmp	r3, r6
1a007dc0:	f000 81a9 	beq.w	1a008116 <_dtoa_r+0xc66>
1a007dc4:	4659      	mov	r1, fp
1a007dc6:	2300      	movs	r3, #0
1a007dc8:	220a      	movs	r2, #10
1a007dca:	4650      	mov	r0, sl
1a007dcc:	f000 fd88 	bl	1a0088e0 <__multadd>
1a007dd0:	4545      	cmp	r5, r8
1a007dd2:	4683      	mov	fp, r0
1a007dd4:	4629      	mov	r1, r5
1a007dd6:	f04f 0300 	mov.w	r3, #0
1a007dda:	f04f 020a 	mov.w	r2, #10
1a007dde:	4650      	mov	r0, sl
1a007de0:	d013      	beq.n	1a007e0a <_dtoa_r+0x95a>
1a007de2:	f000 fd7d 	bl	1a0088e0 <__multadd>
1a007de6:	4641      	mov	r1, r8
1a007de8:	4605      	mov	r5, r0
1a007dea:	2300      	movs	r3, #0
1a007dec:	220a      	movs	r2, #10
1a007dee:	4650      	mov	r0, sl
1a007df0:	f000 fd76 	bl	1a0088e0 <__multadd>
1a007df4:	464e      	mov	r6, r9
1a007df6:	4680      	mov	r8, r0
1a007df8:	e7aa      	b.n	1a007d50 <_dtoa_r+0x8a0>
1a007dfa:	4601      	mov	r1, r0
1a007dfc:	4650      	mov	r0, sl
1a007dfe:	9204      	str	r2, [sp, #16]
1a007e00:	f000 fd64 	bl	1a0088cc <_Bfree>
1a007e04:	2301      	movs	r3, #1
1a007e06:	9a04      	ldr	r2, [sp, #16]
1a007e08:	e7c9      	b.n	1a007d9e <_dtoa_r+0x8ee>
1a007e0a:	f000 fd69 	bl	1a0088e0 <__multadd>
1a007e0e:	464e      	mov	r6, r9
1a007e10:	4605      	mov	r5, r0
1a007e12:	4680      	mov	r8, r0
1a007e14:	e79c      	b.n	1a007d50 <_dtoa_r+0x8a0>
1a007e16:	9b02      	ldr	r3, [sp, #8]
1a007e18:	2b02      	cmp	r3, #2
1a007e1a:	f340 8082 	ble.w	1a007f22 <_dtoa_r+0xa72>
1a007e1e:	9b09      	ldr	r3, [sp, #36]	; 0x24
1a007e20:	2b00      	cmp	r3, #0
1a007e22:	f47f adae 	bne.w	1a007982 <_dtoa_r+0x4d2>
1a007e26:	4639      	mov	r1, r7
1a007e28:	2205      	movs	r2, #5
1a007e2a:	4650      	mov	r0, sl
1a007e2c:	f000 fd58 	bl	1a0088e0 <__multadd>
1a007e30:	4601      	mov	r1, r0
1a007e32:	4607      	mov	r7, r0
1a007e34:	4658      	mov	r0, fp
1a007e36:	f000 ff35 	bl	1a008ca4 <__mcmp>
1a007e3a:	2800      	cmp	r0, #0
1a007e3c:	f77f ada1 	ble.w	1a007982 <_dtoa_r+0x4d2>
1a007e40:	9c03      	ldr	r4, [sp, #12]
1a007e42:	9b06      	ldr	r3, [sp, #24]
1a007e44:	2231      	movs	r2, #49	; 0x31
1a007e46:	f804 2b01 	strb.w	r2, [r4], #1
1a007e4a:	3301      	adds	r3, #1
1a007e4c:	3301      	adds	r3, #1
1a007e4e:	4639      	mov	r1, r7
1a007e50:	4650      	mov	r0, sl
1a007e52:	9306      	str	r3, [sp, #24]
1a007e54:	f000 fd3a 	bl	1a0088cc <_Bfree>
1a007e58:	2d00      	cmp	r5, #0
1a007e5a:	f47f af32 	bne.w	1a007cc2 <_dtoa_r+0x812>
1a007e5e:	e54e      	b.n	1a0078fe <_dtoa_r+0x44e>
1a007e60:	4639      	mov	r1, r7
1a007e62:	4658      	mov	r0, fp
1a007e64:	f000 ff1e 	bl	1a008ca4 <__mcmp>
1a007e68:	2800      	cmp	r0, #0
1a007e6a:	f6bf aedb 	bge.w	1a007c24 <_dtoa_r+0x774>
1a007e6e:	4659      	mov	r1, fp
1a007e70:	2300      	movs	r3, #0
1a007e72:	220a      	movs	r2, #10
1a007e74:	4650      	mov	r0, sl
1a007e76:	f000 fd33 	bl	1a0088e0 <__multadd>
1a007e7a:	9b06      	ldr	r3, [sp, #24]
1a007e7c:	f103 38ff 	add.w	r8, r3, #4294967295
1a007e80:	9b0b      	ldr	r3, [sp, #44]	; 0x2c
1a007e82:	4683      	mov	fp, r0
1a007e84:	2b00      	cmp	r3, #0
1a007e86:	f47f af43 	bne.w	1a007d10 <_dtoa_r+0x860>
1a007e8a:	9b0f      	ldr	r3, [sp, #60]	; 0x3c
1a007e8c:	2b00      	cmp	r3, #0
1a007e8e:	f340 8202 	ble.w	1a008296 <_dtoa_r+0xde6>
1a007e92:	9309      	str	r3, [sp, #36]	; 0x24
1a007e94:	e6d0      	b.n	1a007c38 <_dtoa_r+0x788>
1a007e96:	9a0c      	ldr	r2, [sp, #48]	; 0x30
1a007e98:	4659      	mov	r1, fp
1a007e9a:	4650      	mov	r0, sl
1a007e9c:	f000 fe58 	bl	1a008b50 <__pow5mult>
1a007ea0:	4683      	mov	fp, r0
1a007ea2:	e686      	b.n	1a007bb2 <_dtoa_r+0x702>
1a007ea4:	4b9f      	ldr	r3, [pc, #636]	; (1a008124 <_dtoa_r+0xc74>)
1a007ea6:	9303      	str	r3, [sp, #12]
1a007ea8:	3303      	adds	r3, #3
1a007eaa:	f7ff bbe5 	b.w	1a007678 <_dtoa_r+0x1c8>
1a007eae:	e9dd 1200 	ldrd	r1, r2, [sp]
1a007eb2:	2900      	cmp	r1, #0
1a007eb4:	f47f ae8a 	bne.w	1a007bcc <_dtoa_r+0x71c>
1a007eb8:	f3c2 0313 	ubfx	r3, r2, #0, #20
1a007ebc:	2b00      	cmp	r3, #0
1a007ebe:	f000 80d5 	beq.w	1a00806c <_dtoa_r+0xbbc>
1a007ec2:	9e00      	ldr	r6, [sp, #0]
1a007ec4:	e683      	b.n	1a007bce <_dtoa_r+0x71e>
1a007ec6:	2301      	movs	r3, #1
1a007ec8:	930b      	str	r3, [sp, #44]	; 0x2c
1a007eca:	980a      	ldr	r0, [sp, #40]	; 0x28
1a007ecc:	2800      	cmp	r0, #0
1a007ece:	dd46      	ble.n	1a007f5e <_dtoa_r+0xaae>
1a007ed0:	900f      	str	r0, [sp, #60]	; 0x3c
1a007ed2:	9009      	str	r0, [sp, #36]	; 0x24
1a007ed4:	2100      	movs	r1, #0
1a007ed6:	2817      	cmp	r0, #23
1a007ed8:	f8ca 1044 	str.w	r1, [sl, #68]	; 0x44
1a007edc:	9d09      	ldr	r5, [sp, #36]	; 0x24
1a007ede:	f77f ac19 	ble.w	1a007714 <_dtoa_r+0x264>
1a007ee2:	2201      	movs	r2, #1
1a007ee4:	2304      	movs	r3, #4
1a007ee6:	005b      	lsls	r3, r3, #1
1a007ee8:	f103 0614 	add.w	r6, r3, #20
1a007eec:	42b0      	cmp	r0, r6
1a007eee:	4611      	mov	r1, r2
1a007ef0:	f102 0201 	add.w	r2, r2, #1
1a007ef4:	d2f7      	bcs.n	1a007ee6 <_dtoa_r+0xa36>
1a007ef6:	f8ca 1044 	str.w	r1, [sl, #68]	; 0x44
1a007efa:	e40b      	b.n	1a007714 <_dtoa_r+0x264>
1a007efc:	2301      	movs	r3, #1
1a007efe:	930b      	str	r3, [sp, #44]	; 0x2c
1a007f00:	9b0a      	ldr	r3, [sp, #40]	; 0x28
1a007f02:	9a06      	ldr	r2, [sp, #24]
1a007f04:	4413      	add	r3, r2
1a007f06:	930f      	str	r3, [sp, #60]	; 0x3c
1a007f08:	3301      	adds	r3, #1
1a007f0a:	2b01      	cmp	r3, #1
1a007f0c:	4618      	mov	r0, r3
1a007f0e:	9309      	str	r3, [sp, #36]	; 0x24
1a007f10:	bfb8      	it	lt
1a007f12:	2001      	movlt	r0, #1
1a007f14:	e7de      	b.n	1a007ed4 <_dtoa_r+0xa24>
1a007f16:	2300      	movs	r3, #0
1a007f18:	930b      	str	r3, [sp, #44]	; 0x2c
1a007f1a:	e7f1      	b.n	1a007f00 <_dtoa_r+0xa50>
1a007f1c:	2300      	movs	r3, #0
1a007f1e:	930b      	str	r3, [sp, #44]	; 0x2c
1a007f20:	e7d3      	b.n	1a007eca <_dtoa_r+0xa1a>
1a007f22:	9b06      	ldr	r3, [sp, #24]
1a007f24:	3301      	adds	r3, #1
1a007f26:	9306      	str	r3, [sp, #24]
1a007f28:	9b0b      	ldr	r3, [sp, #44]	; 0x2c
1a007f2a:	2b00      	cmp	r3, #0
1a007f2c:	f47f aefc 	bne.w	1a007d28 <_dtoa_r+0x878>
1a007f30:	4639      	mov	r1, r7
1a007f32:	4658      	mov	r0, fp
1a007f34:	f7ff fa28 	bl	1a007388 <quorem>
1a007f38:	9c03      	ldr	r4, [sp, #12]
1a007f3a:	f100 0930 	add.w	r9, r0, #48	; 0x30
1a007f3e:	2300      	movs	r3, #0
1a007f40:	f804 9b01 	strb.w	r9, [r4], #1
1a007f44:	9300      	str	r3, [sp, #0]
1a007f46:	e692      	b.n	1a007c6e <_dtoa_r+0x7be>
1a007f48:	4629      	mov	r1, r5
1a007f4a:	4622      	mov	r2, r4
1a007f4c:	4650      	mov	r0, sl
1a007f4e:	f000 fe4f 	bl	1a008bf0 <__lshift>
1a007f52:	4605      	mov	r5, r0
1a007f54:	e6eb      	b.n	1a007d2e <_dtoa_r+0x87e>
1a007f56:	1b9e      	subs	r6, r3, r6
1a007f58:	e5ce      	b.n	1a007af8 <_dtoa_r+0x648>
1a007f5a:	2602      	movs	r6, #2
1a007f5c:	e403      	b.n	1a007766 <_dtoa_r+0x2b6>
1a007f5e:	2501      	movs	r5, #1
1a007f60:	e9cd 5509 	strd	r5, r5, [sp, #36]	; 0x24
1a007f64:	f7ff bbd2 	b.w	1a00770c <_dtoa_r+0x25c>
1a007f68:	d103      	bne.n	1a007f72 <_dtoa_r+0xac2>
1a007f6a:	f019 0f01 	tst.w	r9, #1
1a007f6e:	f47f ae8c 	bne.w	1a007c8a <_dtoa_r+0x7da>
1a007f72:	1e63      	subs	r3, r4, #1
1a007f74:	e001      	b.n	1a007f7a <_dtoa_r+0xaca>
1a007f76:	f813 2d01 	ldrb.w	r2, [r3, #-1]!
1a007f7a:	2a30      	cmp	r2, #48	; 0x30
1a007f7c:	f103 0401 	add.w	r4, r3, #1
1a007f80:	d0f9      	beq.n	1a007f76 <_dtoa_r+0xac6>
1a007f82:	e690      	b.n	1a007ca6 <_dtoa_r+0x7f6>
1a007f84:	9a06      	ldr	r2, [sp, #24]
1a007f86:	3201      	adds	r2, #1
1a007f88:	9206      	str	r2, [sp, #24]
1a007f8a:	9a03      	ldr	r2, [sp, #12]
1a007f8c:	2331      	movs	r3, #49	; 0x31
1a007f8e:	7013      	strb	r3, [r2, #0]
1a007f90:	e689      	b.n	1a007ca6 <_dtoa_r+0x7f6>
1a007f92:	9a0e      	ldr	r2, [sp, #56]	; 0x38
1a007f94:	2a00      	cmp	r2, #0
1a007f96:	f000 8126 	beq.w	1a0081e6 <_dtoa_r+0xd36>
1a007f9a:	f203 4333 	addw	r3, r3, #1075	; 0x433
1a007f9e:	9a08      	ldr	r2, [sp, #32]
1a007fa0:	9e0c      	ldr	r6, [sp, #48]	; 0x30
1a007fa2:	4614      	mov	r4, r2
1a007fa4:	441a      	add	r2, r3
1a007fa6:	4498      	add	r8, r3
1a007fa8:	9208      	str	r2, [sp, #32]
1a007faa:	e5ae      	b.n	1a007b0a <_dtoa_r+0x65a>
1a007fac:	4630      	mov	r0, r6
1a007fae:	f7fa f971 	bl	1a002294 <__aeabi_i2d>
1a007fb2:	e9dd 2300 	ldrd	r2, r3, [sp]
1a007fb6:	f7fa f9d7 	bl	1a002368 <__aeabi_dmul>
1a007fba:	2200      	movs	r2, #0
1a007fbc:	4b5a      	ldr	r3, [pc, #360]	; (1a008128 <_dtoa_r+0xc78>)
1a007fbe:	f7fa f81d 	bl	1a001ffc <__adddf3>
1a007fc2:	4604      	mov	r4, r0
1a007fc4:	f1a1 7550 	sub.w	r5, r1, #54525952	; 0x3400000
1a007fc8:	2200      	movs	r2, #0
1a007fca:	4b58      	ldr	r3, [pc, #352]	; (1a00812c <_dtoa_r+0xc7c>)
1a007fcc:	e9dd 0100 	ldrd	r0, r1, [sp]
1a007fd0:	f7fa f812 	bl	1a001ff8 <__aeabi_dsub>
1a007fd4:	4622      	mov	r2, r4
1a007fd6:	462b      	mov	r3, r5
1a007fd8:	4606      	mov	r6, r0
1a007fda:	460f      	mov	r7, r1
1a007fdc:	f7fa fc54 	bl	1a002888 <__aeabi_dcmpgt>
1a007fe0:	2800      	cmp	r0, #0
1a007fe2:	f040 8089 	bne.w	1a0080f8 <_dtoa_r+0xc48>
1a007fe6:	4622      	mov	r2, r4
1a007fe8:	f105 4300 	add.w	r3, r5, #2147483648	; 0x80000000
1a007fec:	4630      	mov	r0, r6
1a007fee:	4639      	mov	r1, r7
1a007ff0:	f7fa fc2c 	bl	1a00284c <__aeabi_dcmplt>
1a007ff4:	2800      	cmp	r0, #0
1a007ff6:	f43f ac9c 	beq.w	1a007932 <_dtoa_r+0x482>
1a007ffa:	2700      	movs	r7, #0
1a007ffc:	463d      	mov	r5, r7
1a007ffe:	e4c0      	b.n	1a007982 <_dtoa_r+0x4d2>
1a008000:	f000 80f5 	beq.w	1a0081ee <_dtoa_r+0xd3e>
1a008004:	9b06      	ldr	r3, [sp, #24]
1a008006:	425c      	negs	r4, r3
1a008008:	4b49      	ldr	r3, [pc, #292]	; (1a008130 <_dtoa_r+0xc80>)
1a00800a:	f004 020f 	and.w	r2, r4, #15
1a00800e:	eb03 03c2 	add.w	r3, r3, r2, lsl #3
1a008012:	e9d3 2300 	ldrd	r2, r3, [r3]
1a008016:	e9dd 0104 	ldrd	r0, r1, [sp, #16]
1a00801a:	f7fa f9a5 	bl	1a002368 <__aeabi_dmul>
1a00801e:	1124      	asrs	r4, r4, #4
1a008020:	e9cd 0100 	strd	r0, r1, [sp]
1a008024:	f000 80e3 	beq.w	1a0081ee <_dtoa_r+0xd3e>
1a008028:	4d42      	ldr	r5, [pc, #264]	; (1a008134 <_dtoa_r+0xc84>)
1a00802a:	2300      	movs	r3, #0
1a00802c:	2602      	movs	r6, #2
1a00802e:	07e2      	lsls	r2, r4, #31
1a008030:	d505      	bpl.n	1a00803e <_dtoa_r+0xb8e>
1a008032:	e9d5 2300 	ldrd	r2, r3, [r5]
1a008036:	f7fa f997 	bl	1a002368 <__aeabi_dmul>
1a00803a:	3601      	adds	r6, #1
1a00803c:	2301      	movs	r3, #1
1a00803e:	1064      	asrs	r4, r4, #1
1a008040:	f105 0508 	add.w	r5, r5, #8
1a008044:	d1f3      	bne.n	1a00802e <_dtoa_r+0xb7e>
1a008046:	2b00      	cmp	r3, #0
1a008048:	f43f aba6 	beq.w	1a007798 <_dtoa_r+0x2e8>
1a00804c:	e9cd 0100 	strd	r0, r1, [sp]
1a008050:	f7ff bba2 	b.w	1a007798 <_dtoa_r+0x2e8>
1a008054:	900d      	str	r0, [sp, #52]	; 0x34
1a008056:	e564      	b.n	1a007b22 <_dtoa_r+0x672>
1a008058:	e9dd 1200 	ldrd	r1, r2, [sp]
1a00805c:	2900      	cmp	r1, #0
1a00805e:	f47f ae49 	bne.w	1a007cf4 <_dtoa_r+0x844>
1a008062:	f3c2 0313 	ubfx	r3, r2, #0, #20
1a008066:	2b00      	cmp	r3, #0
1a008068:	f47f ae44 	bne.w	1a007cf4 <_dtoa_r+0x844>
1a00806c:	4e32      	ldr	r6, [pc, #200]	; (1a008138 <_dtoa_r+0xc88>)
1a00806e:	4016      	ands	r6, r2
1a008070:	2e00      	cmp	r6, #0
1a008072:	f43f adac 	beq.w	1a007bce <_dtoa_r+0x71e>
1a008076:	9b08      	ldr	r3, [sp, #32]
1a008078:	3301      	adds	r3, #1
1a00807a:	9308      	str	r3, [sp, #32]
1a00807c:	f108 0801 	add.w	r8, r8, #1
1a008080:	2601      	movs	r6, #1
1a008082:	e5a4      	b.n	1a007bce <_dtoa_r+0x71e>
1a008084:	2b00      	cmp	r3, #0
1a008086:	4627      	mov	r7, r4
1a008088:	464c      	mov	r4, r9
1a00808a:	4691      	mov	r9, r2
1a00808c:	dd12      	ble.n	1a0080b4 <_dtoa_r+0xc04>
1a00808e:	4659      	mov	r1, fp
1a008090:	2201      	movs	r2, #1
1a008092:	4650      	mov	r0, sl
1a008094:	f000 fdac 	bl	1a008bf0 <__lshift>
1a008098:	4639      	mov	r1, r7
1a00809a:	4683      	mov	fp, r0
1a00809c:	f000 fe02 	bl	1a008ca4 <__mcmp>
1a0080a0:	2800      	cmp	r0, #0
1a0080a2:	f340 80df 	ble.w	1a008264 <_dtoa_r+0xdb4>
1a0080a6:	f1b9 0f39 	cmp.w	r9, #57	; 0x39
1a0080aa:	f000 80d0 	beq.w	1a00824e <_dtoa_r+0xd9e>
1a0080ae:	9b00      	ldr	r3, [sp, #0]
1a0080b0:	f103 0931 	add.w	r9, r3, #49	; 0x31
1a0080b4:	9500      	str	r5, [sp, #0]
1a0080b6:	f886 9000 	strb.w	r9, [r6]
1a0080ba:	4645      	mov	r5, r8
1a0080bc:	e5f3      	b.n	1a007ca6 <_dtoa_r+0x7f6>
1a0080be:	6869      	ldr	r1, [r5, #4]
1a0080c0:	4650      	mov	r0, sl
1a0080c2:	f000 fbdd 	bl	1a008880 <_Balloc>
1a0080c6:	692b      	ldr	r3, [r5, #16]
1a0080c8:	3302      	adds	r3, #2
1a0080ca:	009a      	lsls	r2, r3, #2
1a0080cc:	4604      	mov	r4, r0
1a0080ce:	f105 010c 	add.w	r1, r5, #12
1a0080d2:	300c      	adds	r0, #12
1a0080d4:	f7fb fb96 	bl	1a003804 <memcpy>
1a0080d8:	4621      	mov	r1, r4
1a0080da:	2201      	movs	r2, #1
1a0080dc:	4650      	mov	r0, sl
1a0080de:	f000 fd87 	bl	1a008bf0 <__lshift>
1a0080e2:	4680      	mov	r8, r0
1a0080e4:	e627      	b.n	1a007d36 <_dtoa_r+0x886>
1a0080e6:	f8dd b000 	ldr.w	fp, [sp]
1a0080ea:	f8dd a008 	ldr.w	sl, [sp, #8]
1a0080ee:	e406      	b.n	1a0078fe <_dtoa_r+0x44e>
1a0080f0:	e9dd 3208 	ldrd	r3, r2, [sp, #32]
1a0080f4:	1a9c      	subs	r4, r3, r2
1a0080f6:	e508      	b.n	1a007b0a <_dtoa_r+0x65a>
1a0080f8:	2700      	movs	r7, #0
1a0080fa:	463d      	mov	r5, r7
1a0080fc:	e6a0      	b.n	1a007e40 <_dtoa_r+0x990>
1a0080fe:	2a39      	cmp	r2, #57	; 0x39
1a008100:	4627      	mov	r7, r4
1a008102:	464c      	mov	r4, r9
1a008104:	f000 80a3 	beq.w	1a00824e <_dtoa_r+0xd9e>
1a008108:	f102 0901 	add.w	r9, r2, #1
1a00810c:	9500      	str	r5, [sp, #0]
1a00810e:	f886 9000 	strb.w	r9, [r6]
1a008112:	4645      	mov	r5, r8
1a008114:	e5c7      	b.n	1a007ca6 <_dtoa_r+0x7f6>
1a008116:	4627      	mov	r7, r4
1a008118:	9500      	str	r5, [sp, #0]
1a00811a:	464c      	mov	r4, r9
1a00811c:	4645      	mov	r5, r8
1a00811e:	4691      	mov	r9, r2
1a008120:	e5a5      	b.n	1a007c6e <_dtoa_r+0x7be>
1a008122:	bf00      	nop
1a008124:	1a00a040 	.word	0x1a00a040
1a008128:	401c0000 	.word	0x401c0000
1a00812c:	40140000 	.word	0x40140000
1a008130:	1a00a078 	.word	0x1a00a078
1a008134:	1a00a050 	.word	0x1a00a050
1a008138:	7ff00000 	.word	0x7ff00000
1a00813c:	e9dd 0100 	ldrd	r0, r1, [sp]
1a008140:	f7fa f912 	bl	1a002368 <__aeabi_dmul>
1a008144:	9b03      	ldr	r3, [sp, #12]
1a008146:	701d      	strb	r5, [r3, #0]
1a008148:	9b10      	ldr	r3, [sp, #64]	; 0x40
1a00814a:	2b01      	cmp	r3, #1
1a00814c:	e9cd 0100 	strd	r0, r1, [sp]
1a008150:	d023      	beq.n	1a00819a <_dtoa_r+0xcea>
1a008152:	9b10      	ldr	r3, [sp, #64]	; 0x40
1a008154:	9a03      	ldr	r2, [sp, #12]
1a008156:	f8cd 9040 	str.w	r9, [sp, #64]	; 0x40
1a00815a:	4413      	add	r3, r2
1a00815c:	46c1      	mov	r9, r8
1a00815e:	4698      	mov	r8, r3
1a008160:	2200      	movs	r2, #0
1a008162:	4b64      	ldr	r3, [pc, #400]	; (1a0082f4 <_dtoa_r+0xe44>)
1a008164:	4630      	mov	r0, r6
1a008166:	4639      	mov	r1, r7
1a008168:	f7fa f8fe 	bl	1a002368 <__aeabi_dmul>
1a00816c:	460f      	mov	r7, r1
1a00816e:	4606      	mov	r6, r0
1a008170:	f7fa fbaa 	bl	1a0028c8 <__aeabi_d2iz>
1a008174:	4605      	mov	r5, r0
1a008176:	f7fa f88d 	bl	1a002294 <__aeabi_i2d>
1a00817a:	3530      	adds	r5, #48	; 0x30
1a00817c:	4602      	mov	r2, r0
1a00817e:	460b      	mov	r3, r1
1a008180:	4630      	mov	r0, r6
1a008182:	4639      	mov	r1, r7
1a008184:	f7f9 ff38 	bl	1a001ff8 <__aeabi_dsub>
1a008188:	f804 5b01 	strb.w	r5, [r4], #1
1a00818c:	45a0      	cmp	r8, r4
1a00818e:	4606      	mov	r6, r0
1a008190:	460f      	mov	r7, r1
1a008192:	d1e5      	bne.n	1a008160 <_dtoa_r+0xcb0>
1a008194:	46c8      	mov	r8, r9
1a008196:	f8dd 9040 	ldr.w	r9, [sp, #64]	; 0x40
1a00819a:	4b57      	ldr	r3, [pc, #348]	; (1a0082f8 <_dtoa_r+0xe48>)
1a00819c:	2200      	movs	r2, #0
1a00819e:	e9dd 0100 	ldrd	r0, r1, [sp]
1a0081a2:	f7f9 ff2b 	bl	1a001ffc <__adddf3>
1a0081a6:	4632      	mov	r2, r6
1a0081a8:	463b      	mov	r3, r7
1a0081aa:	f7fa fb4f 	bl	1a00284c <__aeabi_dcmplt>
1a0081ae:	2800      	cmp	r0, #0
1a0081b0:	d152      	bne.n	1a008258 <_dtoa_r+0xda8>
1a0081b2:	e9dd 2300 	ldrd	r2, r3, [sp]
1a0081b6:	2000      	movs	r0, #0
1a0081b8:	494f      	ldr	r1, [pc, #316]	; (1a0082f8 <_dtoa_r+0xe48>)
1a0081ba:	f7f9 ff1d 	bl	1a001ff8 <__aeabi_dsub>
1a0081be:	4632      	mov	r2, r6
1a0081c0:	463b      	mov	r3, r7
1a0081c2:	f7fa fb61 	bl	1a002888 <__aeabi_dcmpgt>
1a0081c6:	2800      	cmp	r0, #0
1a0081c8:	f43f abb3 	beq.w	1a007932 <_dtoa_r+0x482>
1a0081cc:	e000      	b.n	1a0081d0 <_dtoa_r+0xd20>
1a0081ce:	4614      	mov	r4, r2
1a0081d0:	f814 3c01 	ldrb.w	r3, [r4, #-1]
1a0081d4:	2b30      	cmp	r3, #48	; 0x30
1a0081d6:	f104 32ff 	add.w	r2, r4, #4294967295
1a0081da:	d0f8      	beq.n	1a0081ce <_dtoa_r+0xd1e>
1a0081dc:	9b12      	ldr	r3, [sp, #72]	; 0x48
1a0081de:	3301      	adds	r3, #1
1a0081e0:	9306      	str	r3, [sp, #24]
1a0081e2:	f7ff bb8c 	b.w	1a0078fe <_dtoa_r+0x44e>
1a0081e6:	9b14      	ldr	r3, [sp, #80]	; 0x50
1a0081e8:	f1c3 0336 	rsb	r3, r3, #54	; 0x36
1a0081ec:	e6d7      	b.n	1a007f9e <_dtoa_r+0xaee>
1a0081ee:	2602      	movs	r6, #2
1a0081f0:	f7ff bad2 	b.w	1a007798 <_dtoa_r+0x2e8>
1a0081f4:	9b09      	ldr	r3, [sp, #36]	; 0x24
1a0081f6:	2b00      	cmp	r3, #0
1a0081f8:	f43f aed8 	beq.w	1a007fac <_dtoa_r+0xafc>
1a0081fc:	9f0f      	ldr	r7, [sp, #60]	; 0x3c
1a0081fe:	2f00      	cmp	r7, #0
1a008200:	f77f ab97 	ble.w	1a007932 <_dtoa_r+0x482>
1a008204:	2200      	movs	r2, #0
1a008206:	4b3b      	ldr	r3, [pc, #236]	; (1a0082f4 <_dtoa_r+0xe44>)
1a008208:	4620      	mov	r0, r4
1a00820a:	4629      	mov	r1, r5
1a00820c:	f7fa f8ac 	bl	1a002368 <__aeabi_dmul>
1a008210:	4604      	mov	r4, r0
1a008212:	460d      	mov	r5, r1
1a008214:	1c70      	adds	r0, r6, #1
1a008216:	e9cd 4500 	strd	r4, r5, [sp]
1a00821a:	f7fa f83b 	bl	1a002294 <__aeabi_i2d>
1a00821e:	4622      	mov	r2, r4
1a008220:	462b      	mov	r3, r5
1a008222:	f7fa f8a1 	bl	1a002368 <__aeabi_dmul>
1a008226:	4b35      	ldr	r3, [pc, #212]	; (1a0082fc <_dtoa_r+0xe4c>)
1a008228:	2200      	movs	r2, #0
1a00822a:	f7f9 fee7 	bl	1a001ffc <__adddf3>
1a00822e:	9b06      	ldr	r3, [sp, #24]
1a008230:	9710      	str	r7, [sp, #64]	; 0x40
1a008232:	3b01      	subs	r3, #1
1a008234:	4604      	mov	r4, r0
1a008236:	f1a1 7550 	sub.w	r5, r1, #54525952	; 0x3400000
1a00823a:	9312      	str	r3, [sp, #72]	; 0x48
1a00823c:	f7ff bacf 	b.w	1a0077de <_dtoa_r+0x32e>
1a008240:	9a06      	ldr	r2, [sp, #24]
1a008242:	3201      	adds	r2, #1
1a008244:	9206      	str	r2, [sp, #24]
1a008246:	2231      	movs	r2, #49	; 0x31
1a008248:	701a      	strb	r2, [r3, #0]
1a00824a:	f7ff bb58 	b.w	1a0078fe <_dtoa_r+0x44e>
1a00824e:	2239      	movs	r2, #57	; 0x39
1a008250:	9500      	str	r5, [sp, #0]
1a008252:	7032      	strb	r2, [r6, #0]
1a008254:	4645      	mov	r5, r8
1a008256:	e518      	b.n	1a007c8a <_dtoa_r+0x7da>
1a008258:	9b12      	ldr	r3, [sp, #72]	; 0x48
1a00825a:	3301      	adds	r3, #1
1a00825c:	9306      	str	r3, [sp, #24]
1a00825e:	f814 5c01 	ldrb.w	r5, [r4, #-1]
1a008262:	e427      	b.n	1a007ab4 <_dtoa_r+0x604>
1a008264:	f47f af26 	bne.w	1a0080b4 <_dtoa_r+0xc04>
1a008268:	f019 0f01 	tst.w	r9, #1
1a00826c:	f47f af1b 	bne.w	1a0080a6 <_dtoa_r+0xbf6>
1a008270:	e720      	b.n	1a0080b4 <_dtoa_r+0xc04>
1a008272:	9b12      	ldr	r3, [sp, #72]	; 0x48
1a008274:	3301      	adds	r3, #1
1a008276:	46da      	mov	sl, fp
1a008278:	9306      	str	r3, [sp, #24]
1a00827a:	f8dd b000 	ldr.w	fp, [sp]
1a00827e:	e419      	b.n	1a007ab4 <_dtoa_r+0x604>
1a008280:	2a39      	cmp	r2, #57	; 0x39
1a008282:	463b      	mov	r3, r7
1a008284:	4691      	mov	r9, r2
1a008286:	4627      	mov	r7, r4
1a008288:	f106 0401 	add.w	r4, r6, #1
1a00828c:	d0df      	beq.n	1a00824e <_dtoa_r+0xd9e>
1a00828e:	2b00      	cmp	r3, #0
1a008290:	f73f af0d 	bgt.w	1a0080ae <_dtoa_r+0xbfe>
1a008294:	e70e      	b.n	1a0080b4 <_dtoa_r+0xc04>
1a008296:	9b02      	ldr	r3, [sp, #8]
1a008298:	2b02      	cmp	r3, #2
1a00829a:	f77f ae49 	ble.w	1a007f30 <_dtoa_r+0xa80>
1a00829e:	9b0f      	ldr	r3, [sp, #60]	; 0x3c
1a0082a0:	9309      	str	r3, [sp, #36]	; 0x24
1a0082a2:	f8cd 8018 	str.w	r8, [sp, #24]
1a0082a6:	e5ba      	b.n	1a007e1e <_dtoa_r+0x96e>
1a0082a8:	9b02      	ldr	r3, [sp, #8]
1a0082aa:	2b02      	cmp	r3, #2
1a0082ac:	dcf7      	bgt.n	1a00829e <_dtoa_r+0xdee>
1a0082ae:	9b0f      	ldr	r3, [sp, #60]	; 0x3c
1a0082b0:	e539      	b.n	1a007d26 <_dtoa_r+0x876>
1a0082b2:	9b12      	ldr	r3, [sp, #72]	; 0x48
1a0082b4:	3301      	adds	r3, #1
1a0082b6:	9306      	str	r3, [sp, #24]
1a0082b8:	f7ff bbfc 	b.w	1a007ab4 <_dtoa_r+0x604>
1a0082bc:	4b10      	ldr	r3, [pc, #64]	; (1a008300 <_dtoa_r+0xe50>)
1a0082be:	9303      	str	r3, [sp, #12]
1a0082c0:	f7ff b934 	b.w	1a00752c <_dtoa_r+0x7c>
1a0082c4:	f43f ac98 	beq.w	1a007bf8 <_dtoa_r+0x748>
1a0082c8:	f1c0 003c 	rsb	r0, r0, #60	; 0x3c
1a0082cc:	e48f      	b.n	1a007bee <_dtoa_r+0x73e>
1a0082ce:	2400      	movs	r4, #0
1a0082d0:	f8ca 4044 	str.w	r4, [sl, #68]	; 0x44
1a0082d4:	4621      	mov	r1, r4
1a0082d6:	4650      	mov	r0, sl
1a0082d8:	f000 fad2 	bl	1a008880 <_Balloc>
1a0082dc:	f04f 33ff 	mov.w	r3, #4294967295
1a0082e0:	e9cd 3409 	strd	r3, r4, [sp, #36]	; 0x24
1a0082e4:	930f      	str	r3, [sp, #60]	; 0x3c
1a0082e6:	2301      	movs	r3, #1
1a0082e8:	9003      	str	r0, [sp, #12]
1a0082ea:	f8ca 0040 	str.w	r0, [sl, #64]	; 0x40
1a0082ee:	930b      	str	r3, [sp, #44]	; 0x2c
1a0082f0:	f7ff bb23 	b.w	1a00793a <_dtoa_r+0x48a>
1a0082f4:	40240000 	.word	0x40240000
1a0082f8:	3fe00000 	.word	0x3fe00000
1a0082fc:	401c0000 	.word	0x401c0000
1a008300:	1a00a044 	.word	0x1a00a044

1a008304 <__sfvwrite_r>:
1a008304:	6893      	ldr	r3, [r2, #8]
1a008306:	2b00      	cmp	r3, #0
1a008308:	f000 8102 	beq.w	1a008510 <__sfvwrite_r+0x20c>
1a00830c:	e92d 4ff0 	stmdb	sp!, {r4, r5, r6, r7, r8, r9, sl, fp, lr}
1a008310:	f9b1 300c 	ldrsh.w	r3, [r1, #12]
1a008314:	b29b      	uxth	r3, r3
1a008316:	460c      	mov	r4, r1
1a008318:	0719      	lsls	r1, r3, #28
1a00831a:	b083      	sub	sp, #12
1a00831c:	4682      	mov	sl, r0
1a00831e:	4690      	mov	r8, r2
1a008320:	d535      	bpl.n	1a00838e <__sfvwrite_r+0x8a>
1a008322:	6922      	ldr	r2, [r4, #16]
1a008324:	b39a      	cbz	r2, 1a00838e <__sfvwrite_r+0x8a>
1a008326:	f013 0202 	ands.w	r2, r3, #2
1a00832a:	f8d8 6000 	ldr.w	r6, [r8]
1a00832e:	d03d      	beq.n	1a0083ac <__sfvwrite_r+0xa8>
1a008330:	2700      	movs	r7, #0
1a008332:	f8d4 b024 	ldr.w	fp, [r4, #36]	; 0x24
1a008336:	f8d4 c01c 	ldr.w	ip, [r4, #28]
1a00833a:	f8df 92cc 	ldr.w	r9, [pc, #716]	; 1a008608 <__sfvwrite_r+0x304>
1a00833e:	463d      	mov	r5, r7
1a008340:	454d      	cmp	r5, r9
1a008342:	462b      	mov	r3, r5
1a008344:	463a      	mov	r2, r7
1a008346:	bf28      	it	cs
1a008348:	464b      	movcs	r3, r9
1a00834a:	4661      	mov	r1, ip
1a00834c:	4650      	mov	r0, sl
1a00834e:	b1d5      	cbz	r5, 1a008386 <__sfvwrite_r+0x82>
1a008350:	47d8      	blx	fp
1a008352:	2800      	cmp	r0, #0
1a008354:	f340 80d2 	ble.w	1a0084fc <__sfvwrite_r+0x1f8>
1a008358:	f8d8 3008 	ldr.w	r3, [r8, #8]
1a00835c:	1a1b      	subs	r3, r3, r0
1a00835e:	4407      	add	r7, r0
1a008360:	1a2d      	subs	r5, r5, r0
1a008362:	f8c8 3008 	str.w	r3, [r8, #8]
1a008366:	2b00      	cmp	r3, #0
1a008368:	f000 80b7 	beq.w	1a0084da <__sfvwrite_r+0x1d6>
1a00836c:	f8d4 c01c 	ldr.w	ip, [r4, #28]
1a008370:	f8d4 b024 	ldr.w	fp, [r4, #36]	; 0x24
1a008374:	454d      	cmp	r5, r9
1a008376:	462b      	mov	r3, r5
1a008378:	463a      	mov	r2, r7
1a00837a:	bf28      	it	cs
1a00837c:	464b      	movcs	r3, r9
1a00837e:	4661      	mov	r1, ip
1a008380:	4650      	mov	r0, sl
1a008382:	2d00      	cmp	r5, #0
1a008384:	d1e4      	bne.n	1a008350 <__sfvwrite_r+0x4c>
1a008386:	e9d6 7500 	ldrd	r7, r5, [r6]
1a00838a:	3608      	adds	r6, #8
1a00838c:	e7d8      	b.n	1a008340 <__sfvwrite_r+0x3c>
1a00838e:	4621      	mov	r1, r4
1a008390:	4650      	mov	r0, sl
1a008392:	f7fe ff91 	bl	1a0072b8 <__swsetup_r>
1a008396:	2800      	cmp	r0, #0
1a008398:	f040 8130 	bne.w	1a0085fc <__sfvwrite_r+0x2f8>
1a00839c:	f9b4 300c 	ldrsh.w	r3, [r4, #12]
1a0083a0:	f8d8 6000 	ldr.w	r6, [r8]
1a0083a4:	b29b      	uxth	r3, r3
1a0083a6:	f013 0202 	ands.w	r2, r3, #2
1a0083aa:	d1c1      	bne.n	1a008330 <__sfvwrite_r+0x2c>
1a0083ac:	f013 0901 	ands.w	r9, r3, #1
1a0083b0:	f040 80b0 	bne.w	1a008514 <__sfvwrite_r+0x210>
1a0083b4:	68a7      	ldr	r7, [r4, #8]
1a0083b6:	6820      	ldr	r0, [r4, #0]
1a0083b8:	464d      	mov	r5, r9
1a0083ba:	2d00      	cmp	r5, #0
1a0083bc:	d054      	beq.n	1a008468 <__sfvwrite_r+0x164>
1a0083be:	059a      	lsls	r2, r3, #22
1a0083c0:	f140 80bc 	bpl.w	1a00853c <__sfvwrite_r+0x238>
1a0083c4:	42af      	cmp	r7, r5
1a0083c6:	46bb      	mov	fp, r7
1a0083c8:	f200 80e7 	bhi.w	1a00859a <__sfvwrite_r+0x296>
1a0083cc:	f413 6f90 	tst.w	r3, #1152	; 0x480
1a0083d0:	d02f      	beq.n	1a008432 <__sfvwrite_r+0x12e>
1a0083d2:	e9d4 1704 	ldrd	r1, r7, [r4, #16]
1a0083d6:	eb07 0747 	add.w	r7, r7, r7, lsl #1
1a0083da:	eba0 0b01 	sub.w	fp, r0, r1
1a0083de:	eb07 77d7 	add.w	r7, r7, r7, lsr #31
1a0083e2:	1c68      	adds	r0, r5, #1
1a0083e4:	107f      	asrs	r7, r7, #1
1a0083e6:	4458      	add	r0, fp
1a0083e8:	42b8      	cmp	r0, r7
1a0083ea:	463a      	mov	r2, r7
1a0083ec:	bf84      	itt	hi
1a0083ee:	4607      	movhi	r7, r0
1a0083f0:	463a      	movhi	r2, r7
1a0083f2:	055b      	lsls	r3, r3, #21
1a0083f4:	f140 80e9 	bpl.w	1a0085ca <__sfvwrite_r+0x2c6>
1a0083f8:	4611      	mov	r1, r2
1a0083fa:	4650      	mov	r0, sl
1a0083fc:	f7fa ff4a 	bl	1a003294 <_malloc_r>
1a008400:	2800      	cmp	r0, #0
1a008402:	f000 80f5 	beq.w	1a0085f0 <__sfvwrite_r+0x2ec>
1a008406:	465a      	mov	r2, fp
1a008408:	6921      	ldr	r1, [r4, #16]
1a00840a:	9001      	str	r0, [sp, #4]
1a00840c:	f7fb f9fa 	bl	1a003804 <memcpy>
1a008410:	89a2      	ldrh	r2, [r4, #12]
1a008412:	9b01      	ldr	r3, [sp, #4]
1a008414:	f422 6290 	bic.w	r2, r2, #1152	; 0x480
1a008418:	f042 0280 	orr.w	r2, r2, #128	; 0x80
1a00841c:	81a2      	strh	r2, [r4, #12]
1a00841e:	eba7 020b 	sub.w	r2, r7, fp
1a008422:	eb03 000b 	add.w	r0, r3, fp
1a008426:	6167      	str	r7, [r4, #20]
1a008428:	6123      	str	r3, [r4, #16]
1a00842a:	6020      	str	r0, [r4, #0]
1a00842c:	60a2      	str	r2, [r4, #8]
1a00842e:	462f      	mov	r7, r5
1a008430:	46ab      	mov	fp, r5
1a008432:	465a      	mov	r2, fp
1a008434:	4649      	mov	r1, r9
1a008436:	f000 f9bb 	bl	1a0087b0 <memmove>
1a00843a:	68a2      	ldr	r2, [r4, #8]
1a00843c:	6823      	ldr	r3, [r4, #0]
1a00843e:	1bd2      	subs	r2, r2, r7
1a008440:	445b      	add	r3, fp
1a008442:	462f      	mov	r7, r5
1a008444:	60a2      	str	r2, [r4, #8]
1a008446:	6023      	str	r3, [r4, #0]
1a008448:	2500      	movs	r5, #0
1a00844a:	f8d8 3008 	ldr.w	r3, [r8, #8]
1a00844e:	1bdb      	subs	r3, r3, r7
1a008450:	44b9      	add	r9, r7
1a008452:	f8c8 3008 	str.w	r3, [r8, #8]
1a008456:	2b00      	cmp	r3, #0
1a008458:	d03f      	beq.n	1a0084da <__sfvwrite_r+0x1d6>
1a00845a:	f9b4 300c 	ldrsh.w	r3, [r4, #12]
1a00845e:	68a7      	ldr	r7, [r4, #8]
1a008460:	6820      	ldr	r0, [r4, #0]
1a008462:	b29b      	uxth	r3, r3
1a008464:	2d00      	cmp	r5, #0
1a008466:	d1aa      	bne.n	1a0083be <__sfvwrite_r+0xba>
1a008468:	e9d6 9500 	ldrd	r9, r5, [r6]
1a00846c:	3608      	adds	r6, #8
1a00846e:	e7a4      	b.n	1a0083ba <__sfvwrite_r+0xb6>
1a008470:	f10b 0308 	add.w	r3, fp, #8
1a008474:	e953 6702 	ldrd	r6, r7, [r3, #-8]
1a008478:	469b      	mov	fp, r3
1a00847a:	3308      	adds	r3, #8
1a00847c:	2f00      	cmp	r7, #0
1a00847e:	d0f9      	beq.n	1a008474 <__sfvwrite_r+0x170>
1a008480:	463a      	mov	r2, r7
1a008482:	210a      	movs	r1, #10
1a008484:	4630      	mov	r0, r6
1a008486:	f000 f943 	bl	1a008710 <memchr>
1a00848a:	2800      	cmp	r0, #0
1a00848c:	d053      	beq.n	1a008536 <__sfvwrite_r+0x232>
1a00848e:	3001      	adds	r0, #1
1a008490:	eba0 0906 	sub.w	r9, r0, r6
1a008494:	464b      	mov	r3, r9
1a008496:	e9d4 1204 	ldrd	r1, r2, [r4, #16]
1a00849a:	6820      	ldr	r0, [r4, #0]
1a00849c:	42bb      	cmp	r3, r7
1a00849e:	bf28      	it	cs
1a0084a0:	463b      	movcs	r3, r7
1a0084a2:	4288      	cmp	r0, r1
1a0084a4:	d903      	bls.n	1a0084ae <__sfvwrite_r+0x1aa>
1a0084a6:	68a5      	ldr	r5, [r4, #8]
1a0084a8:	4415      	add	r5, r2
1a0084aa:	42ab      	cmp	r3, r5
1a0084ac:	dc19      	bgt.n	1a0084e2 <__sfvwrite_r+0x1de>
1a0084ae:	429a      	cmp	r2, r3
1a0084b0:	dc7d      	bgt.n	1a0085ae <__sfvwrite_r+0x2aa>
1a0084b2:	4613      	mov	r3, r2
1a0084b4:	6a65      	ldr	r5, [r4, #36]	; 0x24
1a0084b6:	69e1      	ldr	r1, [r4, #28]
1a0084b8:	4632      	mov	r2, r6
1a0084ba:	4650      	mov	r0, sl
1a0084bc:	47a8      	blx	r5
1a0084be:	1e05      	subs	r5, r0, #0
1a0084c0:	dd1c      	ble.n	1a0084fc <__sfvwrite_r+0x1f8>
1a0084c2:	ebb9 0905 	subs.w	r9, r9, r5
1a0084c6:	d06b      	beq.n	1a0085a0 <__sfvwrite_r+0x29c>
1a0084c8:	2001      	movs	r0, #1
1a0084ca:	f8d8 3008 	ldr.w	r3, [r8, #8]
1a0084ce:	1b5b      	subs	r3, r3, r5
1a0084d0:	442e      	add	r6, r5
1a0084d2:	1b7f      	subs	r7, r7, r5
1a0084d4:	f8c8 3008 	str.w	r3, [r8, #8]
1a0084d8:	bb13      	cbnz	r3, 1a008520 <__sfvwrite_r+0x21c>
1a0084da:	2000      	movs	r0, #0
1a0084dc:	b003      	add	sp, #12
1a0084de:	e8bd 8ff0 	ldmia.w	sp!, {r4, r5, r6, r7, r8, r9, sl, fp, pc}
1a0084e2:	4631      	mov	r1, r6
1a0084e4:	462a      	mov	r2, r5
1a0084e6:	f000 f963 	bl	1a0087b0 <memmove>
1a0084ea:	6823      	ldr	r3, [r4, #0]
1a0084ec:	442b      	add	r3, r5
1a0084ee:	6023      	str	r3, [r4, #0]
1a0084f0:	4621      	mov	r1, r4
1a0084f2:	4650      	mov	r0, sl
1a0084f4:	f7fa fca0 	bl	1a002e38 <_fflush_r>
1a0084f8:	2800      	cmp	r0, #0
1a0084fa:	d0e2      	beq.n	1a0084c2 <__sfvwrite_r+0x1be>
1a0084fc:	f9b4 300c 	ldrsh.w	r3, [r4, #12]
1a008500:	f043 0340 	orr.w	r3, r3, #64	; 0x40
1a008504:	f04f 30ff 	mov.w	r0, #4294967295
1a008508:	81a3      	strh	r3, [r4, #12]
1a00850a:	b003      	add	sp, #12
1a00850c:	e8bd 8ff0 	ldmia.w	sp!, {r4, r5, r6, r7, r8, r9, sl, fp, pc}
1a008510:	2000      	movs	r0, #0
1a008512:	4770      	bx	lr
1a008514:	4633      	mov	r3, r6
1a008516:	4691      	mov	r9, r2
1a008518:	4610      	mov	r0, r2
1a00851a:	4617      	mov	r7, r2
1a00851c:	464e      	mov	r6, r9
1a00851e:	469b      	mov	fp, r3
1a008520:	2f00      	cmp	r7, #0
1a008522:	d0a5      	beq.n	1a008470 <__sfvwrite_r+0x16c>
1a008524:	2800      	cmp	r0, #0
1a008526:	d1b5      	bne.n	1a008494 <__sfvwrite_r+0x190>
1a008528:	463a      	mov	r2, r7
1a00852a:	210a      	movs	r1, #10
1a00852c:	4630      	mov	r0, r6
1a00852e:	f000 f8ef 	bl	1a008710 <memchr>
1a008532:	2800      	cmp	r0, #0
1a008534:	d1ab      	bne.n	1a00848e <__sfvwrite_r+0x18a>
1a008536:	1c7b      	adds	r3, r7, #1
1a008538:	4699      	mov	r9, r3
1a00853a:	e7ac      	b.n	1a008496 <__sfvwrite_r+0x192>
1a00853c:	6923      	ldr	r3, [r4, #16]
1a00853e:	4283      	cmp	r3, r0
1a008540:	d315      	bcc.n	1a00856e <__sfvwrite_r+0x26a>
1a008542:	6961      	ldr	r1, [r4, #20]
1a008544:	42a9      	cmp	r1, r5
1a008546:	d812      	bhi.n	1a00856e <__sfvwrite_r+0x26a>
1a008548:	4b2e      	ldr	r3, [pc, #184]	; (1a008604 <__sfvwrite_r+0x300>)
1a00854a:	6a67      	ldr	r7, [r4, #36]	; 0x24
1a00854c:	429d      	cmp	r5, r3
1a00854e:	bf94      	ite	ls
1a008550:	462b      	movls	r3, r5
1a008552:	f06f 4300 	mvnhi.w	r3, #2147483648	; 0x80000000
1a008556:	464a      	mov	r2, r9
1a008558:	fb93 f3f1 	sdiv	r3, r3, r1
1a00855c:	4650      	mov	r0, sl
1a00855e:	fb01 f303 	mul.w	r3, r1, r3
1a008562:	69e1      	ldr	r1, [r4, #28]
1a008564:	47b8      	blx	r7
1a008566:	1e07      	subs	r7, r0, #0
1a008568:	ddc8      	ble.n	1a0084fc <__sfvwrite_r+0x1f8>
1a00856a:	1bed      	subs	r5, r5, r7
1a00856c:	e76d      	b.n	1a00844a <__sfvwrite_r+0x146>
1a00856e:	42af      	cmp	r7, r5
1a008570:	bf28      	it	cs
1a008572:	462f      	movcs	r7, r5
1a008574:	463a      	mov	r2, r7
1a008576:	4649      	mov	r1, r9
1a008578:	f000 f91a 	bl	1a0087b0 <memmove>
1a00857c:	68a3      	ldr	r3, [r4, #8]
1a00857e:	6822      	ldr	r2, [r4, #0]
1a008580:	1bdb      	subs	r3, r3, r7
1a008582:	443a      	add	r2, r7
1a008584:	60a3      	str	r3, [r4, #8]
1a008586:	6022      	str	r2, [r4, #0]
1a008588:	2b00      	cmp	r3, #0
1a00858a:	d1ee      	bne.n	1a00856a <__sfvwrite_r+0x266>
1a00858c:	4621      	mov	r1, r4
1a00858e:	4650      	mov	r0, sl
1a008590:	f7fa fc52 	bl	1a002e38 <_fflush_r>
1a008594:	2800      	cmp	r0, #0
1a008596:	d0e8      	beq.n	1a00856a <__sfvwrite_r+0x266>
1a008598:	e7b0      	b.n	1a0084fc <__sfvwrite_r+0x1f8>
1a00859a:	462f      	mov	r7, r5
1a00859c:	46ab      	mov	fp, r5
1a00859e:	e748      	b.n	1a008432 <__sfvwrite_r+0x12e>
1a0085a0:	4621      	mov	r1, r4
1a0085a2:	4650      	mov	r0, sl
1a0085a4:	f7fa fc48 	bl	1a002e38 <_fflush_r>
1a0085a8:	2800      	cmp	r0, #0
1a0085aa:	d08e      	beq.n	1a0084ca <__sfvwrite_r+0x1c6>
1a0085ac:	e7a6      	b.n	1a0084fc <__sfvwrite_r+0x1f8>
1a0085ae:	461a      	mov	r2, r3
1a0085b0:	4631      	mov	r1, r6
1a0085b2:	9301      	str	r3, [sp, #4]
1a0085b4:	f000 f8fc 	bl	1a0087b0 <memmove>
1a0085b8:	9b01      	ldr	r3, [sp, #4]
1a0085ba:	68a1      	ldr	r1, [r4, #8]
1a0085bc:	6822      	ldr	r2, [r4, #0]
1a0085be:	1ac9      	subs	r1, r1, r3
1a0085c0:	441a      	add	r2, r3
1a0085c2:	60a1      	str	r1, [r4, #8]
1a0085c4:	6022      	str	r2, [r4, #0]
1a0085c6:	461d      	mov	r5, r3
1a0085c8:	e77b      	b.n	1a0084c2 <__sfvwrite_r+0x1be>
1a0085ca:	4650      	mov	r0, sl
1a0085cc:	f000 fc62 	bl	1a008e94 <_realloc_r>
1a0085d0:	4603      	mov	r3, r0
1a0085d2:	2800      	cmp	r0, #0
1a0085d4:	f47f af23 	bne.w	1a00841e <__sfvwrite_r+0x11a>
1a0085d8:	6921      	ldr	r1, [r4, #16]
1a0085da:	4650      	mov	r0, sl
1a0085dc:	f7fa fd0e 	bl	1a002ffc <_free_r>
1a0085e0:	f9b4 300c 	ldrsh.w	r3, [r4, #12]
1a0085e4:	220c      	movs	r2, #12
1a0085e6:	f023 0380 	bic.w	r3, r3, #128	; 0x80
1a0085ea:	f8ca 2000 	str.w	r2, [sl]
1a0085ee:	e787      	b.n	1a008500 <__sfvwrite_r+0x1fc>
1a0085f0:	230c      	movs	r3, #12
1a0085f2:	f8ca 3000 	str.w	r3, [sl]
1a0085f6:	f9b4 300c 	ldrsh.w	r3, [r4, #12]
1a0085fa:	e781      	b.n	1a008500 <__sfvwrite_r+0x1fc>
1a0085fc:	f04f 30ff 	mov.w	r0, #4294967295
1a008600:	e76c      	b.n	1a0084dc <__sfvwrite_r+0x1d8>
1a008602:	bf00      	nop
1a008604:	7ffffffe 	.word	0x7ffffffe
1a008608:	7ffffc00 	.word	0x7ffffc00

1a00860c <_localeconv_r>:
1a00860c:	4800      	ldr	r0, [pc, #0]	; (1a008610 <_localeconv_r+0x4>)
1a00860e:	4770      	bx	lr
1a008610:	10000978 	.word	0x10000978

1a008614 <__swhatbuf_r>:
1a008614:	b570      	push	{r4, r5, r6, lr}
1a008616:	460c      	mov	r4, r1
1a008618:	f9b1 100e 	ldrsh.w	r1, [r1, #14]
1a00861c:	2900      	cmp	r1, #0
1a00861e:	b096      	sub	sp, #88	; 0x58
1a008620:	4615      	mov	r5, r2
1a008622:	461e      	mov	r6, r3
1a008624:	db14      	blt.n	1a008650 <__swhatbuf_r+0x3c>
1a008626:	466a      	mov	r2, sp
1a008628:	f7f8 f94f 	bl	1a0008ca <_fstat_r>
1a00862c:	2800      	cmp	r0, #0
1a00862e:	db0f      	blt.n	1a008650 <__swhatbuf_r+0x3c>
1a008630:	9a01      	ldr	r2, [sp, #4]
1a008632:	f402 4270 	and.w	r2, r2, #61440	; 0xf000
1a008636:	f5a2 5200 	sub.w	r2, r2, #8192	; 0x2000
1a00863a:	fab2 f282 	clz	r2, r2
1a00863e:	0952      	lsrs	r2, r2, #5
1a008640:	f44f 6380 	mov.w	r3, #1024	; 0x400
1a008644:	f44f 6000 	mov.w	r0, #2048	; 0x800
1a008648:	6032      	str	r2, [r6, #0]
1a00864a:	602b      	str	r3, [r5, #0]
1a00864c:	b016      	add	sp, #88	; 0x58
1a00864e:	bd70      	pop	{r4, r5, r6, pc}
1a008650:	89a2      	ldrh	r2, [r4, #12]
1a008652:	2300      	movs	r3, #0
1a008654:	f012 0080 	ands.w	r0, r2, #128	; 0x80
1a008658:	6033      	str	r3, [r6, #0]
1a00865a:	d004      	beq.n	1a008666 <__swhatbuf_r+0x52>
1a00865c:	2240      	movs	r2, #64	; 0x40
1a00865e:	4618      	mov	r0, r3
1a008660:	602a      	str	r2, [r5, #0]
1a008662:	b016      	add	sp, #88	; 0x58
1a008664:	bd70      	pop	{r4, r5, r6, pc}
1a008666:	f44f 6380 	mov.w	r3, #1024	; 0x400
1a00866a:	602b      	str	r3, [r5, #0]
1a00866c:	b016      	add	sp, #88	; 0x58
1a00866e:	bd70      	pop	{r4, r5, r6, pc}

1a008670 <__smakebuf_r>:
1a008670:	898a      	ldrh	r2, [r1, #12]
1a008672:	0792      	lsls	r2, r2, #30
1a008674:	460b      	mov	r3, r1
1a008676:	d506      	bpl.n	1a008686 <__smakebuf_r+0x16>
1a008678:	f101 0243 	add.w	r2, r1, #67	; 0x43
1a00867c:	2101      	movs	r1, #1
1a00867e:	601a      	str	r2, [r3, #0]
1a008680:	e9c3 2104 	strd	r2, r1, [r3, #16]
1a008684:	4770      	bx	lr
1a008686:	b570      	push	{r4, r5, r6, lr}
1a008688:	b082      	sub	sp, #8
1a00868a:	ab01      	add	r3, sp, #4
1a00868c:	466a      	mov	r2, sp
1a00868e:	460c      	mov	r4, r1
1a008690:	4606      	mov	r6, r0
1a008692:	f7ff ffbf 	bl	1a008614 <__swhatbuf_r>
1a008696:	9900      	ldr	r1, [sp, #0]
1a008698:	4605      	mov	r5, r0
1a00869a:	4630      	mov	r0, r6
1a00869c:	f7fa fdfa 	bl	1a003294 <_malloc_r>
1a0086a0:	f9b4 300c 	ldrsh.w	r3, [r4, #12]
1a0086a4:	b170      	cbz	r0, 1a0086c4 <__smakebuf_r+0x54>
1a0086a6:	4916      	ldr	r1, [pc, #88]	; (1a008700 <__smakebuf_r+0x90>)
1a0086a8:	63f1      	str	r1, [r6, #60]	; 0x3c
1a0086aa:	9a01      	ldr	r2, [sp, #4]
1a0086ac:	9900      	ldr	r1, [sp, #0]
1a0086ae:	6020      	str	r0, [r4, #0]
1a0086b0:	f043 0380 	orr.w	r3, r3, #128	; 0x80
1a0086b4:	81a3      	strh	r3, [r4, #12]
1a0086b6:	e9c4 0104 	strd	r0, r1, [r4, #16]
1a0086ba:	b98a      	cbnz	r2, 1a0086e0 <__smakebuf_r+0x70>
1a0086bc:	432b      	orrs	r3, r5
1a0086be:	81a3      	strh	r3, [r4, #12]
1a0086c0:	b002      	add	sp, #8
1a0086c2:	bd70      	pop	{r4, r5, r6, pc}
1a0086c4:	059a      	lsls	r2, r3, #22
1a0086c6:	d4fb      	bmi.n	1a0086c0 <__smakebuf_r+0x50>
1a0086c8:	f023 0303 	bic.w	r3, r3, #3
1a0086cc:	f104 0243 	add.w	r2, r4, #67	; 0x43
1a0086d0:	f043 0302 	orr.w	r3, r3, #2
1a0086d4:	2101      	movs	r1, #1
1a0086d6:	81a3      	strh	r3, [r4, #12]
1a0086d8:	6022      	str	r2, [r4, #0]
1a0086da:	e9c4 2104 	strd	r2, r1, [r4, #16]
1a0086de:	e7ef      	b.n	1a0086c0 <__smakebuf_r+0x50>
1a0086e0:	4630      	mov	r0, r6
1a0086e2:	f9b4 100e 	ldrsh.w	r1, [r4, #14]
1a0086e6:	f7f8 f8f5 	bl	1a0008d4 <_isatty_r>
1a0086ea:	b910      	cbnz	r0, 1a0086f2 <__smakebuf_r+0x82>
1a0086ec:	f9b4 300c 	ldrsh.w	r3, [r4, #12]
1a0086f0:	e7e4      	b.n	1a0086bc <__smakebuf_r+0x4c>
1a0086f2:	89a3      	ldrh	r3, [r4, #12]
1a0086f4:	f023 0303 	bic.w	r3, r3, #3
1a0086f8:	f043 0301 	orr.w	r3, r3, #1
1a0086fc:	b21b      	sxth	r3, r3
1a0086fe:	e7dd      	b.n	1a0086bc <__smakebuf_r+0x4c>
1a008700:	1a002ee5 	.word	0x1a002ee5
1a008704:	ffffffff 	.word	0xffffffff
1a008708:	ffffffff 	.word	0xffffffff
1a00870c:	ffffffff 	.word	0xffffffff

1a008710 <memchr>:
1a008710:	f001 01ff 	and.w	r1, r1, #255	; 0xff
1a008714:	2a10      	cmp	r2, #16
1a008716:	db2b      	blt.n	1a008770 <memchr+0x60>
1a008718:	f010 0f07 	tst.w	r0, #7
1a00871c:	d008      	beq.n	1a008730 <memchr+0x20>
1a00871e:	f810 3b01 	ldrb.w	r3, [r0], #1
1a008722:	3a01      	subs	r2, #1
1a008724:	428b      	cmp	r3, r1
1a008726:	d02d      	beq.n	1a008784 <memchr+0x74>
1a008728:	f010 0f07 	tst.w	r0, #7
1a00872c:	b342      	cbz	r2, 1a008780 <memchr+0x70>
1a00872e:	d1f6      	bne.n	1a00871e <memchr+0xe>
1a008730:	b4f0      	push	{r4, r5, r6, r7}
1a008732:	ea41 2101 	orr.w	r1, r1, r1, lsl #8
1a008736:	ea41 4101 	orr.w	r1, r1, r1, lsl #16
1a00873a:	f022 0407 	bic.w	r4, r2, #7
1a00873e:	f07f 0700 	mvns.w	r7, #0
1a008742:	2300      	movs	r3, #0
1a008744:	e8f0 5602 	ldrd	r5, r6, [r0], #8
1a008748:	3c08      	subs	r4, #8
1a00874a:	ea85 0501 	eor.w	r5, r5, r1
1a00874e:	ea86 0601 	eor.w	r6, r6, r1
1a008752:	fa85 f547 	uadd8	r5, r5, r7
1a008756:	faa3 f587 	sel	r5, r3, r7
1a00875a:	fa86 f647 	uadd8	r6, r6, r7
1a00875e:	faa5 f687 	sel	r6, r5, r7
1a008762:	b98e      	cbnz	r6, 1a008788 <memchr+0x78>
1a008764:	d1ee      	bne.n	1a008744 <memchr+0x34>
1a008766:	bcf0      	pop	{r4, r5, r6, r7}
1a008768:	f001 01ff 	and.w	r1, r1, #255	; 0xff
1a00876c:	f002 0207 	and.w	r2, r2, #7
1a008770:	b132      	cbz	r2, 1a008780 <memchr+0x70>
1a008772:	f810 3b01 	ldrb.w	r3, [r0], #1
1a008776:	3a01      	subs	r2, #1
1a008778:	ea83 0301 	eor.w	r3, r3, r1
1a00877c:	b113      	cbz	r3, 1a008784 <memchr+0x74>
1a00877e:	d1f8      	bne.n	1a008772 <memchr+0x62>
1a008780:	2000      	movs	r0, #0
1a008782:	4770      	bx	lr
1a008784:	3801      	subs	r0, #1
1a008786:	4770      	bx	lr
1a008788:	2d00      	cmp	r5, #0
1a00878a:	bf06      	itte	eq
1a00878c:	4635      	moveq	r5, r6
1a00878e:	3803      	subeq	r0, #3
1a008790:	3807      	subne	r0, #7
1a008792:	f015 0f01 	tst.w	r5, #1
1a008796:	d107      	bne.n	1a0087a8 <memchr+0x98>
1a008798:	3001      	adds	r0, #1
1a00879a:	f415 7f80 	tst.w	r5, #256	; 0x100
1a00879e:	bf02      	ittt	eq
1a0087a0:	3001      	addeq	r0, #1
1a0087a2:	f415 3fc0 	tsteq.w	r5, #98304	; 0x18000
1a0087a6:	3001      	addeq	r0, #1
1a0087a8:	bcf0      	pop	{r4, r5, r6, r7}
1a0087aa:	3801      	subs	r0, #1
1a0087ac:	4770      	bx	lr
1a0087ae:	bf00      	nop

1a0087b0 <memmove>:
1a0087b0:	4288      	cmp	r0, r1
1a0087b2:	b4f0      	push	{r4, r5, r6, r7}
1a0087b4:	d90d      	bls.n	1a0087d2 <memmove+0x22>
1a0087b6:	188b      	adds	r3, r1, r2
1a0087b8:	4283      	cmp	r3, r0
1a0087ba:	d90a      	bls.n	1a0087d2 <memmove+0x22>
1a0087bc:	1884      	adds	r4, r0, r2
1a0087be:	b132      	cbz	r2, 1a0087ce <memmove+0x1e>
1a0087c0:	4622      	mov	r2, r4
1a0087c2:	f813 4d01 	ldrb.w	r4, [r3, #-1]!
1a0087c6:	f802 4d01 	strb.w	r4, [r2, #-1]!
1a0087ca:	4299      	cmp	r1, r3
1a0087cc:	d1f9      	bne.n	1a0087c2 <memmove+0x12>
1a0087ce:	bcf0      	pop	{r4, r5, r6, r7}
1a0087d0:	4770      	bx	lr
1a0087d2:	2a0f      	cmp	r2, #15
1a0087d4:	d80e      	bhi.n	1a0087f4 <memmove+0x44>
1a0087d6:	4603      	mov	r3, r0
1a0087d8:	1e54      	subs	r4, r2, #1
1a0087da:	2a00      	cmp	r2, #0
1a0087dc:	d0f7      	beq.n	1a0087ce <memmove+0x1e>
1a0087de:	3401      	adds	r4, #1
1a0087e0:	440c      	add	r4, r1
1a0087e2:	3b01      	subs	r3, #1
1a0087e4:	f811 2b01 	ldrb.w	r2, [r1], #1
1a0087e8:	f803 2f01 	strb.w	r2, [r3, #1]!
1a0087ec:	42a1      	cmp	r1, r4
1a0087ee:	d1f9      	bne.n	1a0087e4 <memmove+0x34>
1a0087f0:	bcf0      	pop	{r4, r5, r6, r7}
1a0087f2:	4770      	bx	lr
1a0087f4:	ea40 0301 	orr.w	r3, r0, r1
1a0087f8:	079b      	lsls	r3, r3, #30
1a0087fa:	d13b      	bne.n	1a008874 <memmove+0xc4>
1a0087fc:	f1a2 0710 	sub.w	r7, r2, #16
1a008800:	093f      	lsrs	r7, r7, #4
1a008802:	f101 0620 	add.w	r6, r1, #32
1a008806:	eb06 1607 	add.w	r6, r6, r7, lsl #4
1a00880a:	f101 0310 	add.w	r3, r1, #16
1a00880e:	f100 0410 	add.w	r4, r0, #16
1a008812:	f853 5c10 	ldr.w	r5, [r3, #-16]
1a008816:	f844 5c10 	str.w	r5, [r4, #-16]
1a00881a:	f853 5c0c 	ldr.w	r5, [r3, #-12]
1a00881e:	f844 5c0c 	str.w	r5, [r4, #-12]
1a008822:	f853 5c08 	ldr.w	r5, [r3, #-8]
1a008826:	f844 5c08 	str.w	r5, [r4, #-8]
1a00882a:	f853 5c04 	ldr.w	r5, [r3, #-4]
1a00882e:	f844 5c04 	str.w	r5, [r4, #-4]
1a008832:	3310      	adds	r3, #16
1a008834:	42b3      	cmp	r3, r6
1a008836:	f104 0410 	add.w	r4, r4, #16
1a00883a:	d1ea      	bne.n	1a008812 <memmove+0x62>
1a00883c:	1c7b      	adds	r3, r7, #1
1a00883e:	011b      	lsls	r3, r3, #4
1a008840:	f012 0f0c 	tst.w	r2, #12
1a008844:	4419      	add	r1, r3
1a008846:	f002 050f 	and.w	r5, r2, #15
1a00884a:	4403      	add	r3, r0
1a00884c:	d015      	beq.n	1a00887a <memmove+0xca>
1a00884e:	3d04      	subs	r5, #4
1a008850:	08ad      	lsrs	r5, r5, #2
1a008852:	eb03 0c85 	add.w	ip, r3, r5, lsl #2
1a008856:	1f1c      	subs	r4, r3, #4
1a008858:	460e      	mov	r6, r1
1a00885a:	f856 7b04 	ldr.w	r7, [r6], #4
1a00885e:	f844 7f04 	str.w	r7, [r4, #4]!
1a008862:	4564      	cmp	r4, ip
1a008864:	d1f9      	bne.n	1a00885a <memmove+0xaa>
1a008866:	3501      	adds	r5, #1
1a008868:	00ad      	lsls	r5, r5, #2
1a00886a:	442b      	add	r3, r5
1a00886c:	4429      	add	r1, r5
1a00886e:	f002 0203 	and.w	r2, r2, #3
1a008872:	e7b1      	b.n	1a0087d8 <memmove+0x28>
1a008874:	1e54      	subs	r4, r2, #1
1a008876:	4603      	mov	r3, r0
1a008878:	e7b1      	b.n	1a0087de <memmove+0x2e>
1a00887a:	462a      	mov	r2, r5
1a00887c:	e7ac      	b.n	1a0087d8 <memmove+0x28>
1a00887e:	bf00      	nop

1a008880 <_Balloc>:
1a008880:	6cc3      	ldr	r3, [r0, #76]	; 0x4c
1a008882:	b570      	push	{r4, r5, r6, lr}
1a008884:	4605      	mov	r5, r0
1a008886:	460c      	mov	r4, r1
1a008888:	b14b      	cbz	r3, 1a00889e <_Balloc+0x1e>
1a00888a:	f853 0024 	ldr.w	r0, [r3, r4, lsl #2]
1a00888e:	b180      	cbz	r0, 1a0088b2 <_Balloc+0x32>
1a008890:	6802      	ldr	r2, [r0, #0]
1a008892:	f843 2024 	str.w	r2, [r3, r4, lsl #2]
1a008896:	2300      	movs	r3, #0
1a008898:	e9c0 3303 	strd	r3, r3, [r0, #12]
1a00889c:	bd70      	pop	{r4, r5, r6, pc}
1a00889e:	2221      	movs	r2, #33	; 0x21
1a0088a0:	2104      	movs	r1, #4
1a0088a2:	f000 fddf 	bl	1a009464 <_calloc_r>
1a0088a6:	4603      	mov	r3, r0
1a0088a8:	64e8      	str	r0, [r5, #76]	; 0x4c
1a0088aa:	2800      	cmp	r0, #0
1a0088ac:	d1ed      	bne.n	1a00888a <_Balloc+0xa>
1a0088ae:	2000      	movs	r0, #0
1a0088b0:	bd70      	pop	{r4, r5, r6, pc}
1a0088b2:	2101      	movs	r1, #1
1a0088b4:	fa01 f604 	lsl.w	r6, r1, r4
1a0088b8:	1d72      	adds	r2, r6, #5
1a0088ba:	4628      	mov	r0, r5
1a0088bc:	0092      	lsls	r2, r2, #2
1a0088be:	f000 fdd1 	bl	1a009464 <_calloc_r>
1a0088c2:	2800      	cmp	r0, #0
1a0088c4:	d0f3      	beq.n	1a0088ae <_Balloc+0x2e>
1a0088c6:	e9c0 4601 	strd	r4, r6, [r0, #4]
1a0088ca:	e7e4      	b.n	1a008896 <_Balloc+0x16>

1a0088cc <_Bfree>:
1a0088cc:	b131      	cbz	r1, 1a0088dc <_Bfree+0x10>
1a0088ce:	6cc3      	ldr	r3, [r0, #76]	; 0x4c
1a0088d0:	684a      	ldr	r2, [r1, #4]
1a0088d2:	f853 0022 	ldr.w	r0, [r3, r2, lsl #2]
1a0088d6:	6008      	str	r0, [r1, #0]
1a0088d8:	f843 1022 	str.w	r1, [r3, r2, lsl #2]
1a0088dc:	4770      	bx	lr
1a0088de:	bf00      	nop

1a0088e0 <__multadd>:
1a0088e0:	b5f0      	push	{r4, r5, r6, r7, lr}
1a0088e2:	690c      	ldr	r4, [r1, #16]
1a0088e4:	b083      	sub	sp, #12
1a0088e6:	460d      	mov	r5, r1
1a0088e8:	4606      	mov	r6, r0
1a0088ea:	f101 0c14 	add.w	ip, r1, #20
1a0088ee:	2700      	movs	r7, #0
1a0088f0:	f8dc 0000 	ldr.w	r0, [ip]
1a0088f4:	b281      	uxth	r1, r0
1a0088f6:	fb02 3301 	mla	r3, r2, r1, r3
1a0088fa:	0c19      	lsrs	r1, r3, #16
1a0088fc:	0c00      	lsrs	r0, r0, #16
1a0088fe:	fb02 1000 	mla	r0, r2, r0, r1
1a008902:	b29b      	uxth	r3, r3
1a008904:	3701      	adds	r7, #1
1a008906:	eb03 4300 	add.w	r3, r3, r0, lsl #16
1a00890a:	42bc      	cmp	r4, r7
1a00890c:	f84c 3b04 	str.w	r3, [ip], #4
1a008910:	ea4f 4310 	mov.w	r3, r0, lsr #16
1a008914:	dcec      	bgt.n	1a0088f0 <__multadd+0x10>
1a008916:	b13b      	cbz	r3, 1a008928 <__multadd+0x48>
1a008918:	68aa      	ldr	r2, [r5, #8]
1a00891a:	42a2      	cmp	r2, r4
1a00891c:	dd07      	ble.n	1a00892e <__multadd+0x4e>
1a00891e:	eb05 0284 	add.w	r2, r5, r4, lsl #2
1a008922:	3401      	adds	r4, #1
1a008924:	6153      	str	r3, [r2, #20]
1a008926:	612c      	str	r4, [r5, #16]
1a008928:	4628      	mov	r0, r5
1a00892a:	b003      	add	sp, #12
1a00892c:	bdf0      	pop	{r4, r5, r6, r7, pc}
1a00892e:	6869      	ldr	r1, [r5, #4]
1a008930:	9301      	str	r3, [sp, #4]
1a008932:	3101      	adds	r1, #1
1a008934:	4630      	mov	r0, r6
1a008936:	f7ff ffa3 	bl	1a008880 <_Balloc>
1a00893a:	692a      	ldr	r2, [r5, #16]
1a00893c:	3202      	adds	r2, #2
1a00893e:	f105 010c 	add.w	r1, r5, #12
1a008942:	4607      	mov	r7, r0
1a008944:	0092      	lsls	r2, r2, #2
1a008946:	300c      	adds	r0, #12
1a008948:	f7fa ff5c 	bl	1a003804 <memcpy>
1a00894c:	6cf2      	ldr	r2, [r6, #76]	; 0x4c
1a00894e:	6869      	ldr	r1, [r5, #4]
1a008950:	9b01      	ldr	r3, [sp, #4]
1a008952:	f852 0021 	ldr.w	r0, [r2, r1, lsl #2]
1a008956:	6028      	str	r0, [r5, #0]
1a008958:	f842 5021 	str.w	r5, [r2, r1, lsl #2]
1a00895c:	463d      	mov	r5, r7
1a00895e:	eb05 0284 	add.w	r2, r5, r4, lsl #2
1a008962:	3401      	adds	r4, #1
1a008964:	6153      	str	r3, [r2, #20]
1a008966:	612c      	str	r4, [r5, #16]
1a008968:	e7de      	b.n	1a008928 <__multadd+0x48>
1a00896a:	bf00      	nop

1a00896c <__hi0bits>:
1a00896c:	0c02      	lsrs	r2, r0, #16
1a00896e:	0412      	lsls	r2, r2, #16
1a008970:	4603      	mov	r3, r0
1a008972:	b9ca      	cbnz	r2, 1a0089a8 <__hi0bits+0x3c>
1a008974:	0403      	lsls	r3, r0, #16
1a008976:	2010      	movs	r0, #16
1a008978:	f013 4f7f 	tst.w	r3, #4278190080	; 0xff000000
1a00897c:	bf04      	itt	eq
1a00897e:	021b      	lsleq	r3, r3, #8
1a008980:	3008      	addeq	r0, #8
1a008982:	f013 4f70 	tst.w	r3, #4026531840	; 0xf0000000
1a008986:	bf04      	itt	eq
1a008988:	011b      	lsleq	r3, r3, #4
1a00898a:	3004      	addeq	r0, #4
1a00898c:	f013 4f40 	tst.w	r3, #3221225472	; 0xc0000000
1a008990:	bf04      	itt	eq
1a008992:	009b      	lsleq	r3, r3, #2
1a008994:	3002      	addeq	r0, #2
1a008996:	2b00      	cmp	r3, #0
1a008998:	db05      	blt.n	1a0089a6 <__hi0bits+0x3a>
1a00899a:	f013 4f80 	tst.w	r3, #1073741824	; 0x40000000
1a00899e:	f100 0001 	add.w	r0, r0, #1
1a0089a2:	bf08      	it	eq
1a0089a4:	2020      	moveq	r0, #32
1a0089a6:	4770      	bx	lr
1a0089a8:	2000      	movs	r0, #0
1a0089aa:	e7e5      	b.n	1a008978 <__hi0bits+0xc>

1a0089ac <__lo0bits>:
1a0089ac:	6803      	ldr	r3, [r0, #0]
1a0089ae:	f013 0207 	ands.w	r2, r3, #7
1a0089b2:	4601      	mov	r1, r0
1a0089b4:	d007      	beq.n	1a0089c6 <__lo0bits+0x1a>
1a0089b6:	07da      	lsls	r2, r3, #31
1a0089b8:	d420      	bmi.n	1a0089fc <__lo0bits+0x50>
1a0089ba:	0798      	lsls	r0, r3, #30
1a0089bc:	d522      	bpl.n	1a008a04 <__lo0bits+0x58>
1a0089be:	085b      	lsrs	r3, r3, #1
1a0089c0:	600b      	str	r3, [r1, #0]
1a0089c2:	2001      	movs	r0, #1
1a0089c4:	4770      	bx	lr
1a0089c6:	b298      	uxth	r0, r3
1a0089c8:	b9b0      	cbnz	r0, 1a0089f8 <__lo0bits+0x4c>
1a0089ca:	0c1b      	lsrs	r3, r3, #16
1a0089cc:	2010      	movs	r0, #16
1a0089ce:	f013 0fff 	tst.w	r3, #255	; 0xff
1a0089d2:	bf04      	itt	eq
1a0089d4:	0a1b      	lsreq	r3, r3, #8
1a0089d6:	3008      	addeq	r0, #8
1a0089d8:	071a      	lsls	r2, r3, #28
1a0089da:	bf04      	itt	eq
1a0089dc:	091b      	lsreq	r3, r3, #4
1a0089de:	3004      	addeq	r0, #4
1a0089e0:	079a      	lsls	r2, r3, #30
1a0089e2:	bf04      	itt	eq
1a0089e4:	089b      	lsreq	r3, r3, #2
1a0089e6:	3002      	addeq	r0, #2
1a0089e8:	07da      	lsls	r2, r3, #31
1a0089ea:	d403      	bmi.n	1a0089f4 <__lo0bits+0x48>
1a0089ec:	085b      	lsrs	r3, r3, #1
1a0089ee:	f100 0001 	add.w	r0, r0, #1
1a0089f2:	d005      	beq.n	1a008a00 <__lo0bits+0x54>
1a0089f4:	600b      	str	r3, [r1, #0]
1a0089f6:	4770      	bx	lr
1a0089f8:	4610      	mov	r0, r2
1a0089fa:	e7e8      	b.n	1a0089ce <__lo0bits+0x22>
1a0089fc:	2000      	movs	r0, #0
1a0089fe:	4770      	bx	lr
1a008a00:	2020      	movs	r0, #32
1a008a02:	4770      	bx	lr
1a008a04:	089b      	lsrs	r3, r3, #2
1a008a06:	600b      	str	r3, [r1, #0]
1a008a08:	2002      	movs	r0, #2
1a008a0a:	4770      	bx	lr

1a008a0c <__i2b>:
1a008a0c:	b510      	push	{r4, lr}
1a008a0e:	460c      	mov	r4, r1
1a008a10:	2101      	movs	r1, #1
1a008a12:	f7ff ff35 	bl	1a008880 <_Balloc>
1a008a16:	2201      	movs	r2, #1
1a008a18:	e9c0 2404 	strd	r2, r4, [r0, #16]
1a008a1c:	bd10      	pop	{r4, pc}
1a008a1e:	bf00      	nop

1a008a20 <__multiply>:
1a008a20:	e92d 4ff0 	stmdb	sp!, {r4, r5, r6, r7, r8, r9, sl, fp, lr}
1a008a24:	690e      	ldr	r6, [r1, #16]
1a008a26:	6917      	ldr	r7, [r2, #16]
1a008a28:	42be      	cmp	r6, r7
1a008a2a:	b083      	sub	sp, #12
1a008a2c:	460c      	mov	r4, r1
1a008a2e:	4615      	mov	r5, r2
1a008a30:	db05      	blt.n	1a008a3e <__multiply+0x1e>
1a008a32:	463a      	mov	r2, r7
1a008a34:	462b      	mov	r3, r5
1a008a36:	4637      	mov	r7, r6
1a008a38:	460d      	mov	r5, r1
1a008a3a:	4616      	mov	r6, r2
1a008a3c:	461c      	mov	r4, r3
1a008a3e:	e9d5 1301 	ldrd	r1, r3, [r5, #4]
1a008a42:	eb07 0806 	add.w	r8, r7, r6
1a008a46:	4543      	cmp	r3, r8
1a008a48:	bfb8      	it	lt
1a008a4a:	3101      	addlt	r1, #1
1a008a4c:	f7ff ff18 	bl	1a008880 <_Balloc>
1a008a50:	f100 0a14 	add.w	sl, r0, #20
1a008a54:	eb0a 0988 	add.w	r9, sl, r8, lsl #2
1a008a58:	45ca      	cmp	sl, r9
1a008a5a:	9000      	str	r0, [sp, #0]
1a008a5c:	d205      	bcs.n	1a008a6a <__multiply+0x4a>
1a008a5e:	4653      	mov	r3, sl
1a008a60:	2100      	movs	r1, #0
1a008a62:	f843 1b04 	str.w	r1, [r3], #4
1a008a66:	4599      	cmp	r9, r3
1a008a68:	d8fb      	bhi.n	1a008a62 <__multiply+0x42>
1a008a6a:	f104 0e14 	add.w	lr, r4, #20
1a008a6e:	eb0e 0b86 	add.w	fp, lr, r6, lsl #2
1a008a72:	f105 0314 	add.w	r3, r5, #20
1a008a76:	45de      	cmp	lr, fp
1a008a78:	eb03 0787 	add.w	r7, r3, r7, lsl #2
1a008a7c:	d253      	bcs.n	1a008b26 <__multiply+0x106>
1a008a7e:	f8cd 8004 	str.w	r8, [sp, #4]
1a008a82:	4698      	mov	r8, r3
1a008a84:	e005      	b.n	1a008a92 <__multiply+0x72>
1a008a86:	0c09      	lsrs	r1, r1, #16
1a008a88:	d128      	bne.n	1a008adc <__multiply+0xbc>
1a008a8a:	45f3      	cmp	fp, lr
1a008a8c:	f10a 0a04 	add.w	sl, sl, #4
1a008a90:	d947      	bls.n	1a008b22 <__multiply+0x102>
1a008a92:	f85e 1b04 	ldr.w	r1, [lr], #4
1a008a96:	b28e      	uxth	r6, r1
1a008a98:	2e00      	cmp	r6, #0
1a008a9a:	d0f4      	beq.n	1a008a86 <__multiply+0x66>
1a008a9c:	4645      	mov	r5, r8
1a008a9e:	4654      	mov	r4, sl
1a008aa0:	2300      	movs	r3, #0
1a008aa2:	f855 1b04 	ldr.w	r1, [r5], #4
1a008aa6:	6820      	ldr	r0, [r4, #0]
1a008aa8:	b28a      	uxth	r2, r1
1a008aaa:	fa1f fc80 	uxth.w	ip, r0
1a008aae:	fb06 c202 	mla	r2, r6, r2, ip
1a008ab2:	0c09      	lsrs	r1, r1, #16
1a008ab4:	0c00      	lsrs	r0, r0, #16
1a008ab6:	4413      	add	r3, r2
1a008ab8:	fb06 0201 	mla	r2, r6, r1, r0
1a008abc:	eb02 4213 	add.w	r2, r2, r3, lsr #16
1a008ac0:	b29b      	uxth	r3, r3
1a008ac2:	ea43 4302 	orr.w	r3, r3, r2, lsl #16
1a008ac6:	42af      	cmp	r7, r5
1a008ac8:	f844 3b04 	str.w	r3, [r4], #4
1a008acc:	ea4f 4312 	mov.w	r3, r2, lsr #16
1a008ad0:	d8e7      	bhi.n	1a008aa2 <__multiply+0x82>
1a008ad2:	6023      	str	r3, [r4, #0]
1a008ad4:	f85e 1c04 	ldr.w	r1, [lr, #-4]
1a008ad8:	0c09      	lsrs	r1, r1, #16
1a008ada:	d0d6      	beq.n	1a008a8a <__multiply+0x6a>
1a008adc:	f8da 3000 	ldr.w	r3, [sl]
1a008ae0:	4640      	mov	r0, r8
1a008ae2:	461a      	mov	r2, r3
1a008ae4:	4654      	mov	r4, sl
1a008ae6:	f04f 0c00 	mov.w	ip, #0
1a008aea:	8805      	ldrh	r5, [r0, #0]
1a008aec:	0c12      	lsrs	r2, r2, #16
1a008aee:	fb01 2205 	mla	r2, r1, r5, r2
1a008af2:	4494      	add	ip, r2
1a008af4:	b29b      	uxth	r3, r3
1a008af6:	ea43 430c 	orr.w	r3, r3, ip, lsl #16
1a008afa:	f844 3b04 	str.w	r3, [r4], #4
1a008afe:	f850 3b04 	ldr.w	r3, [r0], #4
1a008b02:	6822      	ldr	r2, [r4, #0]
1a008b04:	0c1b      	lsrs	r3, r3, #16
1a008b06:	b295      	uxth	r5, r2
1a008b08:	fb01 5303 	mla	r3, r1, r3, r5
1a008b0c:	eb03 431c 	add.w	r3, r3, ip, lsr #16
1a008b10:	4287      	cmp	r7, r0
1a008b12:	ea4f 4c13 	mov.w	ip, r3, lsr #16
1a008b16:	d8e8      	bhi.n	1a008aea <__multiply+0xca>
1a008b18:	45f3      	cmp	fp, lr
1a008b1a:	6023      	str	r3, [r4, #0]
1a008b1c:	f10a 0a04 	add.w	sl, sl, #4
1a008b20:	d8b7      	bhi.n	1a008a92 <__multiply+0x72>
1a008b22:	f8dd 8004 	ldr.w	r8, [sp, #4]
1a008b26:	f1b8 0f00 	cmp.w	r8, #0
1a008b2a:	dd0b      	ble.n	1a008b44 <__multiply+0x124>
1a008b2c:	f859 3c04 	ldr.w	r3, [r9, #-4]
1a008b30:	f1a9 0904 	sub.w	r9, r9, #4
1a008b34:	b11b      	cbz	r3, 1a008b3e <__multiply+0x11e>
1a008b36:	e005      	b.n	1a008b44 <__multiply+0x124>
1a008b38:	f859 3d04 	ldr.w	r3, [r9, #-4]!
1a008b3c:	b913      	cbnz	r3, 1a008b44 <__multiply+0x124>
1a008b3e:	f1b8 0801 	subs.w	r8, r8, #1
1a008b42:	d1f9      	bne.n	1a008b38 <__multiply+0x118>
1a008b44:	9800      	ldr	r0, [sp, #0]
1a008b46:	f8c0 8010 	str.w	r8, [r0, #16]
1a008b4a:	b003      	add	sp, #12
1a008b4c:	e8bd 8ff0 	ldmia.w	sp!, {r4, r5, r6, r7, r8, r9, sl, fp, pc}

1a008b50 <__pow5mult>:
1a008b50:	f012 0303 	ands.w	r3, r2, #3
1a008b54:	e92d 41f0 	stmdb	sp!, {r4, r5, r6, r7, r8, lr}
1a008b58:	4614      	mov	r4, r2
1a008b5a:	4607      	mov	r7, r0
1a008b5c:	d12e      	bne.n	1a008bbc <__pow5mult+0x6c>
1a008b5e:	460d      	mov	r5, r1
1a008b60:	10a4      	asrs	r4, r4, #2
1a008b62:	d01c      	beq.n	1a008b9e <__pow5mult+0x4e>
1a008b64:	6cbe      	ldr	r6, [r7, #72]	; 0x48
1a008b66:	b396      	cbz	r6, 1a008bce <__pow5mult+0x7e>
1a008b68:	07e3      	lsls	r3, r4, #31
1a008b6a:	f04f 0800 	mov.w	r8, #0
1a008b6e:	d406      	bmi.n	1a008b7e <__pow5mult+0x2e>
1a008b70:	1064      	asrs	r4, r4, #1
1a008b72:	d014      	beq.n	1a008b9e <__pow5mult+0x4e>
1a008b74:	6830      	ldr	r0, [r6, #0]
1a008b76:	b1a8      	cbz	r0, 1a008ba4 <__pow5mult+0x54>
1a008b78:	4606      	mov	r6, r0
1a008b7a:	07e3      	lsls	r3, r4, #31
1a008b7c:	d5f8      	bpl.n	1a008b70 <__pow5mult+0x20>
1a008b7e:	4632      	mov	r2, r6
1a008b80:	4629      	mov	r1, r5
1a008b82:	4638      	mov	r0, r7
1a008b84:	f7ff ff4c 	bl	1a008a20 <__multiply>
1a008b88:	b1b5      	cbz	r5, 1a008bb8 <__pow5mult+0x68>
1a008b8a:	686a      	ldr	r2, [r5, #4]
1a008b8c:	6cfb      	ldr	r3, [r7, #76]	; 0x4c
1a008b8e:	1064      	asrs	r4, r4, #1
1a008b90:	f853 1022 	ldr.w	r1, [r3, r2, lsl #2]
1a008b94:	6029      	str	r1, [r5, #0]
1a008b96:	f843 5022 	str.w	r5, [r3, r2, lsl #2]
1a008b9a:	4605      	mov	r5, r0
1a008b9c:	d1ea      	bne.n	1a008b74 <__pow5mult+0x24>
1a008b9e:	4628      	mov	r0, r5
1a008ba0:	e8bd 81f0 	ldmia.w	sp!, {r4, r5, r6, r7, r8, pc}
1a008ba4:	4632      	mov	r2, r6
1a008ba6:	4631      	mov	r1, r6
1a008ba8:	4638      	mov	r0, r7
1a008baa:	f7ff ff39 	bl	1a008a20 <__multiply>
1a008bae:	6030      	str	r0, [r6, #0]
1a008bb0:	f8c0 8000 	str.w	r8, [r0]
1a008bb4:	4606      	mov	r6, r0
1a008bb6:	e7e0      	b.n	1a008b7a <__pow5mult+0x2a>
1a008bb8:	4605      	mov	r5, r0
1a008bba:	e7d9      	b.n	1a008b70 <__pow5mult+0x20>
1a008bbc:	3b01      	subs	r3, #1
1a008bbe:	4a0b      	ldr	r2, [pc, #44]	; (1a008bec <__pow5mult+0x9c>)
1a008bc0:	f852 2023 	ldr.w	r2, [r2, r3, lsl #2]
1a008bc4:	2300      	movs	r3, #0
1a008bc6:	f7ff fe8b 	bl	1a0088e0 <__multadd>
1a008bca:	4605      	mov	r5, r0
1a008bcc:	e7c8      	b.n	1a008b60 <__pow5mult+0x10>
1a008bce:	2101      	movs	r1, #1
1a008bd0:	4638      	mov	r0, r7
1a008bd2:	f7ff fe55 	bl	1a008880 <_Balloc>
1a008bd6:	f240 2371 	movw	r3, #625	; 0x271
1a008bda:	6143      	str	r3, [r0, #20]
1a008bdc:	2201      	movs	r2, #1
1a008bde:	2300      	movs	r3, #0
1a008be0:	6102      	str	r2, [r0, #16]
1a008be2:	4606      	mov	r6, r0
1a008be4:	64b8      	str	r0, [r7, #72]	; 0x48
1a008be6:	6003      	str	r3, [r0, #0]
1a008be8:	e7be      	b.n	1a008b68 <__pow5mult+0x18>
1a008bea:	bf00      	nop
1a008bec:	1a00a140 	.word	0x1a00a140

1a008bf0 <__lshift>:
1a008bf0:	e92d 43f8 	stmdb	sp!, {r3, r4, r5, r6, r7, r8, r9, lr}
1a008bf4:	690e      	ldr	r6, [r1, #16]
1a008bf6:	460d      	mov	r5, r1
1a008bf8:	ea4f 1962 	mov.w	r9, r2, asr #5
1a008bfc:	e9d1 1301 	ldrd	r1, r3, [r1, #4]
1a008c00:	444e      	add	r6, r9
1a008c02:	1c74      	adds	r4, r6, #1
1a008c04:	429c      	cmp	r4, r3
1a008c06:	4690      	mov	r8, r2
1a008c08:	4607      	mov	r7, r0
1a008c0a:	dd04      	ble.n	1a008c16 <__lshift+0x26>
1a008c0c:	005b      	lsls	r3, r3, #1
1a008c0e:	429c      	cmp	r4, r3
1a008c10:	f101 0101 	add.w	r1, r1, #1
1a008c14:	dcfa      	bgt.n	1a008c0c <__lshift+0x1c>
1a008c16:	4638      	mov	r0, r7
1a008c18:	f7ff fe32 	bl	1a008880 <_Balloc>
1a008c1c:	f1b9 0f00 	cmp.w	r9, #0
1a008c20:	f100 0c14 	add.w	ip, r0, #20
1a008c24:	dd0e      	ble.n	1a008c44 <__lshift+0x54>
1a008c26:	f109 0905 	add.w	r9, r9, #5
1a008c2a:	ea4f 0989 	mov.w	r9, r9, lsl #2
1a008c2e:	eb00 0109 	add.w	r1, r0, r9
1a008c32:	4663      	mov	r3, ip
1a008c34:	2200      	movs	r2, #0
1a008c36:	f843 2b04 	str.w	r2, [r3], #4
1a008c3a:	428b      	cmp	r3, r1
1a008c3c:	d1fb      	bne.n	1a008c36 <__lshift+0x46>
1a008c3e:	f1a9 0914 	sub.w	r9, r9, #20
1a008c42:	44cc      	add	ip, r9
1a008c44:	6929      	ldr	r1, [r5, #16]
1a008c46:	f105 0314 	add.w	r3, r5, #20
1a008c4a:	f018 081f 	ands.w	r8, r8, #31
1a008c4e:	eb03 0e81 	add.w	lr, r3, r1, lsl #2
1a008c52:	d01d      	beq.n	1a008c90 <__lshift+0xa0>
1a008c54:	f1c8 0920 	rsb	r9, r8, #32
1a008c58:	2200      	movs	r2, #0
1a008c5a:	6819      	ldr	r1, [r3, #0]
1a008c5c:	fa01 f108 	lsl.w	r1, r1, r8
1a008c60:	4311      	orrs	r1, r2
1a008c62:	f84c 1b04 	str.w	r1, [ip], #4
1a008c66:	f853 2b04 	ldr.w	r2, [r3], #4
1a008c6a:	4573      	cmp	r3, lr
1a008c6c:	fa22 f209 	lsr.w	r2, r2, r9
1a008c70:	d3f3      	bcc.n	1a008c5a <__lshift+0x6a>
1a008c72:	f8cc 2000 	str.w	r2, [ip]
1a008c76:	2a00      	cmp	r2, #0
1a008c78:	bf18      	it	ne
1a008c7a:	4626      	movne	r6, r4
1a008c7c:	6cfb      	ldr	r3, [r7, #76]	; 0x4c
1a008c7e:	686a      	ldr	r2, [r5, #4]
1a008c80:	6106      	str	r6, [r0, #16]
1a008c82:	f853 1022 	ldr.w	r1, [r3, r2, lsl #2]
1a008c86:	6029      	str	r1, [r5, #0]
1a008c88:	f843 5022 	str.w	r5, [r3, r2, lsl #2]
1a008c8c:	e8bd 83f8 	ldmia.w	sp!, {r3, r4, r5, r6, r7, r8, r9, pc}
1a008c90:	f1ac 0c04 	sub.w	ip, ip, #4
1a008c94:	f853 2b04 	ldr.w	r2, [r3], #4
1a008c98:	f84c 2f04 	str.w	r2, [ip, #4]!
1a008c9c:	459e      	cmp	lr, r3
1a008c9e:	d8f9      	bhi.n	1a008c94 <__lshift+0xa4>
1a008ca0:	e7ec      	b.n	1a008c7c <__lshift+0x8c>
1a008ca2:	bf00      	nop

1a008ca4 <__mcmp>:
1a008ca4:	b430      	push	{r4, r5}
1a008ca6:	690b      	ldr	r3, [r1, #16]
1a008ca8:	4605      	mov	r5, r0
1a008caa:	6900      	ldr	r0, [r0, #16]
1a008cac:	1ac0      	subs	r0, r0, r3
1a008cae:	d110      	bne.n	1a008cd2 <__mcmp+0x2e>
1a008cb0:	009b      	lsls	r3, r3, #2
1a008cb2:	3514      	adds	r5, #20
1a008cb4:	3114      	adds	r1, #20
1a008cb6:	4419      	add	r1, r3
1a008cb8:	442b      	add	r3, r5
1a008cba:	e001      	b.n	1a008cc0 <__mcmp+0x1c>
1a008cbc:	429d      	cmp	r5, r3
1a008cbe:	d208      	bcs.n	1a008cd2 <__mcmp+0x2e>
1a008cc0:	f853 4d04 	ldr.w	r4, [r3, #-4]!
1a008cc4:	f851 2d04 	ldr.w	r2, [r1, #-4]!
1a008cc8:	4294      	cmp	r4, r2
1a008cca:	d0f7      	beq.n	1a008cbc <__mcmp+0x18>
1a008ccc:	d203      	bcs.n	1a008cd6 <__mcmp+0x32>
1a008cce:	f04f 30ff 	mov.w	r0, #4294967295
1a008cd2:	bc30      	pop	{r4, r5}
1a008cd4:	4770      	bx	lr
1a008cd6:	2001      	movs	r0, #1
1a008cd8:	bc30      	pop	{r4, r5}
1a008cda:	4770      	bx	lr

1a008cdc <__mdiff>:
1a008cdc:	e92d 43f8 	stmdb	sp!, {r3, r4, r5, r6, r7, r8, r9, lr}
1a008ce0:	460f      	mov	r7, r1
1a008ce2:	690d      	ldr	r5, [r1, #16]
1a008ce4:	6911      	ldr	r1, [r2, #16]
1a008ce6:	1a6d      	subs	r5, r5, r1
1a008ce8:	2d00      	cmp	r5, #0
1a008cea:	4690      	mov	r8, r2
1a008cec:	4684      	mov	ip, r0
1a008cee:	f107 0414 	add.w	r4, r7, #20
1a008cf2:	f102 0614 	add.w	r6, r2, #20
1a008cf6:	d114      	bne.n	1a008d22 <__mdiff+0x46>
1a008cf8:	0089      	lsls	r1, r1, #2
1a008cfa:	1863      	adds	r3, r4, r1
1a008cfc:	4431      	add	r1, r6
1a008cfe:	e001      	b.n	1a008d04 <__mdiff+0x28>
1a008d00:	42a3      	cmp	r3, r4
1a008d02:	d95d      	bls.n	1a008dc0 <__mdiff+0xe4>
1a008d04:	f853 0d04 	ldr.w	r0, [r3, #-4]!
1a008d08:	f851 2d04 	ldr.w	r2, [r1, #-4]!
1a008d0c:	4290      	cmp	r0, r2
1a008d0e:	d0f7      	beq.n	1a008d00 <__mdiff+0x24>
1a008d10:	d209      	bcs.n	1a008d26 <__mdiff+0x4a>
1a008d12:	4622      	mov	r2, r4
1a008d14:	463b      	mov	r3, r7
1a008d16:	4634      	mov	r4, r6
1a008d18:	4647      	mov	r7, r8
1a008d1a:	4616      	mov	r6, r2
1a008d1c:	4698      	mov	r8, r3
1a008d1e:	2501      	movs	r5, #1
1a008d20:	e001      	b.n	1a008d26 <__mdiff+0x4a>
1a008d22:	dbf6      	blt.n	1a008d12 <__mdiff+0x36>
1a008d24:	2500      	movs	r5, #0
1a008d26:	4660      	mov	r0, ip
1a008d28:	6879      	ldr	r1, [r7, #4]
1a008d2a:	f7ff fda9 	bl	1a008880 <_Balloc>
1a008d2e:	693f      	ldr	r7, [r7, #16]
1a008d30:	f8d8 3010 	ldr.w	r3, [r8, #16]
1a008d34:	60c5      	str	r5, [r0, #12]
1a008d36:	eb06 0e83 	add.w	lr, r6, r3, lsl #2
1a008d3a:	eb04 0c87 	add.w	ip, r4, r7, lsl #2
1a008d3e:	f100 0514 	add.w	r5, r0, #20
1a008d42:	2200      	movs	r2, #0
1a008d44:	e000      	b.n	1a008d48 <__mdiff+0x6c>
1a008d46:	460d      	mov	r5, r1
1a008d48:	f856 1b04 	ldr.w	r1, [r6], #4
1a008d4c:	f854 8b04 	ldr.w	r8, [r4], #4
1a008d50:	fa1f f981 	uxth.w	r9, r1
1a008d54:	fa12 f388 	uxtah	r3, r2, r8
1a008d58:	0c0a      	lsrs	r2, r1, #16
1a008d5a:	eba3 0309 	sub.w	r3, r3, r9
1a008d5e:	ebc2 4218 	rsb	r2, r2, r8, lsr #16
1a008d62:	eb02 4223 	add.w	r2, r2, r3, asr #16
1a008d66:	4629      	mov	r1, r5
1a008d68:	b29b      	uxth	r3, r3
1a008d6a:	ea43 4302 	orr.w	r3, r3, r2, lsl #16
1a008d6e:	45b6      	cmp	lr, r6
1a008d70:	ea4f 4222 	mov.w	r2, r2, asr #16
1a008d74:	f841 3b04 	str.w	r3, [r1], #4
1a008d78:	46a0      	mov	r8, r4
1a008d7a:	d8e4      	bhi.n	1a008d46 <__mdiff+0x6a>
1a008d7c:	45a4      	cmp	ip, r4
1a008d7e:	d916      	bls.n	1a008dae <__mdiff+0xd2>
1a008d80:	460e      	mov	r6, r1
1a008d82:	f858 5b04 	ldr.w	r5, [r8], #4
1a008d86:	fa12 f385 	uxtah	r3, r2, r5
1a008d8a:	141a      	asrs	r2, r3, #16
1a008d8c:	eb02 4215 	add.w	r2, r2, r5, lsr #16
1a008d90:	b29b      	uxth	r3, r3
1a008d92:	ea43 4302 	orr.w	r3, r3, r2, lsl #16
1a008d96:	45c4      	cmp	ip, r8
1a008d98:	f846 3b04 	str.w	r3, [r6], #4
1a008d9c:	ea4f 4222 	mov.w	r2, r2, asr #16
1a008da0:	d8ef      	bhi.n	1a008d82 <__mdiff+0xa6>
1a008da2:	f10c 35ff 	add.w	r5, ip, #4294967295
1a008da6:	1b2d      	subs	r5, r5, r4
1a008da8:	f025 0503 	bic.w	r5, r5, #3
1a008dac:	440d      	add	r5, r1
1a008dae:	b923      	cbnz	r3, 1a008dba <__mdiff+0xde>
1a008db0:	f855 3d04 	ldr.w	r3, [r5, #-4]!
1a008db4:	3f01      	subs	r7, #1
1a008db6:	2b00      	cmp	r3, #0
1a008db8:	d0fa      	beq.n	1a008db0 <__mdiff+0xd4>
1a008dba:	6107      	str	r7, [r0, #16]
1a008dbc:	e8bd 83f8 	ldmia.w	sp!, {r3, r4, r5, r6, r7, r8, r9, pc}
1a008dc0:	4660      	mov	r0, ip
1a008dc2:	2100      	movs	r1, #0
1a008dc4:	f7ff fd5c 	bl	1a008880 <_Balloc>
1a008dc8:	2201      	movs	r2, #1
1a008dca:	2300      	movs	r3, #0
1a008dcc:	e9c0 2304 	strd	r2, r3, [r0, #16]
1a008dd0:	e8bd 83f8 	ldmia.w	sp!, {r3, r4, r5, r6, r7, r8, r9, pc}

1a008dd4 <__d2b>:
1a008dd4:	e92d 43f0 	stmdb	sp!, {r4, r5, r6, r7, r8, r9, lr}
1a008dd8:	460f      	mov	r7, r1
1a008dda:	b083      	sub	sp, #12
1a008ddc:	2101      	movs	r1, #1
1a008dde:	ec55 4b10 	vmov	r4, r5, d0
1a008de2:	4616      	mov	r6, r2
1a008de4:	f7ff fd4c 	bl	1a008880 <_Balloc>
1a008de8:	f3c5 580a 	ubfx	r8, r5, #20, #11
1a008dec:	4681      	mov	r9, r0
1a008dee:	f3c5 0313 	ubfx	r3, r5, #0, #20
1a008df2:	f1b8 0f00 	cmp.w	r8, #0
1a008df6:	d001      	beq.n	1a008dfc <__d2b+0x28>
1a008df8:	f443 1380 	orr.w	r3, r3, #1048576	; 0x100000
1a008dfc:	2c00      	cmp	r4, #0
1a008dfe:	9301      	str	r3, [sp, #4]
1a008e00:	d02b      	beq.n	1a008e5a <__d2b+0x86>
1a008e02:	4668      	mov	r0, sp
1a008e04:	9400      	str	r4, [sp, #0]
1a008e06:	f7ff fdd1 	bl	1a0089ac <__lo0bits>
1a008e0a:	b9d0      	cbnz	r0, 1a008e42 <__d2b+0x6e>
1a008e0c:	e9dd 2300 	ldrd	r2, r3, [sp]
1a008e10:	f8c9 2014 	str.w	r2, [r9, #20]
1a008e14:	2b00      	cmp	r3, #0
1a008e16:	bf14      	ite	ne
1a008e18:	2102      	movne	r1, #2
1a008e1a:	2101      	moveq	r1, #1
1a008e1c:	f8c9 3018 	str.w	r3, [r9, #24]
1a008e20:	f8c9 1010 	str.w	r1, [r9, #16]
1a008e24:	f1b8 0f00 	cmp.w	r8, #0
1a008e28:	d024      	beq.n	1a008e74 <__d2b+0xa0>
1a008e2a:	f2a8 4833 	subw	r8, r8, #1075	; 0x433
1a008e2e:	eb08 0300 	add.w	r3, r8, r0
1a008e32:	f1c0 0035 	rsb	r0, r0, #53	; 0x35
1a008e36:	603b      	str	r3, [r7, #0]
1a008e38:	6030      	str	r0, [r6, #0]
1a008e3a:	4648      	mov	r0, r9
1a008e3c:	b003      	add	sp, #12
1a008e3e:	e8bd 83f0 	ldmia.w	sp!, {r4, r5, r6, r7, r8, r9, pc}
1a008e42:	e9dd 1300 	ldrd	r1, r3, [sp]
1a008e46:	f1c0 0220 	rsb	r2, r0, #32
1a008e4a:	fa03 f202 	lsl.w	r2, r3, r2
1a008e4e:	430a      	orrs	r2, r1
1a008e50:	40c3      	lsrs	r3, r0
1a008e52:	9301      	str	r3, [sp, #4]
1a008e54:	f8c9 2014 	str.w	r2, [r9, #20]
1a008e58:	e7dc      	b.n	1a008e14 <__d2b+0x40>
1a008e5a:	a801      	add	r0, sp, #4
1a008e5c:	f7ff fda6 	bl	1a0089ac <__lo0bits>
1a008e60:	9b01      	ldr	r3, [sp, #4]
1a008e62:	f8c9 3014 	str.w	r3, [r9, #20]
1a008e66:	2101      	movs	r1, #1
1a008e68:	3020      	adds	r0, #32
1a008e6a:	f8c9 1010 	str.w	r1, [r9, #16]
1a008e6e:	f1b8 0f00 	cmp.w	r8, #0
1a008e72:	d1da      	bne.n	1a008e2a <__d2b+0x56>
1a008e74:	eb09 0381 	add.w	r3, r9, r1, lsl #2
1a008e78:	f2a0 4032 	subw	r0, r0, #1074	; 0x432
1a008e7c:	6038      	str	r0, [r7, #0]
1a008e7e:	6918      	ldr	r0, [r3, #16]
1a008e80:	f7ff fd74 	bl	1a00896c <__hi0bits>
1a008e84:	ebc0 1041 	rsb	r0, r0, r1, lsl #5
1a008e88:	6030      	str	r0, [r6, #0]
1a008e8a:	4648      	mov	r0, r9
1a008e8c:	b003      	add	sp, #12
1a008e8e:	e8bd 83f0 	ldmia.w	sp!, {r4, r5, r6, r7, r8, r9, pc}
1a008e92:	bf00      	nop

1a008e94 <_realloc_r>:
1a008e94:	e92d 4ff8 	stmdb	sp!, {r3, r4, r5, r6, r7, r8, r9, sl, fp, lr}
1a008e98:	4617      	mov	r7, r2
1a008e9a:	2900      	cmp	r1, #0
1a008e9c:	f000 80bb 	beq.w	1a009016 <_realloc_r+0x182>
1a008ea0:	f107 040b 	add.w	r4, r7, #11
1a008ea4:	4681      	mov	r9, r0
1a008ea6:	460d      	mov	r5, r1
1a008ea8:	f7fa fd96 	bl	1a0039d8 <__malloc_lock>
1a008eac:	2c16      	cmp	r4, #22
1a008eae:	d85e      	bhi.n	1a008f6e <_realloc_r+0xda>
1a008eb0:	2410      	movs	r4, #16
1a008eb2:	4622      	mov	r2, r4
1a008eb4:	42a7      	cmp	r7, r4
1a008eb6:	d85f      	bhi.n	1a008f78 <_realloc_r+0xe4>
1a008eb8:	f855 ec04 	ldr.w	lr, [r5, #-4]
1a008ebc:	f02e 0603 	bic.w	r6, lr, #3
1a008ec0:	f1a5 0808 	sub.w	r8, r5, #8
1a008ec4:	4296      	cmp	r6, r2
1a008ec6:	eb08 0a06 	add.w	sl, r8, r6
1a008eca:	f280 8081 	bge.w	1a008fd0 <_realloc_r+0x13c>
1a008ece:	4bcb      	ldr	r3, [pc, #812]	; (1a0091fc <_realloc_r+0x368>)
1a008ed0:	f8da 0004 	ldr.w	r0, [sl, #4]
1a008ed4:	6899      	ldr	r1, [r3, #8]
1a008ed6:	4551      	cmp	r1, sl
1a008ed8:	f000 80b5 	beq.w	1a009046 <_realloc_r+0x1b2>
1a008edc:	f020 0301 	bic.w	r3, r0, #1
1a008ee0:	4453      	add	r3, sl
1a008ee2:	685b      	ldr	r3, [r3, #4]
1a008ee4:	07db      	lsls	r3, r3, #31
1a008ee6:	f100 808a 	bmi.w	1a008ffe <_realloc_r+0x16a>
1a008eea:	f020 0003 	bic.w	r0, r0, #3
1a008eee:	1833      	adds	r3, r6, r0
1a008ef0:	4293      	cmp	r3, r2
1a008ef2:	f280 8112 	bge.w	1a00911a <_realloc_r+0x286>
1a008ef6:	f01e 0f01 	tst.w	lr, #1
1a008efa:	d10f      	bne.n	1a008f1c <_realloc_r+0x88>
1a008efc:	f855 3c08 	ldr.w	r3, [r5, #-8]
1a008f00:	eba8 0b03 	sub.w	fp, r8, r3
1a008f04:	f8db 1004 	ldr.w	r1, [fp, #4]
1a008f08:	f021 0103 	bic.w	r1, r1, #3
1a008f0c:	4408      	add	r0, r1
1a008f0e:	1983      	adds	r3, r0, r6
1a008f10:	4293      	cmp	r3, r2
1a008f12:	f280 8116 	bge.w	1a009142 <_realloc_r+0x2ae>
1a008f16:	1873      	adds	r3, r6, r1
1a008f18:	4293      	cmp	r3, r2
1a008f1a:	da34      	bge.n	1a008f86 <_realloc_r+0xf2>
1a008f1c:	4639      	mov	r1, r7
1a008f1e:	4648      	mov	r0, r9
1a008f20:	f7fa f9b8 	bl	1a003294 <_malloc_r>
1a008f24:	4607      	mov	r7, r0
1a008f26:	b1e0      	cbz	r0, 1a008f62 <_realloc_r+0xce>
1a008f28:	f855 3c04 	ldr.w	r3, [r5, #-4]
1a008f2c:	f023 0301 	bic.w	r3, r3, #1
1a008f30:	4443      	add	r3, r8
1a008f32:	f1a0 0208 	sub.w	r2, r0, #8
1a008f36:	4293      	cmp	r3, r2
1a008f38:	f000 80f7 	beq.w	1a00912a <_realloc_r+0x296>
1a008f3c:	1f32      	subs	r2, r6, #4
1a008f3e:	2a24      	cmp	r2, #36	; 0x24
1a008f40:	f200 80fb 	bhi.w	1a00913a <_realloc_r+0x2a6>
1a008f44:	2a13      	cmp	r2, #19
1a008f46:	6829      	ldr	r1, [r5, #0]
1a008f48:	f200 80c9 	bhi.w	1a0090de <_realloc_r+0x24a>
1a008f4c:	4603      	mov	r3, r0
1a008f4e:	462a      	mov	r2, r5
1a008f50:	6019      	str	r1, [r3, #0]
1a008f52:	6851      	ldr	r1, [r2, #4]
1a008f54:	6059      	str	r1, [r3, #4]
1a008f56:	6892      	ldr	r2, [r2, #8]
1a008f58:	609a      	str	r2, [r3, #8]
1a008f5a:	4629      	mov	r1, r5
1a008f5c:	4648      	mov	r0, r9
1a008f5e:	f7fa f84d 	bl	1a002ffc <_free_r>
1a008f62:	4648      	mov	r0, r9
1a008f64:	f7fa fd3e 	bl	1a0039e4 <__malloc_unlock>
1a008f68:	4638      	mov	r0, r7
1a008f6a:	e8bd 8ff8 	ldmia.w	sp!, {r3, r4, r5, r6, r7, r8, r9, sl, fp, pc}
1a008f6e:	f024 0407 	bic.w	r4, r4, #7
1a008f72:	2c00      	cmp	r4, #0
1a008f74:	4622      	mov	r2, r4
1a008f76:	da9d      	bge.n	1a008eb4 <_realloc_r+0x20>
1a008f78:	230c      	movs	r3, #12
1a008f7a:	f8c9 3000 	str.w	r3, [r9]
1a008f7e:	2700      	movs	r7, #0
1a008f80:	4638      	mov	r0, r7
1a008f82:	e8bd 8ff8 	ldmia.w	sp!, {r3, r4, r5, r6, r7, r8, r9, sl, fp, pc}
1a008f86:	465f      	mov	r7, fp
1a008f88:	f8db 100c 	ldr.w	r1, [fp, #12]
1a008f8c:	f857 0f08 	ldr.w	r0, [r7, #8]!
1a008f90:	1f32      	subs	r2, r6, #4
1a008f92:	2a24      	cmp	r2, #36	; 0x24
1a008f94:	60c1      	str	r1, [r0, #12]
1a008f96:	eb0b 0a03 	add.w	sl, fp, r3
1a008f9a:	6088      	str	r0, [r1, #8]
1a008f9c:	f200 80d9 	bhi.w	1a009152 <_realloc_r+0x2be>
1a008fa0:	2a13      	cmp	r2, #19
1a008fa2:	6829      	ldr	r1, [r5, #0]
1a008fa4:	f240 80d3 	bls.w	1a00914e <_realloc_r+0x2ba>
1a008fa8:	f8cb 1008 	str.w	r1, [fp, #8]
1a008fac:	6869      	ldr	r1, [r5, #4]
1a008fae:	f8cb 100c 	str.w	r1, [fp, #12]
1a008fb2:	2a1b      	cmp	r2, #27
1a008fb4:	68a9      	ldr	r1, [r5, #8]
1a008fb6:	f200 80e0 	bhi.w	1a00917a <_realloc_r+0x2e6>
1a008fba:	f10b 0210 	add.w	r2, fp, #16
1a008fbe:	3508      	adds	r5, #8
1a008fc0:	6011      	str	r1, [r2, #0]
1a008fc2:	6869      	ldr	r1, [r5, #4]
1a008fc4:	6051      	str	r1, [r2, #4]
1a008fc6:	68a9      	ldr	r1, [r5, #8]
1a008fc8:	6091      	str	r1, [r2, #8]
1a008fca:	461e      	mov	r6, r3
1a008fcc:	46d8      	mov	r8, fp
1a008fce:	463d      	mov	r5, r7
1a008fd0:	f8d8 3004 	ldr.w	r3, [r8, #4]
1a008fd4:	1b32      	subs	r2, r6, r4
1a008fd6:	2a0f      	cmp	r2, #15
1a008fd8:	f003 0301 	and.w	r3, r3, #1
1a008fdc:	d820      	bhi.n	1a009020 <_realloc_r+0x18c>
1a008fde:	4333      	orrs	r3, r6
1a008fe0:	f8c8 3004 	str.w	r3, [r8, #4]
1a008fe4:	f8da 3004 	ldr.w	r3, [sl, #4]
1a008fe8:	f043 0301 	orr.w	r3, r3, #1
1a008fec:	f8ca 3004 	str.w	r3, [sl, #4]
1a008ff0:	4648      	mov	r0, r9
1a008ff2:	462f      	mov	r7, r5
1a008ff4:	f7fa fcf6 	bl	1a0039e4 <__malloc_unlock>
1a008ff8:	4638      	mov	r0, r7
1a008ffa:	e8bd 8ff8 	ldmia.w	sp!, {r3, r4, r5, r6, r7, r8, r9, sl, fp, pc}
1a008ffe:	f01e 0f01 	tst.w	lr, #1
1a009002:	d18b      	bne.n	1a008f1c <_realloc_r+0x88>
1a009004:	f855 3c08 	ldr.w	r3, [r5, #-8]
1a009008:	eba8 0b03 	sub.w	fp, r8, r3
1a00900c:	f8db 1004 	ldr.w	r1, [fp, #4]
1a009010:	f021 0103 	bic.w	r1, r1, #3
1a009014:	e77f      	b.n	1a008f16 <_realloc_r+0x82>
1a009016:	4611      	mov	r1, r2
1a009018:	e8bd 4ff8 	ldmia.w	sp!, {r3, r4, r5, r6, r7, r8, r9, sl, fp, lr}
1a00901c:	f7fa b93a 	b.w	1a003294 <_malloc_r>
1a009020:	eb08 0104 	add.w	r1, r8, r4
1a009024:	4323      	orrs	r3, r4
1a009026:	f042 0201 	orr.w	r2, r2, #1
1a00902a:	f8c8 3004 	str.w	r3, [r8, #4]
1a00902e:	604a      	str	r2, [r1, #4]
1a009030:	f8da 3004 	ldr.w	r3, [sl, #4]
1a009034:	f043 0301 	orr.w	r3, r3, #1
1a009038:	3108      	adds	r1, #8
1a00903a:	f8ca 3004 	str.w	r3, [sl, #4]
1a00903e:	4648      	mov	r0, r9
1a009040:	f7f9 ffdc 	bl	1a002ffc <_free_r>
1a009044:	e7d4      	b.n	1a008ff0 <_realloc_r+0x15c>
1a009046:	f020 0003 	bic.w	r0, r0, #3
1a00904a:	1831      	adds	r1, r6, r0
1a00904c:	f104 0c10 	add.w	ip, r4, #16
1a009050:	4561      	cmp	r1, ip
1a009052:	da4f      	bge.n	1a0090f4 <_realloc_r+0x260>
1a009054:	f01e 0f01 	tst.w	lr, #1
1a009058:	f47f af60 	bne.w	1a008f1c <_realloc_r+0x88>
1a00905c:	f855 1c08 	ldr.w	r1, [r5, #-8]
1a009060:	eba8 0b01 	sub.w	fp, r8, r1
1a009064:	f8db 1004 	ldr.w	r1, [fp, #4]
1a009068:	f021 0103 	bic.w	r1, r1, #3
1a00906c:	4408      	add	r0, r1
1a00906e:	eb00 0a06 	add.w	sl, r0, r6
1a009072:	45d4      	cmp	ip, sl
1a009074:	f73f af4f 	bgt.w	1a008f16 <_realloc_r+0x82>
1a009078:	465f      	mov	r7, fp
1a00907a:	f8db 100c 	ldr.w	r1, [fp, #12]
1a00907e:	f857 0f08 	ldr.w	r0, [r7, #8]!
1a009082:	1f32      	subs	r2, r6, #4
1a009084:	2a24      	cmp	r2, #36	; 0x24
1a009086:	60c1      	str	r1, [r0, #12]
1a009088:	6088      	str	r0, [r1, #8]
1a00908a:	f200 8099 	bhi.w	1a0091c0 <_realloc_r+0x32c>
1a00908e:	2a13      	cmp	r2, #19
1a009090:	6829      	ldr	r1, [r5, #0]
1a009092:	f240 8093 	bls.w	1a0091bc <_realloc_r+0x328>
1a009096:	f8cb 1008 	str.w	r1, [fp, #8]
1a00909a:	6869      	ldr	r1, [r5, #4]
1a00909c:	f8cb 100c 	str.w	r1, [fp, #12]
1a0090a0:	2a1b      	cmp	r2, #27
1a0090a2:	68a9      	ldr	r1, [r5, #8]
1a0090a4:	f200 8092 	bhi.w	1a0091cc <_realloc_r+0x338>
1a0090a8:	f10b 0210 	add.w	r2, fp, #16
1a0090ac:	3508      	adds	r5, #8
1a0090ae:	6011      	str	r1, [r2, #0]
1a0090b0:	6869      	ldr	r1, [r5, #4]
1a0090b2:	6051      	str	r1, [r2, #4]
1a0090b4:	68a9      	ldr	r1, [r5, #8]
1a0090b6:	6091      	str	r1, [r2, #8]
1a0090b8:	eb0b 0104 	add.w	r1, fp, r4
1a0090bc:	ebaa 0204 	sub.w	r2, sl, r4
1a0090c0:	f042 0201 	orr.w	r2, r2, #1
1a0090c4:	6099      	str	r1, [r3, #8]
1a0090c6:	604a      	str	r2, [r1, #4]
1a0090c8:	f8db 3004 	ldr.w	r3, [fp, #4]
1a0090cc:	f003 0301 	and.w	r3, r3, #1
1a0090d0:	431c      	orrs	r4, r3
1a0090d2:	4648      	mov	r0, r9
1a0090d4:	f8cb 4004 	str.w	r4, [fp, #4]
1a0090d8:	f7fa fc84 	bl	1a0039e4 <__malloc_unlock>
1a0090dc:	e750      	b.n	1a008f80 <_realloc_r+0xec>
1a0090de:	6001      	str	r1, [r0, #0]
1a0090e0:	686b      	ldr	r3, [r5, #4]
1a0090e2:	6043      	str	r3, [r0, #4]
1a0090e4:	2a1b      	cmp	r2, #27
1a0090e6:	d83c      	bhi.n	1a009162 <_realloc_r+0x2ce>
1a0090e8:	f105 0208 	add.w	r2, r5, #8
1a0090ec:	f100 0308 	add.w	r3, r0, #8
1a0090f0:	68a9      	ldr	r1, [r5, #8]
1a0090f2:	e72d      	b.n	1a008f50 <_realloc_r+0xbc>
1a0090f4:	eb08 0004 	add.w	r0, r8, r4
1a0090f8:	1b0a      	subs	r2, r1, r4
1a0090fa:	f042 0201 	orr.w	r2, r2, #1
1a0090fe:	6098      	str	r0, [r3, #8]
1a009100:	6042      	str	r2, [r0, #4]
1a009102:	f855 3c04 	ldr.w	r3, [r5, #-4]
1a009106:	f003 0301 	and.w	r3, r3, #1
1a00910a:	431c      	orrs	r4, r3
1a00910c:	4648      	mov	r0, r9
1a00910e:	f845 4c04 	str.w	r4, [r5, #-4]
1a009112:	f7fa fc67 	bl	1a0039e4 <__malloc_unlock>
1a009116:	462f      	mov	r7, r5
1a009118:	e732      	b.n	1a008f80 <_realloc_r+0xec>
1a00911a:	e9da 1202 	ldrd	r1, r2, [sl, #8]
1a00911e:	461e      	mov	r6, r3
1a009120:	60ca      	str	r2, [r1, #12]
1a009122:	eb08 0a03 	add.w	sl, r8, r3
1a009126:	6091      	str	r1, [r2, #8]
1a009128:	e752      	b.n	1a008fd0 <_realloc_r+0x13c>
1a00912a:	f850 3c04 	ldr.w	r3, [r0, #-4]
1a00912e:	f023 0303 	bic.w	r3, r3, #3
1a009132:	441e      	add	r6, r3
1a009134:	eb08 0a06 	add.w	sl, r8, r6
1a009138:	e74a      	b.n	1a008fd0 <_realloc_r+0x13c>
1a00913a:	4629      	mov	r1, r5
1a00913c:	f7ff fb38 	bl	1a0087b0 <memmove>
1a009140:	e70b      	b.n	1a008f5a <_realloc_r+0xc6>
1a009142:	e9da 1202 	ldrd	r1, r2, [sl, #8]
1a009146:	465f      	mov	r7, fp
1a009148:	60ca      	str	r2, [r1, #12]
1a00914a:	6091      	str	r1, [r2, #8]
1a00914c:	e71c      	b.n	1a008f88 <_realloc_r+0xf4>
1a00914e:	463a      	mov	r2, r7
1a009150:	e736      	b.n	1a008fc0 <_realloc_r+0x12c>
1a009152:	4629      	mov	r1, r5
1a009154:	4638      	mov	r0, r7
1a009156:	461e      	mov	r6, r3
1a009158:	46d8      	mov	r8, fp
1a00915a:	f7ff fb29 	bl	1a0087b0 <memmove>
1a00915e:	463d      	mov	r5, r7
1a009160:	e736      	b.n	1a008fd0 <_realloc_r+0x13c>
1a009162:	68ab      	ldr	r3, [r5, #8]
1a009164:	6083      	str	r3, [r0, #8]
1a009166:	68eb      	ldr	r3, [r5, #12]
1a009168:	60c3      	str	r3, [r0, #12]
1a00916a:	2a24      	cmp	r2, #36	; 0x24
1a00916c:	d011      	beq.n	1a009192 <_realloc_r+0x2fe>
1a00916e:	f105 0210 	add.w	r2, r5, #16
1a009172:	f100 0310 	add.w	r3, r0, #16
1a009176:	6929      	ldr	r1, [r5, #16]
1a009178:	e6ea      	b.n	1a008f50 <_realloc_r+0xbc>
1a00917a:	f8cb 1010 	str.w	r1, [fp, #16]
1a00917e:	68e9      	ldr	r1, [r5, #12]
1a009180:	f8cb 1014 	str.w	r1, [fp, #20]
1a009184:	2a24      	cmp	r2, #36	; 0x24
1a009186:	d00e      	beq.n	1a0091a6 <_realloc_r+0x312>
1a009188:	6929      	ldr	r1, [r5, #16]
1a00918a:	f10b 0218 	add.w	r2, fp, #24
1a00918e:	3510      	adds	r5, #16
1a009190:	e716      	b.n	1a008fc0 <_realloc_r+0x12c>
1a009192:	692b      	ldr	r3, [r5, #16]
1a009194:	6103      	str	r3, [r0, #16]
1a009196:	696b      	ldr	r3, [r5, #20]
1a009198:	6143      	str	r3, [r0, #20]
1a00919a:	69a9      	ldr	r1, [r5, #24]
1a00919c:	f105 0218 	add.w	r2, r5, #24
1a0091a0:	f100 0318 	add.w	r3, r0, #24
1a0091a4:	e6d4      	b.n	1a008f50 <_realloc_r+0xbc>
1a0091a6:	692a      	ldr	r2, [r5, #16]
1a0091a8:	f8cb 2018 	str.w	r2, [fp, #24]
1a0091ac:	696a      	ldr	r2, [r5, #20]
1a0091ae:	f8cb 201c 	str.w	r2, [fp, #28]
1a0091b2:	69a9      	ldr	r1, [r5, #24]
1a0091b4:	f10b 0220 	add.w	r2, fp, #32
1a0091b8:	3518      	adds	r5, #24
1a0091ba:	e701      	b.n	1a008fc0 <_realloc_r+0x12c>
1a0091bc:	463a      	mov	r2, r7
1a0091be:	e776      	b.n	1a0090ae <_realloc_r+0x21a>
1a0091c0:	4629      	mov	r1, r5
1a0091c2:	4638      	mov	r0, r7
1a0091c4:	f7ff faf4 	bl	1a0087b0 <memmove>
1a0091c8:	4b0c      	ldr	r3, [pc, #48]	; (1a0091fc <_realloc_r+0x368>)
1a0091ca:	e775      	b.n	1a0090b8 <_realloc_r+0x224>
1a0091cc:	f8cb 1010 	str.w	r1, [fp, #16]
1a0091d0:	68e9      	ldr	r1, [r5, #12]
1a0091d2:	f8cb 1014 	str.w	r1, [fp, #20]
1a0091d6:	2a24      	cmp	r2, #36	; 0x24
1a0091d8:	d004      	beq.n	1a0091e4 <_realloc_r+0x350>
1a0091da:	6929      	ldr	r1, [r5, #16]
1a0091dc:	f10b 0218 	add.w	r2, fp, #24
1a0091e0:	3510      	adds	r5, #16
1a0091e2:	e764      	b.n	1a0090ae <_realloc_r+0x21a>
1a0091e4:	692a      	ldr	r2, [r5, #16]
1a0091e6:	f8cb 2018 	str.w	r2, [fp, #24]
1a0091ea:	696a      	ldr	r2, [r5, #20]
1a0091ec:	f8cb 201c 	str.w	r2, [fp, #28]
1a0091f0:	69a9      	ldr	r1, [r5, #24]
1a0091f2:	f10b 0220 	add.w	r2, fp, #32
1a0091f6:	3518      	adds	r5, #24
1a0091f8:	e759      	b.n	1a0090ae <_realloc_r+0x21a>
1a0091fa:	bf00      	nop
1a0091fc:	10000478 	.word	0x10000478

1a009200 <frexp>:
1a009200:	ec53 2b10 	vmov	r2, r3, d0
1a009204:	b570      	push	{r4, r5, r6, lr}
1a009206:	4e16      	ldr	r6, [pc, #88]	; (1a009260 <frexp+0x60>)
1a009208:	f023 4100 	bic.w	r1, r3, #2147483648	; 0x80000000
1a00920c:	2500      	movs	r5, #0
1a00920e:	42b1      	cmp	r1, r6
1a009210:	4604      	mov	r4, r0
1a009212:	6005      	str	r5, [r0, #0]
1a009214:	dc21      	bgt.n	1a00925a <frexp+0x5a>
1a009216:	ee10 6a10 	vmov	r6, s0
1a00921a:	430e      	orrs	r6, r1
1a00921c:	d01d      	beq.n	1a00925a <frexp+0x5a>
1a00921e:	4e11      	ldr	r6, [pc, #68]	; (1a009264 <frexp+0x64>)
1a009220:	401e      	ands	r6, r3
1a009222:	4618      	mov	r0, r3
1a009224:	b966      	cbnz	r6, 1a009240 <frexp+0x40>
1a009226:	4619      	mov	r1, r3
1a009228:	2200      	movs	r2, #0
1a00922a:	ee10 0a10 	vmov	r0, s0
1a00922e:	4b0e      	ldr	r3, [pc, #56]	; (1a009268 <frexp+0x68>)
1a009230:	f7f9 f89a 	bl	1a002368 <__aeabi_dmul>
1a009234:	f06f 0535 	mvn.w	r5, #53	; 0x35
1a009238:	4602      	mov	r2, r0
1a00923a:	4608      	mov	r0, r1
1a00923c:	f021 4100 	bic.w	r1, r1, #2147483648	; 0x80000000
1a009240:	f020 40ff 	bic.w	r0, r0, #2139095040	; 0x7f800000
1a009244:	1509      	asrs	r1, r1, #20
1a009246:	f420 00e0 	bic.w	r0, r0, #7340032	; 0x700000
1a00924a:	f2a1 31fe 	subw	r1, r1, #1022	; 0x3fe
1a00924e:	f040 537f 	orr.w	r3, r0, #1069547520	; 0x3fc00000
1a009252:	4429      	add	r1, r5
1a009254:	f443 1300 	orr.w	r3, r3, #2097152	; 0x200000
1a009258:	6021      	str	r1, [r4, #0]
1a00925a:	ec43 2b10 	vmov	d0, r2, r3
1a00925e:	bd70      	pop	{r4, r5, r6, pc}
1a009260:	7fefffff 	.word	0x7fefffff
1a009264:	7ff00000 	.word	0x7ff00000
1a009268:	43500000 	.word	0x43500000

1a00926c <strncpy>:
1a00926c:	b470      	push	{r4, r5, r6}
1a00926e:	ea40 0401 	orr.w	r4, r0, r1
1a009272:	07a3      	lsls	r3, r4, #30
1a009274:	d127      	bne.n	1a0092c6 <strncpy+0x5a>
1a009276:	2a03      	cmp	r2, #3
1a009278:	d925      	bls.n	1a0092c6 <strncpy+0x5a>
1a00927a:	460b      	mov	r3, r1
1a00927c:	4606      	mov	r6, r0
1a00927e:	4619      	mov	r1, r3
1a009280:	f853 5b04 	ldr.w	r5, [r3], #4
1a009284:	f1a5 3401 	sub.w	r4, r5, #16843009	; 0x1010101
1a009288:	ea24 0405 	bic.w	r4, r4, r5
1a00928c:	f014 3f80 	tst.w	r4, #2155905152	; 0x80808080
1a009290:	d106      	bne.n	1a0092a0 <strncpy+0x34>
1a009292:	3a04      	subs	r2, #4
1a009294:	2a03      	cmp	r2, #3
1a009296:	f846 5b04 	str.w	r5, [r6], #4
1a00929a:	4619      	mov	r1, r3
1a00929c:	d8ef      	bhi.n	1a00927e <strncpy+0x12>
1a00929e:	b182      	cbz	r2, 1a0092c2 <strncpy+0x56>
1a0092a0:	4633      	mov	r3, r6
1a0092a2:	780c      	ldrb	r4, [r1, #0]
1a0092a4:	f803 4b01 	strb.w	r4, [r3], #1
1a0092a8:	1e55      	subs	r5, r2, #1
1a0092aa:	b174      	cbz	r4, 1a0092ca <strncpy+0x5e>
1a0092ac:	4432      	add	r2, r6
1a0092ae:	442e      	add	r6, r5
1a0092b0:	e005      	b.n	1a0092be <strncpy+0x52>
1a0092b2:	f811 4f01 	ldrb.w	r4, [r1, #1]!
1a0092b6:	1af5      	subs	r5, r6, r3
1a0092b8:	f803 4b01 	strb.w	r4, [r3], #1
1a0092bc:	b12c      	cbz	r4, 1a0092ca <strncpy+0x5e>
1a0092be:	429a      	cmp	r2, r3
1a0092c0:	d1f7      	bne.n	1a0092b2 <strncpy+0x46>
1a0092c2:	bc70      	pop	{r4, r5, r6}
1a0092c4:	4770      	bx	lr
1a0092c6:	4606      	mov	r6, r0
1a0092c8:	e7e9      	b.n	1a00929e <strncpy+0x32>
1a0092ca:	2d00      	cmp	r5, #0
1a0092cc:	d0f9      	beq.n	1a0092c2 <strncpy+0x56>
1a0092ce:	441d      	add	r5, r3
1a0092d0:	2200      	movs	r2, #0
1a0092d2:	f803 2b01 	strb.w	r2, [r3], #1
1a0092d6:	42ab      	cmp	r3, r5
1a0092d8:	d1fb      	bne.n	1a0092d2 <strncpy+0x66>
1a0092da:	bc70      	pop	{r4, r5, r6}
1a0092dc:	4770      	bx	lr
1a0092de:	bf00      	nop

1a0092e0 <__ssprint_r>:
1a0092e0:	e92d 4ff0 	stmdb	sp!, {r4, r5, r6, r7, r8, r9, sl, fp, lr}
1a0092e4:	6893      	ldr	r3, [r2, #8]
1a0092e6:	b083      	sub	sp, #12
1a0092e8:	4690      	mov	r8, r2
1a0092ea:	2b00      	cmp	r3, #0
1a0092ec:	d06d      	beq.n	1a0093ca <__ssprint_r+0xea>
1a0092ee:	6817      	ldr	r7, [r2, #0]
1a0092f0:	688d      	ldr	r5, [r1, #8]
1a0092f2:	4682      	mov	sl, r0
1a0092f4:	460c      	mov	r4, r1
1a0092f6:	6808      	ldr	r0, [r1, #0]
1a0092f8:	3708      	adds	r7, #8
1a0092fa:	e043      	b.n	1a009384 <__ssprint_r+0xa4>
1a0092fc:	89a3      	ldrh	r3, [r4, #12]
1a0092fe:	f413 6f90 	tst.w	r3, #1152	; 0x480
1a009302:	d02e      	beq.n	1a009362 <__ssprint_r+0x82>
1a009304:	e9d4 1504 	ldrd	r1, r5, [r4, #16]
1a009308:	eb05 0545 	add.w	r5, r5, r5, lsl #1
1a00930c:	eba0 0b01 	sub.w	fp, r0, r1
1a009310:	eb05 75d5 	add.w	r5, r5, r5, lsr #31
1a009314:	eb0b 0006 	add.w	r0, fp, r6
1a009318:	106d      	asrs	r5, r5, #1
1a00931a:	3001      	adds	r0, #1
1a00931c:	42a8      	cmp	r0, r5
1a00931e:	462a      	mov	r2, r5
1a009320:	bf84      	itt	hi
1a009322:	4605      	movhi	r5, r0
1a009324:	462a      	movhi	r2, r5
1a009326:	055b      	lsls	r3, r3, #21
1a009328:	d536      	bpl.n	1a009398 <__ssprint_r+0xb8>
1a00932a:	4611      	mov	r1, r2
1a00932c:	4650      	mov	r0, sl
1a00932e:	f7f9 ffb1 	bl	1a003294 <_malloc_r>
1a009332:	2800      	cmp	r0, #0
1a009334:	d03a      	beq.n	1a0093ac <__ssprint_r+0xcc>
1a009336:	465a      	mov	r2, fp
1a009338:	6921      	ldr	r1, [r4, #16]
1a00933a:	9001      	str	r0, [sp, #4]
1a00933c:	f7fa fa62 	bl	1a003804 <memcpy>
1a009340:	89a2      	ldrh	r2, [r4, #12]
1a009342:	9b01      	ldr	r3, [sp, #4]
1a009344:	f422 6290 	bic.w	r2, r2, #1152	; 0x480
1a009348:	f042 0280 	orr.w	r2, r2, #128	; 0x80
1a00934c:	81a2      	strh	r2, [r4, #12]
1a00934e:	eba5 020b 	sub.w	r2, r5, fp
1a009352:	eb03 000b 	add.w	r0, r3, fp
1a009356:	6165      	str	r5, [r4, #20]
1a009358:	6123      	str	r3, [r4, #16]
1a00935a:	6020      	str	r0, [r4, #0]
1a00935c:	60a2      	str	r2, [r4, #8]
1a00935e:	4635      	mov	r5, r6
1a009360:	46b3      	mov	fp, r6
1a009362:	465a      	mov	r2, fp
1a009364:	4649      	mov	r1, r9
1a009366:	f7ff fa23 	bl	1a0087b0 <memmove>
1a00936a:	f8d8 3008 	ldr.w	r3, [r8, #8]
1a00936e:	68a2      	ldr	r2, [r4, #8]
1a009370:	6820      	ldr	r0, [r4, #0]
1a009372:	1b55      	subs	r5, r2, r5
1a009374:	4458      	add	r0, fp
1a009376:	1b9e      	subs	r6, r3, r6
1a009378:	60a5      	str	r5, [r4, #8]
1a00937a:	6020      	str	r0, [r4, #0]
1a00937c:	f8c8 6008 	str.w	r6, [r8, #8]
1a009380:	b31e      	cbz	r6, 1a0093ca <__ssprint_r+0xea>
1a009382:	3708      	adds	r7, #8
1a009384:	e957 9602 	ldrd	r9, r6, [r7, #-8]
1a009388:	46ab      	mov	fp, r5
1a00938a:	2e00      	cmp	r6, #0
1a00938c:	d0f9      	beq.n	1a009382 <__ssprint_r+0xa2>
1a00938e:	42ae      	cmp	r6, r5
1a009390:	d2b4      	bcs.n	1a0092fc <__ssprint_r+0x1c>
1a009392:	4635      	mov	r5, r6
1a009394:	46b3      	mov	fp, r6
1a009396:	e7e4      	b.n	1a009362 <__ssprint_r+0x82>
1a009398:	4650      	mov	r0, sl
1a00939a:	f7ff fd7b 	bl	1a008e94 <_realloc_r>
1a00939e:	4603      	mov	r3, r0
1a0093a0:	2800      	cmp	r0, #0
1a0093a2:	d1d4      	bne.n	1a00934e <__ssprint_r+0x6e>
1a0093a4:	6921      	ldr	r1, [r4, #16]
1a0093a6:	4650      	mov	r0, sl
1a0093a8:	f7f9 fe28 	bl	1a002ffc <_free_r>
1a0093ac:	230c      	movs	r3, #12
1a0093ae:	f8ca 3000 	str.w	r3, [sl]
1a0093b2:	89a3      	ldrh	r3, [r4, #12]
1a0093b4:	2200      	movs	r2, #0
1a0093b6:	f043 0340 	orr.w	r3, r3, #64	; 0x40
1a0093ba:	f04f 30ff 	mov.w	r0, #4294967295
1a0093be:	81a3      	strh	r3, [r4, #12]
1a0093c0:	e9c8 2201 	strd	r2, r2, [r8, #4]
1a0093c4:	b003      	add	sp, #12
1a0093c6:	e8bd 8ff0 	ldmia.w	sp!, {r4, r5, r6, r7, r8, r9, sl, fp, pc}
1a0093ca:	2000      	movs	r0, #0
1a0093cc:	f8c8 0004 	str.w	r0, [r8, #4]
1a0093d0:	b003      	add	sp, #12
1a0093d2:	e8bd 8ff0 	ldmia.w	sp!, {r4, r5, r6, r7, r8, r9, sl, fp, pc}
1a0093d6:	bf00      	nop

1a0093d8 <__sprint_r.part.0>:
1a0093d8:	e92d 4ff8 	stmdb	sp!, {r3, r4, r5, r6, r7, r8, r9, sl, fp, lr}
1a0093dc:	6e4b      	ldr	r3, [r1, #100]	; 0x64
1a0093de:	049c      	lsls	r4, r3, #18
1a0093e0:	4693      	mov	fp, r2
1a0093e2:	d52d      	bpl.n	1a009440 <__sprint_r.part.0+0x68>
1a0093e4:	6893      	ldr	r3, [r2, #8]
1a0093e6:	6812      	ldr	r2, [r2, #0]
1a0093e8:	b343      	cbz	r3, 1a00943c <__sprint_r.part.0+0x64>
1a0093ea:	460e      	mov	r6, r1
1a0093ec:	4607      	mov	r7, r0
1a0093ee:	f102 0908 	add.w	r9, r2, #8
1a0093f2:	e959 5a02 	ldrd	r5, sl, [r9, #-8]
1a0093f6:	ea5f 089a 	movs.w	r8, sl, lsr #2
1a0093fa:	d015      	beq.n	1a009428 <__sprint_r.part.0+0x50>
1a0093fc:	3d04      	subs	r5, #4
1a0093fe:	2400      	movs	r4, #0
1a009400:	e001      	b.n	1a009406 <__sprint_r.part.0+0x2e>
1a009402:	45a0      	cmp	r8, r4
1a009404:	d00e      	beq.n	1a009424 <__sprint_r.part.0+0x4c>
1a009406:	4632      	mov	r2, r6
1a009408:	f855 1f04 	ldr.w	r1, [r5, #4]!
1a00940c:	4638      	mov	r0, r7
1a00940e:	f000 f8a9 	bl	1a009564 <_fputwc_r>
1a009412:	1c43      	adds	r3, r0, #1
1a009414:	f104 0401 	add.w	r4, r4, #1
1a009418:	d1f3      	bne.n	1a009402 <__sprint_r.part.0+0x2a>
1a00941a:	2300      	movs	r3, #0
1a00941c:	e9cb 3301 	strd	r3, r3, [fp, #4]
1a009420:	e8bd 8ff8 	ldmia.w	sp!, {r3, r4, r5, r6, r7, r8, r9, sl, fp, pc}
1a009424:	f8db 3008 	ldr.w	r3, [fp, #8]
1a009428:	f02a 0a03 	bic.w	sl, sl, #3
1a00942c:	eba3 030a 	sub.w	r3, r3, sl
1a009430:	f8cb 3008 	str.w	r3, [fp, #8]
1a009434:	f109 0908 	add.w	r9, r9, #8
1a009438:	2b00      	cmp	r3, #0
1a00943a:	d1da      	bne.n	1a0093f2 <__sprint_r.part.0+0x1a>
1a00943c:	2000      	movs	r0, #0
1a00943e:	e7ec      	b.n	1a00941a <__sprint_r.part.0+0x42>
1a009440:	f7fe ff60 	bl	1a008304 <__sfvwrite_r>
1a009444:	2300      	movs	r3, #0
1a009446:	e9cb 3301 	strd	r3, r3, [fp, #4]
1a00944a:	e8bd 8ff8 	ldmia.w	sp!, {r3, r4, r5, r6, r7, r8, r9, sl, fp, pc}
1a00944e:	bf00      	nop

1a009450 <__sprint_r>:
1a009450:	6893      	ldr	r3, [r2, #8]
1a009452:	b10b      	cbz	r3, 1a009458 <__sprint_r+0x8>
1a009454:	f7ff bfc0 	b.w	1a0093d8 <__sprint_r.part.0>
1a009458:	b410      	push	{r4}
1a00945a:	4618      	mov	r0, r3
1a00945c:	6053      	str	r3, [r2, #4]
1a00945e:	f85d 4b04 	ldr.w	r4, [sp], #4
1a009462:	4770      	bx	lr

1a009464 <_calloc_r>:
1a009464:	b510      	push	{r4, lr}
1a009466:	fb02 f101 	mul.w	r1, r2, r1
1a00946a:	f7f9 ff13 	bl	1a003294 <_malloc_r>
1a00946e:	4604      	mov	r4, r0
1a009470:	b168      	cbz	r0, 1a00948e <_calloc_r+0x2a>
1a009472:	f850 2c04 	ldr.w	r2, [r0, #-4]
1a009476:	f022 0203 	bic.w	r2, r2, #3
1a00947a:	3a04      	subs	r2, #4
1a00947c:	2a24      	cmp	r2, #36	; 0x24
1a00947e:	d818      	bhi.n	1a0094b2 <_calloc_r+0x4e>
1a009480:	2a13      	cmp	r2, #19
1a009482:	d806      	bhi.n	1a009492 <_calloc_r+0x2e>
1a009484:	4602      	mov	r2, r0
1a009486:	2300      	movs	r3, #0
1a009488:	e9c2 3300 	strd	r3, r3, [r2]
1a00948c:	6093      	str	r3, [r2, #8]
1a00948e:	4620      	mov	r0, r4
1a009490:	bd10      	pop	{r4, pc}
1a009492:	2300      	movs	r3, #0
1a009494:	2a1b      	cmp	r2, #27
1a009496:	e9c0 3300 	strd	r3, r3, [r0]
1a00949a:	d90f      	bls.n	1a0094bc <_calloc_r+0x58>
1a00949c:	2a24      	cmp	r2, #36	; 0x24
1a00949e:	e9c0 3302 	strd	r3, r3, [r0, #8]
1a0094a2:	bf12      	itee	ne
1a0094a4:	f100 0210 	addne.w	r2, r0, #16
1a0094a8:	e9c0 3304 	strdeq	r3, r3, [r0, #16]
1a0094ac:	f100 0218 	addeq.w	r2, r0, #24
1a0094b0:	e7e9      	b.n	1a009486 <_calloc_r+0x22>
1a0094b2:	2100      	movs	r1, #0
1a0094b4:	f7fa fa40 	bl	1a003938 <memset>
1a0094b8:	4620      	mov	r0, r4
1a0094ba:	bd10      	pop	{r4, pc}
1a0094bc:	f100 0208 	add.w	r2, r0, #8
1a0094c0:	e7e1      	b.n	1a009486 <_calloc_r+0x22>
1a0094c2:	bf00      	nop

1a0094c4 <__fputwc>:
1a0094c4:	e92d 47f0 	stmdb	sp!, {r4, r5, r6, r7, r8, r9, sl, lr}
1a0094c8:	b082      	sub	sp, #8
1a0094ca:	4680      	mov	r8, r0
1a0094cc:	4689      	mov	r9, r1
1a0094ce:	4614      	mov	r4, r2
1a0094d0:	f000 f87a 	bl	1a0095c8 <__locale_mb_cur_max>
1a0094d4:	2801      	cmp	r0, #1
1a0094d6:	d103      	bne.n	1a0094e0 <__fputwc+0x1c>
1a0094d8:	f109 33ff 	add.w	r3, r9, #4294967295
1a0094dc:	2bfe      	cmp	r3, #254	; 0xfe
1a0094de:	d933      	bls.n	1a009548 <__fputwc+0x84>
1a0094e0:	464a      	mov	r2, r9
1a0094e2:	f104 035c 	add.w	r3, r4, #92	; 0x5c
1a0094e6:	a901      	add	r1, sp, #4
1a0094e8:	4640      	mov	r0, r8
1a0094ea:	f000 f8e1 	bl	1a0096b0 <_wcrtomb_r>
1a0094ee:	1c42      	adds	r2, r0, #1
1a0094f0:	4606      	mov	r6, r0
1a0094f2:	d02f      	beq.n	1a009554 <__fputwc+0x90>
1a0094f4:	b320      	cbz	r0, 1a009540 <__fputwc+0x7c>
1a0094f6:	f89d c004 	ldrb.w	ip, [sp, #4]
1a0094fa:	2500      	movs	r5, #0
1a0094fc:	f10d 0a04 	add.w	sl, sp, #4
1a009500:	e009      	b.n	1a009516 <__fputwc+0x52>
1a009502:	6823      	ldr	r3, [r4, #0]
1a009504:	1c5a      	adds	r2, r3, #1
1a009506:	6022      	str	r2, [r4, #0]
1a009508:	f883 c000 	strb.w	ip, [r3]
1a00950c:	3501      	adds	r5, #1
1a00950e:	42b5      	cmp	r5, r6
1a009510:	d216      	bcs.n	1a009540 <__fputwc+0x7c>
1a009512:	f815 c00a 	ldrb.w	ip, [r5, sl]
1a009516:	68a3      	ldr	r3, [r4, #8]
1a009518:	3b01      	subs	r3, #1
1a00951a:	2b00      	cmp	r3, #0
1a00951c:	60a3      	str	r3, [r4, #8]
1a00951e:	daf0      	bge.n	1a009502 <__fputwc+0x3e>
1a009520:	69a7      	ldr	r7, [r4, #24]
1a009522:	42bb      	cmp	r3, r7
1a009524:	4661      	mov	r1, ip
1a009526:	4622      	mov	r2, r4
1a009528:	4640      	mov	r0, r8
1a00952a:	db02      	blt.n	1a009532 <__fputwc+0x6e>
1a00952c:	f1bc 0f0a 	cmp.w	ip, #10
1a009530:	d1e7      	bne.n	1a009502 <__fputwc+0x3e>
1a009532:	f000 f865 	bl	1a009600 <__swbuf_r>
1a009536:	1c43      	adds	r3, r0, #1
1a009538:	d1e8      	bne.n	1a00950c <__fputwc+0x48>
1a00953a:	b002      	add	sp, #8
1a00953c:	e8bd 87f0 	ldmia.w	sp!, {r4, r5, r6, r7, r8, r9, sl, pc}
1a009540:	4648      	mov	r0, r9
1a009542:	b002      	add	sp, #8
1a009544:	e8bd 87f0 	ldmia.w	sp!, {r4, r5, r6, r7, r8, r9, sl, pc}
1a009548:	fa5f fc89 	uxtb.w	ip, r9
1a00954c:	4606      	mov	r6, r0
1a00954e:	f88d c004 	strb.w	ip, [sp, #4]
1a009552:	e7d2      	b.n	1a0094fa <__fputwc+0x36>
1a009554:	89a3      	ldrh	r3, [r4, #12]
1a009556:	f043 0340 	orr.w	r3, r3, #64	; 0x40
1a00955a:	81a3      	strh	r3, [r4, #12]
1a00955c:	b002      	add	sp, #8
1a00955e:	e8bd 87f0 	ldmia.w	sp!, {r4, r5, r6, r7, r8, r9, sl, pc}
1a009562:	bf00      	nop

1a009564 <_fputwc_r>:
1a009564:	b530      	push	{r4, r5, lr}
1a009566:	4605      	mov	r5, r0
1a009568:	6e50      	ldr	r0, [r2, #100]	; 0x64
1a00956a:	f9b2 300c 	ldrsh.w	r3, [r2, #12]
1a00956e:	07c0      	lsls	r0, r0, #31
1a009570:	4614      	mov	r4, r2
1a009572:	b083      	sub	sp, #12
1a009574:	b29a      	uxth	r2, r3
1a009576:	d401      	bmi.n	1a00957c <_fputwc_r+0x18>
1a009578:	0590      	lsls	r0, r2, #22
1a00957a:	d51c      	bpl.n	1a0095b6 <_fputwc_r+0x52>
1a00957c:	0490      	lsls	r0, r2, #18
1a00957e:	d406      	bmi.n	1a00958e <_fputwc_r+0x2a>
1a009580:	6e62      	ldr	r2, [r4, #100]	; 0x64
1a009582:	f443 5300 	orr.w	r3, r3, #8192	; 0x2000
1a009586:	f442 5200 	orr.w	r2, r2, #8192	; 0x2000
1a00958a:	81a3      	strh	r3, [r4, #12]
1a00958c:	6662      	str	r2, [r4, #100]	; 0x64
1a00958e:	4628      	mov	r0, r5
1a009590:	4622      	mov	r2, r4
1a009592:	f7ff ff97 	bl	1a0094c4 <__fputwc>
1a009596:	6e63      	ldr	r3, [r4, #100]	; 0x64
1a009598:	07da      	lsls	r2, r3, #31
1a00959a:	4605      	mov	r5, r0
1a00959c:	d402      	bmi.n	1a0095a4 <_fputwc_r+0x40>
1a00959e:	89a3      	ldrh	r3, [r4, #12]
1a0095a0:	059b      	lsls	r3, r3, #22
1a0095a2:	d502      	bpl.n	1a0095aa <_fputwc_r+0x46>
1a0095a4:	4628      	mov	r0, r5
1a0095a6:	b003      	add	sp, #12
1a0095a8:	bd30      	pop	{r4, r5, pc}
1a0095aa:	6da0      	ldr	r0, [r4, #88]	; 0x58
1a0095ac:	f7f9 fe70 	bl	1a003290 <__retarget_lock_release_recursive>
1a0095b0:	4628      	mov	r0, r5
1a0095b2:	b003      	add	sp, #12
1a0095b4:	bd30      	pop	{r4, r5, pc}
1a0095b6:	6da0      	ldr	r0, [r4, #88]	; 0x58
1a0095b8:	9101      	str	r1, [sp, #4]
1a0095ba:	f7f9 fe67 	bl	1a00328c <__retarget_lock_acquire_recursive>
1a0095be:	f9b4 300c 	ldrsh.w	r3, [r4, #12]
1a0095c2:	9901      	ldr	r1, [sp, #4]
1a0095c4:	b29a      	uxth	r2, r3
1a0095c6:	e7d9      	b.n	1a00957c <_fputwc_r+0x18>

1a0095c8 <__locale_mb_cur_max>:
1a0095c8:	4b01      	ldr	r3, [pc, #4]	; (1a0095d0 <__locale_mb_cur_max+0x8>)
1a0095ca:	f893 0128 	ldrb.w	r0, [r3, #296]	; 0x128
1a0095ce:	4770      	bx	lr
1a0095d0:	10000888 	.word	0x10000888

1a0095d4 <__ascii_mbtowc>:
1a0095d4:	b082      	sub	sp, #8
1a0095d6:	b149      	cbz	r1, 1a0095ec <__ascii_mbtowc+0x18>
1a0095d8:	b15a      	cbz	r2, 1a0095f2 <__ascii_mbtowc+0x1e>
1a0095da:	b16b      	cbz	r3, 1a0095f8 <__ascii_mbtowc+0x24>
1a0095dc:	7813      	ldrb	r3, [r2, #0]
1a0095de:	600b      	str	r3, [r1, #0]
1a0095e0:	7812      	ldrb	r2, [r2, #0]
1a0095e2:	1c10      	adds	r0, r2, #0
1a0095e4:	bf18      	it	ne
1a0095e6:	2001      	movne	r0, #1
1a0095e8:	b002      	add	sp, #8
1a0095ea:	4770      	bx	lr
1a0095ec:	a901      	add	r1, sp, #4
1a0095ee:	2a00      	cmp	r2, #0
1a0095f0:	d1f3      	bne.n	1a0095da <__ascii_mbtowc+0x6>
1a0095f2:	4610      	mov	r0, r2
1a0095f4:	b002      	add	sp, #8
1a0095f6:	4770      	bx	lr
1a0095f8:	f06f 0001 	mvn.w	r0, #1
1a0095fc:	e7f4      	b.n	1a0095e8 <__ascii_mbtowc+0x14>
1a0095fe:	bf00      	nop

1a009600 <__swbuf_r>:
1a009600:	b5f8      	push	{r3, r4, r5, r6, r7, lr}
1a009602:	460d      	mov	r5, r1
1a009604:	4614      	mov	r4, r2
1a009606:	4606      	mov	r6, r0
1a009608:	b110      	cbz	r0, 1a009610 <__swbuf_r+0x10>
1a00960a:	6b83      	ldr	r3, [r0, #56]	; 0x38
1a00960c:	2b00      	cmp	r3, #0
1a00960e:	d043      	beq.n	1a009698 <__swbuf_r+0x98>
1a009610:	f9b4 200c 	ldrsh.w	r2, [r4, #12]
1a009614:	69a3      	ldr	r3, [r4, #24]
1a009616:	60a3      	str	r3, [r4, #8]
1a009618:	b291      	uxth	r1, r2
1a00961a:	0708      	lsls	r0, r1, #28
1a00961c:	d51b      	bpl.n	1a009656 <__swbuf_r+0x56>
1a00961e:	6923      	ldr	r3, [r4, #16]
1a009620:	b1cb      	cbz	r3, 1a009656 <__swbuf_r+0x56>
1a009622:	b2ed      	uxtb	r5, r5
1a009624:	0489      	lsls	r1, r1, #18
1a009626:	462f      	mov	r7, r5
1a009628:	d522      	bpl.n	1a009670 <__swbuf_r+0x70>
1a00962a:	6822      	ldr	r2, [r4, #0]
1a00962c:	6961      	ldr	r1, [r4, #20]
1a00962e:	1ad3      	subs	r3, r2, r3
1a009630:	4299      	cmp	r1, r3
1a009632:	dd29      	ble.n	1a009688 <__swbuf_r+0x88>
1a009634:	3301      	adds	r3, #1
1a009636:	68a1      	ldr	r1, [r4, #8]
1a009638:	1c50      	adds	r0, r2, #1
1a00963a:	3901      	subs	r1, #1
1a00963c:	60a1      	str	r1, [r4, #8]
1a00963e:	6020      	str	r0, [r4, #0]
1a009640:	7015      	strb	r5, [r2, #0]
1a009642:	6962      	ldr	r2, [r4, #20]
1a009644:	429a      	cmp	r2, r3
1a009646:	d02a      	beq.n	1a00969e <__swbuf_r+0x9e>
1a009648:	89a3      	ldrh	r3, [r4, #12]
1a00964a:	07db      	lsls	r3, r3, #31
1a00964c:	d501      	bpl.n	1a009652 <__swbuf_r+0x52>
1a00964e:	2d0a      	cmp	r5, #10
1a009650:	d025      	beq.n	1a00969e <__swbuf_r+0x9e>
1a009652:	4638      	mov	r0, r7
1a009654:	bdf8      	pop	{r3, r4, r5, r6, r7, pc}
1a009656:	4621      	mov	r1, r4
1a009658:	4630      	mov	r0, r6
1a00965a:	f7fd fe2d 	bl	1a0072b8 <__swsetup_r>
1a00965e:	bb20      	cbnz	r0, 1a0096aa <__swbuf_r+0xaa>
1a009660:	f9b4 200c 	ldrsh.w	r2, [r4, #12]
1a009664:	6923      	ldr	r3, [r4, #16]
1a009666:	b291      	uxth	r1, r2
1a009668:	b2ed      	uxtb	r5, r5
1a00966a:	0489      	lsls	r1, r1, #18
1a00966c:	462f      	mov	r7, r5
1a00966e:	d4dc      	bmi.n	1a00962a <__swbuf_r+0x2a>
1a009670:	6e61      	ldr	r1, [r4, #100]	; 0x64
1a009672:	f442 5200 	orr.w	r2, r2, #8192	; 0x2000
1a009676:	f421 5100 	bic.w	r1, r1, #8192	; 0x2000
1a00967a:	81a2      	strh	r2, [r4, #12]
1a00967c:	6822      	ldr	r2, [r4, #0]
1a00967e:	6661      	str	r1, [r4, #100]	; 0x64
1a009680:	6961      	ldr	r1, [r4, #20]
1a009682:	1ad3      	subs	r3, r2, r3
1a009684:	4299      	cmp	r1, r3
1a009686:	dcd5      	bgt.n	1a009634 <__swbuf_r+0x34>
1a009688:	4621      	mov	r1, r4
1a00968a:	4630      	mov	r0, r6
1a00968c:	f7f9 fbd4 	bl	1a002e38 <_fflush_r>
1a009690:	b958      	cbnz	r0, 1a0096aa <__swbuf_r+0xaa>
1a009692:	6822      	ldr	r2, [r4, #0]
1a009694:	2301      	movs	r3, #1
1a009696:	e7ce      	b.n	1a009636 <__swbuf_r+0x36>
1a009698:	f7f9 fc2a 	bl	1a002ef0 <__sinit>
1a00969c:	e7b8      	b.n	1a009610 <__swbuf_r+0x10>
1a00969e:	4621      	mov	r1, r4
1a0096a0:	4630      	mov	r0, r6
1a0096a2:	f7f9 fbc9 	bl	1a002e38 <_fflush_r>
1a0096a6:	2800      	cmp	r0, #0
1a0096a8:	d0d3      	beq.n	1a009652 <__swbuf_r+0x52>
1a0096aa:	f04f 37ff 	mov.w	r7, #4294967295
1a0096ae:	e7d0      	b.n	1a009652 <__swbuf_r+0x52>

1a0096b0 <_wcrtomb_r>:
1a0096b0:	b5f0      	push	{r4, r5, r6, r7, lr}
1a0096b2:	4c0b      	ldr	r4, [pc, #44]	; (1a0096e0 <_wcrtomb_r+0x30>)
1a0096b4:	b085      	sub	sp, #20
1a0096b6:	4606      	mov	r6, r0
1a0096b8:	f8d4 40e0 	ldr.w	r4, [r4, #224]	; 0xe0
1a0096bc:	461f      	mov	r7, r3
1a0096be:	b121      	cbz	r1, 1a0096ca <_wcrtomb_r+0x1a>
1a0096c0:	47a0      	blx	r4
1a0096c2:	1c43      	adds	r3, r0, #1
1a0096c4:	d006      	beq.n	1a0096d4 <_wcrtomb_r+0x24>
1a0096c6:	b005      	add	sp, #20
1a0096c8:	bdf0      	pop	{r4, r5, r6, r7, pc}
1a0096ca:	460a      	mov	r2, r1
1a0096cc:	a901      	add	r1, sp, #4
1a0096ce:	47a0      	blx	r4
1a0096d0:	1c43      	adds	r3, r0, #1
1a0096d2:	d1f8      	bne.n	1a0096c6 <_wcrtomb_r+0x16>
1a0096d4:	2200      	movs	r2, #0
1a0096d6:	238a      	movs	r3, #138	; 0x8a
1a0096d8:	603a      	str	r2, [r7, #0]
1a0096da:	6033      	str	r3, [r6, #0]
1a0096dc:	b005      	add	sp, #20
1a0096de:	bdf0      	pop	{r4, r5, r6, r7, pc}
1a0096e0:	10000888 	.word	0x10000888

1a0096e4 <__ascii_wctomb>:
1a0096e4:	b149      	cbz	r1, 1a0096fa <__ascii_wctomb+0x16>
1a0096e6:	2aff      	cmp	r2, #255	; 0xff
1a0096e8:	d802      	bhi.n	1a0096f0 <__ascii_wctomb+0xc>
1a0096ea:	700a      	strb	r2, [r1, #0]
1a0096ec:	2001      	movs	r0, #1
1a0096ee:	4770      	bx	lr
1a0096f0:	238a      	movs	r3, #138	; 0x8a
1a0096f2:	6003      	str	r3, [r0, #0]
1a0096f4:	f04f 30ff 	mov.w	r0, #4294967295
1a0096f8:	4770      	bx	lr
1a0096fa:	4608      	mov	r0, r1
1a0096fc:	4770      	bx	lr
1a0096fe:	bf00      	nop
1a009700:	3d3d3d0a 	.word	0x3d3d3d0a
1a009704:	55444520 	.word	0x55444520
1a009708:	4149432d 	.word	0x4149432d
1a00970c:	52542041 	.word	0x52542041
1a009710:	4d534e41 	.word	0x4d534e41
1a009714:	524f5349 	.word	0x524f5349
1a009718:	524f4c20 	.word	0x524f4c20
1a00971c:	4d282041 	.word	0x4d282041
1a009720:	204f444f 	.word	0x204f444f
1a009724:	45555250 	.word	0x45555250
1a009728:	20294142 	.word	0x20294142
1a00972c:	0d3d3d3d 	.word	0x0d3d3d3d
1a009730:	00000000 	.word	0x00000000
1a009734:	63696e49 	.word	0x63696e49
1a009738:	696c6169 	.word	0x696c6169
1a00973c:	646e617a 	.word	0x646e617a
1a009740:	5853206f 	.word	0x5853206f
1a009744:	32363231 	.word	0x32363231
1a009748:	0d2e2e2e 	.word	0x0d2e2e2e
1a00974c:	00000000 	.word	0x00000000
1a009750:	32315853 	.word	0x32315853
1a009754:	69203236 	.word	0x69203236
1a009758:	6963696e 	.word	0x6963696e
1a00975c:	7a696c61 	.word	0x7a696c61
1a009760:	206f6461 	.word	0x206f6461
1a009764:	39206e65 	.word	0x39206e65
1a009768:	4d203531 	.word	0x4d203531
1a00976c:	000d7a48 	.word	0x000d7a48
1a009770:	6e617254 	.word	0x6e617254
1a009774:	74696d73 	.word	0x74696d73
1a009778:	646e6569 	.word	0x646e6569
1a00977c:	6163206f 	.word	0x6163206f
1a009780:	33206164 	.word	0x33206164
1a009784:	67657320 	.word	0x67657320
1a009788:	6f646e75 	.word	0x6f646e75
1a00978c:	2e2e2e73 	.word	0x2e2e2e73
1a009790:	00000a0d 	.word	0x00000a0d
1a009794:	706d6574 	.word	0x706d6574
1a009798:	2e34323a 	.word	0x2e34323a
1a00979c:	75682c35 	.word	0x75682c35
1a0097a0:	69615f6d 	.word	0x69615f6d
1a0097a4:	38353a72 	.word	0x38353a72
1a0097a8:	7a756c2c 	.word	0x7a756c2c
1a0097ac:	2c64253a 	.word	0x2c64253a
1a0097b0:	5f6d7568 	.word	0x5f6d7568
1a0097b4:	6c696f73 	.word	0x6c696f73
1a0097b8:	2c32343a 	.word	0x2c32343a
1a0097bc:	6e756f63 	.word	0x6e756f63
1a0097c0:	64253a74 	.word	0x64253a74
1a0097c4:	00000000 	.word	0x00000000
1a0097c8:	5b205854 	.word	0x5b205854
1a0097cc:	3a5d6425 	.word	0x3a5d6425
1a0097d0:	0d732520 	.word	0x0d732520
1a0097d4:	0000000a 	.word	0x0000000a
1a0097d8:	3e2d2020 	.word	0x3e2d2020
1a0097dc:	766e4520 	.word	0x766e4520
1a0097e0:	6f646169 	.word	0x6f646169
1a0097e4:	0d4b4f20 	.word	0x0d4b4f20
1a0097e8:	ffff000a 	.word	0xffff000a
1a0097ec:	445b2020 	.word	0x445b2020
1a0097f0:	47554245 	.word	0x47554245
1a0097f4:	6f43205d 	.word	0x6f43205d
1a0097f8:	6769666e 	.word	0x6769666e
1a0097fc:	6e617275 	.word	0x6e617275
1a009800:	70206f64 	.word	0x70206f64
1a009804:	73656e69 	.word	0x73656e69
1a009808:	0d2e2e2e 	.word	0x0d2e2e2e
1a00980c:	00000000 	.word	0x00000000
1a009810:	445b2020 	.word	0x445b2020
1a009814:	47554245 	.word	0x47554245
1a009818:	534e205d 	.word	0x534e205d
1a00981c:	64253d53 	.word	0x64253d53
1a009820:	5352202c 	.word	0x5352202c
1a009824:	64253d54 	.word	0x64253d54
1a009828:	5542202c 	.word	0x5542202c
1a00982c:	253d5953 	.word	0x253d5953
1a009830:	70282064 	.word	0x70282064
1a009834:	73656e69 	.word	0x73656e69
1a009838:	49504720 	.word	0x49504720
1a00983c:	0a0d294f 	.word	0x0a0d294f
1a009840:	00000000 	.word	0x00000000
1a009844:	445b2020 	.word	0x445b2020
1a009848:	47554245 	.word	0x47554245
1a00984c:	6148205d 	.word	0x6148205d
1a009850:	6e656963 	.word	0x6e656963
1a009854:	72206f64 	.word	0x72206f64
1a009858:	74657365 	.word	0x74657365
1a00985c:	6c656420 	.word	0x6c656420
1a009860:	31585320 	.word	0x31585320
1a009864:	2e323632 	.word	0x2e323632
1a009868:	000d2e2e 	.word	0x000d2e2e
1a00986c:	445b2020 	.word	0x445b2020
1a009870:	47554245 	.word	0x47554245
1a009874:	7345205d 	.word	0x7345205d
1a009878:	61726570 	.word	0x61726570
1a00987c:	206f646e 	.word	0x206f646e
1a009880:	59535542 	.word	0x59535542
1a009884:	0d2e2e2e 	.word	0x0d2e2e2e
1a009888:	00000000 	.word	0x00000000
1a00988c:	445b2020 	.word	0x445b2020
1a009890:	47554245 	.word	0x47554245
1a009894:	5542205d 	.word	0x5542205d
1a009898:	4f205953 	.word	0x4f205953
1a00989c:	6328204b 	.word	0x6328204b
1a0098a0:	20706968 	.word	0x20706968
1a0098a4:	70736572 	.word	0x70736572
1a0098a8:	69646e6f 	.word	0x69646e6f
1a0098ac:	0d29b3c3 	.word	0x0d29b3c3
1a0098b0:	00000000 	.word	0x00000000
1a0098b4:	445b2020 	.word	0x445b2020
1a0098b8:	47554245 	.word	0x47554245
1a0098bc:	6f43205d 	.word	0x6f43205d
1a0098c0:	6769666e 	.word	0x6769666e
1a0098c4:	6e617275 	.word	0x6e617275
1a0098c8:	53206f64 	.word	0x53206f64
1a0098cc:	2e2e4950 	.word	0x2e2e4950
1a0098d0:	00000d2e 	.word	0x00000d2e
1a0098d4:	445b2020 	.word	0x445b2020
1a0098d8:	47554245 	.word	0x47554245
1a0098dc:	6f43205d 	.word	0x6f43205d
1a0098e0:	6769666e 	.word	0x6769666e
1a0098e4:	6e617275 	.word	0x6e617275
1a0098e8:	72206f64 	.word	0x72206f64
1a0098ec:	6c756765 	.word	0x6c756765
1a0098f0:	726f6461 	.word	0x726f6461
1a0098f4:	43442820 	.word	0x43442820
1a0098f8:	2943442d 	.word	0x2943442d
1a0098fc:	0d2e2e2e 	.word	0x0d2e2e2e
1a009900:	00000000 	.word	0x00000000
1a009904:	445b2020 	.word	0x445b2020
1a009908:	47554245 	.word	0x47554245
1a00990c:	6e45205d 	.word	0x6e45205d
1a009910:	6e616976 	.word	0x6e616976
1a009914:	63206f64 	.word	0x63206f64
1a009918:	6e616d6f 	.word	0x6e616d6f
1a00991c:	53206f64 	.word	0x53206f64
1a009920:	444e4154 	.word	0x444e4154
1a009924:	2e2e5942 	.word	0x2e2e5942
1a009928:	00000d2e 	.word	0x00000d2e
1a00992c:	445b2020 	.word	0x445b2020
1a009930:	47554245 	.word	0x47554245
1a009934:	6f43205d 	.word	0x6f43205d
1a009938:	6769666e 	.word	0x6769666e
1a00993c:	6e617275 	.word	0x6e617275
1a009940:	54206f64 	.word	0x54206f64
1a009944:	204f5843 	.word	0x204f5843
1a009948:	56372e31 	.word	0x56372e31
1a00994c:	0d2e2e2e 	.word	0x0d2e2e2e
1a009950:	00000000 	.word	0x00000000
1a009954:	445b2020 	.word	0x445b2020
1a009958:	47554245 	.word	0x47554245
1a00995c:	6143205d 	.word	0x6143205d
1a009960:	7262696c 	.word	0x7262696c
1a009964:	6f646e61 	.word	0x6f646e61
1a009968:	69686320 	.word	0x69686320
1a00996c:	2e2e2e70 	.word	0x2e2e2e70
1a009970:	0000000d 	.word	0x0000000d
1a009974:	445b2020 	.word	0x445b2020
1a009978:	47554245 	.word	0x47554245
1a00997c:	6143205d 	.word	0x6143205d
1a009980:	7262696c 	.word	0x7262696c
1a009984:	6f646e61 	.word	0x6f646e61
1a009988:	616d6920 	.word	0x616d6920
1a00998c:	206e6567 	.word	0x206e6567
1a009990:	61726170 	.word	0x61726170
1a009994:	38363820 	.word	0x38363820
1a009998:	7a484d20 	.word	0x7a484d20
1a00999c:	0d2e2e2e 	.word	0x0d2e2e2e
1a0099a0:	00000000 	.word	0x00000000
1a0099a4:	445b2020 	.word	0x445b2020
1a0099a8:	47554245 	.word	0x47554245
1a0099ac:	6f43205d 	.word	0x6f43205d
1a0099b0:	6769666e 	.word	0x6769666e
1a0099b4:	6e617275 	.word	0x6e617275
1a0099b8:	6d206f64 	.word	0x6d206f64
1a0099bc:	206f646f 	.word	0x206f646f
1a0099c0:	61526f4c 	.word	0x61526f4c
1a0099c4:	0d2e2e2e 	.word	0x0d2e2e2e
1a0099c8:	00000000 	.word	0x00000000
1a0099cc:	445b2020 	.word	0x445b2020
1a0099d0:	47554245 	.word	0x47554245
1a0099d4:	6f43205d 	.word	0x6f43205d
1a0099d8:	6769666e 	.word	0x6769666e
1a0099dc:	6e617275 	.word	0x6e617275
1a0099e0:	44206f64 	.word	0x44206f64
1a0099e4:	2e324f49 	.word	0x2e324f49
1a0099e8:	000d2e2e 	.word	0x000d2e2e
1a0099ec:	445b2020 	.word	0x445b2020
1a0099f0:	47554245 	.word	0x47554245
1a0099f4:	6f43205d 	.word	0x6f43205d
1a0099f8:	6769666e 	.word	0x6769666e
1a0099fc:	6e617275 	.word	0x6e617275
1a009a00:	66206f64 	.word	0x66206f64
1a009a04:	75636572 	.word	0x75636572
1a009a08:	69636e65 	.word	0x69636e65
1a009a0c:	36382061 	.word	0x36382061
1a009a10:	20332e38 	.word	0x20332e38
1a009a14:	2e7a484d 	.word	0x2e7a484d
1a009a18:	000d2e2e 	.word	0x000d2e2e
1a009a1c:	445b2020 	.word	0x445b2020
1a009a20:	47554245 	.word	0x47554245
1a009a24:	6f43205d 	.word	0x6f43205d
1a009a28:	6769666e 	.word	0x6769666e
1a009a2c:	6e617275 	.word	0x6e617275
1a009a30:	6d206f64 	.word	0x6d206f64
1a009a34:	6c75646f 	.word	0x6c75646f
1a009a38:	c3696361 	.word	0xc3696361
1a009a3c:	28206eb3 	.word	0x28206eb3
1a009a40:	32314653 	.word	0x32314653
1a009a44:	5742202c 	.word	0x5742202c
1a009a48:	2c353231 	.word	0x2c353231
1a009a4c:	34524320 	.word	0x34524320
1a009a50:	2e29352f 	.word	0x2e29352f
1a009a54:	000d2e2e 	.word	0x000d2e2e
1a009a58:	445b2020 	.word	0x445b2020
1a009a5c:	47554245 	.word	0x47554245
1a009a60:	6f43205d 	.word	0x6f43205d
1a009a64:	6769666e 	.word	0x6769666e
1a009a68:	6e617275 	.word	0x6e617275
1a009a6c:	50206f64 	.word	0x50206f64
1a009a70:	31282041 	.word	0x31282041
1a009a74:	42642037 	.word	0x42642037
1a009a78:	2e2e296d 	.word	0x2e2e296d
1a009a7c:	00000d2e 	.word	0x00000d2e
1a009a80:	445b2020 	.word	0x445b2020
1a009a84:	47554245 	.word	0x47554245
1a009a88:	5853205d 	.word	0x5853205d
1a009a8c:	32363231 	.word	0x32363231
1a009a90:	6e6f6320 	.word	0x6e6f6320
1a009a94:	75676966 	.word	0x75676966
1a009a98:	6f646172 	.word	0x6f646172
1a009a9c:	214b4f20 	.word	0x214b4f20
1a009aa0:	ffff000d 	.word	0xffff000d
1a009aa4:	455b2020 	.word	0x455b2020
1a009aa8:	524f5252 	.word	0x524f5252
1a009aac:	5853205d 	.word	0x5853205d
1a009ab0:	32363231 	.word	0x32363231
1a009ab4:	206f6e20 	.word	0x206f6e20
1a009ab8:	63696e69 	.word	0x63696e69
1a009abc:	696c6169 	.word	0x696c6169
1a009ac0:	6f64617a 	.word	0x6f64617a
1a009ac4:	00000d21 	.word	0x00000d21
1a009ac8:	545b2020 	.word	0x545b2020
1a009acc:	49205d58 	.word	0x49205d58
1a009ad0:	6963696e 	.word	0x6963696e
1a009ad4:	6f646e61 	.word	0x6f646e61
1a009ad8:	61727420 	.word	0x61727420
1a009adc:	696d736e 	.word	0x696d736e
1a009ae0:	b3c36973 	.word	0xb3c36973
1a009ae4:	6564206e 	.word	0x6564206e
1a009ae8:	20642520 	.word	0x20642520
1a009aec:	65747962 	.word	0x65747962
1a009af0:	2e2e2e73 	.word	0x2e2e2e73
1a009af4:	00000a0d 	.word	0x00000a0d
1a009af8:	545b2020 	.word	0x545b2020
1a009afc:	4d205d58 	.word	0x4d205d58
1a009b00:	206f646f 	.word	0x206f646f
1a009b04:	4e415453 	.word	0x4e415453
1a009b08:	20594244 	.word	0x20594244
1a009b0c:	000d4b4f 	.word	0x000d4b4f
1a009b10:	545b2020 	.word	0x545b2020
1a009b14:	42205d58 	.word	0x42205d58
1a009b18:	65666675 	.word	0x65666675
1a009b1c:	73652072 	.word	0x73652072
1a009b20:	74697263 	.word	0x74697263
1a009b24:	4b4f206f 	.word	0x4b4f206f
1a009b28:	0000000d 	.word	0x0000000d
1a009b2c:	545b2020 	.word	0x545b2020
1a009b30:	50205d58 	.word	0x50205d58
1a009b34:	a1c37261 	.word	0xa1c37261
1a009b38:	7274656d 	.word	0x7274656d
1a009b3c:	6420736f 	.word	0x6420736f
1a009b40:	70206c65 	.word	0x70206c65
1a009b44:	65757161 	.word	0x65757161
1a009b48:	4f206574 	.word	0x4f206574
1a009b4c:	00000d4b 	.word	0x00000d4b
1a009b50:	545b2020 	.word	0x545b2020
1a009b54:	45205d58 	.word	0x45205d58
1a009b58:	6169766e 	.word	0x6169766e
1a009b5c:	206f646e 	.word	0x206f646e
1a009b60:	616d6f63 	.word	0x616d6f63
1a009b64:	206f646e 	.word	0x206f646e
1a009b68:	54746553 	.word	0x54746553
1a009b6c:	2e2e2e78 	.word	0x2e2e2e78
1a009b70:	0000000d 	.word	0x0000000d
1a009b74:	545b2020 	.word	0x545b2020
1a009b78:	43205d58 	.word	0x43205d58
1a009b7c:	6e616d6f 	.word	0x6e616d6f
1a009b80:	54206f64 	.word	0x54206f64
1a009b84:	6e652058 	.word	0x6e652058
1a009b88:	64616976 	.word	0x64616976
1a009b8c:	65202c6f 	.word	0x65202c6f
1a009b90:	72657073 	.word	0x72657073
1a009b94:	6f646e61 	.word	0x6f646e61
1a009b98:	0d2e2e2e 	.word	0x0d2e2e2e
1a009b9c:	00000000 	.word	0x00000000
1a009ba0:	545b2020 	.word	0x545b2020
1a009ba4:	54205d58 	.word	0x54205d58
1a009ba8:	736e6172 	.word	0x736e6172
1a009bac:	6973696d 	.word	0x6973696d
1a009bb0:	206eb3c3 	.word	0x206eb3c3
1a009bb4:	706d6f63 	.word	0x706d6f63
1a009bb8:	6174656c 	.word	0x6174656c
1a009bbc:	000d6164 	.word	0x000d6164
1a009bc0:	455b2020 	.word	0x455b2020
1a009bc4:	524f5252 	.word	0x524f5252
1a009bc8:	4954205d 	.word	0x4954205d
1a009bcc:	554f454d 	.word	0x554f454d
1a009bd0:	73652054 	.word	0x73652054
1a009bd4:	61726570 	.word	0x61726570
1a009bd8:	206f646e 	.word	0x206f646e
1a009bdc:	59535542 	.word	0x59535542
1a009be0:	00000d21 	.word	0x00000d21
1a009be4:	445b2020 	.word	0x445b2020
1a009be8:	47554245 	.word	0x47554245
1a009bec:	5542205d 	.word	0x5542205d
1a009bf0:	65205953 	.word	0x65205953
1a009bf4:	72657073 	.word	0x72657073
1a009bf8:	2520b3c3 	.word	0x2520b3c3
1a009bfc:	6320756c 	.word	0x6320756c
1a009c00:	6f6c6369 	.word	0x6f6c6369
1a009c04:	000a0d73 	.word	0x000a0d73

1a009c08 <InitClkStates>:
1a009c08:	01010f01                                ....

1a009c0c <pinmuxing>:
1a009c0c:	00440002 00440102 00440202 00400a02     ..D...D...D...@.
1a009c1c:	00400b02 00400c02 00500001 00500101     ..@...@...P...P.
1a009c2c:	00500201 00500601 00500106 00500406     ..P...P...P...P.
1a009c3c:	00500506 00540706 00540806 00500906     ..P...T...T...P.
1a009c4c:	00500a06 00500b06 00500c06 00f0040f     ..P...P...P.....
1a009c5c:	00d50301 00d50401 00160107 00560207     ..............V.
1a009c6c:	00520302 00520402 00520509 00570609     ..R...R...R...W.
1a009c7c:	00570206                                ..W.

1a009c80 <ExtRateIn>:
1a009c80:	00000000                                ....

1a009c84 <GpioButtons>:
1a009c84:	08000400 09010900                       ........

1a009c8c <GpioLeds>:
1a009c8c:	01050005 0e000205 0c010b01              ............

1a009c98 <GpioPorts>:
1a009c98:	03030003 0f050403 05031005 07030603     ................
1a009ca8:	ffff0802                                ....

1a009cac <OscRateIn>:
1a009cac:	00b71b00                                ....

1a009cb0 <InitClkStates>:
1a009cb0:	00010100 00010909 0001090a 01010701     ................
1a009cc0:	00010902 00010906 0101090c 0001090d     ................
1a009cd0:	0001090e 0001090f 00010910 00010911     ................
1a009ce0:	00010912 00010913 00011114 00011119     ................
1a009cf0:	0001111a 0001111b 08040201 0f0f0f03     ................
1a009d00:	ffff00ff                                ....

1a009d04 <periph_to_base>:
1a009d04:	00050000 0020000a 00090024 00400040     ...... .$...@.@.
1a009d14:	00600005 000400a6 00c300c0 00e00002     ..`.............
1a009d24:	000100e0 01000100 01200003 00060120     .......... . ...
1a009d34:	01400140 0142000c 00190142 01620162     @.@...B.B...b.b.
1a009d44:	01820013 00120182 01a201a2 01c20011     ................
1a009d54:	001001c2 01e201e2 0202000f 000e0202     ................
1a009d64:	02220222 0223000d 001c0223              "."...#.#...

1a009d70 <UART_BClock>:
1a009d70:	01a201c2 01620182                       ......b.

1a009d78 <UART_PClock>:
1a009d78:	00820081 00a200a1                       ........

1a009d80 <gpioPinsInit>:
1a009d80:	02000104 00050701 05010d03 04080100     ................
1a009d90:	02020002 02000304 00000403 04070002     ................
1a009da0:	030c0300 09050402 05040103 04030208     ................
1a009db0:	04020305 06040504 0802000c 03000b06     ................
1a009dc0:	00090607 07060503 060f0504 03030004     ................
1a009dd0:	02000404 00050404 06040502 04060200     ................
1a009de0:	0c050408 05040a04 0003010e 14010a00     ................
1a009df0:	010f0000 0d000012 00001101 0010010c     ................
1a009e00:	07070300 000f0300 01000001 00000000     ................
1a009e10:	000a0600 08060603 06100504 04030005     ................
1a009e20:	03000106 04090400 04010d05 010b0000     ................
1a009e30:	0200000f 00000001 00010104 02010800     ................
1a009e40:	01090000 09010006 05040002 04010200     ................
1a009e50:	02020105 02020504 0e00000a 01000b02     ................
1a009e60:	000c020b ffff0c01 00061a80 0000000a     ................

1a009e70 <lpcUarts>:
1a009e70:	40081000 06020406 00180205 40081000     ...@...........@
1a009e80:	09070509 00180706 40082000 00000000     ......... .@....
1a009e90:	00190000 400c1000 07060107 001a0602     .......@........
1a009ea0:	400c1000 01010f01 001a0110 400c2000     ...@......... .@
1a009eb0:	02020302 001b0204                       ........

1a009eb8 <_ctype_>:
1a009eb8:	20202000 20202020 28282020 20282828     .         ((((( 
1a009ec8:	20202020 20202020 20202020 20202020                     
1a009ed8:	10108820 10101010 10101010 10101010      ...............
1a009ee8:	04040410 04040404 10040404 10101010     ................
1a009ef8:	41411010 41414141 01010101 01010101     ..AAAAAA........
1a009f08:	01010101 01010101 01010101 10101010     ................
1a009f18:	42421010 42424242 02020202 02020202     ..BBBBBB........
1a009f28:	02020202 02020202 02020202 10101010     ................
1a009f38:	00000020 00000000 00000000 00000000      ...............
	...
1a009fb8:	ffffff00 00464e49 00666e69 004e414e     ....INF.inf.NAN.
1a009fc8:	006e616e 33323130 37363534 62613938     nan.0123456789ab
1a009fd8:	66656463 00000000 33323130 37363534     cdef....01234567
1a009fe8:	42413938 46454443 00000000 6c756e28     89ABCDEF....(nul
1a009ff8:	0000296c ffff0030                       l)..0...

1a00a000 <blanks.8678>:
1a00a000:	20202020 20202020 20202020 20202020                     

1a00a010 <zeroes.8679>:
1a00a010:	30303030 30303030 30303030 30303030     0000000000000000

1a00a020 <blanks.8693>:
1a00a020:	20202020 20202020 20202020 20202020                     

1a00a030 <zeroes.8694>:
1a00a030:	30303030 30303030 30303030 30303030     0000000000000000
1a00a040:	004e614e 69666e49 7974696e ffffff00     NaN.Infinity....

1a00a050 <__mprec_bigtens>:
1a00a050:	37e08000 4341c379 b5056e17 4693b8b5     ...7y.AC.n.....F
1a00a060:	e93ff9f5 4d384f03 f9301d32 5a827748     ..?..O8M2.0.Hw.Z
1a00a070:	7f73bf3c 75154fdd                       <.s..O.u

1a00a078 <__mprec_tens>:
1a00a078:	00000000 3ff00000 00000000 40240000     .......?......$@
1a00a088:	00000000 40590000 00000000 408f4000     ......Y@.....@.@
1a00a098:	00000000 40c38800 00000000 40f86a00     .......@.....j.@
1a00a0a8:	00000000 412e8480 00000000 416312d0     .......A......cA
1a00a0b8:	00000000 4197d784 00000000 41cdcd65     .......A....e..A
1a00a0c8:	20000000 4202a05f e8000000 42374876     ... _..B....vH7B
1a00a0d8:	a2000000 426d1a94 e5400000 42a2309c     ......mB..@..0.B
1a00a0e8:	1e900000 42d6bcc4 26340000 430c6bf5     .......B..4&.k.C
1a00a0f8:	37e08000 4341c379 85d8a000 43763457     ...7y.AC....W4vC
1a00a108:	674ec800 43abc16d 60913d00 43e158e4     ..Ngm..C.=.`.X.C
1a00a118:	78b58c40 4415af1d d6e2ef50 444b1ae4     @..x...DP.....KD
1a00a128:	064dd592 4480f0cf c7e14af6 44b52d02     ..M....D.J...-.D
1a00a138:	79d99db4 44ea7843                       ...yCx.D

1a00a140 <p05.7442>:
1a00a140:	00000005 00000019 0000007d 00000043     ........}...C...
1a00a150:	49534f50 ffff0058 0000002e              POSIX.......
