
LoRa/LoraESP/LoRa_ESP32_RAK/out/LoRa_ESP32_RAK.elf:     file format elf32-littlearm
LoRa/LoraESP/LoRa_ESP32_RAK/out/LoRa_ESP32_RAK.elf
architecture: armv7e-m, flags 0x00000112:
EXEC_P, HAS_SYMS, D_PAGED
start address 0x1a000485

Program Header:
0x70000001 off    0x00013798 vaddr 0x1a003798 paddr 0x1a003798 align 2**2
         filesz 0x00000008 memsz 0x00000008 flags r--
    LOAD off    0x000100b0 vaddr 0x100000b0 paddr 0x100000b0 align 2**16
         filesz 0x00000000 memsz 0x00000198 flags rw-
    LOAD off    0x00010000 vaddr 0x1a000000 paddr 0x1a000000 align 2**16
         filesz 0x000037a0 memsz 0x000037a0 flags rwx
    LOAD off    0x00020000 vaddr 0x10000000 paddr 0x1a0037a0 align 2**16
         filesz 0x000000ac memsz 0x000000ac flags rw-
private flags = 5000400: [Version5 EABI] [hard-float ABI]

Sections:
Idx Name          Size      VMA       LMA       File off  Algn
  0 .text         00003794  1a000000  1a000000  00010000  2**4
                  CONTENTS, ALLOC, LOAD, READONLY, CODE
  1 .data         000000ac  10000000  1a0037a0  00020000  2**3
                  CONTENTS, ALLOC, LOAD, DATA
  2 .data_RAM2    00000000  10080000  10080000  000200ac  2**2
                  CONTENTS
  3 .data_RAM3    00000000  20000000  20000000  000200ac  2**2
                  CONTENTS
  4 .data_RAM4    00000000  20008000  20008000  000200ac  2**2
                  CONTENTS
  5 .data_RAM5    00000000  2000c000  2000c000  000200ac  2**2
                  CONTENTS
  6 .bss          00000198  100000b0  100000b0  000100b0  2**3
                  ALLOC
  7 .bss_RAM2     00000000  10080000  10080000  000200ac  2**2
                  CONTENTS
  8 .bss_RAM3     00000000  20000000  20000000  000200ac  2**2
                  CONTENTS
  9 .bss_RAM4     00000000  20008000  20008000  000200ac  2**2
                  CONTENTS
 10 .bss_RAM5     00000000  2000c000  2000c000  000200ac  2**2
                  CONTENTS
 11 .init_array   00000004  1a003794  1a003794  00013794  2**2
                  CONTENTS, ALLOC, LOAD, DATA
 12 .ARM.exidx    00000008  1a003798  1a003798  00013798  2**2
                  CONTENTS, ALLOC, LOAD, READONLY, DATA
 13 .uninit_RESERVED 00000000  10000000  10000000  000200ac  2**2
                  CONTENTS
 14 .noinit_RAM2  00000000  10080000  10080000  000200ac  2**2
                  CONTENTS
 15 .noinit_RAM3  00000000  20000000  20000000  000200ac  2**2
                  CONTENTS
 16 .noinit_RAM4  00000000  20008000  20008000  000200ac  2**2
                  CONTENTS
 17 .noinit_RAM5  00000000  2000c000  2000c000  000200ac  2**2
                  CONTENTS
 18 .noinit       00000000  10000248  10000248  000200ac  2**2
                  CONTENTS
 19 .debug_info   00020cdc  00000000  00000000  000200ac  2**0
                  CONTENTS, READONLY, DEBUGGING
 20 .debug_abbrev 00004b93  00000000  00000000  00040d88  2**0
                  CONTENTS, READONLY, DEBUGGING
 21 .debug_loc    00007e85  00000000  00000000  0004591b  2**0
                  CONTENTS, READONLY, DEBUGGING
 22 .debug_aranges 000009f8  00000000  00000000  0004d7a0  2**0
                  CONTENTS, READONLY, DEBUGGING
 23 .debug_ranges 00000ab0  00000000  00000000  0004e198  2**0
                  CONTENTS, READONLY, DEBUGGING
 24 .debug_macro  0000dade  00000000  00000000  0004ec48  2**0
                  CONTENTS, READONLY, DEBUGGING
 25 .debug_line   00012257  00000000  00000000  0005c726  2**0
                  CONTENTS, READONLY, DEBUGGING
 26 .debug_str    00029a63  00000000  00000000  0006e97d  2**0
                  CONTENTS, READONLY, DEBUGGING
 27 .comment      00000068  00000000  00000000  000983e0  2**0
                  CONTENTS, READONLY
 28 .ARM.attributes 00000032  00000000  00000000  00098448  2**0
                  CONTENTS, READONLY
 29 .debug_frame  00002088  00000000  00000000  0009847c  2**2
                  CONTENTS, READONLY, DEBUGGING
SYMBOL TABLE:
1a000000 l    d  .text	00000000 .text
10000000 l    d  .data	00000000 .data
10080000 l    d  .data_RAM2	00000000 .data_RAM2
20000000 l    d  .data_RAM3	00000000 .data_RAM3
20008000 l    d  .data_RAM4	00000000 .data_RAM4
2000c000 l    d  .data_RAM5	00000000 .data_RAM5
100000b0 l    d  .bss	00000000 .bss
10080000 l    d  .bss_RAM2	00000000 .bss_RAM2
20000000 l    d  .bss_RAM3	00000000 .bss_RAM3
20008000 l    d  .bss_RAM4	00000000 .bss_RAM4
2000c000 l    d  .bss_RAM5	00000000 .bss_RAM5
1a003794 l    d  .init_array	00000000 .init_array
1a003798 l    d  .ARM.exidx	00000000 .ARM.exidx
10000000 l    d  .uninit_RESERVED	00000000 .uninit_RESERVED
10080000 l    d  .noinit_RAM2	00000000 .noinit_RAM2
20000000 l    d  .noinit_RAM3	00000000 .noinit_RAM3
20008000 l    d  .noinit_RAM4	00000000 .noinit_RAM4
2000c000 l    d  .noinit_RAM5	00000000 .noinit_RAM5
10000248 l    d  .noinit	00000000 .noinit
00000000 l    d  .debug_info	00000000 .debug_info
00000000 l    d  .debug_abbrev	00000000 .debug_abbrev
00000000 l    d  .debug_loc	00000000 .debug_loc
00000000 l    d  .debug_aranges	00000000 .debug_aranges
00000000 l    d  .debug_ranges	00000000 .debug_ranges
00000000 l    d  .debug_macro	00000000 .debug_macro
00000000 l    d  .debug_line	00000000 .debug_line
00000000 l    d  .debug_str	00000000 .debug_str
00000000 l    d  .comment	00000000 .comment
00000000 l    d  .ARM.attributes	00000000 .ARM.attributes
00000000 l    d  .debug_frame	00000000 .debug_frame
00000000 l    df *ABS*	00000000 armv7m_startup.c
00000000 l    df *ABS*	00000000 vendor_interrupt.c
00000000 l    df *ABS*	00000000 crp.c
00000000 l    df *ABS*	00000000 test_main.c
00000000 l    df *ABS*	00000000 leer_adc.c
00000000 l    df *ABS*	00000000 system.c
100000b0 l     O .bss	00000004 heap_end.5864
00000000 l    df *ABS*	00000000 board_sysinit.c
1a00344c l     O .text	00000004 InitClkStates
1a003450 l     O .text	00000074 pinmuxing
00000000 l    df *ABS*	00000000 board.c
1a000688 l     F .text	00000044 Board_LED_Init
1a0006cc l     F .text	00000040 Board_TEC_Init
1a00070c l     F .text	00000040 Board_GPIO_Init
1a00074c l     F .text	00000030 Board_ADC_Init
1a00077c l     F .text	00000038 Board_SPI_Init
1a0007b4 l     F .text	00000024 Board_I2C_Init
1a0034c8 l     O .text	00000008 GpioButtons
1a0034d0 l     O .text	0000000c GpioLeds
1a0034dc l     O .text	00000012 GpioPorts
00000000 l    df *ABS*	00000000 ssp_18xx_43xx.c
1a000878 l     F .text	00000014 Chip_SSP_GetClockIndex
1a00088c l     F .text	00000018 Chip_SSP_GetPeriphClockIndex
00000000 l    df *ABS*	00000000 i2c_18xx_43xx.c
10000000 l     O .data	00000038 i2c
00000000 l    df *ABS*	00000000 sysinit_18xx_43xx.c
1a0034f4 l     O .text	00000048 InitClkStates
00000000 l    df *ABS*	00000000 gpio_18xx_43xx.c
00000000 l    df *ABS*	00000000 adc_18xx_43xx.c
1a000b04 l     F .text	00000014 Chip_ADC_GetClockIndex
1a000b18 l     F .text	00000032 getClkDiv
00000000 l    df *ABS*	00000000 chip_18xx_43xx.c
00000000 l    df *ABS*	00000000 clock_18xx_43xx.c
1a000ce4 l     F .text	000000a0 pll_calc_divs
1a000d84 l     F .text	0000010c pll_get_frac
1a000e90 l     F .text	0000004c Chip_Clock_FindBaseClock
1a001104 l     F .text	00000022 Chip_Clock_GetDivRate
100000b4 l     O .bss	00000008 audio_usb_pll_freq
1a003548 l     O .text	0000006c periph_to_base
00000000 l    df *ABS*	00000000 uart_18xx_43xx.c
1a0012a4 l     F .text	0000002c Chip_UART_GetIndex
1a0035b4 l     O .text	00000008 UART_BClock
1a0035bc l     O .text	00000008 UART_PClock
00000000 l    df *ABS*	00000000 sysinit.c
00000000 l    df *ABS*	00000000 sapi_cyclesCounter.c
10000038 l     O .data	00000004 ClockSpeed
00000000 l    df *ABS*	00000000 sapi_gpio.c
1a001494 l     F .text	00000034 gpioObtainPinInit
00000000 l    df *ABS*	00000000 sapi_adc.c
00000000 l    df *ABS*	00000000 sapi_tick.c
100000bc l     O .bss	00000004 callBackFuncParams
100000c0 l     O .bss	00000008 tickCounter
100000c8 l     O .bss	00000004 tickHookFunction
00000000 l    df *ABS*	00000000 sapi_uart.c
1a0036b4 l     O .text	00000048 lpcUarts
00000000 l    df *ABS*	00000000 sapi_usb_device.c
100000cc l     O .bss	00000004 g_hUsb
00000000 l    df *ABS*	00000000 sapi_board.c
00000000 l    df *ABS*	00000000 sapi_delay.c
00000000 l    df *ABS*	00000000 sapi_dht11.c
1a001ac4 l     F .text	00000024 dht11_TimeOutReset
1a001ae8 l     F .text	00000020 dht11_TimeOutCheck
1a001b08 l     F .text	000000a0 dht11_ProcessData
1a001ba8 l     F .text	00000014 dht11_GPIO_High
1a001bbc l     F .text	00000020 dht11_GPIO_Low
1a001bdc l     F .text	00000014 dht11_GPIO_Read
1a001bf0 l     F .text	000000dc dht11_StartRead
100000d0 l     O .bss	00000004 dht11Pin
100000d4 l     O .bss	00000005 dht11_byte
100000dc l     O .bss	00000148 dht11_ticks_array
00000000 l    df *ABS*	00000000 _aeabi_uldivmod.o
00000000 l    df *ABS*	00000000 libgcc2.c
00000000 l    df *ABS*	00000000 _dvmd_tls.o
00000000 l    df *ABS*	00000000 fflush.c
00000000 l    df *ABS*	00000000 findfp.c
1a0021d0 l     F .text	00000048 std
00000000 l    df *ABS*	00000000 fwalk.c
00000000 l    df *ABS*	00000000 init.c
00000000 l    df *ABS*	00000000 lock.c
00000000 l    df *ABS*	00000000 memcpy-stub.c
00000000 l    df *ABS*	00000000 memset.c
00000000 l    df *ABS*	00000000 nano-mallocr.c
00000000 l    df *ABS*	00000000 nano-mallocr.c
00000000 l    df *ABS*	00000000 nano-vfprintf.c
1a002584 l     F .text	0000002e __sfputc_r
00000000 l    df *ABS*	00000000 nano-vfprintf_i.c
00000000 l    df *ABS*	00000000 printf.c
00000000 l    df *ABS*	00000000 puts.c
00000000 l    df *ABS*	00000000 sprintf.c
00000000 l    df *ABS*	00000000 stdio.c
00000000 l    df *ABS*	00000000 wbuf.c
00000000 l    df *ABS*	00000000 wsetup.c
00000000 l    df *ABS*	00000000 makebuf.c
00000000 l    df *ABS*	00000000 lib_a-memchr.o
00000000 l    df *ABS*	00000000 memmove.c
00000000 l    df *ABS*	00000000 mlock.c
00000000 l    df *ABS*	00000000 nano-mallocr.c
00000000 l    df *ABS*	00000000 nano-vfprintf.c
00000000 l    df *ABS*	00000000 nano-mallocr.c
00000000 l    df *ABS*	00000000 impure.c
1000004c l     O .data	00000060 impure_data
00000000 l    df *ABS*	00000000 
1a003798 l       .init_array	00000000 __init_array_end
1a003794 l       .bss_RAM5	00000000 __preinit_array_end
1a003794 l       .init_array	00000000 __init_array_start
1a003794 l       .bss_RAM5	00000000 __preinit_array_start
1a003350 g     F .text	00000010 _malloc_usable_size_r
1a000f28 g     F .text	0000001c Chip_Clock_GetDividerSource
1a000524 g     F .text	00000012 _isatty_r
1a002b6c g     F .text	000000dc _puts_r
1a0001ba  w    F .text	00000002 TIMER2_IRQHandler
1a000536 g     F .text	0000000a _lseek_r
1a000184  w    F .text	00000002 DebugMon_Handler
1a0001ba  w    F .text	00000002 RIT_IRQHandler
1a000bb0 g     F .text	00000016 Chip_ADC_DeInit
1a080000 g       *ABS*	00000000 __top_MFlashA512
1a0001ba  w    F .text	00000002 ADCHS_IRQHandler
1a000114 g       .text	00000000 __section_table_start
10000234 g     O .bss	00000004 dht11_timeout
1a0001ba  w    F .text	00000002 FLASH_EEPROM_IRQHandler
10000238 g     O .bss	00000004 dht11_timeout_max
1a0001ba  w    F .text	00000002 I2C0_IRQHandler
1a002b3c g     F .text	00000030 printf
1a00086e g     F .text	00000008 __stdio_init
1000023c g     O .bss	00000001 __lock___atexit_recursive_mutex
1a002cf2 g     F .text	00000024 __sseek
1a002280 g     F .text	00000070 __sinit
1a002d20 g     F .text	000000a4 __swbuf_r
1a00017a  w    F .text	00000002 HardFault_Handler
1a002224 g     F .text	0000002c __sfmoreglue
1a000000 g       *ABS*	00000000 __vectors_start__
1a000c78 g     F .text	0000000c Chip_ADC_SetResolution
1a003050 g     F .text	0000000c __malloc_unlock
1a0018f8 g     F .text	0000002c SysTick_Handler
1a001324 g     F .text	00000040 Chip_UART_SetBaud
1000023d g     O .bss	00000001 __lock___arc4random_mutex
1a000480  w    F .text	00000002 initialise_monitor_handles
1a0001ba  w    F .text	00000002 SDIO_IRQHandler
1a000810 g     F .text	0000001c Board_UARTGetChar
1a0001ba  w    F .text	00000002 ATIMER_IRQHandler
1a003010 g     F .text	00000034 memmove
1a000186  w    F .text	00000002 PendSV_Handler
1a000178  w    F .text	00000002 NMI_Handler
1a0037a0 g       .ARM.exidx	00000000 __exidx_end
1a000150 g       .text	00000000 __data_section_table_end
1a00030c g     F .text	00000048 softUART_writeByte
1a0001ba  w    F .text	00000002 I2C1_IRQHandler
1a0001ba  w    F .text	00000002 UART1_IRQHandler
1a0001ba  w    F .text	00000002 GPIO5_IRQHandler
1a0001ba  w    F .text	00000002 CAN1_IRQHandler
1a00051a g     F .text	0000000a _fstat_r
53ff740a g       *ABS*	00000000 __valid_user_code_checksum
1a0037a0 g       .ARM.exidx	00000000 _etext
1a0001ba  w    F .text	00000002 USB1_IRQHandler
1a0001ba  w    F .text	00000002 I2S0_IRQHandler
1a0001ba  w    F .text	00000002 TIMER3_IRQHandler
1a0011a6 g     F .text	0000000c Chip_Clock_GetBaseClocktHz
1a0001ba  w    F .text	00000002 UART0_IRQHandler
1a0001a8 g     F .text	00000012 bss_init
1a002406 g     F .text	0000001c memcpy
1a0001ba  w    F .text	00000002 SGPIO_IRQHandler
1a002218 g     F .text	0000000c _cleanup_r
1a003160 g     F .text	000001f0 _svfprintf_r
1a001d48 g     F .text	00000000 .hidden __aeabi_uldivmod
10000248 g       .noinit	00000000 _noinit
1a002c48 g     F .text	00000010 puts
1000022c g     O .bss	00000004 SystemCoreClock
1a0012d0 g     F .text	00000054 Chip_UART_Init
1a0001ba  w    F .text	00000002 ADC0_IRQHandler
1a000b58 g     F .text	00000018 readAdcVal
1a001cdc g     F .text	0000006c dht11Read
1a000180  w    F .text	00000002 UsageFault_Handler
1a001258 g     F .text	0000004c Chip_Clock_GetRate
1a0001ba  w    F .text	00000002 GPIO6_IRQHandler
1a000610 g     F .text	0000006c Board_SetupClocking
20008000 g       *ABS*	00000000 __top_RamAHB32
1a001d78 g     F .text	000002d0 .hidden __udivmoddi4
1a0005b8 g     F .text	00000020 _sbrk_r
1a0034c4 g     O .text	00000004 ExtRateIn
1a0001ba  w    F .text	00000002 IntDefaultHandler
1a000300 g       .text	00000000 __CRP_WORD_END__
1a000540 g     F .text	0000004e _read_r
1a0001ba  w    F .text	00000002 GPIO1_IRQHandler
1a0001ba  w    F .text	00000002 SSP0_IRQHandler
1a003798 g       .ARM.exidx	00000000 __exidx_start
1000023e g     O .bss	00000001 __lock___env_recursive_mutex
1a0002fc g     O .text	00000004 CRP_WORD
1a000b4a g     F .text	0000000e setStartMode
1000023f g     O .bss	00000001 __lock___sinit_recursive_mutex
1a00375c g     O .text	00000004 _global_impure_ptr
1a00305c g     F .text	0000004c _realloc_r
1a0023b8 g     F .text	00000048 __libc_init_array
1a001748 g     F .text	000000b8 adcInit
1a0001ba  w    F .text	00000002 ADC1_IRQHandler
1a00082c g     F .text	00000030 Board_Init
1a00050e  w    F .text	00000002 _init
1a000114 g       .text	00000000 __data_section_table
1a0001ba  w    F .text	00000002 RTC_IRQHandler
10000248 g       .bss	00000000 _ebss
1a000c84 g     F .text	0000002a Chip_ADC_EnableChannel
1a0001ba  w    F .text	00000002 TIMER0_IRQHandler
1a000484 g     F .text	00000088 Reset_Handler
1a00187c g     F .text	0000007c tickInit
1a000354 g     F .text	00000012 softUART_writeString
20010000 g       *ABS*	00000000 __top_RamAHB_ETB16
1a0001ba  w    F .text	00000002 SPI_IRQHandler
1a000970 g     F .text	00000038 Chip_I2C_SetClockRate
1a0001ba  w    F .text	00000002 LCD_IRQHandler
1a000edc g     F .text	0000004c Chip_Clock_EnableCrystal
10000240 g     O .bss	00000001 __lock___malloc_recursive_mutex
1a000bc6 g     F .text	00000008 Chip_ADC_ReadValue
10008000 g       *ABS*	00000000 __top_RamLoc32
1a00018a g     F .text	0000001e data_init
1a000c26 g     F .text	00000020 Chip_ADC_SetStartMode
1a0001ba  w    F .text	00000002 TIMER1_IRQHandler
1a0036fc g     O .text	00000020 __sf_fake_stderr
1a00094c g     F .text	00000024 Chip_I2C_Init
1a002404 g     F .text	00000002 __retarget_lock_release_recursive
1a0001ba  w    F .text	00000002 UART2_IRQHandler
1a001098 g     F .text	0000006c Chip_Clock_GetMainPLLHz
1a0030a8 g     F .text	000000b6 __ssputs_r
1a0035c4 g     O .text	000000e6 gpioPinsInit
1a0008a4 g     F .text	00000012 Chip_SSP_SetClockRate
1a0025b2 g     F .text	00000024 __sfputs_r
1a0001ba  w    F .text	00000002 GPIO2_IRQHandler
1a002250 g     F .text	0000000c __sfp_lock_acquire
1a002f70 g     F .text	00000000 memchr
1a002434 g     F .text	0000009c _free_r
1a001800 g     F .text	00000058 adcRead
1a001180 g     F .text	00000026 Chip_Clock_GetBaseClock
1a001ccc g     F .text	00000010 dht11Init
100000b0 g       .bss	00000000 _bss
1a000bce g     F .text	00000036 Chip_ADC_ReadStatus
1a000c46 g     F .text	00000032 Chip_ADC_SetSampleRate
1a0001ba  w    F .text	00000002 I2S1_IRQHandler
1a0008b6 g     F .text	0000003e Chip_SSP_SetBitRate
1a000b00 g     F .text	00000002 Chip_GPIO_Init
1a0034f0 g     O .text	00000004 OscRateIn
1a001a30 g     F .text	0000005a delayInaccurateMs
1a001924 g     F .text	0000007c uartInit
10000248 g       .noinit	00000000 _end_noinit
10008000 g       *ABS*	00000000 _vStackTop
1a0001ba  w    F .text	00000002 SSP1_IRQHandler
1a000178 g       .text	00000000 __bss_section_table_end
1a000510 g     F .text	0000000a _close_r
1a0014c8 g     F .text	000001ac gpioInit
1a002dc4 g     F .text	000000dc __swsetup_r
1a002048  w    F .text	00000002 .hidden __aeabi_ldiv0
1a0022f0 g     F .text	0000008c __sfp
1a002274 g     F .text	0000000c __sinit_lock_release
1a002c98 g     F .text	00000022 __sread
1a0019a0 g     F .text	0000001c USB0_IRQHandler
1a001224 g     F .text	00000034 Chip_Clock_Disable
1a0001ba  w    F .text	00000002 GPIO3_IRQHandler
1a003044 g     F .text	0000000c __malloc_lock
1a0007fc g     F .text	00000014 Board_UARTPutChar
1a0001ba  w    F .text	00000002 SCT_IRQHandler
1a002158 g     F .text	00000078 _fflush_r
1a000300 g     F .text	0000000c preciseBitDelay
1a00371c g     O .text	00000020 __sf_fake_stdin
1a000f44 g     F .text	0000001c Chip_Clock_GetDividerDivisor
1a0002fc g       .text	00000000 __CRP_WORD_START__
1a002402 g     F .text	00000002 __retarget_lock_acquire_recursive
1a002422 g     F .text	00000010 memset
1a00017c  w    F .text	00000002 MemManage_Handler
1a000368 g     F .text	000000d8 main
1a002400 g     F .text	00000002 __retarget_lock_init_recursive
1a0001ba  w    F .text	00000002 WDT_IRQHandler
2000c000 g       *ABS*	00000000 __top_RamAHB16
1008a000 g       *ABS*	00000000 __top_RamLoc40
1a000182  w    F .text	00000002 SVC_Handler
1a002d16 g     F .text	00000008 __sclose
1a0024d0 g     F .text	000000b4 _malloc_r
1a0001ba  w    F .text	00000002 GPIO7_IRQHandler
1a0011b4 g     F .text	0000003c Chip_Clock_EnableOpts
1a000866 g     F .text	00000008 __stdio_getchar
1a000f60 g     F .text	000000b8 Chip_Clock_GetClockInputHz
1a001018 g     F .text	00000080 Chip_Clock_CalcMainPLLValue
1a001440 g     F .text	00000038 SystemInit
1a0001ba  w    F .text	00000002 SPIFI_IRQHandler
1a001a8c g     F .text	00000038 delay
1a0001ba  w    F .text	00000002 QEI_IRQHandler
1a000150 g       .text	00000000 __bss_section_table
1a001674 g     F .text	0000006a gpioWrite
1a00050c  w    F .text	00000002 _fini
1a002b3c g     F .text	00000030 iprintf
1a002c58 g     F .text	00000040 sprintf
1a000b70 g     F .text	00000040 Chip_ADC_Init
10000230 g     O .bss	00000004 g_pUsbApi
1a0005d8 g     F .text	00000038 Board_SetupMuxing
1a001364 g     F .text	000000dc Chip_UART_SetBaudFDR
1a001858 g     F .text	0000000c tickRead
1a00058e g     F .text	00000028 _write_r
10000040 g     O .data	00000008 tickRateMS
1a000cae g     F .text	00000022 Chip_ADC_SetBurstCmd
1a0001ba  w    F .text	00000002 ETH_IRQHandler
1a002828 g     F .text	000000ea _printf_common
10000048 g     O .data	00000004 _impure_ptr
1a00204c g     F .text	0000010c __sflush_r
10000000 g       .uninit_RESERVED	00000000 _end_uninit_RESERVED
1b000000 g       .text	00000000 __core_m0app_START__
1a003160 g     F .text	000001f0 _svfiprintf_r
1a0001ba  w    F .text	00000002 CAN0_IRQHandler
10000000 g       .data	00000000 _data
10000248 g       .bss	00000000 _pvHeapStart
1a000178 g       .text	00000000 __section_table_end
1a0008f4 g     F .text	00000038 Chip_SSP_Init
1a0001ba  w    F .text	00000002 GINT0_IRQHandler
1a002ea0 g     F .text	00000048 __swhatbuf_r
1a0001ba  w    F .text	00000002 DAC_IRQHandler
1a0007d8 g     F .text	00000024 Board_Debug_Init
1a00085c g     F .text	0000000a __stdio_putchar
1a000c04 g     F .text	00000022 Chip_ADC_Int_SetChannelCmd
100000ac g       .data	00000000 _edata
1a00092c g     F .text	00000020 Chip_I2C_EventHandler
1a0001ba  w    F .text	00000002 M0SUB_IRQHandler
10000241 g     O .bss	00000001 __lock___at_quick_exit_mutex
1a000440 g     F .text	00000040 leerADC
1a0009a8 g     F .text	00000158 Chip_SetupCoreClock
1a002cba g     F .text	00000038 __swrite
1a0001ba  w    F .text	00000002 GPIO0_IRQHandler
1a0025d8 g     F .text	00000250 _vfiprintf_r
1a000000 g     O .text	00000040 g_pfnVectors
1a00237c g     F .text	0000003c _fwalk_reent
1a000cd0 g     F .text	00000014 SystemCoreClockUpdate
1a0001ba  w    F .text	00000002 DMA_IRQHandler
1a0001ba  w    F .text	00000002 EVRT_IRQHandler
1b080000 g       *ABS*	00000000 __top_MFlashB512
1a00225c g     F .text	0000000c __sfp_lock_release
1a00373c g     O .text	00000020 __sf_fake_stdout
1a002c58 g     F .text	00000040 siprintf
1a002048  w    F .text	00000002 .hidden __aeabi_idiv0
1a00017e  w    F .text	00000002 BusFault_Handler
10000242 g     O .bss	00000001 __lock___dd_hash_mutex
1a002ee8 g     F .text	00000080 __smakebuf_r
10000243 g     O .bss	00000001 __lock___tz_mutex
1a002914 g     F .text	00000228 _printf_i
1a0011f0 g     F .text	00000034 Chip_Clock_Enable
1a0001ba  w    F .text	00000002 UART3_IRQHandler
10000228 g     O .bss	00000004 __malloc_sbrk_start
1a0001ba  w    F .text	00000002 MCPWM_IRQHandler
1a0001ba  w    F .text	00000002 M0APP_IRQHandler
1a0016de g     F .text	00000068 gpioRead
1a0019bc g     F .text	00000074 boardInit
10000224 g     O .bss	00000004 __malloc_free_list
1a000040 g     O .text	000000d4 g_pfnVendorVectors
1a0025d8 g     F .text	00000250 _vfprintf_r
1a0001ba  w    F .text	00000002 GINT1_IRQHandler
1a001864 g     F .text	00000018 tickPowerSet
1a001128 g     F .text	00000058 Chip_Clock_SetBaseClock
1a001478 g     F .text	0000001c cyclesCounterInit
1a0001ba  w    F .text	00000002 GPIO4_IRQHandler
10000244 g     O .bss	00000001 __lock___sfp_recursive_mutex
1a002268 g     F .text	0000000c __sinit_lock_acquire
1a00067c g     F .text	0000000c Board_SystemInit



Disassembly of section .text:

1a000000 <g_pfnVectors>:
1a000000:	00 80 00 10 85 04 00 1a 79 01 00 1a 7b 01 00 1a     ........y...{...
1a000010:	7d 01 00 1a 7f 01 00 1a 81 01 00 1a 0a 74 ff 53     }............t.S
	...
1a00002c:	83 01 00 1a 85 01 00 1a 00 00 00 00 87 01 00 1a     ................
1a00003c:	f9 18 00 1a                                         ....

1a000040 <g_pfnVendorVectors>:
1a000040:	bb 01 00 1a bb 01 00 1a bb 01 00 1a 00 00 00 00     ................
1a000050:	bb 01 00 1a bb 01 00 1a bb 01 00 1a bb 01 00 1a     ................
1a000060:	a1 19 00 1a bb 01 00 1a bb 01 00 1a bb 01 00 1a     ................
1a000070:	bb 01 00 1a bb 01 00 1a bb 01 00 1a bb 01 00 1a     ................
1a000080:	bb 01 00 1a bb 01 00 1a bb 01 00 1a bb 01 00 1a     ................
1a000090:	bb 01 00 1a bb 01 00 1a bb 01 00 1a bb 01 00 1a     ................
1a0000a0:	bb 01 00 1a bb 01 00 1a bb 01 00 1a bb 01 00 1a     ................
1a0000b0:	bb 01 00 1a bb 01 00 1a bb 01 00 1a bb 01 00 1a     ................
1a0000c0:	bb 01 00 1a bb 01 00 1a bb 01 00 1a bb 01 00 1a     ................
1a0000d0:	bb 01 00 1a bb 01 00 1a bb 01 00 1a bb 01 00 1a     ................
1a0000e0:	bb 01 00 1a bb 01 00 1a bb 01 00 1a bb 01 00 1a     ................
1a0000f0:	00 00 00 00 bb 01 00 1a bb 01 00 1a bb 01 00 1a     ................
1a000100:	00 00 00 00 bb 01 00 1a bb 01 00 1a bb 01 00 1a     ................
1a000110:	bb 01 00 1a                                         ....

1a000114 <__data_section_table>:
1a000114:	1a0037a0 	.word	0x1a0037a0
1a000118:	10000000 	.word	0x10000000
1a00011c:	000000ac 	.word	0x000000ac
1a000120:	1a0037a0 	.word	0x1a0037a0
1a000124:	10080000 	.word	0x10080000
1a000128:	00000000 	.word	0x00000000
1a00012c:	1a0037a0 	.word	0x1a0037a0
1a000130:	20000000 	.word	0x20000000
1a000134:	00000000 	.word	0x00000000
1a000138:	1a0037a0 	.word	0x1a0037a0
1a00013c:	20008000 	.word	0x20008000
1a000140:	00000000 	.word	0x00000000
1a000144:	1a0037a0 	.word	0x1a0037a0
1a000148:	2000c000 	.word	0x2000c000
1a00014c:	00000000 	.word	0x00000000

1a000150 <__bss_section_table>:
1a000150:	100000b0 	.word	0x100000b0
1a000154:	00000198 	.word	0x00000198
1a000158:	10080000 	.word	0x10080000
1a00015c:	00000000 	.word	0x00000000
1a000160:	20000000 	.word	0x20000000
1a000164:	00000000 	.word	0x00000000
1a000168:	20008000 	.word	0x20008000
1a00016c:	00000000 	.word	0x00000000
1a000170:	2000c000 	.word	0x2000c000
1a000174:	00000000 	.word	0x00000000

1a000178 <NMI_Handler>:
}

__attribute__ ((section(".after_vectors")))
void NMI_Handler(void) {
    while (1) {
    }
1a000178:	e7fe      	b.n	1a000178 <NMI_Handler>

1a00017a <HardFault_Handler>:
}
__attribute__ ((section(".after_vectors")))
void HardFault_Handler(void) {
    while (1) {
    }
1a00017a:	e7fe      	b.n	1a00017a <HardFault_Handler>

1a00017c <MemManage_Handler>:
}
__attribute__ ((section(".after_vectors")))
void MemManage_Handler(void) {
    while (1) {
    }
1a00017c:	e7fe      	b.n	1a00017c <MemManage_Handler>

1a00017e <BusFault_Handler>:
}
__attribute__ ((section(".after_vectors")))
void BusFault_Handler(void) {
    while (1) {
    }
1a00017e:	e7fe      	b.n	1a00017e <BusFault_Handler>

1a000180 <UsageFault_Handler>:
}
__attribute__ ((section(".after_vectors")))
void UsageFault_Handler(void) {
    while (1) {
    }
1a000180:	e7fe      	b.n	1a000180 <UsageFault_Handler>

1a000182 <SVC_Handler>:
}
__attribute__ ((section(".after_vectors")))
void SVC_Handler(void) {
    while (1) {
    }
1a000182:	e7fe      	b.n	1a000182 <SVC_Handler>

1a000184 <DebugMon_Handler>:
}
__attribute__ ((section(".after_vectors")))
void DebugMon_Handler(void) {
    while (1) {
    }
1a000184:	e7fe      	b.n	1a000184 <DebugMon_Handler>

1a000186 <PendSV_Handler>:
}
__attribute__ ((section(".after_vectors")))
void PendSV_Handler(void) {
    while (1) {
    }
1a000186:	e7fe      	b.n	1a000186 <PendSV_Handler>
}
__attribute__ ((section(".after_vectors")))
void SysTick_Handler(void) {
    while (1) {
    }
1a000188:	e7fe      	b.n	1a000188 <PendSV_Handler+0x2>

1a00018a <data_init>:
    for (loop = 0; loop < len; loop = loop + 4)
1a00018a:	2300      	movs	r3, #0
1a00018c:	4293      	cmp	r3, r2
1a00018e:	d20a      	bcs.n	1a0001a6 <data_init+0x1c>
void data_init(unsigned int romstart, unsigned int start, unsigned int len) {
1a000190:	b410      	push	{r4}
        *pulDest++ = *pulSrc++;
1a000192:	f850 4b04 	ldr.w	r4, [r0], #4
1a000196:	f841 4b04 	str.w	r4, [r1], #4
    for (loop = 0; loop < len; loop = loop + 4)
1a00019a:	3304      	adds	r3, #4
1a00019c:	4293      	cmp	r3, r2
1a00019e:	d3f8      	bcc.n	1a000192 <data_init+0x8>
}
1a0001a0:	f85d 4b04 	ldr.w	r4, [sp], #4
1a0001a4:	4770      	bx	lr
1a0001a6:	4770      	bx	lr

1a0001a8 <bss_init>:
    for (loop = 0; loop < len; loop = loop + 4)
1a0001a8:	2300      	movs	r3, #0
1a0001aa:	428b      	cmp	r3, r1
1a0001ac:	d204      	bcs.n	1a0001b8 <bss_init+0x10>
        *pulDest++ = 0;
1a0001ae:	2200      	movs	r2, #0
1a0001b0:	f840 2b04 	str.w	r2, [r0], #4
    for (loop = 0; loop < len; loop = loop + 4)
1a0001b4:	3304      	adds	r3, #4
1a0001b6:	e7f8      	b.n	1a0001aa <bss_init+0x2>
}
1a0001b8:	4770      	bx	lr

1a0001ba <ADC0_IRQHandler>:
#endif

__attribute__ ((section(".after_vectors")))
void IntDefaultHandler(void) {
    while (1) {
    }
1a0001ba:	e7fe      	b.n	1a0001ba <ADC0_IRQHandler>
1a0001bc:	ffff ffff 			; <UNDEFINED> instruction: 0xffffffff
1a0001c0:	ffff ffff 			; <UNDEFINED> instruction: 0xffffffff
1a0001c4:	ffff ffff 			; <UNDEFINED> instruction: 0xffffffff
1a0001c8:	ffff ffff 			; <UNDEFINED> instruction: 0xffffffff
1a0001cc:	ffff ffff 			; <UNDEFINED> instruction: 0xffffffff
1a0001d0:	ffff ffff 			; <UNDEFINED> instruction: 0xffffffff
1a0001d4:	ffff ffff 			; <UNDEFINED> instruction: 0xffffffff
1a0001d8:	ffff ffff 			; <UNDEFINED> instruction: 0xffffffff
1a0001dc:	ffff ffff 			; <UNDEFINED> instruction: 0xffffffff
1a0001e0:	ffff ffff 			; <UNDEFINED> instruction: 0xffffffff
1a0001e4:	ffff ffff 			; <UNDEFINED> instruction: 0xffffffff
1a0001e8:	ffff ffff 			; <UNDEFINED> instruction: 0xffffffff
1a0001ec:	ffff ffff 			; <UNDEFINED> instruction: 0xffffffff
1a0001f0:	ffff ffff 			; <UNDEFINED> instruction: 0xffffffff
1a0001f4:	ffff ffff 			; <UNDEFINED> instruction: 0xffffffff
1a0001f8:	ffff ffff 			; <UNDEFINED> instruction: 0xffffffff
1a0001fc:	ffff ffff 			; <UNDEFINED> instruction: 0xffffffff
1a000200:	ffff ffff 			; <UNDEFINED> instruction: 0xffffffff
1a000204:	ffff ffff 			; <UNDEFINED> instruction: 0xffffffff
1a000208:	ffff ffff 			; <UNDEFINED> instruction: 0xffffffff
1a00020c:	ffff ffff 			; <UNDEFINED> instruction: 0xffffffff
1a000210:	ffff ffff 			; <UNDEFINED> instruction: 0xffffffff
1a000214:	ffff ffff 			; <UNDEFINED> instruction: 0xffffffff
1a000218:	ffff ffff 			; <UNDEFINED> instruction: 0xffffffff
1a00021c:	ffff ffff 			; <UNDEFINED> instruction: 0xffffffff
1a000220:	ffff ffff 			; <UNDEFINED> instruction: 0xffffffff
1a000224:	ffff ffff 			; <UNDEFINED> instruction: 0xffffffff
1a000228:	ffff ffff 			; <UNDEFINED> instruction: 0xffffffff
1a00022c:	ffff ffff 			; <UNDEFINED> instruction: 0xffffffff
1a000230:	ffff ffff 			; <UNDEFINED> instruction: 0xffffffff
1a000234:	ffff ffff 			; <UNDEFINED> instruction: 0xffffffff
1a000238:	ffff ffff 			; <UNDEFINED> instruction: 0xffffffff
1a00023c:	ffff ffff 			; <UNDEFINED> instruction: 0xffffffff
1a000240:	ffff ffff 			; <UNDEFINED> instruction: 0xffffffff
1a000244:	ffff ffff 			; <UNDEFINED> instruction: 0xffffffff
1a000248:	ffff ffff 			; <UNDEFINED> instruction: 0xffffffff
1a00024c:	ffff ffff 			; <UNDEFINED> instruction: 0xffffffff
1a000250:	ffff ffff 			; <UNDEFINED> instruction: 0xffffffff
1a000254:	ffff ffff 			; <UNDEFINED> instruction: 0xffffffff
1a000258:	ffff ffff 			; <UNDEFINED> instruction: 0xffffffff
1a00025c:	ffff ffff 			; <UNDEFINED> instruction: 0xffffffff
1a000260:	ffff ffff 			; <UNDEFINED> instruction: 0xffffffff
1a000264:	ffff ffff 			; <UNDEFINED> instruction: 0xffffffff
1a000268:	ffff ffff 			; <UNDEFINED> instruction: 0xffffffff
1a00026c:	ffff ffff 			; <UNDEFINED> instruction: 0xffffffff
1a000270:	ffff ffff 			; <UNDEFINED> instruction: 0xffffffff
1a000274:	ffff ffff 			; <UNDEFINED> instruction: 0xffffffff
1a000278:	ffff ffff 			; <UNDEFINED> instruction: 0xffffffff
1a00027c:	ffff ffff 			; <UNDEFINED> instruction: 0xffffffff
1a000280:	ffff ffff 			; <UNDEFINED> instruction: 0xffffffff
1a000284:	ffff ffff 			; <UNDEFINED> instruction: 0xffffffff
1a000288:	ffff ffff 			; <UNDEFINED> instruction: 0xffffffff
1a00028c:	ffff ffff 			; <UNDEFINED> instruction: 0xffffffff
1a000290:	ffff ffff 			; <UNDEFINED> instruction: 0xffffffff
1a000294:	ffff ffff 			; <UNDEFINED> instruction: 0xffffffff
1a000298:	ffff ffff 			; <UNDEFINED> instruction: 0xffffffff
1a00029c:	ffff ffff 			; <UNDEFINED> instruction: 0xffffffff
1a0002a0:	ffff ffff 			; <UNDEFINED> instruction: 0xffffffff
1a0002a4:	ffff ffff 			; <UNDEFINED> instruction: 0xffffffff
1a0002a8:	ffff ffff 			; <UNDEFINED> instruction: 0xffffffff
1a0002ac:	ffff ffff 			; <UNDEFINED> instruction: 0xffffffff
1a0002b0:	ffff ffff 			; <UNDEFINED> instruction: 0xffffffff
1a0002b4:	ffff ffff 			; <UNDEFINED> instruction: 0xffffffff
1a0002b8:	ffff ffff 			; <UNDEFINED> instruction: 0xffffffff
1a0002bc:	ffff ffff 			; <UNDEFINED> instruction: 0xffffffff
1a0002c0:	ffff ffff 			; <UNDEFINED> instruction: 0xffffffff
1a0002c4:	ffff ffff 			; <UNDEFINED> instruction: 0xffffffff
1a0002c8:	ffff ffff 			; <UNDEFINED> instruction: 0xffffffff
1a0002cc:	ffff ffff 			; <UNDEFINED> instruction: 0xffffffff
1a0002d0:	ffff ffff 			; <UNDEFINED> instruction: 0xffffffff
1a0002d4:	ffff ffff 			; <UNDEFINED> instruction: 0xffffffff
1a0002d8:	ffff ffff 			; <UNDEFINED> instruction: 0xffffffff
1a0002dc:	ffff ffff 			; <UNDEFINED> instruction: 0xffffffff
1a0002e0:	ffff ffff 			; <UNDEFINED> instruction: 0xffffffff
1a0002e4:	ffff ffff 			; <UNDEFINED> instruction: 0xffffffff
1a0002e8:	ffff ffff 			; <UNDEFINED> instruction: 0xffffffff
1a0002ec:	ffff ffff 			; <UNDEFINED> instruction: 0xffffffff
1a0002f0:	ffff ffff 			; <UNDEFINED> instruction: 0xffffffff
1a0002f4:	ffff ffff 			; <UNDEFINED> instruction: 0xffffffff
1a0002f8:	ffff ffff 			; <UNDEFINED> instruction: 0xffffffff

1a0002fc <CRP_WORD>:
1a0002fc:	ffff ffff                                   ....

1a000300 <preciseBitDelay>:

#define TX_PIN  GPIO1  // Pin 32 - TX hacia Heltec
#define DHT11_PIN GPIO7 // Pin para el sensor DHT11

// Delay preciso usando delay() para 300 baud
void preciseBitDelay(void) {
1a000300:	b508      	push	{r3, lr}
    // 300 baud = 3.33 ms por bit (ultra lento pero estable)
    delay(4);  // 3 milisegundos, muy estable
1a000302:	2004      	movs	r0, #4
1a000304:	2100      	movs	r1, #0
1a000306:	f001 fbc1 	bl	1a001a8c <delay>
}
1a00030a:	bd08      	pop	{r3, pc}

1a00030c <softUART_writeByte>:

// Enviar un byte por UART software
void softUART_writeByte(uint8_t data) {
1a00030c:	b538      	push	{r3, r4, r5, lr}
1a00030e:	4605      	mov	r5, r0
    // START bit (LOW)
    gpioWrite(TX_PIN, LOW);
1a000310:	2100      	movs	r1, #0
1a000312:	200f      	movs	r0, #15
1a000314:	f001 f9ae 	bl	1a001674 <gpioWrite>
    preciseBitDelay();
1a000318:	f7ff fff2 	bl	1a000300 <preciseBitDelay>
    
    // 8 bits de datos (LSB primero)
    for(int i = 0; i < 8; i++) {
1a00031c:	2400      	movs	r4, #0
1a00031e:	e006      	b.n	1a00032e <softUART_writeByte+0x22>
        if(data & (1 << i)) {
            gpioWrite(TX_PIN, HIGH);
        } else {
            gpioWrite(TX_PIN, LOW);
1a000320:	2100      	movs	r1, #0
1a000322:	200f      	movs	r0, #15
1a000324:	f001 f9a6 	bl	1a001674 <gpioWrite>
        }
        preciseBitDelay();
1a000328:	f7ff ffea 	bl	1a000300 <preciseBitDelay>
    for(int i = 0; i < 8; i++) {
1a00032c:	3401      	adds	r4, #1
1a00032e:	2c07      	cmp	r4, #7
1a000330:	dc09      	bgt.n	1a000346 <softUART_writeByte+0x3a>
        if(data & (1 << i)) {
1a000332:	fa45 f304 	asr.w	r3, r5, r4
1a000336:	f013 0f01 	tst.w	r3, #1
1a00033a:	d0f1      	beq.n	1a000320 <softUART_writeByte+0x14>
            gpioWrite(TX_PIN, HIGH);
1a00033c:	2101      	movs	r1, #1
1a00033e:	200f      	movs	r0, #15
1a000340:	f001 f998 	bl	1a001674 <gpioWrite>
1a000344:	e7f0      	b.n	1a000328 <softUART_writeByte+0x1c>
    }
    
    // STOP bit (HIGH)
    gpioWrite(TX_PIN, HIGH);
1a000346:	2101      	movs	r1, #1
1a000348:	200f      	movs	r0, #15
1a00034a:	f001 f993 	bl	1a001674 <gpioWrite>
    preciseBitDelay();
1a00034e:	f7ff ffd7 	bl	1a000300 <preciseBitDelay>
}
1a000352:	bd38      	pop	{r3, r4, r5, pc}

1a000354 <softUART_writeString>:

void softUART_writeString(const char* str) {
1a000354:	b510      	push	{r4, lr}
1a000356:	4604      	mov	r4, r0
    while(*str) {
1a000358:	7820      	ldrb	r0, [r4, #0]
1a00035a:	b118      	cbz	r0, 1a000364 <softUART_writeString+0x10>
        softUART_writeByte(*str);
1a00035c:	f7ff ffd6 	bl	1a00030c <softUART_writeByte>
        str++;
1a000360:	3401      	adds	r4, #1
1a000362:	e7f9      	b.n	1a000358 <softUART_writeString+0x4>
    }
}
1a000364:	bd10      	pop	{r4, pc}
1a000366:	Address 0x1a000366 is out of bounds.


1a000368 <main>:

int main(void) {
1a000368:	b570      	push	{r4, r5, r6, lr}
1a00036a:	ed2d 8b02 	vpush	{d8}
1a00036e:	b0a0      	sub	sp, #128	; 0x80
    boardInit();
1a000370:	f001 fb24 	bl	1a0019bc <boardInit>
    
    // UART_USB para debug
    uartConfig(UART_USB, 115200);
1a000374:	f44f 31e1 	mov.w	r1, #115200	; 0x1c200
1a000378:	2003      	movs	r0, #3
1a00037a:	f001 fad3 	bl	1a001924 <uartInit>
    
    adcConfig(ADC_ENABLE);
1a00037e:	2000      	movs	r0, #0
1a000380:	f001 f9e2 	bl	1a001748 <adcInit>
    
    // Inicializar sensor DHT11
    dht11Init(DHT11_PIN);
1a000384:	200c      	movs	r0, #12
1a000386:	f001 fca1 	bl	1a001ccc <dht11Init>
      
    // Configurar GPIO1 como salida (TX)
    gpioInit(TX_PIN, GPIO_OUTPUT);
1a00038a:	2100      	movs	r1, #0
1a00038c:	200f      	movs	r0, #15
1a00038e:	f001 f89b 	bl	1a0014c8 <gpioInit>
    gpioWrite(TX_PIN, HIGH); // Idle state
1a000392:	2101      	movs	r1, #1
1a000394:	200f      	movs	r0, #15
1a000396:	f001 f96d 	bl	1a001674 <gpioWrite>
    
    printf("\n=== EDU-CIAA -> HELTEC (GPIO1 software UART) ===\r\n");
1a00039a:	4823      	ldr	r0, [pc, #140]	; (1a000428 <main+0xc0>)
1a00039c:	f002 fc54 	bl	1a002c48 <puts>
    printf("Sensores: Luz(CH3), HumSuelo(CH2), DHT11(GPIO0)\r\n");
1a0003a0:	4822      	ldr	r0, [pc, #136]	; (1a00042c <main+0xc4>)
1a0003a2:	f002 fc51 	bl	1a002c48 <puts>
    printf("Enviando datos cada 30 segundos...\r\n\n");
1a0003a6:	4822      	ldr	r0, [pc, #136]	; (1a000430 <main+0xc8>)
1a0003a8:	f002 fc4e 	bl	1a002c48 <puts>
    
    int contador = 0;
1a0003ac:	2400      	movs	r4, #0
1a0003ae:	e018      	b.n	1a0003e2 <main+0x7a>
            printf("Error leyendo DHT11 en GPIO7\r\n");
        }
        
        // Crear mensaje con todos los sensores
        char mensaje[100];
        sprintf(mensaje, "temp:%d,hum_air:%d,luz:%d,hum_soil:%d,count:%d\n", 
1a0003b0:	9402      	str	r4, [sp, #8]
1a0003b2:	9601      	str	r6, [sp, #4]
1a0003b4:	9500      	str	r5, [sp, #0]
1a0003b6:	ee18 3a90 	vmov	r3, s17
1a0003ba:	ee18 2a10 	vmov	r2, s16
1a0003be:	491d      	ldr	r1, [pc, #116]	; (1a000434 <main+0xcc>)
1a0003c0:	a807      	add	r0, sp, #28
1a0003c2:	f002 fc49 	bl	1a002c58 <siprintf>
                temp_int, hum_int, luz_percent, hum_suelo, contador);
        
        // Debug en USB
        printf("[TX %d] %s", contador, mensaje);
1a0003c6:	aa07      	add	r2, sp, #28
1a0003c8:	4621      	mov	r1, r4
1a0003ca:	481b      	ldr	r0, [pc, #108]	; (1a000438 <main+0xd0>)
1a0003cc:	f002 fbb6 	bl	1a002b3c <iprintf>
        
        // Enviar por GPIO1 (software UART) al Heltec
        softUART_writeString(mensaje);
1a0003d0:	a807      	add	r0, sp, #28
1a0003d2:	f7ff ffbf 	bl	1a000354 <softUART_writeString>
        
        contador++;
1a0003d6:	3401      	adds	r4, #1
        delay(5000);  // 7 segundos
1a0003d8:	f241 3088 	movw	r0, #5000	; 0x1388
1a0003dc:	2100      	movs	r1, #0
1a0003de:	f001 fb55 	bl	1a001a8c <delay>
        uint8_t luz_percent = leerADC(CH3);
1a0003e2:	2002      	movs	r0, #2
1a0003e4:	f000 f82c 	bl	1a000440 <leerADC>
1a0003e8:	4605      	mov	r5, r0
        delay(500);
1a0003ea:	f44f 70fa 	mov.w	r0, #500	; 0x1f4
1a0003ee:	2100      	movs	r1, #0
1a0003f0:	f001 fb4c 	bl	1a001a8c <delay>
        uint8_t hum_suelo = leerADC(CH2);
1a0003f4:	2001      	movs	r0, #1
1a0003f6:	f000 f823 	bl	1a000440 <leerADC>
1a0003fa:	4606      	mov	r6, r0
        float temperatura = 0;
1a0003fc:	2300      	movs	r3, #0
1a0003fe:	9305      	str	r3, [sp, #20]
        float humedad_aire = 0;
1a000400:	9306      	str	r3, [sp, #24]
        bool dht_ok = dht11Read(&humedad_aire, &temperatura);
1a000402:	a905      	add	r1, sp, #20
1a000404:	a806      	add	r0, sp, #24
1a000406:	f001 fc69 	bl	1a001cdc <dht11Read>
        int temp_int = (int)temperatura;
1a00040a:	ed9d 8a05 	vldr	s16, [sp, #20]
1a00040e:	eebd 8ac8 	vcvt.s32.f32	s16, s16
        int hum_int = (int)humedad_aire;
1a000412:	eddd 8a06 	vldr	s17, [sp, #24]
1a000416:	eefd 8ae8 	vcvt.s32.f32	s17, s17
        if (!dht_ok) {
1a00041a:	2800      	cmp	r0, #0
1a00041c:	d1c8      	bne.n	1a0003b0 <main+0x48>
            printf("Error leyendo DHT11 en GPIO7\r\n");
1a00041e:	4807      	ldr	r0, [pc, #28]	; (1a00043c <main+0xd4>)
1a000420:	f002 fc12 	bl	1a002c48 <puts>
1a000424:	e7c4      	b.n	1a0003b0 <main+0x48>
1a000426:	bf00      	nop
1a000428:	1a003360 	.word	0x1a003360
1a00042c:	1a003394 	.word	0x1a003394
1a000430:	1a0033c8 	.word	0x1a0033c8
1a000434:	1a003410 	.word	0x1a003410
1a000438:	1a003440 	.word	0x1a003440
1a00043c:	1a0033f0 	.word	0x1a0033f0

1a000440 <leerADC>:
#include "leer_adc.h"

uint8_t leerADC(uint8_t channel) {
1a000440:	b500      	push	{lr}
1a000442:	b083      	sub	sp, #12
    uint16_t valorADC;
    uint8_t  valorPorcentual;
    
    // Leer directamente el canal (CH1, CH2, CH3 son defines de sapi)
    valorADC = adcRead(channel);
1a000444:	f001 f9dc 	bl	1a001800 <adcRead>
    
    valorPorcentual = 100 - (((float)valorADC / 1023.0f) * 100.0f);
1a000448:	ee07 0a90 	vmov	s15, r0
1a00044c:	eef8 6a67 	vcvt.f32.u32	s13, s15
1a000450:	eddf 7a09 	vldr	s15, [pc, #36]	; 1a000478 <leerADC+0x38>
1a000454:	ee86 7aa7 	vdiv.f32	s14, s13, s15
1a000458:	eddf 7a08 	vldr	s15, [pc, #32]	; 1a00047c <leerADC+0x3c>
1a00045c:	ee27 7a27 	vmul.f32	s14, s14, s15
1a000460:	ee77 7ac7 	vsub.f32	s15, s15, s14
1a000464:	eefc 7ae7 	vcvt.u32.f32	s15, s15
1a000468:	edcd 7a01 	vstr	s15, [sp, #4]
    return valorPorcentual;
}
1a00046c:	f89d 0004 	ldrb.w	r0, [sp, #4]
1a000470:	b003      	add	sp, #12
1a000472:	f85d fb04 	ldr.w	pc, [sp], #4
1a000476:	bf00      	nop
1a000478:	447fc000 	.word	0x447fc000
1a00047c:	42c80000 	.word	0x42c80000

1a000480 <initialise_monitor_handles>:
}
1a000480:	4770      	bx	lr
1a000482:	Address 0x1a000482 is out of bounds.


1a000484 <Reset_Handler>:
void Reset_Handler(void) {
1a000484:	b510      	push	{r4, lr}
    __asm__ volatile("cpsid i");
1a000486:	b672      	cpsid	i
    *(RESET_CONTROL + 0) = 0x10DF1000;
1a000488:	4b19      	ldr	r3, [pc, #100]	; (1a0004f0 <Reset_Handler+0x6c>)
1a00048a:	4a1a      	ldr	r2, [pc, #104]	; (1a0004f4 <Reset_Handler+0x70>)
1a00048c:	601a      	str	r2, [r3, #0]
    *(RESET_CONTROL + 1) = 0x01DFF7FF;
1a00048e:	3304      	adds	r3, #4
1a000490:	4a19      	ldr	r2, [pc, #100]	; (1a0004f8 <Reset_Handler+0x74>)
1a000492:	601a      	str	r2, [r3, #0]
    for (irqpendloop = 0; irqpendloop < 8; irqpendloop++) {
1a000494:	2300      	movs	r3, #0
1a000496:	e005      	b.n	1a0004a4 <Reset_Handler+0x20>
        *(NVIC_ICPR + irqpendloop) = 0xFFFFFFFF;
1a000498:	4a18      	ldr	r2, [pc, #96]	; (1a0004fc <Reset_Handler+0x78>)
1a00049a:	f04f 31ff 	mov.w	r1, #4294967295
1a00049e:	f842 1023 	str.w	r1, [r2, r3, lsl #2]
    for (irqpendloop = 0; irqpendloop < 8; irqpendloop++) {
1a0004a2:	3301      	adds	r3, #1
1a0004a4:	2b07      	cmp	r3, #7
1a0004a6:	d9f7      	bls.n	1a000498 <Reset_Handler+0x14>
    __asm__ volatile("cpsie i");
1a0004a8:	b662      	cpsie	i
    SectionTableAddr = &__data_section_table;
1a0004aa:	4b15      	ldr	r3, [pc, #84]	; (1a000500 <Reset_Handler+0x7c>)
    while (SectionTableAddr < &__data_section_table_end) {
1a0004ac:	e007      	b.n	1a0004be <Reset_Handler+0x3a>
        SectionLen = *SectionTableAddr++;
1a0004ae:	f103 040c 	add.w	r4, r3, #12
        data_init(LoadAddr, ExeAddr, SectionLen);
1a0004b2:	689a      	ldr	r2, [r3, #8]
1a0004b4:	6859      	ldr	r1, [r3, #4]
1a0004b6:	6818      	ldr	r0, [r3, #0]
1a0004b8:	f7ff fe67 	bl	1a00018a <data_init>
        SectionLen = *SectionTableAddr++;
1a0004bc:	4623      	mov	r3, r4
    while (SectionTableAddr < &__data_section_table_end) {
1a0004be:	4a11      	ldr	r2, [pc, #68]	; (1a000504 <Reset_Handler+0x80>)
1a0004c0:	4293      	cmp	r3, r2
1a0004c2:	d3f4      	bcc.n	1a0004ae <Reset_Handler+0x2a>
1a0004c4:	e006      	b.n	1a0004d4 <Reset_Handler+0x50>
        ExeAddr = *SectionTableAddr++;
1a0004c6:	461c      	mov	r4, r3
        bss_init(ExeAddr, SectionLen);
1a0004c8:	6859      	ldr	r1, [r3, #4]
1a0004ca:	f854 0b08 	ldr.w	r0, [r4], #8
1a0004ce:	f7ff fe6b 	bl	1a0001a8 <bss_init>
        SectionLen = *SectionTableAddr++;
1a0004d2:	4623      	mov	r3, r4
    while (SectionTableAddr < &__bss_section_table_end) {
1a0004d4:	4a0c      	ldr	r2, [pc, #48]	; (1a000508 <Reset_Handler+0x84>)
1a0004d6:	4293      	cmp	r3, r2
1a0004d8:	d3f5      	bcc.n	1a0004c6 <Reset_Handler+0x42>
    SystemInit();
1a0004da:	f000 ffb1 	bl	1a001440 <SystemInit>
    __libc_init_array();
1a0004de:	f001 ff6b 	bl	1a0023b8 <__libc_init_array>
    initialise_monitor_handles();
1a0004e2:	f7ff ffcd 	bl	1a000480 <initialise_monitor_handles>
    main();
1a0004e6:	f7ff ff3f 	bl	1a000368 <main>
        __asm__ volatile("wfi");
1a0004ea:	bf30      	wfi
1a0004ec:	e7fd      	b.n	1a0004ea <Reset_Handler+0x66>
1a0004ee:	bf00      	nop
1a0004f0:	40053100 	.word	0x40053100
1a0004f4:	10df1000 	.word	0x10df1000
1a0004f8:	01dff7ff 	.word	0x01dff7ff
1a0004fc:	e000e280 	.word	0xe000e280
1a000500:	1a000114 	.word	0x1a000114
1a000504:	1a000150 	.word	0x1a000150
1a000508:	1a000178 	.word	0x1a000178

1a00050c <_fini>:
void _fini(void) {}
1a00050c:	4770      	bx	lr

1a00050e <_init>:
void _init(void) {}
1a00050e:	4770      	bx	lr

1a000510 <_close_r>:
   (void) __params__;
}

USED int _close_r(struct _reent *r, int fd) {
   UNUSED(fd);
   SET_ERR(EBADF);
1a000510:	2309      	movs	r3, #9
1a000512:	6003      	str	r3, [r0, #0]
   return -1;
}
1a000514:	f04f 30ff 	mov.w	r0, #4294967295
1a000518:	4770      	bx	lr

1a00051a <_fstat_r>:
}

USED int _fstat_r(struct _reent *r, int fd, struct stat *st) {
   UNUSED(fd);
   UNUSED(st);
   SET_ERR(ENOSYS);
1a00051a:	2358      	movs	r3, #88	; 0x58
1a00051c:	6003      	str	r3, [r0, #0]
   return -1;
}
1a00051e:	f04f 30ff 	mov.w	r0, #4294967295
1a000522:	4770      	bx	lr

1a000524 <_isatty_r>:
   UNUSED(r);
   return 1;
}

USED int _isatty_r(struct _reent *r, int fd) {
   switch (fd) {
1a000524:	2902      	cmp	r1, #2
1a000526:	d904      	bls.n	1a000532 <_isatty_r+0xe>
   case 0:
   case 1:
   case 2:
       return 1;
   default:
       SET_ERR(EBADF);
1a000528:	2309      	movs	r3, #9
1a00052a:	6003      	str	r3, [r0, #0]
       return -1;
1a00052c:	f04f 30ff 	mov.w	r0, #4294967295
1a000530:	4770      	bx	lr
       return 1;
1a000532:	2001      	movs	r0, #1
   }
}
1a000534:	4770      	bx	lr

1a000536 <_lseek_r>:

USED _off_t _lseek_r(struct _reent *r, int fd, _off_t off, int w) {
   UNUSED(fd);
   UNUSED(off);
   UNUSED(w);
   SET_ERR(ENOSYS);
1a000536:	2358      	movs	r3, #88	; 0x58
1a000538:	6003      	str	r3, [r0, #0]
   return -1;
}
1a00053a:	f04f 30ff 	mov.w	r0, #4294967295
1a00053e:	4770      	bx	lr

1a000540 <_read_r>:
   }
}
*/
USED _ssize_t _read_r(struct _reent *r, int fd, void *b, size_t n) {
  size_t i = 0;
  switch (fd) {
1a000540:	2902      	cmp	r1, #2
1a000542:	d81f      	bhi.n	1a000584 <_read_r+0x44>
USED _ssize_t _read_r(struct _reent *r, int fd, void *b, size_t n) {
1a000544:	e92d 41f0 	stmdb	sp!, {r4, r5, r6, r7, r8, lr}
1a000548:	461d      	mov	r5, r3
1a00054a:	4617      	mov	r7, r2
1a00054c:	4606      	mov	r6, r0
  size_t i = 0;
1a00054e:	2400      	movs	r4, #0
  case 0:
  case 1:
  case 2:
      while( i < n ){
1a000550:	42ac      	cmp	r4, r5
1a000552:	d211      	bcs.n	1a000578 <_read_r+0x38>
         int c = __stdio_getchar();
1a000554:	f000 f987 	bl	1a000866 <__stdio_getchar>
         if( c != -1 ){
1a000558:	f1b0 3fff 	cmp.w	r0, #4294967295
1a00055c:	d0f8      	beq.n	1a000550 <_read_r+0x10>
            ((char*) b)[i++] = (char) c;
1a00055e:	f104 0801 	add.w	r8, r4, #1
1a000562:	5538      	strb	r0, [r7, r4]
            if( c == '\r' || c == '\n' ){
1a000564:	280d      	cmp	r0, #13
1a000566:	d003      	beq.n	1a000570 <_read_r+0x30>
1a000568:	280a      	cmp	r0, #10
1a00056a:	d001      	beq.n	1a000570 <_read_r+0x30>
            ((char*) b)[i++] = (char) c;
1a00056c:	4644      	mov	r4, r8
1a00056e:	e7ef      	b.n	1a000550 <_read_r+0x10>
               // read anotherone to prevent \r\n
               (void) __stdio_getchar();
1a000570:	f000 f979 	bl	1a000866 <__stdio_getchar>
               return i;
1a000574:	4640      	mov	r0, r8
1a000576:	e003      	b.n	1a000580 <_read_r+0x40>
            }
         }
      }
      SET_ERR(ENODEV);
1a000578:	2313      	movs	r3, #19
1a00057a:	6033      	str	r3, [r6, #0]
      return -1;
1a00057c:	f04f 30ff 	mov.w	r0, #4294967295
  default:
      SET_ERR(ENODEV);
      return -1;
  }
}
1a000580:	e8bd 81f0 	ldmia.w	sp!, {r4, r5, r6, r7, r8, pc}
      SET_ERR(ENODEV);
1a000584:	2313      	movs	r3, #19
1a000586:	6003      	str	r3, [r0, #0]
      return -1;
1a000588:	f04f 30ff 	mov.w	r0, #4294967295
}
1a00058c:	4770      	bx	lr

1a00058e <_write_r>:
   return -1;
}

USED _ssize_t _write_r(struct _reent *r, int fd, const void *b, size_t n) {
   size_t i;
   switch (fd) {
1a00058e:	2902      	cmp	r1, #2
1a000590:	d80c      	bhi.n	1a0005ac <_write_r+0x1e>
USED _ssize_t _write_r(struct _reent *r, int fd, const void *b, size_t n) {
1a000592:	b570      	push	{r4, r5, r6, lr}
1a000594:	461d      	mov	r5, r3
1a000596:	4616      	mov	r6, r2
   case 0:
   case 1:
   case 2:
       for (i = 0; i < n; i++)
1a000598:	2400      	movs	r4, #0
1a00059a:	42ac      	cmp	r4, r5
1a00059c:	d204      	bcs.n	1a0005a8 <_write_r+0x1a>
           __stdio_putchar(((char*) b)[i]);
1a00059e:	5d30      	ldrb	r0, [r6, r4]
1a0005a0:	f000 f95c 	bl	1a00085c <__stdio_putchar>
       for (i = 0; i < n; i++)
1a0005a4:	3401      	adds	r4, #1
1a0005a6:	e7f8      	b.n	1a00059a <_write_r+0xc>
       return n;
1a0005a8:	4628      	mov	r0, r5
   default:
       SET_ERR(ENODEV);
       return -1;
   }
}
1a0005aa:	bd70      	pop	{r4, r5, r6, pc}
       SET_ERR(ENODEV);
1a0005ac:	2313      	movs	r3, #19
1a0005ae:	6003      	str	r3, [r0, #0]
       return -1;
1a0005b0:	f04f 30ff 	mov.w	r0, #4294967295
}
1a0005b4:	4770      	bx	lr
1a0005b6:	Address 0x1a0005b6 is out of bounds.


1a0005b8 <_sbrk_r>:

USED void *_sbrk_r(struct _reent *r, ptrdiff_t incr) {
   extern int _pvHeapStart;
   static void *heap_end;
   void *prev_heap_end;
   if (heap_end == 0) {
1a0005b8:	4b05      	ldr	r3, [pc, #20]	; (1a0005d0 <_sbrk_r+0x18>)
1a0005ba:	681b      	ldr	r3, [r3, #0]
1a0005bc:	b123      	cbz	r3, 1a0005c8 <_sbrk_r+0x10>
       heap_end = &_pvHeapStart;
   }
   prev_heap_end = heap_end;
1a0005be:	4b04      	ldr	r3, [pc, #16]	; (1a0005d0 <_sbrk_r+0x18>)
1a0005c0:	6818      	ldr	r0, [r3, #0]
   heap_end += incr;
1a0005c2:	4401      	add	r1, r0
1a0005c4:	6019      	str	r1, [r3, #0]
   return prev_heap_end;
}
1a0005c6:	4770      	bx	lr
       heap_end = &_pvHeapStart;
1a0005c8:	4b01      	ldr	r3, [pc, #4]	; (1a0005d0 <_sbrk_r+0x18>)
1a0005ca:	4a02      	ldr	r2, [pc, #8]	; (1a0005d4 <_sbrk_r+0x1c>)
1a0005cc:	601a      	str	r2, [r3, #0]
1a0005ce:	e7f6      	b.n	1a0005be <_sbrk_r+0x6>
1a0005d0:	100000b0 	.word	0x100000b0
1a0005d4:	10000248 	.word	0x10000248

1a0005d8 <Board_SetupMuxing>:
 * @return	Nothing
 */
STATIC INLINE void Chip_SCU_SetPinMuxing(const PINMUX_GRP_T *pinArray, uint32_t arrayLength)
{
	uint32_t ix;
	for (ix = 0; ix < arrayLength; ix++ ) {
1a0005d8:	2300      	movs	r3, #0
1a0005da:	2b1c      	cmp	r3, #28
1a0005dc:	d812      	bhi.n	1a000604 <Board_SetupMuxing+0x2c>
    #endif
};


void Board_SetupMuxing(void)
{
1a0005de:	b410      	push	{r4}
		Chip_SCU_PinMuxSet(pinArray[ix].pingrp, pinArray[ix].pinnum, pinArray[ix].modefunc);
1a0005e0:	4a09      	ldr	r2, [pc, #36]	; (1a000608 <Board_SetupMuxing+0x30>)
1a0005e2:	eb02 0183 	add.w	r1, r2, r3, lsl #2
1a0005e6:	f812 4023 	ldrb.w	r4, [r2, r3, lsl #2]
1a0005ea:	784a      	ldrb	r2, [r1, #1]
1a0005ec:	8848      	ldrh	r0, [r1, #2]
	LPC_SCU->SFSP[port][pin] = modefunc;
1a0005ee:	eb02 1244 	add.w	r2, r2, r4, lsl #5
1a0005f2:	4906      	ldr	r1, [pc, #24]	; (1a00060c <Board_SetupMuxing+0x34>)
1a0005f4:	f841 0022 	str.w	r0, [r1, r2, lsl #2]
	for (ix = 0; ix < arrayLength; ix++ ) {
1a0005f8:	3301      	adds	r3, #1
1a0005fa:	2b1c      	cmp	r3, #28
1a0005fc:	d9f0      	bls.n	1a0005e0 <Board_SetupMuxing+0x8>
    Chip_SCU_SetPinMuxing(pinmuxing, sizeof(pinmuxing) / sizeof(PINMUX_GRP_T));
}
1a0005fe:	f85d 4b04 	ldr.w	r4, [sp], #4
1a000602:	4770      	bx	lr
1a000604:	4770      	bx	lr
1a000606:	bf00      	nop
1a000608:	1a003450 	.word	0x1a003450
1a00060c:	40086000 	.word	0x40086000

1a000610 <Board_SetupClocking>:


void Board_SetupClocking(void)
{
1a000610:	b510      	push	{r4, lr}
 */
STATIC INLINE void Chip_CREG_SetFlashAcceleration(uint32_t Hz)
{
	uint32_t FAValue = Hz / 21510000;

	LPC_CREG->FLASHCFGA = (LPC_CREG->FLASHCFGA & (~(0xF << 12))) | (FAValue << 12);
1a000612:	4a17      	ldr	r2, [pc, #92]	; (1a000670 <Board_SetupClocking+0x60>)
1a000614:	f8d2 3120 	ldr.w	r3, [r2, #288]	; 0x120
1a000618:	f423 4370 	bic.w	r3, r3, #61440	; 0xf000
1a00061c:	f443 4310 	orr.w	r3, r3, #36864	; 0x9000
1a000620:	f8c2 3120 	str.w	r3, [r2, #288]	; 0x120
	LPC_CREG->FLASHCFGB = (LPC_CREG->FLASHCFGB & (~(0xF << 12))) | (FAValue << 12);
1a000624:	f8d2 3124 	ldr.w	r3, [r2, #292]	; 0x124
1a000628:	f423 4370 	bic.w	r3, r3, #61440	; 0xf000
1a00062c:	f443 4310 	orr.w	r3, r3, #36864	; 0x9000
1a000630:	f8c2 3124 	str.w	r3, [r2, #292]	; 0x124
    Chip_CREG_SetFlashAcceleration(MAX_CLOCK_FREQ);
    Chip_SetupCoreClock(CLKIN_CRYSTAL, MAX_CLOCK_FREQ, true);
1a000634:	2201      	movs	r2, #1
1a000636:	490f      	ldr	r1, [pc, #60]	; (1a000674 <Board_SetupClocking+0x64>)
1a000638:	2006      	movs	r0, #6
1a00063a:	f000 f9b5 	bl	1a0009a8 <Chip_SetupCoreClock>

    /* Setup system base clocks and initial states. This won't enable and
       disable individual clocks, but sets up the base clock sources for
       each individual peripheral clock. */
    for (uint32_t i = 0; i < (sizeof(InitClkStates) / sizeof(InitClkStates[0])); ++i)
1a00063e:	2400      	movs	r4, #0
1a000640:	b14c      	cbz	r4, 1a000656 <Board_SetupClocking+0x46>
        Chip_Clock_SetBaseClock (c->clk, c->clkin, c->autoblock_enab,
                                c->powerdn);
    }

    /* Reset and enable 32Khz oscillator */
    LPC_CREG->CREG0 &= ~((1 << 3) | (1 << 2));
1a000642:	4b0b      	ldr	r3, [pc, #44]	; (1a000670 <Board_SetupClocking+0x60>)
1a000644:	685a      	ldr	r2, [r3, #4]
1a000646:	f022 020c 	bic.w	r2, r2, #12
1a00064a:	605a      	str	r2, [r3, #4]
    LPC_CREG->CREG0 |= (1 << 1) | (1 << 0);
1a00064c:	685a      	ldr	r2, [r3, #4]
1a00064e:	f042 0203 	orr.w	r2, r2, #3
1a000652:	605a      	str	r2, [r3, #4]
}
1a000654:	bd10      	pop	{r4, pc}
        Chip_Clock_SetBaseClock (c->clk, c->clkin, c->autoblock_enab,
1a000656:	4808      	ldr	r0, [pc, #32]	; (1a000678 <Board_SetupClocking+0x68>)
1a000658:	eb00 0184 	add.w	r1, r0, r4, lsl #2
1a00065c:	2301      	movs	r3, #1
1a00065e:	788a      	ldrb	r2, [r1, #2]
1a000660:	7849      	ldrb	r1, [r1, #1]
1a000662:	f810 0024 	ldrb.w	r0, [r0, r4, lsl #2]
1a000666:	f000 fd5f 	bl	1a001128 <Chip_Clock_SetBaseClock>
    for (uint32_t i = 0; i < (sizeof(InitClkStates) / sizeof(InitClkStates[0])); ++i)
1a00066a:	3401      	adds	r4, #1
1a00066c:	e7e8      	b.n	1a000640 <Board_SetupClocking+0x30>
1a00066e:	bf00      	nop
1a000670:	40043000 	.word	0x40043000
1a000674:	0c28cb00 	.word	0x0c28cb00
1a000678:	1a00344c 	.word	0x1a00344c

1a00067c <Board_SystemInit>:


/* Set up and initialize hardware prior to call to main */
void Board_SystemInit(void)
{
1a00067c:	b508      	push	{r3, lr}
    /* Setup system clocking and memory. This is done early to allow the
       application and tools to clear memory and use scatter loading to
       external memory. */
    Board_SetupMuxing();
1a00067e:	f7ff ffab 	bl	1a0005d8 <Board_SetupMuxing>
    Board_SetupClocking();
1a000682:	f7ff ffc5 	bl	1a000610 <Board_SetupClocking>
}
1a000686:	bd08      	pop	{r3, pc}

1a000688 <Board_LED_Init>:
#define GPIO_PORTS_SIZE     (sizeof(GpioPorts) / sizeof(struct gpio_t))


static void Board_LED_Init()
{
   for (uint32_t i = 0; i < GPIO_LEDS_SIZE; ++i) {
1a000688:	2200      	movs	r2, #0
1a00068a:	2a05      	cmp	r2, #5
1a00068c:	d819      	bhi.n	1a0006c2 <Board_LED_Init+0x3a>
{
1a00068e:	b470      	push	{r4, r5, r6}
      const struct gpio_t *io = &GpioLeds[i];
      Chip_GPIO_SetPinDIROutput(LPC_GPIO_PORT, io->port, io->pin);
1a000690:	490c      	ldr	r1, [pc, #48]	; (1a0006c4 <Board_LED_Init+0x3c>)
1a000692:	f811 5012 	ldrb.w	r5, [r1, r2, lsl #1]
1a000696:	eb01 0142 	add.w	r1, r1, r2, lsl #1
1a00069a:	784c      	ldrb	r4, [r1, #1]
 * @param	pin		: GPIO pin to set direction on as output
 * @return	Nothing
 */
STATIC INLINE void Chip_GPIO_SetPinDIROutput(LPC_GPIO_T *pGPIO, uint8_t port, uint8_t pin)
{
	pGPIO->DIR[port] |= 1UL << pin;
1a00069c:	4b0a      	ldr	r3, [pc, #40]	; (1a0006c8 <Board_LED_Init+0x40>)
1a00069e:	f505 6600 	add.w	r6, r5, #2048	; 0x800
1a0006a2:	f853 1026 	ldr.w	r1, [r3, r6, lsl #2]
1a0006a6:	2001      	movs	r0, #1
1a0006a8:	40a0      	lsls	r0, r4
1a0006aa:	4301      	orrs	r1, r0
1a0006ac:	f843 1026 	str.w	r1, [r3, r6, lsl #2]
	pGPIO->B[port][pin] = setting;
1a0006b0:	eb03 1345 	add.w	r3, r3, r5, lsl #5
1a0006b4:	2100      	movs	r1, #0
1a0006b6:	5519      	strb	r1, [r3, r4]
   for (uint32_t i = 0; i < GPIO_LEDS_SIZE; ++i) {
1a0006b8:	3201      	adds	r2, #1
1a0006ba:	2a05      	cmp	r2, #5
1a0006bc:	d9e8      	bls.n	1a000690 <Board_LED_Init+0x8>
      Chip_GPIO_SetPinState(LPC_GPIO_PORT, io->port, io->pin, false);
   }
}
1a0006be:	bc70      	pop	{r4, r5, r6}
1a0006c0:	4770      	bx	lr
1a0006c2:	4770      	bx	lr
1a0006c4:	1a0034d0 	.word	0x1a0034d0
1a0006c8:	400f4000 	.word	0x400f4000

1a0006cc <Board_TEC_Init>:


static void Board_TEC_Init()
{
   for (uint32_t i = 0; i < GPIO_BUTTONS_SIZE; ++i) {
1a0006cc:	2300      	movs	r3, #0
1a0006ce:	2b03      	cmp	r3, #3
1a0006d0:	d816      	bhi.n	1a000700 <Board_TEC_Init+0x34>
{
1a0006d2:	b430      	push	{r4, r5}
      const struct gpio_t *io = &GpioButtons[i];
      Chip_GPIO_SetPinDIRInput(LPC_GPIO_PORT, io->port, io->pin);
1a0006d4:	490b      	ldr	r1, [pc, #44]	; (1a000704 <Board_TEC_Init+0x38>)
1a0006d6:	f811 2013 	ldrb.w	r2, [r1, r3, lsl #1]
1a0006da:	eb01 0143 	add.w	r1, r1, r3, lsl #1
1a0006de:	784d      	ldrb	r5, [r1, #1]
 * @param	pin		: GPIO pin to set direction on as input
 * @return	Nothing
 */
STATIC INLINE void Chip_GPIO_SetPinDIRInput(LPC_GPIO_T *pGPIO, uint8_t port, uint8_t pin)
{
	pGPIO->DIR[port] &= ~(1UL << pin);
1a0006e0:	4c09      	ldr	r4, [pc, #36]	; (1a000708 <Board_TEC_Init+0x3c>)
1a0006e2:	f502 6200 	add.w	r2, r2, #2048	; 0x800
1a0006e6:	f854 1022 	ldr.w	r1, [r4, r2, lsl #2]
1a0006ea:	2001      	movs	r0, #1
1a0006ec:	40a8      	lsls	r0, r5
1a0006ee:	ea21 0100 	bic.w	r1, r1, r0
1a0006f2:	f844 1022 	str.w	r1, [r4, r2, lsl #2]
   for (uint32_t i = 0; i < GPIO_BUTTONS_SIZE; ++i) {
1a0006f6:	3301      	adds	r3, #1
1a0006f8:	2b03      	cmp	r3, #3
1a0006fa:	d9eb      	bls.n	1a0006d4 <Board_TEC_Init+0x8>
   }
}
1a0006fc:	bc30      	pop	{r4, r5}
1a0006fe:	4770      	bx	lr
1a000700:	4770      	bx	lr
1a000702:	bf00      	nop
1a000704:	1a0034c8 	.word	0x1a0034c8
1a000708:	400f4000 	.word	0x400f4000

1a00070c <Board_GPIO_Init>:


static void Board_GPIO_Init()
{
   for (uint32_t i = 0; i < GPIO_PORTS_SIZE; ++i) {
1a00070c:	2300      	movs	r3, #0
1a00070e:	2b08      	cmp	r3, #8
1a000710:	d816      	bhi.n	1a000740 <Board_GPIO_Init+0x34>
{
1a000712:	b430      	push	{r4, r5}
      const struct gpio_t *io = &GpioPorts[i];
      Chip_GPIO_SetPinDIRInput(LPC_GPIO_PORT, io->port, io->pin);
1a000714:	490b      	ldr	r1, [pc, #44]	; (1a000744 <Board_GPIO_Init+0x38>)
1a000716:	f811 2013 	ldrb.w	r2, [r1, r3, lsl #1]
1a00071a:	eb01 0143 	add.w	r1, r1, r3, lsl #1
1a00071e:	784d      	ldrb	r5, [r1, #1]
1a000720:	4c09      	ldr	r4, [pc, #36]	; (1a000748 <Board_GPIO_Init+0x3c>)
1a000722:	f502 6200 	add.w	r2, r2, #2048	; 0x800
1a000726:	f854 1022 	ldr.w	r1, [r4, r2, lsl #2]
1a00072a:	2001      	movs	r0, #1
1a00072c:	40a8      	lsls	r0, r5
1a00072e:	ea21 0100 	bic.w	r1, r1, r0
1a000732:	f844 1022 	str.w	r1, [r4, r2, lsl #2]
   for (uint32_t i = 0; i < GPIO_PORTS_SIZE; ++i) {
1a000736:	3301      	adds	r3, #1
1a000738:	2b08      	cmp	r3, #8
1a00073a:	d9eb      	bls.n	1a000714 <Board_GPIO_Init+0x8>
   }
}
1a00073c:	bc30      	pop	{r4, r5}
1a00073e:	4770      	bx	lr
1a000740:	4770      	bx	lr
1a000742:	bf00      	nop
1a000744:	1a0034dc 	.word	0x1a0034dc
1a000748:	400f4000 	.word	0x400f4000

1a00074c <Board_ADC_Init>:
   Chip_SSP_Enable(LPC_SSP1);
}


static void Board_ADC_Init()
{
1a00074c:	b510      	push	{r4, lr}
1a00074e:	b082      	sub	sp, #8
   ADC_CLOCK_SETUP_T cs;

   Chip_ADC_Init(LPC_ADC0, &cs);
1a000750:	4c08      	ldr	r4, [pc, #32]	; (1a000774 <Board_ADC_Init+0x28>)
1a000752:	4669      	mov	r1, sp
1a000754:	4620      	mov	r0, r4
1a000756:	f000 fa0b 	bl	1a000b70 <Chip_ADC_Init>
   Chip_ADC_SetSampleRate(LPC_ADC0, &cs, BOARD_ADC_SAMPLE_RATE);
1a00075a:	4a07      	ldr	r2, [pc, #28]	; (1a000778 <Board_ADC_Init+0x2c>)
1a00075c:	4669      	mov	r1, sp
1a00075e:	4620      	mov	r0, r4
1a000760:	f000 fa71 	bl	1a000c46 <Chip_ADC_SetSampleRate>
   Chip_ADC_SetResolution(LPC_ADC0, &cs, BOARD_ADC_RESOLUTION);
1a000764:	2200      	movs	r2, #0
1a000766:	4669      	mov	r1, sp
1a000768:	4620      	mov	r0, r4
1a00076a:	f000 fa85 	bl	1a000c78 <Chip_ADC_SetResolution>
}
1a00076e:	b002      	add	sp, #8
1a000770:	bd10      	pop	{r4, pc}
1a000772:	bf00      	nop
1a000774:	400e3000 	.word	0x400e3000
1a000778:	00061a80 	.word	0x00061a80

1a00077c <Board_SPI_Init>:
{
1a00077c:	b510      	push	{r4, lr}
   Chip_SSP_Init(LPC_SSP1);
1a00077e:	4c0b      	ldr	r4, [pc, #44]	; (1a0007ac <Board_SPI_Init+0x30>)
1a000780:	4620      	mov	r0, r4
1a000782:	f000 f8b7 	bl	1a0008f4 <Chip_SSP_Init>
 *						- SSP_MODE_SLAVE
 * @return	 Nothing
 */
STATIC INLINE void Chip_SSP_Set_Mode(LPC_SSP_T *pSSP, uint32_t mode)
{
	pSSP->CR1 = (pSSP->CR1 & ~(1 << 2)) | mode;
1a000786:	6863      	ldr	r3, [r4, #4]
1a000788:	f023 0304 	bic.w	r3, r3, #4
1a00078c:	6063      	str	r3, [r4, #4]
	pSSP->CR0 = (pSSP->CR0 & ~0xFF) | bits | frameFormat | clockMode;
1a00078e:	6823      	ldr	r3, [r4, #0]
1a000790:	f023 03ff 	bic.w	r3, r3, #255	; 0xff
1a000794:	f043 0307 	orr.w	r3, r3, #7
1a000798:	6023      	str	r3, [r4, #0]
   Chip_SSP_SetBitRate(LPC_SSP1, BOARD_SPI_SPEED);
1a00079a:	4905      	ldr	r1, [pc, #20]	; (1a0007b0 <Board_SPI_Init+0x34>)
1a00079c:	4620      	mov	r0, r4
1a00079e:	f000 f88a 	bl	1a0008b6 <Chip_SSP_SetBitRate>
	pSSP->CR1 |= SSP_CR1_SSP_EN;
1a0007a2:	6863      	ldr	r3, [r4, #4]
1a0007a4:	f043 0302 	orr.w	r3, r3, #2
1a0007a8:	6063      	str	r3, [r4, #4]
}
1a0007aa:	bd10      	pop	{r4, pc}
1a0007ac:	400c5000 	.word	0x400c5000
1a0007b0:	000186a0 	.word	0x000186a0

1a0007b4 <Board_I2C_Init>:
{
1a0007b4:	b508      	push	{r3, lr}
   Chip_I2C_Init(I2C0);
1a0007b6:	2000      	movs	r0, #0
1a0007b8:	f000 f8c8 	bl	1a00094c <Chip_I2C_Init>
	LPC_SCU->SFSI2C0 = I2C0Mode;
1a0007bc:	4b04      	ldr	r3, [pc, #16]	; (1a0007d0 <Board_I2C_Init+0x1c>)
1a0007be:	f640 0208 	movw	r2, #2056	; 0x808
1a0007c2:	f8c3 2c84 	str.w	r2, [r3, #3204]	; 0xc84
   Chip_I2C_SetClockRate(I2C0, BOARD_I2C_SPEED);
1a0007c6:	4903      	ldr	r1, [pc, #12]	; (1a0007d4 <Board_I2C_Init+0x20>)
1a0007c8:	2000      	movs	r0, #0
1a0007ca:	f000 f8d1 	bl	1a000970 <Chip_I2C_SetClockRate>
}
1a0007ce:	bd08      	pop	{r3, pc}
1a0007d0:	40086000 	.word	0x40086000
1a0007d4:	000f4240 	.word	0x000f4240

1a0007d8 <Board_Debug_Init>:


void Board_Debug_Init(void)
{
1a0007d8:	b510      	push	{r4, lr}
   Chip_UART_Init(DEBUG_UART);
1a0007da:	4c07      	ldr	r4, [pc, #28]	; (1a0007f8 <Board_Debug_Init+0x20>)
1a0007dc:	4620      	mov	r0, r4
1a0007de:	f000 fd77 	bl	1a0012d0 <Chip_UART_Init>
   Chip_UART_SetBaudFDR(DEBUG_UART, DEBUG_UART_BAUD_RATE);
1a0007e2:	f44f 31e1 	mov.w	r1, #115200	; 0x1c200
1a0007e6:	4620      	mov	r0, r4
1a0007e8:	f000 fdbc 	bl	1a001364 <Chip_UART_SetBaudFDR>
 *			stop bit, and even (enabled) parity would be
 *			(UART_LCR_WLEN8 | UART_LCR_SBS_1BIT | UART_LCR_PARITY_EN | UART_LCR_PARITY_EVEN)
 */
STATIC INLINE void Chip_UART_ConfigData(LPC_USART_T *pUART, uint32_t config)
{
	pUART->LCR = config;
1a0007ec:	2303      	movs	r3, #3
1a0007ee:	60e3      	str	r3, [r4, #12]
    pUART->TER2 = UART_TER2_TXEN;
1a0007f0:	2301      	movs	r3, #1
1a0007f2:	65e3      	str	r3, [r4, #92]	; 0x5c
   Chip_UART_ConfigData(DEBUG_UART, DEBUG_UART_CONFIG);
   Chip_UART_TXEnable(DEBUG_UART);
}
1a0007f4:	bd10      	pop	{r4, pc}
1a0007f6:	bf00      	nop
1a0007f8:	400c1000 	.word	0x400c1000

1a0007fc <Board_UARTPutChar>:
 * @note	Mask bits of the returned status value with UART_LSR_*
 *			definitions for specific statuses.
 */
STATIC INLINE uint32_t Chip_UART_ReadLineStatus(LPC_USART_T *pUART)
{
	return pUART->LSR;
1a0007fc:	4b03      	ldr	r3, [pc, #12]	; (1a00080c <Board_UARTPutChar+0x10>)
1a0007fe:	695b      	ldr	r3, [r3, #20]


void Board_UARTPutChar(char ch)
{
   while ( !(Chip_UART_ReadLineStatus(DEBUG_UART) & UART_LSR_THRE));
1a000800:	f013 0f20 	tst.w	r3, #32
1a000804:	d0fa      	beq.n	1a0007fc <Board_UARTPutChar>
	pUART->THR = (uint32_t) data;
1a000806:	4b01      	ldr	r3, [pc, #4]	; (1a00080c <Board_UARTPutChar+0x10>)
1a000808:	6018      	str	r0, [r3, #0]
   Chip_UART_SendByte(DEBUG_UART, (uint8_t) ch);
}
1a00080a:	4770      	bx	lr
1a00080c:	400c1000 	.word	0x400c1000

1a000810 <Board_UARTGetChar>:
	return pUART->LSR;
1a000810:	4b05      	ldr	r3, [pc, #20]	; (1a000828 <Board_UARTGetChar+0x18>)
1a000812:	695b      	ldr	r3, [r3, #20]


int Board_UARTGetChar(void)
{
   if (Chip_UART_ReadLineStatus(DEBUG_UART) & UART_LSR_RDR) {
1a000814:	f013 0f01 	tst.w	r3, #1
1a000818:	d003      	beq.n	1a000822 <Board_UARTGetChar+0x12>
	return (uint8_t) (pUART->RBR & UART_RBR_MASKBIT);
1a00081a:	4b03      	ldr	r3, [pc, #12]	; (1a000828 <Board_UARTGetChar+0x18>)
1a00081c:	6818      	ldr	r0, [r3, #0]
      return (int) Chip_UART_ReadByte(DEBUG_UART);
1a00081e:	b2c0      	uxtb	r0, r0
1a000820:	4770      	bx	lr
   }
   return EOF;
1a000822:	f04f 30ff 	mov.w	r0, #4294967295
}
1a000826:	4770      	bx	lr
1a000828:	400c1000 	.word	0x400c1000

1a00082c <Board_Init>:
   Board_LED_Set(LEDNumber, !Board_LED_Test(LEDNumber));
}


void Board_Init(void)
{
1a00082c:	b508      	push	{r3, lr}
   DEBUGINIT();
1a00082e:	f7ff ffd3 	bl	1a0007d8 <Board_Debug_Init>
   Chip_GPIO_Init (LPC_GPIO_PORT);
1a000832:	4809      	ldr	r0, [pc, #36]	; (1a000858 <Board_Init+0x2c>)
1a000834:	f000 f964 	bl	1a000b00 <Chip_GPIO_Init>

   Board_GPIO_Init();
1a000838:	f7ff ff68 	bl	1a00070c <Board_GPIO_Init>
   Board_ADC_Init();
1a00083c:	f7ff ff86 	bl	1a00074c <Board_ADC_Init>
   Board_SPI_Init();
1a000840:	f7ff ff9c 	bl	1a00077c <Board_SPI_Init>
   Board_I2C_Init();
1a000844:	f7ff ffb6 	bl	1a0007b4 <Board_I2C_Init>

   Board_LED_Init();
1a000848:	f7ff ff1e 	bl	1a000688 <Board_LED_Init>
   Board_TEC_Init();
1a00084c:	f7ff ff3e 	bl	1a0006cc <Board_TEC_Init>
#ifdef USE_RMII
   Chip_ENET_RMIIEnable(LPC_ETHERNET);
#endif

   // Read clock settings and update SystemCoreClock variable
   SystemCoreClockUpdate(); // @Eric
1a000850:	f000 fa3e 	bl	1a000cd0 <SystemCoreClockUpdate>
}
1a000854:	bd08      	pop	{r3, pc}
1a000856:	bf00      	nop
1a000858:	400f4000 	.word	0x400f4000

1a00085c <__stdio_putchar>:
   curADCChannel = 0xFF;
   return data;
}

void __stdio_putchar(int c)
{
1a00085c:	b508      	push	{r3, lr}
   Board_UARTPutChar(c);
1a00085e:	b2c0      	uxtb	r0, r0
1a000860:	f7ff ffcc 	bl	1a0007fc <Board_UARTPutChar>
}
1a000864:	bd08      	pop	{r3, pc}

1a000866 <__stdio_getchar>:

int __stdio_getchar()
{
1a000866:	b508      	push	{r3, lr}
   return Board_UARTGetChar();;
1a000868:	f7ff ffd2 	bl	1a000810 <Board_UARTGetChar>
}
1a00086c:	bd08      	pop	{r3, pc}

1a00086e <__stdio_init>:

void __stdio_init()
{
1a00086e:	b508      	push	{r3, lr}
   Board_Debug_Init();
1a000870:	f7ff ffb2 	bl	1a0007d8 <Board_Debug_Init>
1a000874:	bd08      	pop	{r3, pc}
1a000876:	Address 0x1a000876 is out of bounds.


1a000878 <Chip_SSP_GetClockIndex>:
/* Returns clock index for the register interface */
STATIC CHIP_CCU_CLK_T Chip_SSP_GetClockIndex(LPC_SSP_T *pSSP)
{
	CHIP_CCU_CLK_T clkSSP;

	if (pSSP == LPC_SSP1) {
1a000878:	4b03      	ldr	r3, [pc, #12]	; (1a000888 <Chip_SSP_GetClockIndex+0x10>)
1a00087a:	4298      	cmp	r0, r3
1a00087c:	d001      	beq.n	1a000882 <Chip_SSP_GetClockIndex+0xa>
		clkSSP = CLK_MX_SSP1;
	}
	else {
		clkSSP = CLK_MX_SSP0;
1a00087e:	2083      	movs	r0, #131	; 0x83
	}

	return clkSSP;
}
1a000880:	4770      	bx	lr
		clkSSP = CLK_MX_SSP1;
1a000882:	20a5      	movs	r0, #165	; 0xa5
1a000884:	4770      	bx	lr
1a000886:	bf00      	nop
1a000888:	400c5000 	.word	0x400c5000

1a00088c <Chip_SSP_GetPeriphClockIndex>:
/* Returns clock index for the peripheral block */
STATIC CHIP_CCU_CLK_T Chip_SSP_GetPeriphClockIndex(LPC_SSP_T *pSSP)
{
	CHIP_CCU_CLK_T clkSSP;

	if (pSSP == LPC_SSP1) {
1a00088c:	4b04      	ldr	r3, [pc, #16]	; (1a0008a0 <Chip_SSP_GetPeriphClockIndex+0x14>)
1a00088e:	4298      	cmp	r0, r3
1a000890:	d002      	beq.n	1a000898 <Chip_SSP_GetPeriphClockIndex+0xc>
		clkSSP = CLK_APB2_SSP1;
	}
	else {
		clkSSP = CLK_APB0_SSP0;
1a000892:	f240 2002 	movw	r0, #514	; 0x202
	}

	return clkSSP;
}
1a000896:	4770      	bx	lr
		clkSSP = CLK_APB2_SSP1;
1a000898:	f44f 70f1 	mov.w	r0, #482	; 0x1e2
1a00089c:	4770      	bx	lr
1a00089e:	bf00      	nop
1a0008a0:	400c5000 	.word	0x400c5000

1a0008a4 <Chip_SSP_SetClockRate>:

/*Set up output clocks per bit for SSP bus*/
void Chip_SSP_SetClockRate(LPC_SSP_T *pSSP, uint32_t clk_rate, uint32_t prescale)
{
	uint32_t temp;
	temp = pSSP->CR0 & (~(SSP_CR0_SCR(0xFF)));
1a0008a4:	6803      	ldr	r3, [r0, #0]
1a0008a6:	f423 437f 	bic.w	r3, r3, #65280	; 0xff00
	pSSP->CR0 = temp | (SSP_CR0_SCR(clk_rate));
1a0008aa:	0209      	lsls	r1, r1, #8
1a0008ac:	b289      	uxth	r1, r1
1a0008ae:	4319      	orrs	r1, r3
1a0008b0:	6001      	str	r1, [r0, #0]
	pSSP->CPSR = prescale;
1a0008b2:	6102      	str	r2, [r0, #16]
}
1a0008b4:	4770      	bx	lr

1a0008b6 <Chip_SSP_SetBitRate>:
	}
}

/* Set the clock frequency for SSP interface */
void Chip_SSP_SetBitRate(LPC_SSP_T *pSSP, uint32_t bitRate)
{
1a0008b6:	b570      	push	{r4, r5, r6, lr}
1a0008b8:	4606      	mov	r6, r0
1a0008ba:	460d      	mov	r5, r1
	uint32_t ssp_clk, cr0_div, cmp_clk, prescale;

	ssp_clk = Chip_Clock_GetRate(Chip_SSP_GetPeriphClockIndex(pSSP));
1a0008bc:	f7ff ffe6 	bl	1a00088c <Chip_SSP_GetPeriphClockIndex>
1a0008c0:	f000 fcca 	bl	1a001258 <Chip_Clock_GetRate>

	cr0_div = 0;
	cmp_clk = 0xFFFFFFFF;
	prescale = 2;
1a0008c4:	2202      	movs	r2, #2
	cmp_clk = 0xFFFFFFFF;
1a0008c6:	f04f 33ff 	mov.w	r3, #4294967295
	cr0_div = 0;
1a0008ca:	2100      	movs	r1, #0

	while (cmp_clk > bitRate) {
1a0008cc:	e000      	b.n	1a0008d0 <Chip_SSP_SetBitRate+0x1a>
		cmp_clk = ssp_clk / ((cr0_div + 1) * prescale);
		if (cmp_clk > bitRate) {
			cr0_div++;
1a0008ce:	4621      	mov	r1, r4
	while (cmp_clk > bitRate) {
1a0008d0:	42ab      	cmp	r3, r5
1a0008d2:	d90b      	bls.n	1a0008ec <Chip_SSP_SetBitRate+0x36>
		cmp_clk = ssp_clk / ((cr0_div + 1) * prescale);
1a0008d4:	1c4c      	adds	r4, r1, #1
1a0008d6:	fb02 f304 	mul.w	r3, r2, r4
1a0008da:	fbb0 f3f3 	udiv	r3, r0, r3
		if (cmp_clk > bitRate) {
1a0008de:	429d      	cmp	r5, r3
1a0008e0:	d2f6      	bcs.n	1a0008d0 <Chip_SSP_SetBitRate+0x1a>
			if (cr0_div > 0xFF) {
1a0008e2:	2cff      	cmp	r4, #255	; 0xff
1a0008e4:	d9f3      	bls.n	1a0008ce <Chip_SSP_SetBitRate+0x18>
				cr0_div = 0;
				prescale += 2;
1a0008e6:	3202      	adds	r2, #2
				cr0_div = 0;
1a0008e8:	2100      	movs	r1, #0
1a0008ea:	e7f1      	b.n	1a0008d0 <Chip_SSP_SetBitRate+0x1a>
			}
		}
	}

	Chip_SSP_SetClockRate(pSSP, cr0_div, prescale);
1a0008ec:	4630      	mov	r0, r6
1a0008ee:	f7ff ffd9 	bl	1a0008a4 <Chip_SSP_SetClockRate>
}
1a0008f2:	bd70      	pop	{r4, r5, r6, pc}

1a0008f4 <Chip_SSP_Init>:

/* Initialize the SSP */
void Chip_SSP_Init(LPC_SSP_T *pSSP)
{
1a0008f4:	b510      	push	{r4, lr}
1a0008f6:	4604      	mov	r4, r0
	Chip_Clock_Enable(Chip_SSP_GetClockIndex(pSSP));
1a0008f8:	f7ff ffbe 	bl	1a000878 <Chip_SSP_GetClockIndex>
1a0008fc:	f000 fc78 	bl	1a0011f0 <Chip_Clock_Enable>
	Chip_Clock_Enable(Chip_SSP_GetPeriphClockIndex(pSSP));
1a000900:	4620      	mov	r0, r4
1a000902:	f7ff ffc3 	bl	1a00088c <Chip_SSP_GetPeriphClockIndex>
1a000906:	f000 fc73 	bl	1a0011f0 <Chip_Clock_Enable>
	pSSP->CR1 = (pSSP->CR1 & ~(1 << 2)) | mode;
1a00090a:	6863      	ldr	r3, [r4, #4]
1a00090c:	f023 0304 	bic.w	r3, r3, #4
1a000910:	6063      	str	r3, [r4, #4]
	pSSP->CR0 = (pSSP->CR0 & ~0xFF) | bits | frameFormat | clockMode;
1a000912:	6823      	ldr	r3, [r4, #0]
1a000914:	f023 03ff 	bic.w	r3, r3, #255	; 0xff
1a000918:	f043 0307 	orr.w	r3, r3, #7
1a00091c:	6023      	str	r3, [r4, #0]

	Chip_SSP_Set_Mode(pSSP, SSP_MODE_MASTER);
	Chip_SSP_SetFormat(pSSP, SSP_BITS_8, SSP_FRAMEFORMAT_SPI, SSP_CLOCK_CPHA0_CPOL0);
	Chip_SSP_SetBitRate(pSSP, 100000);
1a00091e:	4902      	ldr	r1, [pc, #8]	; (1a000928 <Chip_SSP_Init+0x34>)
1a000920:	4620      	mov	r0, r4
1a000922:	f7ff ffc8 	bl	1a0008b6 <Chip_SSP_SetBitRate>
}
1a000926:	bd10      	pop	{r4, pc}
1a000928:	000186a0 	.word	0x000186a0

1a00092c <Chip_I2C_EventHandler>:
{
	struct i2c_interface *iic = &i2c[id];
	volatile I2C_STATUS_T *stat;

	/* Only WAIT event needs to be handled */
	if (event != I2C_EVENT_WAIT) {
1a00092c:	2901      	cmp	r1, #1
1a00092e:	d109      	bne.n	1a000944 <Chip_I2C_EventHandler+0x18>
		return;
	}

	stat = &iic->mXfer->status;
1a000930:	ebc0 00c0 	rsb	r0, r0, r0, lsl #3
1a000934:	0082      	lsls	r2, r0, #2
1a000936:	4b04      	ldr	r3, [pc, #16]	; (1a000948 <Chip_I2C_EventHandler+0x1c>)
1a000938:	4413      	add	r3, r2
1a00093a:	691a      	ldr	r2, [r3, #16]
	/* Wait for the status to change */
	while (*stat == I2C_STATUS_BUSY) {}
1a00093c:	7d13      	ldrb	r3, [r2, #20]
1a00093e:	b2db      	uxtb	r3, r3
1a000940:	2b04      	cmp	r3, #4
1a000942:	d0fb      	beq.n	1a00093c <Chip_I2C_EventHandler+0x10>
}
1a000944:	4770      	bx	lr
1a000946:	bf00      	nop
1a000948:	10000000 	.word	0x10000000

1a00094c <Chip_I2C_Init>:
	}
}

/* Initializes the LPC_I2C peripheral with specified parameter */
void Chip_I2C_Init(I2C_ID_T id)
{
1a00094c:	b570      	push	{r4, r5, r6, lr}
1a00094e:	4605      	mov	r5, r0
	Chip_Clock_Enable(i2c[id].clk);
1a000950:	4e06      	ldr	r6, [pc, #24]	; (1a00096c <Chip_I2C_Init+0x20>)
1a000952:	00c4      	lsls	r4, r0, #3
1a000954:	1a22      	subs	r2, r4, r0
1a000956:	0093      	lsls	r3, r2, #2
1a000958:	4433      	add	r3, r6
1a00095a:	8898      	ldrh	r0, [r3, #4]
1a00095c:	f000 fc48 	bl	1a0011f0 <Chip_Clock_Enable>
	enableClk(id);

	/* Set I2C operation to default */
	LPC_I2Cx(id)->CONCLR = (I2C_CON_AA | I2C_CON_SI | I2C_CON_STA | I2C_CON_I2EN);
1a000960:	1b64      	subs	r4, r4, r5
1a000962:	00a3      	lsls	r3, r4, #2
1a000964:	58f3      	ldr	r3, [r6, r3]
1a000966:	226c      	movs	r2, #108	; 0x6c
1a000968:	619a      	str	r2, [r3, #24]
}
1a00096a:	bd70      	pop	{r4, r5, r6, pc}
1a00096c:	10000000 	.word	0x10000000

1a000970 <Chip_I2C_SetClockRate>:
	disableClk(id);
}

/* Set up clock rate for LPC_I2C peripheral */
void Chip_I2C_SetClockRate(I2C_ID_T id, uint32_t clockrate)
{
1a000970:	e92d 41f0 	stmdb	sp!, {r4, r5, r6, r7, r8, lr}
1a000974:	460c      	mov	r4, r1
	return Chip_Clock_GetRate(i2c[id].clk);
1a000976:	4e0b      	ldr	r6, [pc, #44]	; (1a0009a4 <Chip_I2C_SetClockRate+0x34>)
1a000978:	00c5      	lsls	r5, r0, #3
1a00097a:	1a2b      	subs	r3, r5, r0
1a00097c:	ea4f 0883 	mov.w	r8, r3, lsl #2
1a000980:	eb06 0308 	add.w	r3, r6, r8
1a000984:	8898      	ldrh	r0, [r3, #4]
1a000986:	f000 fc67 	bl	1a001258 <Chip_Clock_GetRate>
	uint32_t SCLValue;

	SCLValue = (getClkRate(id) / clockrate);
1a00098a:	fbb0 f0f4 	udiv	r0, r0, r4
	LPC_I2Cx(id)->SCLH = (uint32_t) (SCLValue >> 1);
1a00098e:	f856 3008 	ldr.w	r3, [r6, r8]
1a000992:	0842      	lsrs	r2, r0, #1
1a000994:	611a      	str	r2, [r3, #16]
	LPC_I2Cx(id)->SCLL = (uint32_t) (SCLValue - LPC_I2Cx(id)->SCLH);
1a000996:	f856 3008 	ldr.w	r3, [r6, r8]
1a00099a:	691a      	ldr	r2, [r3, #16]
1a00099c:	1a80      	subs	r0, r0, r2
1a00099e:	6158      	str	r0, [r3, #20]
}
1a0009a0:	e8bd 81f0 	ldmia.w	sp!, {r4, r5, r6, r7, r8, pc}
1a0009a4:	10000000 	.word	0x10000000

1a0009a8 <Chip_SetupCoreClock>:
/*****************************************************************************
 * Public functions
 ****************************************************************************/
/* Setup Chip Core clock */
void Chip_SetupCoreClock(CHIP_CGU_CLKIN_T clkin, uint32_t core_freq, bool setbase)
{
1a0009a8:	b570      	push	{r4, r5, r6, lr}
1a0009aa:	b08a      	sub	sp, #40	; 0x28
1a0009ac:	4605      	mov	r5, r0
1a0009ae:	460e      	mov	r6, r1
1a0009b0:	4614      	mov	r4, r2
	int i;
	volatile uint32_t delay = 50000; // FIXME: original was 500, fix for horrible crystals. @Eric
1a0009b2:	f24c 3350 	movw	r3, #50000	; 0xc350
1a0009b6:	9309      	str	r3, [sp, #36]	; 0x24
	uint32_t direct = 0, pdivide = 0;
	PLL_PARAM_T ppll;

	if (clkin == CLKIN_CRYSTAL) {
1a0009b8:	2806      	cmp	r0, #6
1a0009ba:	d018      	beq.n	1a0009ee <Chip_SetupCoreClock+0x46>
		/* Switch main system clocking to crystal */
		Chip_Clock_EnableCrystal();
	}
	Chip_Clock_SetBaseClock(CLK_BASE_MX, clkin, true, false);
1a0009bc:	2300      	movs	r3, #0
1a0009be:	2201      	movs	r2, #1
1a0009c0:	4629      	mov	r1, r5
1a0009c2:	2004      	movs	r0, #4
1a0009c4:	f000 fbb0 	bl	1a001128 <Chip_Clock_SetBaseClock>
 * Saves power if the main PLL is not needed.
 */
__STATIC_INLINE void Chip_Clock_DisableMainPLL(void)
{
	/* power down main PLL */
	LPC_CGU->PLL1_CTRL |= 1;
1a0009c8:	4a4a      	ldr	r2, [pc, #296]	; (1a000af4 <Chip_SetupCoreClock+0x14c>)
1a0009ca:	6c53      	ldr	r3, [r2, #68]	; 0x44
1a0009cc:	f043 0301 	orr.w	r3, r3, #1
1a0009d0:	6453      	str	r3, [r2, #68]	; 0x44
	Chip_Clock_DisableMainPLL(); /* Disable PLL */

	/* Calculate the PLL Parameters */
	ppll.srcin = clkin;
1a0009d2:	f88d 5008 	strb.w	r5, [sp, #8]
	Chip_Clock_CalcMainPLLValue(core_freq, &ppll);
1a0009d6:	a901      	add	r1, sp, #4
1a0009d8:	4630      	mov	r0, r6
1a0009da:	f000 fb1d 	bl	1a001018 <Chip_Clock_CalcMainPLLValue>

	if (core_freq > 110000000UL) {
1a0009de:	4b46      	ldr	r3, [pc, #280]	; (1a000af8 <Chip_SetupCoreClock+0x150>)
1a0009e0:	429e      	cmp	r6, r3
1a0009e2:	d916      	bls.n	1a000a12 <Chip_SetupCoreClock+0x6a>
		if (ppll.ctrl & (1 << 6)) {
1a0009e4:	9b01      	ldr	r3, [sp, #4]
1a0009e6:	f013 0f40 	tst.w	r3, #64	; 0x40
1a0009ea:	d003      	beq.n	1a0009f4 <Chip_SetupCoreClock+0x4c>
			while(1);		// to run in integer mode above 110 MHz, you need to use IDIV clock to boot strap CPU to that freq
1a0009ec:	e7fe      	b.n	1a0009ec <Chip_SetupCoreClock+0x44>
		Chip_Clock_EnableCrystal();
1a0009ee:	f000 fa75 	bl	1a000edc <Chip_Clock_EnableCrystal>
1a0009f2:	e7e3      	b.n	1a0009bc <Chip_SetupCoreClock+0x14>
		} else if (ppll.ctrl & (1 << 7)){
1a0009f4:	f013 0f80 	tst.w	r3, #128	; 0x80
1a0009f8:	d005      	beq.n	1a000a06 <Chip_SetupCoreClock+0x5e>
			direct = 1;
			ppll.ctrl &= ~(1 << 7);
1a0009fa:	f023 0380 	bic.w	r3, r3, #128	; 0x80
1a0009fe:	9301      	str	r3, [sp, #4]
	uint32_t direct = 0, pdivide = 0;
1a000a00:	2500      	movs	r5, #0
			direct = 1;
1a000a02:	2601      	movs	r6, #1
1a000a04:	e007      	b.n	1a000a16 <Chip_SetupCoreClock+0x6e>
		} else {
			pdivide = 1;
			ppll.psel++;
1a000a06:	9b04      	ldr	r3, [sp, #16]
1a000a08:	3301      	adds	r3, #1
1a000a0a:	9304      	str	r3, [sp, #16]
			pdivide = 1;
1a000a0c:	2501      	movs	r5, #1
	uint32_t direct = 0, pdivide = 0;
1a000a0e:	2600      	movs	r6, #0
1a000a10:	e001      	b.n	1a000a16 <Chip_SetupCoreClock+0x6e>
1a000a12:	2500      	movs	r5, #0
1a000a14:	462e      	mov	r6, r5
 * Make sure the main PLL is enabled.
 */
__STATIC_INLINE void Chip_Clock_SetupMainPLL(const PLL_PARAM_T *ppll)
{
	/* power up main PLL */
    LPC_CGU->PLL1_CTRL = ppll->ctrl | ((uint32_t) ppll->srcin << 24) | (ppll->msel << 16) | (ppll->nsel << 12) | (ppll->psel << 8) | ( 1 << 11);	
1a000a16:	f89d 2008 	ldrb.w	r2, [sp, #8]
1a000a1a:	9b01      	ldr	r3, [sp, #4]
1a000a1c:	ea43 6302 	orr.w	r3, r3, r2, lsl #24
1a000a20:	9a05      	ldr	r2, [sp, #20]
1a000a22:	ea43 4302 	orr.w	r3, r3, r2, lsl #16
1a000a26:	9a03      	ldr	r2, [sp, #12]
1a000a28:	ea43 3302 	orr.w	r3, r3, r2, lsl #12
1a000a2c:	9a04      	ldr	r2, [sp, #16]
1a000a2e:	ea43 2302 	orr.w	r3, r3, r2, lsl #8
1a000a32:	f443 6300 	orr.w	r3, r3, #2048	; 0x800
1a000a36:	4a2f      	ldr	r2, [pc, #188]	; (1a000af4 <Chip_SetupCoreClock+0x14c>)
1a000a38:	6453      	str	r3, [r2, #68]	; 0x44
 * @note	The main PLL should be locked prior to using it as a clock input for a base clock.
 */
__STATIC_INLINE int Chip_Clock_MainPLLLocked(void)
{
	/* Return true if locked */
	return (LPC_CGU->PLL1_STAT & 1) != 0;
1a000a3a:	4b2e      	ldr	r3, [pc, #184]	; (1a000af4 <Chip_SetupCoreClock+0x14c>)
1a000a3c:	6c1b      	ldr	r3, [r3, #64]	; 0x40

	/* Setup and start the PLL */
	Chip_Clock_SetupMainPLL(&ppll);

	/* Wait for the PLL to lock */
	while(!Chip_Clock_MainPLLLocked()) {}
1a000a3e:	f013 0f01 	tst.w	r3, #1
1a000a42:	d0fa      	beq.n	1a000a3a <Chip_SetupCoreClock+0x92>

	/* Set core clock base as PLL1 */
	Chip_Clock_SetBaseClock(CLK_BASE_MX, CLKIN_MAINPLL, true, false);
1a000a44:	2300      	movs	r3, #0
1a000a46:	2201      	movs	r2, #1
1a000a48:	2109      	movs	r1, #9
1a000a4a:	2004      	movs	r0, #4
1a000a4c:	f000 fb6c 	bl	1a001128 <Chip_Clock_SetBaseClock>

	if (direct) {
1a000a50:	b306      	cbz	r6, 1a000a94 <Chip_SetupCoreClock+0xec>
		delay = 50000; // FIXME: original was 1000, fix for horrible crystals. @Eric
1a000a52:	f24c 3350 	movw	r3, #50000	; 0xc350
1a000a56:	9309      	str	r3, [sp, #36]	; 0x24
		while(delay --){} /* Wait for approx 50 uSec -- for power supply to stabilize*/
1a000a58:	9b09      	ldr	r3, [sp, #36]	; 0x24
1a000a5a:	1e5a      	subs	r2, r3, #1
1a000a5c:	9209      	str	r2, [sp, #36]	; 0x24
1a000a5e:	2b00      	cmp	r3, #0
1a000a60:	d1fa      	bne.n	1a000a58 <Chip_SetupCoreClock+0xb0>
		ppll.ctrl |= 1 << 7;
1a000a62:	9b01      	ldr	r3, [sp, #4]
1a000a64:	f043 0380 	orr.w	r3, r3, #128	; 0x80
1a000a68:	9301      	str	r3, [sp, #4]
    LPC_CGU->PLL1_CTRL = ppll->ctrl | ((uint32_t) ppll->srcin << 24) | (ppll->msel << 16) | (ppll->nsel << 12) | (ppll->psel << 8) | ( 1 << 11);	
1a000a6a:	f89d 2008 	ldrb.w	r2, [sp, #8]
1a000a6e:	ea43 6302 	orr.w	r3, r3, r2, lsl #24
1a000a72:	9a05      	ldr	r2, [sp, #20]
1a000a74:	ea43 4302 	orr.w	r3, r3, r2, lsl #16
1a000a78:	9a03      	ldr	r2, [sp, #12]
1a000a7a:	ea43 3302 	orr.w	r3, r3, r2, lsl #12
1a000a7e:	9a04      	ldr	r2, [sp, #16]
1a000a80:	ea43 2302 	orr.w	r3, r3, r2, lsl #8
1a000a84:	f443 6300 	orr.w	r3, r3, #2048	; 0x800
1a000a88:	4a1a      	ldr	r2, [pc, #104]	; (1a000af4 <Chip_SetupCoreClock+0x14c>)
1a000a8a:	6453      	str	r3, [r2, #68]	; 0x44
		while(delay --){} /* Wait for approx 50 uSec -- for power supply to stabilize */
		ppll.psel--;
		Chip_Clock_SetupMainPLL(&ppll); /* Set PDIV to operate at full frequency */
	}

	if (setbase) {
1a000a8c:	2c00      	cmp	r4, #0
1a000a8e:	d12e      	bne.n	1a000aee <Chip_SetupCoreClock+0x146>
		for (i = 0; i < (sizeof(InitClkStates) / sizeof(InitClkStates[0])); i++) {
			Chip_Clock_SetBaseClock(InitClkStates[i].clk, InitClkStates[i].clkin,
									InitClkStates[i].autoblock_enab, InitClkStates[i].powerdn);
		}
	}
}
1a000a90:	b00a      	add	sp, #40	; 0x28
1a000a92:	bd70      	pop	{r4, r5, r6, pc}
	} else if (pdivide) {
1a000a94:	2d00      	cmp	r5, #0
1a000a96:	d0f9      	beq.n	1a000a8c <Chip_SetupCoreClock+0xe4>
		delay = 50000; // FIXME: original was 1000, fix for horrible crystals. @Eric
1a000a98:	f24c 3350 	movw	r3, #50000	; 0xc350
1a000a9c:	9309      	str	r3, [sp, #36]	; 0x24
		while(delay --){} /* Wait for approx 50 uSec -- for power supply to stabilize */
1a000a9e:	9b09      	ldr	r3, [sp, #36]	; 0x24
1a000aa0:	1e5a      	subs	r2, r3, #1
1a000aa2:	9209      	str	r2, [sp, #36]	; 0x24
1a000aa4:	2b00      	cmp	r3, #0
1a000aa6:	d1fa      	bne.n	1a000a9e <Chip_SetupCoreClock+0xf6>
		ppll.psel--;
1a000aa8:	9b04      	ldr	r3, [sp, #16]
1a000aaa:	1e5a      	subs	r2, r3, #1
1a000aac:	9204      	str	r2, [sp, #16]
1a000aae:	f89d 1008 	ldrb.w	r1, [sp, #8]
1a000ab2:	9b01      	ldr	r3, [sp, #4]
1a000ab4:	ea43 6301 	orr.w	r3, r3, r1, lsl #24
1a000ab8:	9905      	ldr	r1, [sp, #20]
1a000aba:	ea43 4301 	orr.w	r3, r3, r1, lsl #16
1a000abe:	9903      	ldr	r1, [sp, #12]
1a000ac0:	ea43 3301 	orr.w	r3, r3, r1, lsl #12
1a000ac4:	ea43 2302 	orr.w	r3, r3, r2, lsl #8
1a000ac8:	f443 6300 	orr.w	r3, r3, #2048	; 0x800
1a000acc:	4a09      	ldr	r2, [pc, #36]	; (1a000af4 <Chip_SetupCoreClock+0x14c>)
1a000ace:	6453      	str	r3, [r2, #68]	; 0x44
1a000ad0:	e7dc      	b.n	1a000a8c <Chip_SetupCoreClock+0xe4>
			Chip_Clock_SetBaseClock(InitClkStates[i].clk, InitClkStates[i].clkin,
1a000ad2:	480a      	ldr	r0, [pc, #40]	; (1a000afc <Chip_SetupCoreClock+0x154>)
1a000ad4:	eb00 0184 	add.w	r1, r0, r4, lsl #2
1a000ad8:	78cb      	ldrb	r3, [r1, #3]
1a000ada:	788a      	ldrb	r2, [r1, #2]
1a000adc:	7849      	ldrb	r1, [r1, #1]
1a000ade:	f810 0024 	ldrb.w	r0, [r0, r4, lsl #2]
1a000ae2:	f000 fb21 	bl	1a001128 <Chip_Clock_SetBaseClock>
		for (i = 0; i < (sizeof(InitClkStates) / sizeof(InitClkStates[0])); i++) {
1a000ae6:	3401      	adds	r4, #1
1a000ae8:	2c11      	cmp	r4, #17
1a000aea:	d9f2      	bls.n	1a000ad2 <Chip_SetupCoreClock+0x12a>
1a000aec:	e7d0      	b.n	1a000a90 <Chip_SetupCoreClock+0xe8>
1a000aee:	2400      	movs	r4, #0
1a000af0:	e7fa      	b.n	1a000ae8 <Chip_SetupCoreClock+0x140>
1a000af2:	bf00      	nop
1a000af4:	40050000 	.word	0x40050000
1a000af8:	068e7780 	.word	0x068e7780
1a000afc:	1a0034f4 	.word	0x1a0034f4

1a000b00 <Chip_GPIO_Init>:
 ****************************************************************************/

/* Initialize GPIO block */
void Chip_GPIO_Init(LPC_GPIO_T *pGPIO)
{
}
1a000b00:	4770      	bx	lr
1a000b02:	Address 0x1a000b02 is out of bounds.


1a000b04 <Chip_ADC_GetClockIndex>:
/* Returns clock index for the peripheral block */
STATIC CHIP_CCU_CLK_T Chip_ADC_GetClockIndex(LPC_ADC_T *pADC)
{
	CHIP_CCU_CLK_T clkADC;

	if (pADC == LPC_ADC1) {
1a000b04:	4b03      	ldr	r3, [pc, #12]	; (1a000b14 <Chip_ADC_GetClockIndex+0x10>)
1a000b06:	4298      	cmp	r0, r3
1a000b08:	d001      	beq.n	1a000b0e <Chip_ADC_GetClockIndex+0xa>
		clkADC = CLK_APB3_ADC1;
	}
	else {
		clkADC = CLK_APB3_ADC0;
1a000b0a:	2003      	movs	r0, #3
	}

	return clkADC;
}
1a000b0c:	4770      	bx	lr
		clkADC = CLK_APB3_ADC1;
1a000b0e:	2004      	movs	r0, #4
1a000b10:	4770      	bx	lr
1a000b12:	bf00      	nop
1a000b14:	400e4000 	.word	0x400e4000

1a000b18 <getClkDiv>:

/* Get divider value */
STATIC uint8_t getClkDiv(LPC_ADC_T *pADC, bool burstMode, uint32_t adcRate, uint8_t clks)
{
1a000b18:	b570      	push	{r4, r5, r6, lr}
1a000b1a:	460d      	mov	r5, r1
1a000b1c:	4614      	mov	r4, r2
1a000b1e:	461e      	mov	r6, r3
	   A/D converter, which should be less than or equal to 4.5MHz.
	   A fully conversion requires (bits_accuracy+1) of these clocks.
	   ADC Clock = PCLK_ADC0 / (CLKDIV + 1);
	   ADC rate = ADC clock / (the number of clocks required for each conversion);
	 */
	adcBlockFreq = Chip_Clock_GetRate(Chip_ADC_GetClockIndex(pADC));
1a000b20:	f7ff fff0 	bl	1a000b04 <Chip_ADC_GetClockIndex>
1a000b24:	f000 fb98 	bl	1a001258 <Chip_Clock_GetRate>
	if (burstMode) {
1a000b28:	b155      	cbz	r5, 1a000b40 <getClkDiv+0x28>
		fullAdcRate = adcRate * clks;
1a000b2a:	fb04 f406 	mul.w	r4, r4, r6
	else {
		fullAdcRate = adcRate * getFullConvClk();
	}

	/* Get the round value by fomular: (2*A + B)/(2*B) */
	div = ((adcBlockFreq * 2 + fullAdcRate) / (fullAdcRate * 2)) - 1;
1a000b2e:	eb04 0040 	add.w	r0, r4, r0, lsl #1
1a000b32:	0064      	lsls	r4, r4, #1
1a000b34:	fbb0 f0f4 	udiv	r0, r0, r4
1a000b38:	b2c0      	uxtb	r0, r0
1a000b3a:	3801      	subs	r0, #1
	return div;
}
1a000b3c:	b2c0      	uxtb	r0, r0
1a000b3e:	bd70      	pop	{r4, r5, r6, pc}
		fullAdcRate = adcRate * getFullConvClk();
1a000b40:	eb04 0384 	add.w	r3, r4, r4, lsl #2
1a000b44:	eb04 0443 	add.w	r4, r4, r3, lsl #1
1a000b48:	e7f1      	b.n	1a000b2e <getClkDiv+0x16>

1a000b4a <setStartMode>:

/* Set start mode for ADC */
void setStartMode(LPC_ADC_T *pADC, uint8_t start_mode)
{
	uint32_t temp;
	temp = pADC->CR & (~ADC_CR_START_MASK);
1a000b4a:	6803      	ldr	r3, [r0, #0]
1a000b4c:	f023 63e0 	bic.w	r3, r3, #117440512	; 0x7000000
	pADC->CR = temp | (ADC_CR_START_MODE_SEL((uint32_t) start_mode));
1a000b50:	ea43 6101 	orr.w	r1, r3, r1, lsl #24
1a000b54:	6001      	str	r1, [r0, #0]
}
1a000b56:	4770      	bx	lr

1a000b58 <readAdcVal>:

/* Get the ADC value */
Status readAdcVal(LPC_ADC_T *pADC, uint8_t channel, uint16_t *data)
{
	uint32_t temp;
	temp = pADC->DR[channel];
1a000b58:	3104      	adds	r1, #4
1a000b5a:	f850 3021 	ldr.w	r3, [r0, r1, lsl #2]
	if (!ADC_DR_DONE(temp)) {
1a000b5e:	2b00      	cmp	r3, #0
1a000b60:	da04      	bge.n	1a000b6c <readAdcVal+0x14>
		return ERROR;
	}
	/*	if(ADC_DR_OVERRUN(temp) && (pADC->CR & ADC_CR_BURST)) */
	/*	return ERROR; */
	*data = (uint16_t) ADC_DR_RESULT(temp);
1a000b62:	f3c3 1389 	ubfx	r3, r3, #6, #10
1a000b66:	8013      	strh	r3, [r2, #0]
	return SUCCESS;
1a000b68:	2001      	movs	r0, #1
1a000b6a:	4770      	bx	lr
		return ERROR;
1a000b6c:	2000      	movs	r0, #0
}
1a000b6e:	4770      	bx	lr

1a000b70 <Chip_ADC_Init>:
 * Public functions
 ****************************************************************************/

/* Initialize the ADC peripheral and the ADC setup structure to default value */
void Chip_ADC_Init(LPC_ADC_T *pADC, ADC_CLOCK_SETUP_T *ADCSetup)
{
1a000b70:	b538      	push	{r3, r4, r5, lr}
1a000b72:	4605      	mov	r5, r0
1a000b74:	460c      	mov	r4, r1
	uint8_t div;
	uint32_t cr = 0;
	uint32_t clk;

	Chip_Clock_EnableOpts(Chip_ADC_GetClockIndex(pADC), true, true, 1);
1a000b76:	f7ff ffc5 	bl	1a000b04 <Chip_ADC_GetClockIndex>
1a000b7a:	2301      	movs	r3, #1
1a000b7c:	461a      	mov	r2, r3
1a000b7e:	4619      	mov	r1, r3
1a000b80:	f000 fb18 	bl	1a0011b4 <Chip_Clock_EnableOpts>

	pADC->INTEN = 0;		/* Disable all interrupts */
1a000b84:	2100      	movs	r1, #0
1a000b86:	60e9      	str	r1, [r5, #12]

	cr |= ADC_CR_PDN;
	ADCSetup->adcRate = ADC_MAX_SAMPLE_RATE;
1a000b88:	4a08      	ldr	r2, [pc, #32]	; (1a000bac <Chip_ADC_Init+0x3c>)
1a000b8a:	6022      	str	r2, [r4, #0]
	ADCSetup->bitsAccuracy = ADC_10BITS;
1a000b8c:	7121      	strb	r1, [r4, #4]
	clk = 11;
	ADCSetup->burstMode = false;
1a000b8e:	7161      	strb	r1, [r4, #5]
	div = getClkDiv(pADC, false, ADCSetup->adcRate, clk);
1a000b90:	230b      	movs	r3, #11
1a000b92:	4628      	mov	r0, r5
1a000b94:	f7ff ffc0 	bl	1a000b18 <getClkDiv>
	cr |= ADC_CR_CLKDIV(div);
1a000b98:	0200      	lsls	r0, r0, #8
1a000b9a:	f440 1300 	orr.w	r3, r0, #2097152	; 0x200000
	cr |= ADC_CR_BITACC(ADCSetup->bitsAccuracy);
1a000b9e:	7920      	ldrb	r0, [r4, #4]
1a000ba0:	0440      	lsls	r0, r0, #17
1a000ba2:	f400 2060 	and.w	r0, r0, #917504	; 0xe0000
1a000ba6:	4318      	orrs	r0, r3
	pADC->CR = cr;
1a000ba8:	6028      	str	r0, [r5, #0]
}
1a000baa:	bd38      	pop	{r3, r4, r5, pc}
1a000bac:	00061a80 	.word	0x00061a80

1a000bb0 <Chip_ADC_DeInit>:

/* Shutdown ADC */
void Chip_ADC_DeInit(LPC_ADC_T *pADC)
{
1a000bb0:	b508      	push	{r3, lr}
	pADC->INTEN = 0x00000100;
1a000bb2:	f44f 7280 	mov.w	r2, #256	; 0x100
1a000bb6:	60c2      	str	r2, [r0, #12]
	pADC->CR = 0;
1a000bb8:	2200      	movs	r2, #0
1a000bba:	6002      	str	r2, [r0, #0]
	Chip_Clock_Disable(Chip_ADC_GetClockIndex(pADC));
1a000bbc:	f7ff ffa2 	bl	1a000b04 <Chip_ADC_GetClockIndex>
1a000bc0:	f000 fb30 	bl	1a001224 <Chip_Clock_Disable>
}
1a000bc4:	bd08      	pop	{r3, pc}

1a000bc6 <Chip_ADC_ReadValue>:

/* Get the ADC value */
Status Chip_ADC_ReadValue(LPC_ADC_T *pADC, uint8_t channel, uint16_t *data)
{
1a000bc6:	b508      	push	{r3, lr}
	return readAdcVal(pADC, channel, data);
1a000bc8:	f7ff ffc6 	bl	1a000b58 <readAdcVal>
}
1a000bcc:	bd08      	pop	{r3, pc}

1a000bce <Chip_ADC_ReadStatus>:

/* Get ADC Channel status from ADC data register */
FlagStatus Chip_ADC_ReadStatus(LPC_ADC_T *pADC, uint8_t channel, uint32_t StatusType)
{
	switch (StatusType) {
1a000bce:	2a01      	cmp	r2, #1
1a000bd0:	d00a      	beq.n	1a000be8 <Chip_ADC_ReadStatus+0x1a>
1a000bd2:	b11a      	cbz	r2, 1a000bdc <Chip_ADC_ReadStatus+0xe>
1a000bd4:	2a02      	cmp	r2, #2
1a000bd6:	d00f      	beq.n	1a000bf8 <Chip_ADC_ReadStatus+0x2a>
		return pADC->STAT >> 16 ? SET : RESET;

	default:
		break;
	}
	return RESET;
1a000bd8:	2000      	movs	r0, #0
1a000bda:	4770      	bx	lr
		return (pADC->STAT & (1UL << channel)) ? SET : RESET;
1a000bdc:	6b00      	ldr	r0, [r0, #48]	; 0x30
1a000bde:	40c8      	lsrs	r0, r1
1a000be0:	f000 0001 	and.w	r0, r0, #1
1a000be4:	b2c0      	uxtb	r0, r0
1a000be6:	4770      	bx	lr
		channel += 8;
1a000be8:	3108      	adds	r1, #8
1a000bea:	b2c9      	uxtb	r1, r1
		return (pADC->STAT & (1UL << channel)) ? SET : RESET;
1a000bec:	6b00      	ldr	r0, [r0, #48]	; 0x30
1a000bee:	40c8      	lsrs	r0, r1
1a000bf0:	f000 0001 	and.w	r0, r0, #1
1a000bf4:	b2c0      	uxtb	r0, r0
1a000bf6:	4770      	bx	lr
		return pADC->STAT >> 16 ? SET : RESET;
1a000bf8:	6b03      	ldr	r3, [r0, #48]	; 0x30
1a000bfa:	0c1b      	lsrs	r3, r3, #16
1a000bfc:	bf14      	ite	ne
1a000bfe:	2001      	movne	r0, #1
1a000c00:	2000      	moveq	r0, #0
}
1a000c02:	4770      	bx	lr

1a000c04 <Chip_ADC_Int_SetChannelCmd>:

/* Enable/Disable interrupt for ADC channel */
void Chip_ADC_Int_SetChannelCmd(LPC_ADC_T *pADC, uint8_t channel, FunctionalState NewState)
{
	if (NewState == ENABLE) {
1a000c04:	2a01      	cmp	r2, #1
1a000c06:	d006      	beq.n	1a000c16 <Chip_ADC_Int_SetChannelCmd+0x12>
		pADC->INTEN |= (1UL << channel);
	}
	else {
		pADC->INTEN &= (~(1UL << channel));
1a000c08:	68c3      	ldr	r3, [r0, #12]
1a000c0a:	2201      	movs	r2, #1
1a000c0c:	408a      	lsls	r2, r1
1a000c0e:	ea23 0302 	bic.w	r3, r3, r2
1a000c12:	60c3      	str	r3, [r0, #12]
1a000c14:	4770      	bx	lr
{
1a000c16:	b410      	push	{r4}
		pADC->INTEN |= (1UL << channel);
1a000c18:	68c4      	ldr	r4, [r0, #12]
1a000c1a:	408a      	lsls	r2, r1
1a000c1c:	4314      	orrs	r4, r2
1a000c1e:	60c4      	str	r4, [r0, #12]
	}
}
1a000c20:	f85d 4b04 	ldr.w	r4, [sp], #4
1a000c24:	4770      	bx	lr

1a000c26 <Chip_ADC_SetStartMode>:

/* Select the mode starting the AD conversion */
void Chip_ADC_SetStartMode(LPC_ADC_T *pADC, ADC_START_MODE_T mode, ADC_EDGE_CFG_T EdgeOption)
{
1a000c26:	b508      	push	{r3, lr}
	if ((mode != ADC_START_NOW) && (mode != ADC_NO_START)) {
1a000c28:	2901      	cmp	r1, #1
1a000c2a:	d904      	bls.n	1a000c36 <Chip_ADC_SetStartMode+0x10>
		if (EdgeOption) {
1a000c2c:	b132      	cbz	r2, 1a000c3c <Chip_ADC_SetStartMode+0x16>
			pADC->CR |= ADC_CR_EDGE;
1a000c2e:	6803      	ldr	r3, [r0, #0]
1a000c30:	f043 6300 	orr.w	r3, r3, #134217728	; 0x8000000
1a000c34:	6003      	str	r3, [r0, #0]
		}
		else {
			pADC->CR &= ~ADC_CR_EDGE;
		}
	}
	setStartMode(pADC, (uint8_t) mode);
1a000c36:	f7ff ff88 	bl	1a000b4a <setStartMode>
}
1a000c3a:	bd08      	pop	{r3, pc}
			pADC->CR &= ~ADC_CR_EDGE;
1a000c3c:	6803      	ldr	r3, [r0, #0]
1a000c3e:	f023 6300 	bic.w	r3, r3, #134217728	; 0x8000000
1a000c42:	6003      	str	r3, [r0, #0]
1a000c44:	e7f7      	b.n	1a000c36 <Chip_ADC_SetStartMode+0x10>

1a000c46 <Chip_ADC_SetSampleRate>:

/* Set the ADC Sample rate */
void Chip_ADC_SetSampleRate(LPC_ADC_T *pADC, ADC_CLOCK_SETUP_T *ADCSetup, uint32_t rate)
{
1a000c46:	b570      	push	{r4, r5, r6, lr}
1a000c48:	4605      	mov	r5, r0
1a000c4a:	460e      	mov	r6, r1
	uint8_t div;
	uint32_t cr;

	cr = pADC->CR & (~ADC_SAMPLE_RATE_CONFIG_MASK);
1a000c4c:	6804      	ldr	r4, [r0, #0]
1a000c4e:	f424 246f 	bic.w	r4, r4, #978944	; 0xef000
1a000c52:	f424 6470 	bic.w	r4, r4, #3840	; 0xf00
	ADCSetup->adcRate = rate;
1a000c56:	600a      	str	r2, [r1, #0]
	div = getClkDiv(pADC, ADCSetup->burstMode, rate, (11 - ADCSetup->bitsAccuracy));
1a000c58:	790b      	ldrb	r3, [r1, #4]
1a000c5a:	f1c3 030b 	rsb	r3, r3, #11
1a000c5e:	b2db      	uxtb	r3, r3
1a000c60:	7949      	ldrb	r1, [r1, #5]
1a000c62:	f7ff ff59 	bl	1a000b18 <getClkDiv>
	cr |= ADC_CR_CLKDIV(div);
1a000c66:	ea44 2000 	orr.w	r0, r4, r0, lsl #8
	cr |= ADC_CR_BITACC(ADCSetup->bitsAccuracy);
1a000c6a:	7933      	ldrb	r3, [r6, #4]
1a000c6c:	045b      	lsls	r3, r3, #17
1a000c6e:	f403 2360 	and.w	r3, r3, #917504	; 0xe0000
1a000c72:	4303      	orrs	r3, r0
	pADC->CR = cr;
1a000c74:	602b      	str	r3, [r5, #0]
}
1a000c76:	bd70      	pop	{r4, r5, r6, pc}

1a000c78 <Chip_ADC_SetResolution>:

/* Set the ADC accuracy bits */
void Chip_ADC_SetResolution(LPC_ADC_T *pADC, ADC_CLOCK_SETUP_T *ADCSetup, ADC_RESOLUTION_T resolution)
{
1a000c78:	b508      	push	{r3, lr}
	ADCSetup->bitsAccuracy = resolution;
1a000c7a:	710a      	strb	r2, [r1, #4]
	Chip_ADC_SetSampleRate(pADC, ADCSetup, ADCSetup->adcRate);
1a000c7c:	680a      	ldr	r2, [r1, #0]
1a000c7e:	f7ff ffe2 	bl	1a000c46 <Chip_ADC_SetSampleRate>
}
1a000c82:	bd08      	pop	{r3, pc}

1a000c84 <Chip_ADC_EnableChannel>:

/* Enable or disable the ADC channel on ADC peripheral */
void Chip_ADC_EnableChannel(LPC_ADC_T *pADC, ADC_CHANNEL_T channel, FunctionalState NewState)
{
	if (NewState == ENABLE) {
1a000c84:	2a01      	cmp	r2, #1
1a000c86:	d00a      	beq.n	1a000c9e <Chip_ADC_EnableChannel+0x1a>
		pADC->CR |= ADC_CR_CH_SEL(channel);
	}
	else {
		pADC->CR &= ~ADC_CR_START_MASK;
1a000c88:	6802      	ldr	r2, [r0, #0]
1a000c8a:	f022 62e0 	bic.w	r2, r2, #117440512	; 0x7000000
1a000c8e:	6002      	str	r2, [r0, #0]
		pADC->CR &= ~ADC_CR_CH_SEL(channel);
1a000c90:	6803      	ldr	r3, [r0, #0]
1a000c92:	2201      	movs	r2, #1
1a000c94:	408a      	lsls	r2, r1
1a000c96:	ea23 0302 	bic.w	r3, r3, r2
1a000c9a:	6003      	str	r3, [r0, #0]
1a000c9c:	4770      	bx	lr
{
1a000c9e:	b410      	push	{r4}
		pADC->CR |= ADC_CR_CH_SEL(channel);
1a000ca0:	6804      	ldr	r4, [r0, #0]
1a000ca2:	408a      	lsls	r2, r1
1a000ca4:	4314      	orrs	r4, r2
1a000ca6:	6004      	str	r4, [r0, #0]
	}
}
1a000ca8:	f85d 4b04 	ldr.w	r4, [sp], #4
1a000cac:	4770      	bx	lr

1a000cae <Chip_ADC_SetBurstCmd>:

/* Enable burst mode */
void Chip_ADC_SetBurstCmd(LPC_ADC_T *pADC, FunctionalState NewState)
{
1a000cae:	b538      	push	{r3, r4, r5, lr}
1a000cb0:	4604      	mov	r4, r0
1a000cb2:	460d      	mov	r5, r1
	setStartMode(pADC, ADC_NO_START);
1a000cb4:	2100      	movs	r1, #0
1a000cb6:	f7ff ff48 	bl	1a000b4a <setStartMode>
	
    if (NewState == DISABLE) {
1a000cba:	b925      	cbnz	r5, 1a000cc6 <Chip_ADC_SetBurstCmd+0x18>
		pADC->CR &= ~ADC_CR_BURST;
1a000cbc:	6823      	ldr	r3, [r4, #0]
1a000cbe:	f423 3380 	bic.w	r3, r3, #65536	; 0x10000
1a000cc2:	6023      	str	r3, [r4, #0]
	}
	else {
		pADC->CR |= ADC_CR_BURST;
	}
}
1a000cc4:	bd38      	pop	{r3, r4, r5, pc}
		pADC->CR |= ADC_CR_BURST;
1a000cc6:	6823      	ldr	r3, [r4, #0]
1a000cc8:	f443 3380 	orr.w	r3, r3, #65536	; 0x10000
1a000ccc:	6023      	str	r3, [r4, #0]
}
1a000cce:	e7f9      	b.n	1a000cc4 <Chip_ADC_SetBurstCmd+0x16>

1a000cd0 <SystemCoreClockUpdate>:


/* Update system core clock rate, should be called if the system has
   a clock rate change */
void SystemCoreClockUpdate(void)
{
1a000cd0:	b508      	push	{r3, lr}
	/* CPU core speed */
	SystemCoreClock = Chip_Clock_GetRate(CLK_MX_MXCORE);
1a000cd2:	2069      	movs	r0, #105	; 0x69
1a000cd4:	f000 fac0 	bl	1a001258 <Chip_Clock_GetRate>
1a000cd8:	4b01      	ldr	r3, [pc, #4]	; (1a000ce0 <SystemCoreClockUpdate+0x10>)
1a000cda:	6018      	str	r0, [r3, #0]
}
1a000cdc:	bd08      	pop	{r3, pc}
1a000cde:	bf00      	nop
1a000ce0:	1000022c 	.word	0x1000022c

1a000ce4 <pll_calc_divs>:
		return -val;
	return val;
}

static void pll_calc_divs(uint32_t freq, PLL_PARAM_T *ppll)
{
1a000ce4:	b4f0      	push	{r4, r5, r6, r7}

	uint32_t prev = freq;
	int n, m, p;

	/* When direct mode is set FBSEL should be a don't care */
	if (ppll->ctrl & (1 << 7)) {
1a000ce6:	680b      	ldr	r3, [r1, #0]
1a000ce8:	f013 0f80 	tst.w	r3, #128	; 0x80
1a000cec:	d002      	beq.n	1a000cf4 <pll_calc_divs+0x10>
		ppll->ctrl &= ~(1 << 6);
1a000cee:	f023 0340 	bic.w	r3, r3, #64	; 0x40
1a000cf2:	600b      	str	r3, [r1, #0]
	}
	for (n = 1; n <= 4; n++) {
		for (p = 0; p < 4; p ++) {
1a000cf4:	4607      	mov	r7, r0
1a000cf6:	2501      	movs	r5, #1
1a000cf8:	e03a      	b.n	1a000d70 <pll_calc_divs+0x8c>
			for (m = 1; m <= 256; m++) {
				uint32_t fcco, fout;
				if (ppll->ctrl & (1 << 6)) {
					fcco = ((m << (p + 1)) * ppll->fin) / n;
				} else {
					fcco = (m * ppll->fin) / n;
1a000cfa:	694b      	ldr	r3, [r1, #20]
1a000cfc:	fb03 f302 	mul.w	r3, r3, r2
1a000d00:	fbb3 f3f5 	udiv	r3, r3, r5
1a000d04:	e01c      	b.n	1a000d40 <pll_calc_divs+0x5c>
				}
				if (fcco < PLL_MIN_CCO_FREQ) continue;
				if (fcco > PLL_MAX_CCO_FREQ) break;
				if (ppll->ctrl & (1 << 7)) {
					fout = fcco;
1a000d06:	461c      	mov	r4, r3
	if (val < 0)
1a000d08:	ebb0 0c04 	subs.w	ip, r0, r4
1a000d0c:	d427      	bmi.n	1a000d5e <pll_calc_divs+0x7a>
				} else {
					fout = fcco >> (p + 1);
				}

				if (ABS(freq - fout) < prev) {
1a000d0e:	4567      	cmp	r7, ip
1a000d10:	d906      	bls.n	1a000d20 <pll_calc_divs+0x3c>
					ppll->nsel = n;
1a000d12:	608d      	str	r5, [r1, #8]
					ppll->psel = p + 1;
1a000d14:	1c77      	adds	r7, r6, #1
1a000d16:	60cf      	str	r7, [r1, #12]
					ppll->msel = m;
1a000d18:	610a      	str	r2, [r1, #16]
					ppll->fout = fout;
1a000d1a:	618c      	str	r4, [r1, #24]
					ppll->fcco = fcco;
1a000d1c:	61cb      	str	r3, [r1, #28]
					prev = ABS(freq - fout);
1a000d1e:	4667      	mov	r7, ip
			for (m = 1; m <= 256; m++) {
1a000d20:	3201      	adds	r2, #1
1a000d22:	f5b2 7f80 	cmp.w	r2, #256	; 0x100
1a000d26:	dc1d      	bgt.n	1a000d64 <pll_calc_divs+0x80>
				if (ppll->ctrl & (1 << 6)) {
1a000d28:	680c      	ldr	r4, [r1, #0]
1a000d2a:	f014 0f40 	tst.w	r4, #64	; 0x40
1a000d2e:	d0e4      	beq.n	1a000cfa <pll_calc_divs+0x16>
					fcco = ((m << (p + 1)) * ppll->fin) / n;
1a000d30:	1c73      	adds	r3, r6, #1
1a000d32:	fa02 fc03 	lsl.w	ip, r2, r3
1a000d36:	694b      	ldr	r3, [r1, #20]
1a000d38:	fb03 f30c 	mul.w	r3, r3, ip
1a000d3c:	fbb3 f3f5 	udiv	r3, r3, r5
				if (fcco < PLL_MIN_CCO_FREQ) continue;
1a000d40:	f8df c038 	ldr.w	ip, [pc, #56]	; 1a000d7c <pll_calc_divs+0x98>
1a000d44:	4563      	cmp	r3, ip
1a000d46:	d9eb      	bls.n	1a000d20 <pll_calc_divs+0x3c>
				if (fcco > PLL_MAX_CCO_FREQ) break;
1a000d48:	f8df c034 	ldr.w	ip, [pc, #52]	; 1a000d80 <pll_calc_divs+0x9c>
1a000d4c:	4563      	cmp	r3, ip
1a000d4e:	d809      	bhi.n	1a000d64 <pll_calc_divs+0x80>
				if (ppll->ctrl & (1 << 7)) {
1a000d50:	f014 0f80 	tst.w	r4, #128	; 0x80
1a000d54:	d1d7      	bne.n	1a000d06 <pll_calc_divs+0x22>
					fout = fcco >> (p + 1);
1a000d56:	1c74      	adds	r4, r6, #1
1a000d58:	fa23 f404 	lsr.w	r4, r3, r4
1a000d5c:	e7d4      	b.n	1a000d08 <pll_calc_divs+0x24>
		return -val;
1a000d5e:	f1cc 0c00 	rsb	ip, ip, #0
1a000d62:	e7d4      	b.n	1a000d0e <pll_calc_divs+0x2a>
		for (p = 0; p < 4; p ++) {
1a000d64:	3601      	adds	r6, #1
1a000d66:	2e03      	cmp	r6, #3
1a000d68:	dc01      	bgt.n	1a000d6e <pll_calc_divs+0x8a>
			for (m = 1; m <= 256; m++) {
1a000d6a:	2201      	movs	r2, #1
1a000d6c:	e7d9      	b.n	1a000d22 <pll_calc_divs+0x3e>
	for (n = 1; n <= 4; n++) {
1a000d6e:	3501      	adds	r5, #1
1a000d70:	2d04      	cmp	r5, #4
1a000d72:	dc01      	bgt.n	1a000d78 <pll_calc_divs+0x94>
		for (p = 0; p < 4; p ++) {
1a000d74:	2600      	movs	r6, #0
1a000d76:	e7f6      	b.n	1a000d66 <pll_calc_divs+0x82>
				}
			}
		}
	}
}
1a000d78:	bcf0      	pop	{r4, r5, r6, r7}
1a000d7a:	4770      	bx	lr
1a000d7c:	094c5eff 	.word	0x094c5eff
1a000d80:	1312d000 	.word	0x1312d000

1a000d84 <pll_get_frac>:

static void pll_get_frac(uint32_t freq, PLL_PARAM_T *ppll)
{
1a000d84:	b5f0      	push	{r4, r5, r6, r7, lr}
1a000d86:	b099      	sub	sp, #100	; 0x64
1a000d88:	4605      	mov	r5, r0
1a000d8a:	460c      	mov	r4, r1
	int diff[3];
	PLL_PARAM_T pll[3] = {{0},{0},{0}};
1a000d8c:	225c      	movs	r2, #92	; 0x5c
1a000d8e:	2100      	movs	r1, #0
1a000d90:	a801      	add	r0, sp, #4
1a000d92:	f001 fb46 	bl	1a002422 <memset>

	/* Try direct mode */
	pll[0].ctrl |= (1 << 7);
1a000d96:	2380      	movs	r3, #128	; 0x80
1a000d98:	9300      	str	r3, [sp, #0]
	pll[0].fin = ppll->fin;
1a000d9a:	6963      	ldr	r3, [r4, #20]
1a000d9c:	9305      	str	r3, [sp, #20]
	pll[0].srcin = ppll->srcin;
1a000d9e:	7923      	ldrb	r3, [r4, #4]
1a000da0:	f88d 3004 	strb.w	r3, [sp, #4]
	pll_calc_divs(freq, &pll[0]);
1a000da4:	4669      	mov	r1, sp
1a000da6:	4628      	mov	r0, r5
1a000da8:	f7ff ff9c 	bl	1a000ce4 <pll_calc_divs>
	if (pll[0].fout == freq) {
1a000dac:	9b06      	ldr	r3, [sp, #24]
1a000dae:	42ab      	cmp	r3, r5
1a000db0:	d027      	beq.n	1a000e02 <pll_get_frac+0x7e>
	if (val < 0)
1a000db2:	1aeb      	subs	r3, r5, r3
1a000db4:	d42e      	bmi.n	1a000e14 <pll_get_frac+0x90>
		*ppll = pll[0];
		return ;
	}
	diff[0] = ABS(freq - pll[0].fout);
1a000db6:	461e      	mov	r6, r3

	/* Try non-Integer mode */
	pll[2].ctrl &= ~(1 << 6);			// need to set FBSEL to 0
1a000db8:	9b10      	ldr	r3, [sp, #64]	; 0x40
1a000dba:	f023 0340 	bic.w	r3, r3, #64	; 0x40
1a000dbe:	9310      	str	r3, [sp, #64]	; 0x40
	pll[2].fin = ppll->fin;
1a000dc0:	6963      	ldr	r3, [r4, #20]
1a000dc2:	9315      	str	r3, [sp, #84]	; 0x54
	pll[2].srcin = ppll->srcin;
1a000dc4:	7923      	ldrb	r3, [r4, #4]
1a000dc6:	f88d 3044 	strb.w	r3, [sp, #68]	; 0x44
	pll_calc_divs(freq, &pll[2]);
1a000dca:	a910      	add	r1, sp, #64	; 0x40
1a000dcc:	4628      	mov	r0, r5
1a000dce:	f7ff ff89 	bl	1a000ce4 <pll_calc_divs>
	if (pll[2].fout == freq) {
1a000dd2:	9b16      	ldr	r3, [sp, #88]	; 0x58
1a000dd4:	42ab      	cmp	r3, r5
1a000dd6:	d01f      	beq.n	1a000e18 <pll_get_frac+0x94>
	if (val < 0)
1a000dd8:	1aeb      	subs	r3, r5, r3
1a000dda:	d425      	bmi.n	1a000e28 <pll_get_frac+0xa4>
		*ppll = pll[2];
		return ;
	}
	diff[2] = ABS(freq - pll[2].fout);
1a000ddc:	461f      	mov	r7, r3
	
	if (freq <= 110000000) {
1a000dde:	4b2b      	ldr	r3, [pc, #172]	; (1a000e8c <pll_get_frac+0x108>)
1a000de0:	429d      	cmp	r5, r3
1a000de2:	d923      	bls.n	1a000e2c <pll_get_frac+0xa8>
		if (pll[1].fout == freq) {
			*ppll = pll[1];
			return ;
		}
	}
	diff[1] = ABS(freq - pll[1].fout);
1a000de4:	9b0e      	ldr	r3, [sp, #56]	; 0x38
	if (val < 0)
1a000de6:	1aed      	subs	r5, r5, r3
1a000de8:	d433      	bmi.n	1a000e52 <pll_get_frac+0xce>

	/* Find the min of 3 and return */
	if (diff[0] <= diff[1]) {
1a000dea:	42ae      	cmp	r6, r5
1a000dec:	dc3b      	bgt.n	1a000e66 <pll_get_frac+0xe2>
		if (diff[0] <= diff[2]) {
1a000dee:	42be      	cmp	r6, r7
1a000df0:	dc31      	bgt.n	1a000e56 <pll_get_frac+0xd2>
			*ppll = pll[0];
1a000df2:	466d      	mov	r5, sp
1a000df4:	cd0f      	ldmia	r5!, {r0, r1, r2, r3}
1a000df6:	c40f      	stmia	r4!, {r0, r1, r2, r3}
1a000df8:	e895 000f 	ldmia.w	r5, {r0, r1, r2, r3}
1a000dfc:	e884 000f 	stmia.w	r4, {r0, r1, r2, r3}
1a000e00:	e006      	b.n	1a000e10 <pll_get_frac+0x8c>
		*ppll = pll[0];
1a000e02:	466d      	mov	r5, sp
1a000e04:	cd0f      	ldmia	r5!, {r0, r1, r2, r3}
1a000e06:	c40f      	stmia	r4!, {r0, r1, r2, r3}
1a000e08:	e895 000f 	ldmia.w	r5, {r0, r1, r2, r3}
1a000e0c:	e884 000f 	stmia.w	r4, {r0, r1, r2, r3}
			*ppll = pll[1];
		} else {
			*ppll = pll[2];
		}
	}
}
1a000e10:	b019      	add	sp, #100	; 0x64
1a000e12:	bdf0      	pop	{r4, r5, r6, r7, pc}
		return -val;
1a000e14:	425b      	negs	r3, r3
1a000e16:	e7ce      	b.n	1a000db6 <pll_get_frac+0x32>
		*ppll = pll[2];
1a000e18:	ad10      	add	r5, sp, #64	; 0x40
1a000e1a:	cd0f      	ldmia	r5!, {r0, r1, r2, r3}
1a000e1c:	c40f      	stmia	r4!, {r0, r1, r2, r3}
1a000e1e:	e895 000f 	ldmia.w	r5, {r0, r1, r2, r3}
1a000e22:	e884 000f 	stmia.w	r4, {r0, r1, r2, r3}
		return ;
1a000e26:	e7f3      	b.n	1a000e10 <pll_get_frac+0x8c>
		return -val;
1a000e28:	425b      	negs	r3, r3
1a000e2a:	e7d7      	b.n	1a000ddc <pll_get_frac+0x58>
		pll[1].ctrl = (1 << 6);
1a000e2c:	2340      	movs	r3, #64	; 0x40
1a000e2e:	9308      	str	r3, [sp, #32]
		pll[1].fin = ppll->fin;
1a000e30:	6963      	ldr	r3, [r4, #20]
1a000e32:	930d      	str	r3, [sp, #52]	; 0x34
		pll_calc_divs(freq, &pll[1]);
1a000e34:	a908      	add	r1, sp, #32
1a000e36:	4628      	mov	r0, r5
1a000e38:	f7ff ff54 	bl	1a000ce4 <pll_calc_divs>
		if (pll[1].fout == freq) {
1a000e3c:	9b0e      	ldr	r3, [sp, #56]	; 0x38
1a000e3e:	42ab      	cmp	r3, r5
1a000e40:	d1d0      	bne.n	1a000de4 <pll_get_frac+0x60>
			*ppll = pll[1];
1a000e42:	ad08      	add	r5, sp, #32
1a000e44:	cd0f      	ldmia	r5!, {r0, r1, r2, r3}
1a000e46:	c40f      	stmia	r4!, {r0, r1, r2, r3}
1a000e48:	e895 000f 	ldmia.w	r5, {r0, r1, r2, r3}
1a000e4c:	e884 000f 	stmia.w	r4, {r0, r1, r2, r3}
			return ;
1a000e50:	e7de      	b.n	1a000e10 <pll_get_frac+0x8c>
		return -val;
1a000e52:	426d      	negs	r5, r5
1a000e54:	e7c9      	b.n	1a000dea <pll_get_frac+0x66>
			*ppll = pll[2];
1a000e56:	ad10      	add	r5, sp, #64	; 0x40
1a000e58:	cd0f      	ldmia	r5!, {r0, r1, r2, r3}
1a000e5a:	c40f      	stmia	r4!, {r0, r1, r2, r3}
1a000e5c:	e895 000f 	ldmia.w	r5, {r0, r1, r2, r3}
1a000e60:	e884 000f 	stmia.w	r4, {r0, r1, r2, r3}
1a000e64:	e7d4      	b.n	1a000e10 <pll_get_frac+0x8c>
		if (diff[1] <= diff[2]) {
1a000e66:	42af      	cmp	r7, r5
1a000e68:	db07      	blt.n	1a000e7a <pll_get_frac+0xf6>
			*ppll = pll[1];
1a000e6a:	ad08      	add	r5, sp, #32
1a000e6c:	cd0f      	ldmia	r5!, {r0, r1, r2, r3}
1a000e6e:	c40f      	stmia	r4!, {r0, r1, r2, r3}
1a000e70:	e895 000f 	ldmia.w	r5, {r0, r1, r2, r3}
1a000e74:	e884 000f 	stmia.w	r4, {r0, r1, r2, r3}
1a000e78:	e7ca      	b.n	1a000e10 <pll_get_frac+0x8c>
			*ppll = pll[2];
1a000e7a:	ad10      	add	r5, sp, #64	; 0x40
1a000e7c:	cd0f      	ldmia	r5!, {r0, r1, r2, r3}
1a000e7e:	c40f      	stmia	r4!, {r0, r1, r2, r3}
1a000e80:	e895 000f 	ldmia.w	r5, {r0, r1, r2, r3}
1a000e84:	e884 000f 	stmia.w	r4, {r0, r1, r2, r3}
1a000e88:	e7c2      	b.n	1a000e10 <pll_get_frac+0x8c>
1a000e8a:	bf00      	nop
1a000e8c:	068e7780 	.word	0x068e7780

1a000e90 <Chip_Clock_FindBaseClock>:
	return Chip_Clock_GetClockInputHz(input) / (div + 1);
}

/* Finds the base clock for the peripheral clock */
static CHIP_CGU_BASE_CLK_T Chip_Clock_FindBaseClock(CHIP_CCU_CLK_T clk)
{
1a000e90:	b430      	push	{r4, r5}
1a000e92:	4605      	mov	r5, r0
	CHIP_CGU_BASE_CLK_T baseclk = CLK_BASE_NONE;
	int i = 0;
1a000e94:	2300      	movs	r3, #0
	CHIP_CGU_BASE_CLK_T baseclk = CLK_BASE_NONE;
1a000e96:	201c      	movs	r0, #28

	while ((baseclk == CLK_BASE_NONE) && (periph_to_base[i].clkbase != baseclk)) {
1a000e98:	e000      	b.n	1a000e9c <Chip_Clock_FindBaseClock+0xc>
		if ((clk >= periph_to_base[i].clkstart) && (clk <= periph_to_base[i].clkend)) {
			baseclk = periph_to_base[i].clkbase;
		}
		else {
			i++;
1a000e9a:	3301      	adds	r3, #1
	while ((baseclk == CLK_BASE_NONE) && (periph_to_base[i].clkbase != baseclk)) {
1a000e9c:	281c      	cmp	r0, #28
1a000e9e:	d118      	bne.n	1a000ed2 <Chip_Clock_FindBaseClock+0x42>
1a000ea0:	eb03 0243 	add.w	r2, r3, r3, lsl #1
1a000ea4:	0051      	lsls	r1, r2, #1
1a000ea6:	4a0c      	ldr	r2, [pc, #48]	; (1a000ed8 <Chip_Clock_FindBaseClock+0x48>)
1a000ea8:	440a      	add	r2, r1
1a000eaa:	7914      	ldrb	r4, [r2, #4]
1a000eac:	4284      	cmp	r4, r0
1a000eae:	d010      	beq.n	1a000ed2 <Chip_Clock_FindBaseClock+0x42>
		if ((clk >= periph_to_base[i].clkstart) && (clk <= periph_to_base[i].clkend)) {
1a000eb0:	eb03 0143 	add.w	r1, r3, r3, lsl #1
1a000eb4:	004a      	lsls	r2, r1, #1
1a000eb6:	4908      	ldr	r1, [pc, #32]	; (1a000ed8 <Chip_Clock_FindBaseClock+0x48>)
1a000eb8:	5a8a      	ldrh	r2, [r1, r2]
1a000eba:	42aa      	cmp	r2, r5
1a000ebc:	d8ed      	bhi.n	1a000e9a <Chip_Clock_FindBaseClock+0xa>
1a000ebe:	eb03 0243 	add.w	r2, r3, r3, lsl #1
1a000ec2:	0051      	lsls	r1, r2, #1
1a000ec4:	4a04      	ldr	r2, [pc, #16]	; (1a000ed8 <Chip_Clock_FindBaseClock+0x48>)
1a000ec6:	440a      	add	r2, r1
1a000ec8:	8852      	ldrh	r2, [r2, #2]
1a000eca:	42aa      	cmp	r2, r5
1a000ecc:	d3e5      	bcc.n	1a000e9a <Chip_Clock_FindBaseClock+0xa>
			baseclk = periph_to_base[i].clkbase;
1a000ece:	4620      	mov	r0, r4
1a000ed0:	e7e4      	b.n	1a000e9c <Chip_Clock_FindBaseClock+0xc>
		}
	}

	return baseclk;
}
1a000ed2:	bc30      	pop	{r4, r5}
1a000ed4:	4770      	bx	lr
1a000ed6:	bf00      	nop
1a000ed8:	1a003548 	.word	0x1a003548

1a000edc <Chip_Clock_EnableCrystal>:
 * Public functions
 ****************************************************************************/

/* Enables the crystal oscillator */
void Chip_Clock_EnableCrystal(void)
{
1a000edc:	b082      	sub	sp, #8
	volatile uint32_t delay = 1000;
1a000ede:	f44f 737a 	mov.w	r3, #1000	; 0x3e8
1a000ee2:	9301      	str	r3, [sp, #4]

	uint32_t OldCrystalConfig = LPC_CGU->XTAL_OSC_CTRL;
1a000ee4:	4a0d      	ldr	r2, [pc, #52]	; (1a000f1c <Chip_Clock_EnableCrystal+0x40>)
1a000ee6:	6993      	ldr	r3, [r2, #24]

	/* Clear bypass mode */
	OldCrystalConfig &= (~2);
1a000ee8:	f023 0102 	bic.w	r1, r3, #2
	if (OldCrystalConfig != LPC_CGU->XTAL_OSC_CTRL) {
1a000eec:	6992      	ldr	r2, [r2, #24]
1a000eee:	428a      	cmp	r2, r1
1a000ef0:	d001      	beq.n	1a000ef6 <Chip_Clock_EnableCrystal+0x1a>
		LPC_CGU->XTAL_OSC_CTRL = OldCrystalConfig;
1a000ef2:	4a0a      	ldr	r2, [pc, #40]	; (1a000f1c <Chip_Clock_EnableCrystal+0x40>)
1a000ef4:	6191      	str	r1, [r2, #24]
	}

	/* Enable crystal oscillator */
	OldCrystalConfig &= (~1);
1a000ef6:	f023 0303 	bic.w	r3, r3, #3
	if (OscRateIn >= 20000000) {
1a000efa:	4a09      	ldr	r2, [pc, #36]	; (1a000f20 <Chip_Clock_EnableCrystal+0x44>)
1a000efc:	6811      	ldr	r1, [r2, #0]
1a000efe:	4a09      	ldr	r2, [pc, #36]	; (1a000f24 <Chip_Clock_EnableCrystal+0x48>)
1a000f00:	4291      	cmp	r1, r2
1a000f02:	d901      	bls.n	1a000f08 <Chip_Clock_EnableCrystal+0x2c>
		OldCrystalConfig |= 4;	/* Set high frequency mode */
1a000f04:	f043 0304 	orr.w	r3, r3, #4

	}
	LPC_CGU->XTAL_OSC_CTRL = OldCrystalConfig;
1a000f08:	4a04      	ldr	r2, [pc, #16]	; (1a000f1c <Chip_Clock_EnableCrystal+0x40>)
1a000f0a:	6193      	str	r3, [r2, #24]

	/* Delay for 250uSec */
	while(delay--) {}
1a000f0c:	9b01      	ldr	r3, [sp, #4]
1a000f0e:	1e5a      	subs	r2, r3, #1
1a000f10:	9201      	str	r2, [sp, #4]
1a000f12:	2b00      	cmp	r3, #0
1a000f14:	d1fa      	bne.n	1a000f0c <Chip_Clock_EnableCrystal+0x30>
}
1a000f16:	b002      	add	sp, #8
1a000f18:	4770      	bx	lr
1a000f1a:	bf00      	nop
1a000f1c:	40050000 	.word	0x40050000
1a000f20:	1a0034f0 	.word	0x1a0034f0
1a000f24:	01312cff 	.word	0x01312cff

1a000f28 <Chip_Clock_GetDividerSource>:
}

/* Gets a CGU clock divider source */
CHIP_CGU_CLKIN_T Chip_Clock_GetDividerSource(CHIP_CGU_IDIV_T Divider)
{
	uint32_t reg = LPC_CGU->IDIV_CTRL[Divider];
1a000f28:	3012      	adds	r0, #18
1a000f2a:	4b05      	ldr	r3, [pc, #20]	; (1a000f40 <Chip_Clock_GetDividerSource+0x18>)
1a000f2c:	f853 0020 	ldr.w	r0, [r3, r0, lsl #2]

	if (reg & 1) {	/* divider is powered down */
1a000f30:	f010 0f01 	tst.w	r0, #1
1a000f34:	d102      	bne.n	1a000f3c <Chip_Clock_GetDividerSource+0x14>
		return CLKINPUT_PD;
	}

	return (CHIP_CGU_CLKIN_T) ((reg >> 24) & 0x1F);
1a000f36:	f3c0 6004 	ubfx	r0, r0, #24, #5
1a000f3a:	4770      	bx	lr
		return CLKINPUT_PD;
1a000f3c:	2011      	movs	r0, #17
}
1a000f3e:	4770      	bx	lr
1a000f40:	40050000 	.word	0x40050000

1a000f44 <Chip_Clock_GetDividerDivisor>:

/* Gets a CGU clock divider divisor */
uint32_t Chip_Clock_GetDividerDivisor(CHIP_CGU_IDIV_T Divider)
{
	return (CHIP_CGU_CLKIN_T) ((LPC_CGU->IDIV_CTRL[Divider] >> 2) & CHIP_CGU_IDIV_MASK(Divider));
1a000f44:	f100 0212 	add.w	r2, r0, #18
1a000f48:	4b03      	ldr	r3, [pc, #12]	; (1a000f58 <Chip_Clock_GetDividerDivisor+0x14>)
1a000f4a:	f853 2022 	ldr.w	r2, [r3, r2, lsl #2]
1a000f4e:	4b03      	ldr	r3, [pc, #12]	; (1a000f5c <Chip_Clock_GetDividerDivisor+0x18>)
1a000f50:	5c18      	ldrb	r0, [r3, r0]
}
1a000f52:	ea00 0092 	and.w	r0, r0, r2, lsr #2
1a000f56:	4770      	bx	lr
1a000f58:	40050000 	.word	0x40050000
1a000f5c:	1a003540 	.word	0x1a003540

1a000f60 <Chip_Clock_GetClockInputHz>:

/* Returns the frequency of the specified input clock source */
uint32_t Chip_Clock_GetClockInputHz(CHIP_CGU_CLKIN_T input)
{
1a000f60:	b508      	push	{r3, lr}
	uint32_t rate = 0;

	switch (input) {
1a000f62:	2810      	cmp	r0, #16
1a000f64:	d80a      	bhi.n	1a000f7c <Chip_Clock_GetClockInputHz+0x1c>
1a000f66:	e8df f000 	tbb	[pc, r0]
1a000f6a:	0b44      	.short	0x0b44
1a000f6c:	0921180d 	.word	0x0921180d
1a000f70:	2d2a2724 	.word	0x2d2a2724
1a000f74:	34300909 	.word	0x34300909
1a000f78:	3c38      	.short	0x3c38
1a000f7a:	40          	.byte	0x40
1a000f7b:	00          	.byte	0x00
	uint32_t rate = 0;
1a000f7c:	2000      	movs	r0, #0
1a000f7e:	e03a      	b.n	1a000ff6 <Chip_Clock_GetClockInputHz+0x96>
	case CLKIN_32K:
		rate = CRYSTAL_32K_FREQ_IN;
		break;

	case CLKIN_IRC:
		rate = CGU_IRC_FREQ;
1a000f80:	481e      	ldr	r0, [pc, #120]	; (1a000ffc <Chip_Clock_GetClockInputHz+0x9c>)
		break;
1a000f82:	e038      	b.n	1a000ff6 <Chip_Clock_GetClockInputHz+0x96>

	case CLKIN_ENET_RX:
		if ((LPC_CREG->CREG6 & 0x07) != 0x4) {
1a000f84:	4b1e      	ldr	r3, [pc, #120]	; (1a001000 <Chip_Clock_GetClockInputHz+0xa0>)
1a000f86:	f8d3 312c 	ldr.w	r3, [r3, #300]	; 0x12c
1a000f8a:	f003 0307 	and.w	r3, r3, #7
1a000f8e:	2b04      	cmp	r3, #4
1a000f90:	d001      	beq.n	1a000f96 <Chip_Clock_GetClockInputHz+0x36>
			/* MII mode requires 25MHz clock */
			rate = 25000000;
1a000f92:	481c      	ldr	r0, [pc, #112]	; (1a001004 <Chip_Clock_GetClockInputHz+0xa4>)
1a000f94:	e02f      	b.n	1a000ff6 <Chip_Clock_GetClockInputHz+0x96>
	uint32_t rate = 0;
1a000f96:	2000      	movs	r0, #0
1a000f98:	e02d      	b.n	1a000ff6 <Chip_Clock_GetClockInputHz+0x96>
		}
		break;

	case CLKIN_ENET_TX:
		if ((LPC_CREG->CREG6 & 0x07) != 0x4) {
1a000f9a:	4b19      	ldr	r3, [pc, #100]	; (1a001000 <Chip_Clock_GetClockInputHz+0xa0>)
1a000f9c:	f8d3 312c 	ldr.w	r3, [r3, #300]	; 0x12c
1a000fa0:	f003 0307 	and.w	r3, r3, #7
1a000fa4:	2b04      	cmp	r3, #4
1a000fa6:	d027      	beq.n	1a000ff8 <Chip_Clock_GetClockInputHz+0x98>
			rate = 25000000; /* MII uses 25 MHz */
1a000fa8:	4816      	ldr	r0, [pc, #88]	; (1a001004 <Chip_Clock_GetClockInputHz+0xa4>)
1a000faa:	e024      	b.n	1a000ff6 <Chip_Clock_GetClockInputHz+0x96>
			rate = 50000000; /* RMII uses 50 MHz */
		}
		break;

	case CLKIN_CLKIN:
		rate = ExtRateIn;
1a000fac:	4b16      	ldr	r3, [pc, #88]	; (1a001008 <Chip_Clock_GetClockInputHz+0xa8>)
1a000fae:	6818      	ldr	r0, [r3, #0]
		break;
1a000fb0:	e021      	b.n	1a000ff6 <Chip_Clock_GetClockInputHz+0x96>

	case CLKIN_CRYSTAL:
		rate = OscRateIn;
1a000fb2:	4b16      	ldr	r3, [pc, #88]	; (1a00100c <Chip_Clock_GetClockInputHz+0xac>)
1a000fb4:	6818      	ldr	r0, [r3, #0]
		break;
1a000fb6:	e01e      	b.n	1a000ff6 <Chip_Clock_GetClockInputHz+0x96>

	case CLKIN_USBPLL:
		rate = audio_usb_pll_freq[CGU_USB_PLL];
1a000fb8:	4b15      	ldr	r3, [pc, #84]	; (1a001010 <Chip_Clock_GetClockInputHz+0xb0>)
1a000fba:	6818      	ldr	r0, [r3, #0]
		break;
1a000fbc:	e01b      	b.n	1a000ff6 <Chip_Clock_GetClockInputHz+0x96>

	case CLKIN_AUDIOPLL:
		rate = audio_usb_pll_freq[CGU_AUDIO_PLL];
1a000fbe:	4b14      	ldr	r3, [pc, #80]	; (1a001010 <Chip_Clock_GetClockInputHz+0xb0>)
1a000fc0:	6858      	ldr	r0, [r3, #4]
		break;
1a000fc2:	e018      	b.n	1a000ff6 <Chip_Clock_GetClockInputHz+0x96>

	case CLKIN_MAINPLL:
		rate = Chip_Clock_GetMainPLLHz();
1a000fc4:	f000 f868 	bl	1a001098 <Chip_Clock_GetMainPLLHz>
		break;
1a000fc8:	e015      	b.n	1a000ff6 <Chip_Clock_GetClockInputHz+0x96>

	case CLKIN_IDIVA:
		rate = Chip_Clock_GetDivRate(input, CLK_IDIV_A);
1a000fca:	2100      	movs	r1, #0
1a000fcc:	f000 f89a 	bl	1a001104 <Chip_Clock_GetDivRate>
		break;
1a000fd0:	e011      	b.n	1a000ff6 <Chip_Clock_GetClockInputHz+0x96>

	case CLKIN_IDIVB:
		rate = Chip_Clock_GetDivRate(input, CLK_IDIV_B);
1a000fd2:	2101      	movs	r1, #1
1a000fd4:	f000 f896 	bl	1a001104 <Chip_Clock_GetDivRate>
		break;
1a000fd8:	e00d      	b.n	1a000ff6 <Chip_Clock_GetClockInputHz+0x96>

	case CLKIN_IDIVC:
		rate = Chip_Clock_GetDivRate(input, CLK_IDIV_C);
1a000fda:	2102      	movs	r1, #2
1a000fdc:	f000 f892 	bl	1a001104 <Chip_Clock_GetDivRate>
		break;
1a000fe0:	e009      	b.n	1a000ff6 <Chip_Clock_GetClockInputHz+0x96>

	case CLKIN_IDIVD:
		rate = Chip_Clock_GetDivRate(input, CLK_IDIV_D);
1a000fe2:	2103      	movs	r1, #3
1a000fe4:	f000 f88e 	bl	1a001104 <Chip_Clock_GetDivRate>
		break;
1a000fe8:	e005      	b.n	1a000ff6 <Chip_Clock_GetClockInputHz+0x96>

	case CLKIN_IDIVE:
		rate = Chip_Clock_GetDivRate(input, CLK_IDIV_E);
1a000fea:	2104      	movs	r1, #4
1a000fec:	f000 f88a 	bl	1a001104 <Chip_Clock_GetDivRate>
		break;
1a000ff0:	e001      	b.n	1a000ff6 <Chip_Clock_GetClockInputHz+0x96>
		rate = CRYSTAL_32K_FREQ_IN;
1a000ff2:	f44f 4000 	mov.w	r0, #32768	; 0x8000
	default:
		break;
	}

	return rate;
}
1a000ff6:	bd08      	pop	{r3, pc}
			rate = 50000000; /* RMII uses 50 MHz */
1a000ff8:	4806      	ldr	r0, [pc, #24]	; (1a001014 <Chip_Clock_GetClockInputHz+0xb4>)
	return rate;
1a000ffa:	e7fc      	b.n	1a000ff6 <Chip_Clock_GetClockInputHz+0x96>
1a000ffc:	00b71b00 	.word	0x00b71b00
1a001000:	40043000 	.word	0x40043000
1a001004:	017d7840 	.word	0x017d7840
1a001008:	1a0034c4 	.word	0x1a0034c4
1a00100c:	1a0034f0 	.word	0x1a0034f0
1a001010:	100000b4 	.word	0x100000b4
1a001014:	02faf080 	.word	0x02faf080

1a001018 <Chip_Clock_CalcMainPLLValue>:
{
1a001018:	b538      	push	{r3, r4, r5, lr}
1a00101a:	4605      	mov	r5, r0
1a00101c:	460c      	mov	r4, r1
	ppll->fin = Chip_Clock_GetClockInputHz(ppll->srcin);
1a00101e:	7908      	ldrb	r0, [r1, #4]
1a001020:	f7ff ff9e 	bl	1a000f60 <Chip_Clock_GetClockInputHz>
1a001024:	6160      	str	r0, [r4, #20]
	if (freq > MAX_CLOCK_FREQ || freq < (PLL_MIN_CCO_FREQ / 16) || !ppll->fin) {
1a001026:	4b19      	ldr	r3, [pc, #100]	; (1a00108c <Chip_Clock_CalcMainPLLValue+0x74>)
1a001028:	442b      	add	r3, r5
1a00102a:	4a19      	ldr	r2, [pc, #100]	; (1a001090 <Chip_Clock_CalcMainPLLValue+0x78>)
1a00102c:	4293      	cmp	r3, r2
1a00102e:	d821      	bhi.n	1a001074 <Chip_Clock_CalcMainPLLValue+0x5c>
1a001030:	b318      	cbz	r0, 1a00107a <Chip_Clock_CalcMainPLLValue+0x62>
	ppll->ctrl = 1 << 7; /* Enable direct mode [If possible] */
1a001032:	2380      	movs	r3, #128	; 0x80
1a001034:	6023      	str	r3, [r4, #0]
	ppll->nsel = 0;
1a001036:	2300      	movs	r3, #0
1a001038:	60a3      	str	r3, [r4, #8]
	ppll->psel = 0;
1a00103a:	60e3      	str	r3, [r4, #12]
	ppll->msel = freq / ppll->fin;
1a00103c:	fbb5 f3f0 	udiv	r3, r5, r0
1a001040:	6123      	str	r3, [r4, #16]
	if (freq < PLL_MIN_CCO_FREQ || ppll->msel * ppll->fin != freq) {
1a001042:	4a14      	ldr	r2, [pc, #80]	; (1a001094 <Chip_Clock_CalcMainPLLValue+0x7c>)
1a001044:	4295      	cmp	r5, r2
1a001046:	d903      	bls.n	1a001050 <Chip_Clock_CalcMainPLLValue+0x38>
1a001048:	fb03 f000 	mul.w	r0, r3, r0
1a00104c:	42a8      	cmp	r0, r5
1a00104e:	d007      	beq.n	1a001060 <Chip_Clock_CalcMainPLLValue+0x48>
		pll_get_frac(freq, ppll);
1a001050:	4621      	mov	r1, r4
1a001052:	4628      	mov	r0, r5
1a001054:	f7ff fe96 	bl	1a000d84 <pll_get_frac>
		if (!ppll->nsel) {
1a001058:	68a3      	ldr	r3, [r4, #8]
1a00105a:	b18b      	cbz	r3, 1a001080 <Chip_Clock_CalcMainPLLValue+0x68>
		ppll->nsel --;
1a00105c:	3b01      	subs	r3, #1
1a00105e:	60a3      	str	r3, [r4, #8]
	if (ppll->msel == 0) {
1a001060:	6923      	ldr	r3, [r4, #16]
1a001062:	b183      	cbz	r3, 1a001086 <Chip_Clock_CalcMainPLLValue+0x6e>
	if (ppll->psel) {
1a001064:	68e2      	ldr	r2, [r4, #12]
1a001066:	b10a      	cbz	r2, 1a00106c <Chip_Clock_CalcMainPLLValue+0x54>
		ppll->psel --;
1a001068:	3a01      	subs	r2, #1
1a00106a:	60e2      	str	r2, [r4, #12]
	ppll->msel --;
1a00106c:	3b01      	subs	r3, #1
1a00106e:	6123      	str	r3, [r4, #16]
	return 0;
1a001070:	2000      	movs	r0, #0
}
1a001072:	bd38      	pop	{r3, r4, r5, pc}
		return -1;
1a001074:	f04f 30ff 	mov.w	r0, #4294967295
1a001078:	e7fb      	b.n	1a001072 <Chip_Clock_CalcMainPLLValue+0x5a>
1a00107a:	f04f 30ff 	mov.w	r0, #4294967295
1a00107e:	e7f8      	b.n	1a001072 <Chip_Clock_CalcMainPLLValue+0x5a>
			return -1;
1a001080:	f04f 30ff 	mov.w	r0, #4294967295
1a001084:	e7f5      	b.n	1a001072 <Chip_Clock_CalcMainPLLValue+0x5a>
		return - 1;
1a001086:	f04f 30ff 	mov.w	r0, #4294967295
1a00108a:	e7f2      	b.n	1a001072 <Chip_Clock_CalcMainPLLValue+0x5a>
1a00108c:	ff6b3a10 	.word	0xff6b3a10
1a001090:	0b940510 	.word	0x0b940510
1a001094:	094c5eff 	.word	0x094c5eff

1a001098 <Chip_Clock_GetMainPLLHz>:
{
1a001098:	b530      	push	{r4, r5, lr}
1a00109a:	b083      	sub	sp, #12
	uint32_t PLLReg = LPC_CGU->PLL1_CTRL;
1a00109c:	4d17      	ldr	r5, [pc, #92]	; (1a0010fc <Chip_Clock_GetMainPLLHz+0x64>)
1a00109e:	6c6c      	ldr	r4, [r5, #68]	; 0x44
	uint32_t freq = Chip_Clock_GetClockInputHz((CHIP_CGU_CLKIN_T) ((PLLReg >> 24) & 0xF));
1a0010a0:	f3c4 6003 	ubfx	r0, r4, #24, #4
1a0010a4:	f7ff ff5c 	bl	1a000f60 <Chip_Clock_GetClockInputHz>
	const uint8_t ptab[] = {1, 2, 4, 8};
1a0010a8:	4b15      	ldr	r3, [pc, #84]	; (1a001100 <Chip_Clock_GetMainPLLHz+0x68>)
1a0010aa:	681b      	ldr	r3, [r3, #0]
1a0010ac:	9301      	str	r3, [sp, #4]
	if (!(LPC_CGU->PLL1_STAT & 1)) {
1a0010ae:	6c2b      	ldr	r3, [r5, #64]	; 0x40
1a0010b0:	f013 0f01 	tst.w	r3, #1
1a0010b4:	d020      	beq.n	1a0010f8 <Chip_Clock_GetMainPLLHz+0x60>
	msel = (PLLReg >> 16) & 0xFF;
1a0010b6:	f3c4 4307 	ubfx	r3, r4, #16, #8
	nsel = (PLLReg >> 12) & 0x3;
1a0010ba:	f3c4 3201 	ubfx	r2, r4, #12, #2
	psel = (PLLReg >> 8) & 0x3;
1a0010be:	f3c4 2101 	ubfx	r1, r4, #8, #2
	fbsel = (PLLReg >> 6) & 0x1;
1a0010c2:	f3c4 1580 	ubfx	r5, r4, #6, #1
	m = msel + 1;
1a0010c6:	3301      	adds	r3, #1
	n = nsel + 1;
1a0010c8:	3201      	adds	r2, #1
	p = ptab[psel];
1a0010ca:	f10d 0c08 	add.w	ip, sp, #8
1a0010ce:	4461      	add	r1, ip
1a0010d0:	f811 1c04 	ldrb.w	r1, [r1, #-4]
	if (direct || fbsel) {
1a0010d4:	f014 0f80 	tst.w	r4, #128	; 0x80
1a0010d8:	d108      	bne.n	1a0010ec <Chip_Clock_GetMainPLLHz+0x54>
1a0010da:	b93d      	cbnz	r5, 1a0010ec <Chip_Clock_GetMainPLLHz+0x54>
	return (m / (2 * p)) * (freq / n);
1a0010dc:	0049      	lsls	r1, r1, #1
1a0010de:	fbb3 f3f1 	udiv	r3, r3, r1
1a0010e2:	fbb0 f0f2 	udiv	r0, r0, r2
1a0010e6:	fb00 f003 	mul.w	r0, r0, r3
1a0010ea:	e003      	b.n	1a0010f4 <Chip_Clock_GetMainPLLHz+0x5c>
		return m * (freq / n);
1a0010ec:	fbb0 f0f2 	udiv	r0, r0, r2
1a0010f0:	fb03 f000 	mul.w	r0, r3, r0
}
1a0010f4:	b003      	add	sp, #12
1a0010f6:	bd30      	pop	{r4, r5, pc}
		return 0;
1a0010f8:	2000      	movs	r0, #0
1a0010fa:	e7fb      	b.n	1a0010f4 <Chip_Clock_GetMainPLLHz+0x5c>
1a0010fc:	40050000 	.word	0x40050000
1a001100:	1a00353c 	.word	0x1a00353c

1a001104 <Chip_Clock_GetDivRate>:
{
1a001104:	b538      	push	{r3, r4, r5, lr}
1a001106:	460c      	mov	r4, r1
	input = Chip_Clock_GetDividerSource(divider);
1a001108:	4608      	mov	r0, r1
1a00110a:	f7ff ff0d 	bl	1a000f28 <Chip_Clock_GetDividerSource>
1a00110e:	4605      	mov	r5, r0
	div = Chip_Clock_GetDividerDivisor(divider);
1a001110:	4620      	mov	r0, r4
1a001112:	f7ff ff17 	bl	1a000f44 <Chip_Clock_GetDividerDivisor>
1a001116:	4604      	mov	r4, r0
	return Chip_Clock_GetClockInputHz(input) / (div + 1);
1a001118:	4628      	mov	r0, r5
1a00111a:	f7ff ff21 	bl	1a000f60 <Chip_Clock_GetClockInputHz>
1a00111e:	3401      	adds	r4, #1
}
1a001120:	fbb0 f0f4 	udiv	r0, r0, r4
1a001124:	bd38      	pop	{r3, r4, r5, pc}
1a001126:	Address 0x1a001126 is out of bounds.


1a001128 <Chip_Clock_SetBaseClock>:
	return Chip_Clock_GetClockInputHz(Chip_Clock_GetBaseClock(clock));
}

/* Sets a CGU Base Clock clock source */
void Chip_Clock_SetBaseClock(CHIP_CGU_BASE_CLK_T BaseClock, CHIP_CGU_CLKIN_T Input, bool autoblocken, bool powerdn)
{
1a001128:	b430      	push	{r4, r5}
	uint32_t reg = LPC_CGU->BASE_CLK[BaseClock];
1a00112a:	f100 0416 	add.w	r4, r0, #22
1a00112e:	00a4      	lsls	r4, r4, #2
1a001130:	f104 4480 	add.w	r4, r4, #1073741824	; 0x40000000
1a001134:	f504 24a0 	add.w	r4, r4, #327680	; 0x50000
1a001138:	6864      	ldr	r4, [r4, #4]

	if (BaseClock < CLK_BASE_NONE) {
1a00113a:	281b      	cmp	r0, #27
1a00113c:	d813      	bhi.n	1a001166 <Chip_Clock_SetBaseClock+0x3e>
		if (Input != CLKINPUT_PD) {
1a00113e:	2911      	cmp	r1, #17
1a001140:	d01a      	beq.n	1a001178 <Chip_Clock_SetBaseClock+0x50>
			/* Mask off fields we plan to update */
			reg &= ~((0x1F << 24) | 1 | (1 << 11));
1a001142:	4d0e      	ldr	r5, [pc, #56]	; (1a00117c <Chip_Clock_SetBaseClock+0x54>)
1a001144:	4025      	ands	r5, r4

			if (autoblocken) {
1a001146:	b10a      	cbz	r2, 1a00114c <Chip_Clock_SetBaseClock+0x24>
				reg |= (1 << 11);
1a001148:	f445 6500 	orr.w	r5, r5, #2048	; 0x800
			}
			if (powerdn) {
1a00114c:	b10b      	cbz	r3, 1a001152 <Chip_Clock_SetBaseClock+0x2a>
				reg |= (1 << 0);
1a00114e:	f045 0501 	orr.w	r5, r5, #1
			}

			/* Set clock source */
			reg |= (Input << 24);
1a001152:	ea45 6501 	orr.w	r5, r5, r1, lsl #24

			LPC_CGU->BASE_CLK[BaseClock] = reg;
1a001156:	3016      	adds	r0, #22
1a001158:	0080      	lsls	r0, r0, #2
1a00115a:	f100 4080 	add.w	r0, r0, #1073741824	; 0x40000000
1a00115e:	f500 20a0 	add.w	r0, r0, #327680	; 0x50000
1a001162:	6045      	str	r5, [r0, #4]
1a001164:	e008      	b.n	1a001178 <Chip_Clock_SetBaseClock+0x50>
		}
	}
	else {
		LPC_CGU->BASE_CLK[BaseClock] = reg | 1;	/* Power down this base clock */
1a001166:	f044 0401 	orr.w	r4, r4, #1
1a00116a:	3016      	adds	r0, #22
1a00116c:	0080      	lsls	r0, r0, #2
1a00116e:	f100 4080 	add.w	r0, r0, #1073741824	; 0x40000000
1a001172:	f500 20a0 	add.w	r0, r0, #327680	; 0x50000
1a001176:	6044      	str	r4, [r0, #4]
	}
}
1a001178:	bc30      	pop	{r4, r5}
1a00117a:	4770      	bx	lr
1a00117c:	e0fff7fe 	.word	0xe0fff7fe

1a001180 <Chip_Clock_GetBaseClock>:
/* Gets a CGU Base Clock clock source */
CHIP_CGU_CLKIN_T Chip_Clock_GetBaseClock(CHIP_CGU_BASE_CLK_T BaseClock)
{
	uint32_t reg;

	if (BaseClock >= CLK_BASE_NONE) {
1a001180:	281b      	cmp	r0, #27
1a001182:	d80c      	bhi.n	1a00119e <Chip_Clock_GetBaseClock+0x1e>
		return CLKINPUT_PD;
	}

	reg = LPC_CGU->BASE_CLK[BaseClock];
1a001184:	3016      	adds	r0, #22
1a001186:	0080      	lsls	r0, r0, #2
1a001188:	f100 4080 	add.w	r0, r0, #1073741824	; 0x40000000
1a00118c:	f500 20a0 	add.w	r0, r0, #327680	; 0x50000
1a001190:	6840      	ldr	r0, [r0, #4]

	/* base clock is powered down? */
	if (reg & 1) {
1a001192:	f010 0f01 	tst.w	r0, #1
1a001196:	d104      	bne.n	1a0011a2 <Chip_Clock_GetBaseClock+0x22>
		return CLKINPUT_PD;
	}

	return (CHIP_CGU_CLKIN_T) ((reg >> 24) & 0x1F);
1a001198:	f3c0 6004 	ubfx	r0, r0, #24, #5
1a00119c:	4770      	bx	lr
		return CLKINPUT_PD;
1a00119e:	2011      	movs	r0, #17
1a0011a0:	4770      	bx	lr
		return CLKINPUT_PD;
1a0011a2:	2011      	movs	r0, #17
}
1a0011a4:	4770      	bx	lr

1a0011a6 <Chip_Clock_GetBaseClocktHz>:
{
1a0011a6:	b508      	push	{r3, lr}
	return Chip_Clock_GetClockInputHz(Chip_Clock_GetBaseClock(clock));
1a0011a8:	f7ff ffea 	bl	1a001180 <Chip_Clock_GetBaseClock>
1a0011ac:	f7ff fed8 	bl	1a000f60 <Chip_Clock_GetClockInputHz>
}
1a0011b0:	bd08      	pop	{r3, pc}
1a0011b2:	Address 0x1a0011b2 is out of bounds.


1a0011b4 <Chip_Clock_EnableOpts>:
/* Enables a peripheral clock and sets clock states */
void Chip_Clock_EnableOpts(CHIP_CCU_CLK_T clk, bool autoen, bool wakeupen, int div)
{
	uint32_t reg = 1;

	if (autoen) {
1a0011b4:	b971      	cbnz	r1, 1a0011d4 <Chip_Clock_EnableOpts+0x20>
	uint32_t reg = 1;
1a0011b6:	2101      	movs	r1, #1
		reg |= (1 << 1);
	}
	if (wakeupen) {
1a0011b8:	b10a      	cbz	r2, 1a0011be <Chip_Clock_EnableOpts+0xa>
		reg |= (1 << 2);
1a0011ba:	f041 0104 	orr.w	r1, r1, #4
	}

	/* Not all clocks support a divider, but we won't check that here. Only
	   dividers of 1 and 2 are allowed. Assume 1 if not 2 */
	if (div == 2) {
1a0011be:	2b02      	cmp	r3, #2
1a0011c0:	d00a      	beq.n	1a0011d8 <Chip_Clock_EnableOpts+0x24>
		reg |= (1 << 5);
	}

	/* Setup peripheral clock and start running */
	if (clk >= CLK_CCU2_START) {
1a0011c2:	f5b0 7fa1 	cmp.w	r0, #322	; 0x142
1a0011c6:	d30a      	bcc.n	1a0011de <Chip_Clock_EnableOpts+0x2a>
		LPC_CCU2->CLKCCU[clk - CLK_CCU2_START].CFG = reg;
1a0011c8:	f5a0 7091 	sub.w	r0, r0, #290	; 0x122
1a0011cc:	4b06      	ldr	r3, [pc, #24]	; (1a0011e8 <Chip_Clock_EnableOpts+0x34>)
1a0011ce:	f843 1030 	str.w	r1, [r3, r0, lsl #3]
1a0011d2:	4770      	bx	lr
		reg |= (1 << 1);
1a0011d4:	2103      	movs	r1, #3
1a0011d6:	e7ef      	b.n	1a0011b8 <Chip_Clock_EnableOpts+0x4>
		reg |= (1 << 5);
1a0011d8:	f041 0120 	orr.w	r1, r1, #32
1a0011dc:	e7f1      	b.n	1a0011c2 <Chip_Clock_EnableOpts+0xe>
	}
	else {
		LPC_CCU1->CLKCCU[clk].CFG = reg;
1a0011de:	3020      	adds	r0, #32
1a0011e0:	4b02      	ldr	r3, [pc, #8]	; (1a0011ec <Chip_Clock_EnableOpts+0x38>)
1a0011e2:	f843 1030 	str.w	r1, [r3, r0, lsl #3]
	}
}
1a0011e6:	4770      	bx	lr
1a0011e8:	40052000 	.word	0x40052000
1a0011ec:	40051000 	.word	0x40051000

1a0011f0 <Chip_Clock_Enable>:

/* Enables a peripheral clock */
void Chip_Clock_Enable(CHIP_CCU_CLK_T clk)
{
	/* Start peripheral clock running */
	if (clk >= CLK_CCU2_START) {
1a0011f0:	f5b0 7fa1 	cmp.w	r0, #322	; 0x142
1a0011f4:	d309      	bcc.n	1a00120a <Chip_Clock_Enable+0x1a>
		LPC_CCU2->CLKCCU[clk - CLK_CCU2_START].CFG |= 1;
1a0011f6:	4a09      	ldr	r2, [pc, #36]	; (1a00121c <Chip_Clock_Enable+0x2c>)
1a0011f8:	f5a0 7091 	sub.w	r0, r0, #290	; 0x122
1a0011fc:	f852 3030 	ldr.w	r3, [r2, r0, lsl #3]
1a001200:	f043 0301 	orr.w	r3, r3, #1
1a001204:	f842 3030 	str.w	r3, [r2, r0, lsl #3]
1a001208:	4770      	bx	lr
	}
	else {
		LPC_CCU1->CLKCCU[clk].CFG |= 1;
1a00120a:	4a05      	ldr	r2, [pc, #20]	; (1a001220 <Chip_Clock_Enable+0x30>)
1a00120c:	3020      	adds	r0, #32
1a00120e:	f852 3030 	ldr.w	r3, [r2, r0, lsl #3]
1a001212:	f043 0301 	orr.w	r3, r3, #1
1a001216:	f842 3030 	str.w	r3, [r2, r0, lsl #3]
	}
}
1a00121a:	4770      	bx	lr
1a00121c:	40052000 	.word	0x40052000
1a001220:	40051000 	.word	0x40051000

1a001224 <Chip_Clock_Disable>:

/* Disables a peripheral clock */
void Chip_Clock_Disable(CHIP_CCU_CLK_T clk)
{
	/* Stop peripheral clock */
	if (clk >= CLK_CCU2_START) {
1a001224:	f5b0 7fa1 	cmp.w	r0, #322	; 0x142
1a001228:	d309      	bcc.n	1a00123e <Chip_Clock_Disable+0x1a>
		LPC_CCU2->CLKCCU[clk - CLK_CCU2_START].CFG &= ~1;
1a00122a:	4a09      	ldr	r2, [pc, #36]	; (1a001250 <Chip_Clock_Disable+0x2c>)
1a00122c:	f5a0 7091 	sub.w	r0, r0, #290	; 0x122
1a001230:	f852 3030 	ldr.w	r3, [r2, r0, lsl #3]
1a001234:	f023 0301 	bic.w	r3, r3, #1
1a001238:	f842 3030 	str.w	r3, [r2, r0, lsl #3]
1a00123c:	4770      	bx	lr
	}
	else {
		LPC_CCU1->CLKCCU[clk].CFG &= ~1;
1a00123e:	4a05      	ldr	r2, [pc, #20]	; (1a001254 <Chip_Clock_Disable+0x30>)
1a001240:	3020      	adds	r0, #32
1a001242:	f852 3030 	ldr.w	r3, [r2, r0, lsl #3]
1a001246:	f023 0301 	bic.w	r3, r3, #1
1a00124a:	f842 3030 	str.w	r3, [r2, r0, lsl #3]
	}
}
1a00124e:	4770      	bx	lr
1a001250:	40052000 	.word	0x40052000
1a001254:	40051000 	.word	0x40051000

1a001258 <Chip_Clock_GetRate>:
	LPC_CCU2->PM = 0;
}

/* Returns a peripheral clock rate */
uint32_t Chip_Clock_GetRate(CHIP_CCU_CLK_T clk)
{
1a001258:	b510      	push	{r4, lr}
	CHIP_CGU_BASE_CLK_T baseclk;
	uint32_t reg, div, rate;

	/* Get CCU config register for clock */
	if (clk >= CLK_CCU2_START) {
1a00125a:	f5b0 7fa1 	cmp.w	r0, #322	; 0x142
1a00125e:	d309      	bcc.n	1a001274 <Chip_Clock_GetRate+0x1c>
		reg = LPC_CCU2->CLKCCU[clk - CLK_CCU2_START].CFG;
1a001260:	f5a0 7391 	sub.w	r3, r0, #290	; 0x122
1a001264:	4a0d      	ldr	r2, [pc, #52]	; (1a00129c <Chip_Clock_GetRate+0x44>)
1a001266:	f852 4033 	ldr.w	r4, [r2, r3, lsl #3]
	else {
		reg = LPC_CCU1->CLKCCU[clk].CFG;
	}

	/* Is the clock enabled? */
	if (reg & 1) {
1a00126a:	f014 0f01 	tst.w	r4, #1
1a00126e:	d107      	bne.n	1a001280 <Chip_Clock_GetRate+0x28>

		}
		rate = rate / div;
	}
	else {
		rate = 0;
1a001270:	2000      	movs	r0, #0
	}

	return rate;
}
1a001272:	bd10      	pop	{r4, pc}
		reg = LPC_CCU1->CLKCCU[clk].CFG;
1a001274:	f100 0320 	add.w	r3, r0, #32
1a001278:	4a09      	ldr	r2, [pc, #36]	; (1a0012a0 <Chip_Clock_GetRate+0x48>)
1a00127a:	f852 4033 	ldr.w	r4, [r2, r3, lsl #3]
1a00127e:	e7f4      	b.n	1a00126a <Chip_Clock_GetRate+0x12>
		baseclk = Chip_Clock_FindBaseClock(clk);
1a001280:	f7ff fe06 	bl	1a000e90 <Chip_Clock_FindBaseClock>
		rate = Chip_Clock_GetBaseClocktHz(baseclk);
1a001284:	f7ff ff8f 	bl	1a0011a6 <Chip_Clock_GetBaseClocktHz>
		if (((reg >> 5) & 0x7) == 0) {
1a001288:	f014 0fe0 	tst.w	r4, #224	; 0xe0
1a00128c:	d103      	bne.n	1a001296 <Chip_Clock_GetRate+0x3e>
			div = 1;
1a00128e:	2301      	movs	r3, #1
		rate = rate / div;
1a001290:	fbb0 f0f3 	udiv	r0, r0, r3
1a001294:	e7ed      	b.n	1a001272 <Chip_Clock_GetRate+0x1a>
			div = 2;/* No other dividers supported */
1a001296:	2302      	movs	r3, #2
1a001298:	e7fa      	b.n	1a001290 <Chip_Clock_GetRate+0x38>
1a00129a:	bf00      	nop
1a00129c:	40052000 	.word	0x40052000
1a0012a0:	40051000 	.word	0x40051000

1a0012a4 <Chip_UART_GetIndex>:

/* Returns clock index for the peripheral block */
static int Chip_UART_GetIndex(LPC_USART_T *pUART)
{
	uint32_t base = (uint32_t) pUART;
	switch(base) {
1a0012a4:	4b09      	ldr	r3, [pc, #36]	; (1a0012cc <Chip_UART_GetIndex+0x28>)
1a0012a6:	4298      	cmp	r0, r3
1a0012a8:	d009      	beq.n	1a0012be <Chip_UART_GetIndex+0x1a>
1a0012aa:	f503 5380 	add.w	r3, r3, #4096	; 0x1000
1a0012ae:	4298      	cmp	r0, r3
1a0012b0:	d007      	beq.n	1a0012c2 <Chip_UART_GetIndex+0x1e>
1a0012b2:	f5a3 2380 	sub.w	r3, r3, #262144	; 0x40000
1a0012b6:	4298      	cmp	r0, r3
1a0012b8:	d005      	beq.n	1a0012c6 <Chip_UART_GetIndex+0x22>
		case LPC_USART0_BASE:
			return 0;
1a0012ba:	2000      	movs	r0, #0
1a0012bc:	4770      	bx	lr
		case LPC_UART1_BASE:
			return 1;
		case LPC_USART2_BASE:
			return 2;
1a0012be:	2002      	movs	r0, #2
1a0012c0:	4770      	bx	lr
		case LPC_USART3_BASE:
			return 3;
1a0012c2:	2003      	movs	r0, #3
1a0012c4:	4770      	bx	lr
			return 1;
1a0012c6:	2001      	movs	r0, #1
		default:
			return 0; /* Should never come here */
	}
}
1a0012c8:	4770      	bx	lr
1a0012ca:	bf00      	nop
1a0012cc:	400c1000 	.word	0x400c1000

1a0012d0 <Chip_UART_Init>:
 * Public functions
 ****************************************************************************/

/* Initializes the pUART peripheral */
void Chip_UART_Init(LPC_USART_T *pUART)
{
1a0012d0:	b530      	push	{r4, r5, lr}
1a0012d2:	b083      	sub	sp, #12
1a0012d4:	4604      	mov	r4, r0
    volatile uint32_t tmp;

	/* Enable UART clocking. UART base clock(s) must already be enabled */
	Chip_Clock_EnableOpts(UART_PClock[Chip_UART_GetIndex(pUART)], true, true, 1);
1a0012d6:	f7ff ffe5 	bl	1a0012a4 <Chip_UART_GetIndex>
1a0012da:	2301      	movs	r3, #1
1a0012dc:	461a      	mov	r2, r3
1a0012de:	4619      	mov	r1, r3
1a0012e0:	4d0e      	ldr	r5, [pc, #56]	; (1a00131c <Chip_UART_Init+0x4c>)
1a0012e2:	f835 0010 	ldrh.w	r0, [r5, r0, lsl #1]
1a0012e6:	f7ff ff65 	bl	1a0011b4 <Chip_Clock_EnableOpts>
	pUART->FCR = fcr;
1a0012ea:	2307      	movs	r3, #7
1a0012ec:	60a3      	str	r3, [r4, #8]
    pUART->TER2 = 0;
1a0012ee:	2300      	movs	r3, #0
1a0012f0:	65e3      	str	r3, [r4, #92]	; 0x5c

    /* Disable Tx */
    Chip_UART_TXDisable(pUART);

    /* Disable interrupts */
	pUART->IER = 0;
1a0012f2:	6063      	str	r3, [r4, #4]
	/* Set LCR to default state */
	pUART->LCR = 0;
1a0012f4:	60e3      	str	r3, [r4, #12]
	/* Set ACR to default state */
	pUART->ACR = 0;
1a0012f6:	6223      	str	r3, [r4, #32]
    /* Set RS485 control to default state */
	pUART->RS485CTRL = 0;
1a0012f8:	64e3      	str	r3, [r4, #76]	; 0x4c
	/* Set RS485 delay timer to default state */
	pUART->RS485DLY = 0;
1a0012fa:	6563      	str	r3, [r4, #84]	; 0x54
	/* Set RS485 addr match to default state */
	pUART->RS485ADRMATCH = 0;
1a0012fc:	6523      	str	r3, [r4, #80]	; 0x50

    /* Clear MCR */
    if (pUART == LPC_UART1) {
1a0012fe:	4b08      	ldr	r3, [pc, #32]	; (1a001320 <Chip_UART_Init+0x50>)
1a001300:	429c      	cmp	r4, r3
1a001302:	d006      	beq.n	1a001312 <Chip_UART_Init+0x42>
	pUART->LCR = config;
1a001304:	2303      	movs	r3, #3
1a001306:	60e3      	str	r3, [r4, #12]

	/* Default 8N1, with DLAB disabled */
	Chip_UART_ConfigData(pUART, (UART_LCR_WLEN8 | UART_LCR_SBS_1BIT | UART_LCR_PARITY_DIS));

	/* Disable fractional divider */
	pUART->FDR = 0x10;
1a001308:	2310      	movs	r3, #16
1a00130a:	62a3      	str	r3, [r4, #40]	; 0x28

    (void) tmp;
1a00130c:	9b01      	ldr	r3, [sp, #4]
}
1a00130e:	b003      	add	sp, #12
1a001310:	bd30      	pop	{r4, r5, pc}
		pUART->MCR = 0;
1a001312:	2300      	movs	r3, #0
1a001314:	6123      	str	r3, [r4, #16]
		tmp = pUART->MSR;
1a001316:	69a3      	ldr	r3, [r4, #24]
1a001318:	9301      	str	r3, [sp, #4]
1a00131a:	e7f3      	b.n	1a001304 <Chip_UART_Init+0x34>
1a00131c:	1a0035bc 	.word	0x1a0035bc
1a001320:	40082000 	.word	0x40082000

1a001324 <Chip_UART_SetBaud>:
	return readBytes;
}

/* Determines and sets best dividers to get a target bit rate */
uint32_t Chip_UART_SetBaud(LPC_USART_T *pUART, uint32_t baudrate)
{
1a001324:	b538      	push	{r3, r4, r5, lr}
1a001326:	4605      	mov	r5, r0
1a001328:	460c      	mov	r4, r1
	uint32_t div, divh, divl, clkin;

	/* Determine UART clock in rate without FDR */
	clkin = Chip_Clock_GetRate(UART_BClock[Chip_UART_GetIndex(pUART)]);
1a00132a:	f7ff ffbb 	bl	1a0012a4 <Chip_UART_GetIndex>
1a00132e:	4b0c      	ldr	r3, [pc, #48]	; (1a001360 <Chip_UART_SetBaud+0x3c>)
1a001330:	f833 0010 	ldrh.w	r0, [r3, r0, lsl #1]
1a001334:	f7ff ff90 	bl	1a001258 <Chip_Clock_GetRate>
	div = clkin / (baudrate * 16);
1a001338:	0123      	lsls	r3, r4, #4
1a00133a:	fbb0 f3f3 	udiv	r3, r0, r3

	/* High and low halves of the divider */
	divh = div / 256;
	divl = div - (divh * 256);
1a00133e:	b2d9      	uxtb	r1, r3
	pUART->LCR |= UART_LCR_DLAB_EN;
1a001340:	68ea      	ldr	r2, [r5, #12]
1a001342:	f042 0280 	orr.w	r2, r2, #128	; 0x80
1a001346:	60ea      	str	r2, [r5, #12]
	pUART->DLL = (uint32_t) dll;
1a001348:	6029      	str	r1, [r5, #0]
	pUART->DLM = (uint32_t) dlm;
1a00134a:	f3c3 2207 	ubfx	r2, r3, #8, #8
1a00134e:	606a      	str	r2, [r5, #4]
	pUART->LCR &= ~UART_LCR_DLAB_EN;
1a001350:	68ea      	ldr	r2, [r5, #12]
1a001352:	f022 0280 	bic.w	r2, r2, #128	; 0x80
1a001356:	60ea      	str	r2, [r5, #12]
	Chip_UART_SetDivisorLatches(pUART, divl, divh);
	Chip_UART_DisableDivisorAccess(pUART);

	/* Fractional FDR alreadt setup for 1 in UART init */

	return (clkin / div) >> 4;
1a001358:	fbb0 f0f3 	udiv	r0, r0, r3
}
1a00135c:	0900      	lsrs	r0, r0, #4
1a00135e:	bd38      	pop	{r3, r4, r5, pc}
1a001360:	1a0035b4 	.word	0x1a0035b4

1a001364 <Chip_UART_SetBaudFDR>:
    Chip_UART_ABIntHandler(pUART);
}

/* Determines and sets best dividers to get a target baud rate */
uint32_t Chip_UART_SetBaudFDR(LPC_USART_T *pUART, uint32_t baud)
{
1a001364:	e92d 4ff0 	stmdb	sp!, {r4, r5, r6, r7, r8, r9, sl, fp, lr}
1a001368:	b083      	sub	sp, #12
1a00136a:	9001      	str	r0, [sp, #4]
1a00136c:	4688      	mov	r8, r1
	uint32_t sdiv = 0, sm = 1, sd = 0;
	uint32_t pclk, m, d;
	uint32_t odiff = -1UL; /* old best diff */

	/* Get base clock for the corresponding UART */
	pclk = Chip_Clock_GetRate(UART_BClock[Chip_UART_GetIndex(pUART)]);
1a00136e:	f7ff ff99 	bl	1a0012a4 <Chip_UART_GetIndex>
1a001372:	4b32      	ldr	r3, [pc, #200]	; (1a00143c <Chip_UART_SetBaudFDR+0xd8>)
1a001374:	f833 0010 	ldrh.w	r0, [r3, r0, lsl #1]
1a001378:	f7ff ff6e 	bl	1a001258 <Chip_Clock_GetRate>
1a00137c:	4606      	mov	r6, r0
	uint32_t odiff = -1UL; /* old best diff */
1a00137e:	f04f 37ff 	mov.w	r7, #4294967295

	/* Loop through all possible fractional divider values */
	for (m = 1; odiff && m < 16; m++) {
1a001382:	2401      	movs	r4, #1
	uint32_t sdiv = 0, sm = 1, sd = 0;
1a001384:	f04f 0b00 	mov.w	fp, #0
1a001388:	46a2      	mov	sl, r4
1a00138a:	46d9      	mov	r9, fp
	for (m = 1; odiff && m < 16; m++) {
1a00138c:	e02a      	b.n	1a0013e4 <Chip_UART_SetBaudFDR+0x80>
			/* Upper 32-bit of dval has div */
			div = (uint32_t) (dval >> 32);

			/* Closer to next div */
			if ((int)diff < 0) {
				diff = -diff;
1a00138e:	4242      	negs	r2, r0
				div ++;
1a001390:	1c4b      	adds	r3, r1, #1
1a001392:	e017      	b.n	1a0013c4 <Chip_UART_SetBaudFDR+0x60>
			sd = d;
			sm = m;
			odiff = diff;

			/* On perfect match, break loop */
			if(!diff) {
1a001394:	b30a      	cbz	r2, 1a0013da <Chip_UART_SetBaudFDR+0x76>
			odiff = diff;
1a001396:	4617      	mov	r7, r2
			sd = d;
1a001398:	46ab      	mov	fp, r5
			sm = m;
1a00139a:	46a2      	mov	sl, r4
			sdiv = div;
1a00139c:	4699      	mov	r9, r3
		for (d = 0; d < m; d++) {
1a00139e:	3501      	adds	r5, #1
1a0013a0:	42ac      	cmp	r4, r5
1a0013a2:	d91e      	bls.n	1a0013e2 <Chip_UART_SetBaudFDR+0x7e>
			uint64_t dval = (((uint64_t) pclk << 28) * m) / (baud * (m + d));
1a0013a4:	0933      	lsrs	r3, r6, #4
1a0013a6:	0730      	lsls	r0, r6, #28
1a0013a8:	fba4 0100 	umull	r0, r1, r4, r0
1a0013ac:	fb04 1103 	mla	r1, r4, r3, r1
1a0013b0:	1962      	adds	r2, r4, r5
1a0013b2:	fb08 f202 	mul.w	r2, r8, r2
1a0013b6:	2300      	movs	r3, #0
1a0013b8:	f000 fcc6 	bl	1a001d48 <__aeabi_uldivmod>
			diff = (uint32_t) dval;
1a0013bc:	4602      	mov	r2, r0
			div = (uint32_t) (dval >> 32);
1a0013be:	460b      	mov	r3, r1
			if ((int)diff < 0) {
1a0013c0:	2800      	cmp	r0, #0
1a0013c2:	dbe4      	blt.n	1a00138e <Chip_UART_SetBaudFDR+0x2a>
			if (odiff < diff || !div || (div >> 16) || (div < 3 && d)) {
1a0013c4:	4297      	cmp	r7, r2
1a0013c6:	d3ea      	bcc.n	1a00139e <Chip_UART_SetBaudFDR+0x3a>
1a0013c8:	2b00      	cmp	r3, #0
1a0013ca:	d0e8      	beq.n	1a00139e <Chip_UART_SetBaudFDR+0x3a>
1a0013cc:	0c19      	lsrs	r1, r3, #16
1a0013ce:	d1e6      	bne.n	1a00139e <Chip_UART_SetBaudFDR+0x3a>
1a0013d0:	2b02      	cmp	r3, #2
1a0013d2:	d8df      	bhi.n	1a001394 <Chip_UART_SetBaudFDR+0x30>
1a0013d4:	2d00      	cmp	r5, #0
1a0013d6:	d0dd      	beq.n	1a001394 <Chip_UART_SetBaudFDR+0x30>
1a0013d8:	e7e1      	b.n	1a00139e <Chip_UART_SetBaudFDR+0x3a>
			odiff = diff;
1a0013da:	4617      	mov	r7, r2
			sd = d;
1a0013dc:	46ab      	mov	fp, r5
			sm = m;
1a0013de:	46a2      	mov	sl, r4
			sdiv = div;
1a0013e0:	4699      	mov	r9, r3
	for (m = 1; odiff && m < 16; m++) {
1a0013e2:	3401      	adds	r4, #1
1a0013e4:	b11f      	cbz	r7, 1a0013ee <Chip_UART_SetBaudFDR+0x8a>
1a0013e6:	2c0f      	cmp	r4, #15
1a0013e8:	d801      	bhi.n	1a0013ee <Chip_UART_SetBaudFDR+0x8a>
		for (d = 0; d < m; d++) {
1a0013ea:	2500      	movs	r5, #0
1a0013ec:	e7d8      	b.n	1a0013a0 <Chip_UART_SetBaudFDR+0x3c>
			}
		}
	}

	/* Return 0 if a vaild divisor is not possible */
	if (!sdiv) {
1a0013ee:	f1b9 0f00 	cmp.w	r9, #0
1a0013f2:	d01e      	beq.n	1a001432 <Chip_UART_SetBaudFDR+0xce>
	pUART->LCR |= UART_LCR_DLAB_EN;
1a0013f4:	9a01      	ldr	r2, [sp, #4]
1a0013f6:	4611      	mov	r1, r2
1a0013f8:	68d3      	ldr	r3, [r2, #12]
1a0013fa:	f043 0380 	orr.w	r3, r3, #128	; 0x80
1a0013fe:	60d3      	str	r3, [r2, #12]
	pUART->DLL = (uint32_t) dll;
1a001400:	fa5f f389 	uxtb.w	r3, r9
1a001404:	6013      	str	r3, [r2, #0]
	pUART->DLM = (uint32_t) dlm;
1a001406:	f3c9 2307 	ubfx	r3, r9, #8, #8
1a00140a:	6053      	str	r3, [r2, #4]
	pUART->LCR &= ~UART_LCR_DLAB_EN;
1a00140c:	68d3      	ldr	r3, [r2, #12]
1a00140e:	f023 0380 	bic.w	r3, r3, #128	; 0x80
1a001412:	60d3      	str	r3, [r2, #12]
	Chip_UART_EnableDivisorAccess(pUART);
	Chip_UART_SetDivisorLatches(pUART, UART_LOAD_DLL(sdiv), UART_LOAD_DLM(sdiv));
	Chip_UART_DisableDivisorAccess(pUART);

	/* Set best fractional divider */
	pUART->FDR = (UART_FDR_MULVAL(sm) | UART_FDR_DIVADDVAL(sd));
1a001414:	ea4f 130a 	mov.w	r3, sl, lsl #4
1a001418:	b2db      	uxtb	r3, r3
1a00141a:	f00b 020f 	and.w	r2, fp, #15
1a00141e:	4313      	orrs	r3, r2
1a001420:	628b      	str	r3, [r1, #40]	; 0x28

	/* Return actual baud rate */
	return (pclk >> 4) * sm / (sdiv * (sm + sd));
1a001422:	0933      	lsrs	r3, r6, #4
1a001424:	fb0a f303 	mul.w	r3, sl, r3
1a001428:	44da      	add	sl, fp
1a00142a:	fb09 f90a 	mul.w	r9, r9, sl
1a00142e:	fbb3 f9f9 	udiv	r9, r3, r9
}
1a001432:	4648      	mov	r0, r9
1a001434:	b003      	add	sp, #12
1a001436:	e8bd 8ff0 	ldmia.w	sp!, {r4, r5, r6, r7, r8, r9, sl, fp, pc}
1a00143a:	bf00      	nop
1a00143c:	1a0035b4 	.word	0x1a0035b4

1a001440 <SystemInit>:
 */

#include <board.h>

void SystemInit(void)
{
1a001440:	b508      	push	{r3, lr}
   // to use CMSIS.
   volatile unsigned int *pCREG_M0APPMAP = (volatile unsigned int *) 0x40043404;
   // CMSIS : CREG->M0APPMAP = <address of vector table>
   *pCREG_M0APPMAP = (unsigned int)g_pfnVectors;
#else
   SCB->VTOR = (unsigned int) &g_pfnVectors;
1a001442:	4a0b      	ldr	r2, [pc, #44]	; (1a001470 <SystemInit+0x30>)
1a001444:	4b0b      	ldr	r3, [pc, #44]	; (1a001474 <SystemInit+0x34>)
1a001446:	609a      	str	r2, [r3, #8]
 */
__STATIC_INLINE uint32_t SCB_GetFPUType(void)
{
  uint32_t mvfr0;

  mvfr0 = FPU->MVFR0;
1a001448:	f503 730c 	add.w	r3, r3, #560	; 0x230
1a00144c:	691b      	ldr	r3, [r3, #16]
  if      ((mvfr0 & (FPU_MVFR0_Single_precision_Msk | FPU_MVFR0_Double_precision_Msk)) == 0x020U)
1a00144e:	f403 637f 	and.w	r3, r3, #4080	; 0xff0
1a001452:	2b20      	cmp	r3, #32
1a001454:	d004      	beq.n	1a001460 <SystemInit+0x20>

   if (SCB_GetFPUType() > 0)
      SCB->CPACR |= ((3UL << 10*2)|(3UL << 11*2));  /* set CP10 and CP11 Full Access */

   /* Board specific SystemInit only in M4 */
   Board_SystemInit();
1a001456:	f7ff f911 	bl	1a00067c <Board_SystemInit>
   Board_Init();
1a00145a:	f7ff f9e7 	bl	1a00082c <Board_Init>
#endif
}
1a00145e:	bd08      	pop	{r3, pc}
      SCB->CPACR |= ((3UL << 10*2)|(3UL << 11*2));  /* set CP10 and CP11 Full Access */
1a001460:	4a04      	ldr	r2, [pc, #16]	; (1a001474 <SystemInit+0x34>)
1a001462:	f8d2 3088 	ldr.w	r3, [r2, #136]	; 0x88
1a001466:	f443 0370 	orr.w	r3, r3, #15728640	; 0xf00000
1a00146a:	f8c2 3088 	str.w	r3, [r2, #136]	; 0x88
1a00146e:	e7f2      	b.n	1a001456 <SystemInit+0x16>
1a001470:	1a000000 	.word	0x1a000000
1a001474:	e000ed00 	.word	0xe000ed00

1a001478 <cyclesCounterInit>:
 * @return TRUE si esta OK, FALSE en caso de error.
 */
bool_t cyclesCounterInit( uint32_t clockSpeed )
{
   //Asigna  a la variable local ClockSpeed el valor recibido como argumento.
   ClockSpeed = clockSpeed;
1a001478:	4b04      	ldr	r3, [pc, #16]	; (1a00148c <cyclesCounterInit+0x14>)
1a00147a:	6018      	str	r0, [r3, #0]
   //Iniciar el contador de ciclos de clock.
   DWT_CTRL  |= 1; // *DWT_CTRL  |= 1;
1a00147c:	4a04      	ldr	r2, [pc, #16]	; (1a001490 <cyclesCounterInit+0x18>)
1a00147e:	6813      	ldr	r3, [r2, #0]
1a001480:	f043 0301 	orr.w	r3, r3, #1
1a001484:	6013      	str	r3, [r2, #0]
   return TRUE;
}
1a001486:	2001      	movs	r0, #1
1a001488:	4770      	bx	lr
1a00148a:	bf00      	nop
1a00148c:	10000038 	.word	0x10000038
1a001490:	e0001000 	.word	0xe0001000

1a001494 <gpioObtainPinInit>:

static void gpioObtainPinInit( gpioMap_t pin,
                               int8_t *pinNamePort, int8_t *pinNamePin,
                               int8_t *func, int8_t *gpioPort,
                               int8_t *gpioPin )
{
1a001494:	b430      	push	{r4, r5}

   *pinNamePort = gpioPinsInit[pin].pinName.port;
1a001496:	4d0b      	ldr	r5, [pc, #44]	; (1a0014c4 <gpioObtainPinInit+0x30>)
1a001498:	eb00 0080 	add.w	r0, r0, r0, lsl #2
1a00149c:	182c      	adds	r4, r5, r0
1a00149e:	5628      	ldrsb	r0, [r5, r0]
1a0014a0:	7008      	strb	r0, [r1, #0]
   *pinNamePin  = gpioPinsInit[pin].pinName.pin;
1a0014a2:	f994 1001 	ldrsb.w	r1, [r4, #1]
1a0014a6:	7011      	strb	r1, [r2, #0]
   *func        = gpioPinsInit[pin].func;
1a0014a8:	f994 2002 	ldrsb.w	r2, [r4, #2]
1a0014ac:	701a      	strb	r2, [r3, #0]
   *gpioPort    = gpioPinsInit[pin].gpio.port;
1a0014ae:	f994 2003 	ldrsb.w	r2, [r4, #3]
1a0014b2:	9b02      	ldr	r3, [sp, #8]
1a0014b4:	701a      	strb	r2, [r3, #0]
   *gpioPin     = gpioPinsInit[pin].gpio.pin;
1a0014b6:	f994 2004 	ldrsb.w	r2, [r4, #4]
1a0014ba:	9b03      	ldr	r3, [sp, #12]
1a0014bc:	701a      	strb	r2, [r3, #0]
}
1a0014be:	bc30      	pop	{r4, r5}
1a0014c0:	4770      	bx	lr
1a0014c2:	bf00      	nop
1a0014c4:	1a0035c4 	.word	0x1a0035c4

1a0014c8 <gpioInit>:

/*==================[external functions definition]==========================*/

bool_t gpioInit( gpioMap_t pin, gpioInit_t config )
{
   if( pin == VCC ){
1a0014c8:	f110 0f02 	cmn.w	r0, #2
1a0014cc:	f000 80c7 	beq.w	1a00165e <gpioInit+0x196>
	  return FALSE;
   }
   if( pin == GND ){
1a0014d0:	f1b0 3fff 	cmp.w	r0, #4294967295
1a0014d4:	f000 80c5 	beq.w	1a001662 <gpioInit+0x19a>
{
1a0014d8:	b570      	push	{r4, r5, r6, lr}
1a0014da:	b084      	sub	sp, #16
1a0014dc:	460c      	mov	r4, r1
	  return FALSE;
   }

   bool_t ret_val     = 1;

   int8_t pinNamePort = 0;
1a0014de:	2300      	movs	r3, #0
1a0014e0:	f88d 300f 	strb.w	r3, [sp, #15]
   int8_t pinNamePin  = 0;
1a0014e4:	f88d 300e 	strb.w	r3, [sp, #14]

   int8_t func        = 0;
1a0014e8:	f88d 300d 	strb.w	r3, [sp, #13]

   int8_t gpioPort    = 0;
1a0014ec:	f88d 300c 	strb.w	r3, [sp, #12]
   int8_t gpioPin     = 0;
1a0014f0:	f88d 300b 	strb.w	r3, [sp, #11]

   gpioObtainPinInit( pin, &pinNamePort, &pinNamePin, &func,
1a0014f4:	f10d 030b 	add.w	r3, sp, #11
1a0014f8:	9301      	str	r3, [sp, #4]
1a0014fa:	ab03      	add	r3, sp, #12
1a0014fc:	9300      	str	r3, [sp, #0]
1a0014fe:	f10d 030d 	add.w	r3, sp, #13
1a001502:	f10d 020e 	add.w	r2, sp, #14
1a001506:	f10d 010f 	add.w	r1, sp, #15
1a00150a:	f7ff ffc3 	bl	1a001494 <gpioObtainPinInit>
                      &gpioPort, &gpioPin );

   switch(config) {
1a00150e:	2c05      	cmp	r4, #5
1a001510:	f200 80a9 	bhi.w	1a001666 <gpioInit+0x19e>
1a001514:	e8df f004 	tbb	[pc, r4]
1a001518:	45270981 	.word	0x45270981
1a00151c:	0363      	.short	0x0363

   case GPIO_ENABLE:
      /* Initializes GPIO */
      Chip_GPIO_Init(LPC_GPIO_PORT);
1a00151e:	4853      	ldr	r0, [pc, #332]	; (1a00166c <gpioInit+0x1a4>)
1a001520:	f7ff faee 	bl	1a000b00 <Chip_GPIO_Init>
   bool_t ret_val     = 1;
1a001524:	2001      	movs	r0, #1
      break;
   }

   return ret_val;

}
1a001526:	b004      	add	sp, #16
1a001528:	bd70      	pop	{r4, r5, r6, pc}
      Chip_SCU_PinMux(
1a00152a:	f89d 100f 	ldrb.w	r1, [sp, #15]
1a00152e:	f89d 300e 	ldrb.w	r3, [sp, #14]
1a001532:	f89d 200d 	ldrb.w	r2, [sp, #13]
	LPC_SCU->SFSP[port][pin] = modefunc;
1a001536:	f042 02d0 	orr.w	r2, r2, #208	; 0xd0
1a00153a:	eb03 1341 	add.w	r3, r3, r1, lsl #5
1a00153e:	494c      	ldr	r1, [pc, #304]	; (1a001670 <gpioInit+0x1a8>)
1a001540:	f841 2023 	str.w	r2, [r1, r3, lsl #2]
      Chip_GPIO_SetDir( LPC_GPIO_PORT, gpioPort, ( 1 << gpioPin ), 0 );
1a001544:	f89d 300c 	ldrb.w	r3, [sp, #12]
1a001548:	f99d 200b 	ldrsb.w	r2, [sp, #11]
1a00154c:	2001      	movs	r0, #1
1a00154e:	fa00 f102 	lsl.w	r1, r0, r2
{
	if (out) {
		pGPIO->DIR[portNum] |= bitValue;
	}
	else {
		pGPIO->DIR[portNum] &= ~bitValue;
1a001552:	4c46      	ldr	r4, [pc, #280]	; (1a00166c <gpioInit+0x1a4>)
1a001554:	f503 6300 	add.w	r3, r3, #2048	; 0x800
1a001558:	f854 2023 	ldr.w	r2, [r4, r3, lsl #2]
1a00155c:	ea22 0201 	bic.w	r2, r2, r1
1a001560:	f844 2023 	str.w	r2, [r4, r3, lsl #2]
1a001564:	e7df      	b.n	1a001526 <gpioInit+0x5e>
      Chip_SCU_PinMux(
1a001566:	f89d 100f 	ldrb.w	r1, [sp, #15]
1a00156a:	f89d 300e 	ldrb.w	r3, [sp, #14]
1a00156e:	f89d 200d 	ldrb.w	r2, [sp, #13]
1a001572:	f042 02c0 	orr.w	r2, r2, #192	; 0xc0
1a001576:	eb03 1341 	add.w	r3, r3, r1, lsl #5
1a00157a:	493d      	ldr	r1, [pc, #244]	; (1a001670 <gpioInit+0x1a8>)
1a00157c:	f841 2023 	str.w	r2, [r1, r3, lsl #2]
      Chip_GPIO_SetDir( LPC_GPIO_PORT, gpioPort, ( 1 << gpioPin ), 0 );
1a001580:	f89d 300c 	ldrb.w	r3, [sp, #12]
1a001584:	f99d 200b 	ldrsb.w	r2, [sp, #11]
1a001588:	2001      	movs	r0, #1
1a00158a:	fa00 f102 	lsl.w	r1, r0, r2
1a00158e:	4c37      	ldr	r4, [pc, #220]	; (1a00166c <gpioInit+0x1a4>)
1a001590:	f503 6300 	add.w	r3, r3, #2048	; 0x800
1a001594:	f854 2023 	ldr.w	r2, [r4, r3, lsl #2]
1a001598:	ea22 0201 	bic.w	r2, r2, r1
1a00159c:	f844 2023 	str.w	r2, [r4, r3, lsl #2]
1a0015a0:	e7c1      	b.n	1a001526 <gpioInit+0x5e>
      Chip_SCU_PinMux(
1a0015a2:	f89d 100f 	ldrb.w	r1, [sp, #15]
1a0015a6:	f89d 300e 	ldrb.w	r3, [sp, #14]
1a0015aa:	f89d 200d 	ldrb.w	r2, [sp, #13]
1a0015ae:	f042 02d8 	orr.w	r2, r2, #216	; 0xd8
1a0015b2:	eb03 1341 	add.w	r3, r3, r1, lsl #5
1a0015b6:	492e      	ldr	r1, [pc, #184]	; (1a001670 <gpioInit+0x1a8>)
1a0015b8:	f841 2023 	str.w	r2, [r1, r3, lsl #2]
      Chip_GPIO_SetDir( LPC_GPIO_PORT, gpioPort, ( 1 << gpioPin ), 0 );
1a0015bc:	f89d 300c 	ldrb.w	r3, [sp, #12]
1a0015c0:	f99d 200b 	ldrsb.w	r2, [sp, #11]
1a0015c4:	2001      	movs	r0, #1
1a0015c6:	fa00 f102 	lsl.w	r1, r0, r2
1a0015ca:	4c28      	ldr	r4, [pc, #160]	; (1a00166c <gpioInit+0x1a4>)
1a0015cc:	f503 6300 	add.w	r3, r3, #2048	; 0x800
1a0015d0:	f854 2023 	ldr.w	r2, [r4, r3, lsl #2]
1a0015d4:	ea22 0201 	bic.w	r2, r2, r1
1a0015d8:	f844 2023 	str.w	r2, [r4, r3, lsl #2]
1a0015dc:	e7a3      	b.n	1a001526 <gpioInit+0x5e>
      Chip_SCU_PinMux(
1a0015de:	f89d 100f 	ldrb.w	r1, [sp, #15]
1a0015e2:	f89d 300e 	ldrb.w	r3, [sp, #14]
1a0015e6:	f89d 200d 	ldrb.w	r2, [sp, #13]
1a0015ea:	f042 02c8 	orr.w	r2, r2, #200	; 0xc8
1a0015ee:	eb03 1341 	add.w	r3, r3, r1, lsl #5
1a0015f2:	491f      	ldr	r1, [pc, #124]	; (1a001670 <gpioInit+0x1a8>)
1a0015f4:	f841 2023 	str.w	r2, [r1, r3, lsl #2]
      Chip_GPIO_SetDir( LPC_GPIO_PORT, gpioPort, ( 1 << gpioPin ), 0 );
1a0015f8:	f89d 300c 	ldrb.w	r3, [sp, #12]
1a0015fc:	f99d 200b 	ldrsb.w	r2, [sp, #11]
1a001600:	2001      	movs	r0, #1
1a001602:	fa00 f102 	lsl.w	r1, r0, r2
1a001606:	4c19      	ldr	r4, [pc, #100]	; (1a00166c <gpioInit+0x1a4>)
1a001608:	f503 6300 	add.w	r3, r3, #2048	; 0x800
1a00160c:	f854 2023 	ldr.w	r2, [r4, r3, lsl #2]
1a001610:	ea22 0201 	bic.w	r2, r2, r1
1a001614:	f844 2023 	str.w	r2, [r4, r3, lsl #2]
1a001618:	e785      	b.n	1a001526 <gpioInit+0x5e>
      Chip_SCU_PinMux(
1a00161a:	f89d 100f 	ldrb.w	r1, [sp, #15]
1a00161e:	f89d 300e 	ldrb.w	r3, [sp, #14]
1a001622:	f89d 200d 	ldrb.w	r2, [sp, #13]
1a001626:	f042 02d0 	orr.w	r2, r2, #208	; 0xd0
1a00162a:	eb03 1341 	add.w	r3, r3, r1, lsl #5
1a00162e:	4910      	ldr	r1, [pc, #64]	; (1a001670 <gpioInit+0x1a8>)
1a001630:	f841 2023 	str.w	r2, [r1, r3, lsl #2]
      Chip_GPIO_SetDir( LPC_GPIO_PORT, gpioPort, ( 1 << gpioPin ), 1 );
1a001634:	f89d 400c 	ldrb.w	r4, [sp, #12]
1a001638:	f99d 200b 	ldrsb.w	r2, [sp, #11]
1a00163c:	2001      	movs	r0, #1
1a00163e:	fa00 f102 	lsl.w	r1, r0, r2
		pGPIO->DIR[portNum] |= bitValue;
1a001642:	4b0a      	ldr	r3, [pc, #40]	; (1a00166c <gpioInit+0x1a4>)
1a001644:	f504 6500 	add.w	r5, r4, #2048	; 0x800
1a001648:	f853 6025 	ldr.w	r6, [r3, r5, lsl #2]
1a00164c:	4331      	orrs	r1, r6
1a00164e:	f843 1025 	str.w	r1, [r3, r5, lsl #2]
      Chip_GPIO_SetPinState( LPC_GPIO_PORT, gpioPort, gpioPin, 0);
1a001652:	b2d2      	uxtb	r2, r2
	pGPIO->B[port][pin] = setting;
1a001654:	eb03 1344 	add.w	r3, r3, r4, lsl #5
1a001658:	2100      	movs	r1, #0
1a00165a:	5499      	strb	r1, [r3, r2]
1a00165c:	e763      	b.n	1a001526 <gpioInit+0x5e>
	  return FALSE;
1a00165e:	2000      	movs	r0, #0
1a001660:	4770      	bx	lr
	  return FALSE;
1a001662:	2000      	movs	r0, #0
}
1a001664:	4770      	bx	lr
      ret_val = 0;
1a001666:	2000      	movs	r0, #0
1a001668:	e75d      	b.n	1a001526 <gpioInit+0x5e>
1a00166a:	bf00      	nop
1a00166c:	400f4000 	.word	0x400f4000
1a001670:	40086000 	.word	0x40086000

1a001674 <gpioWrite>:


bool_t gpioWrite( gpioMap_t pin, bool_t value )
{
   if( pin == VCC ){
1a001674:	f110 0f02 	cmn.w	r0, #2
1a001678:	d02d      	beq.n	1a0016d6 <gpioWrite+0x62>
	  return FALSE;
   }
   if( pin == GND ){
1a00167a:	f1b0 3fff 	cmp.w	r0, #4294967295
1a00167e:	d02c      	beq.n	1a0016da <gpioWrite+0x66>
{
1a001680:	b510      	push	{r4, lr}
1a001682:	b084      	sub	sp, #16
1a001684:	460c      	mov	r4, r1
	  return FALSE;
   }

   bool_t ret_val     = 1;

   int8_t pinNamePort = 0;
1a001686:	2300      	movs	r3, #0
1a001688:	f88d 300f 	strb.w	r3, [sp, #15]
   int8_t pinNamePin  = 0;
1a00168c:	f88d 300e 	strb.w	r3, [sp, #14]

   int8_t func        = 0;
1a001690:	f88d 300d 	strb.w	r3, [sp, #13]

   int8_t gpioPort    = 0;
1a001694:	f88d 300c 	strb.w	r3, [sp, #12]
   int8_t gpioPin     = 0;
1a001698:	f88d 300b 	strb.w	r3, [sp, #11]

   gpioObtainPinInit( pin, &pinNamePort, &pinNamePin, &func,
1a00169c:	f10d 030b 	add.w	r3, sp, #11
1a0016a0:	9301      	str	r3, [sp, #4]
1a0016a2:	ab03      	add	r3, sp, #12
1a0016a4:	9300      	str	r3, [sp, #0]
1a0016a6:	f10d 030d 	add.w	r3, sp, #13
1a0016aa:	f10d 020e 	add.w	r2, sp, #14
1a0016ae:	f10d 010f 	add.w	r1, sp, #15
1a0016b2:	f7ff feef 	bl	1a001494 <gpioObtainPinInit>
                      &gpioPort, &gpioPin );

   Chip_GPIO_SetPinState( LPC_GPIO_PORT, gpioPort, gpioPin, value);
1a0016b6:	f89d 300c 	ldrb.w	r3, [sp, #12]
1a0016ba:	f89d 200b 	ldrb.w	r2, [sp, #11]
1a0016be:	1c21      	adds	r1, r4, #0
1a0016c0:	bf18      	it	ne
1a0016c2:	2101      	movne	r1, #1
1a0016c4:	015b      	lsls	r3, r3, #5
1a0016c6:	f103 2340 	add.w	r3, r3, #1073758208	; 0x40004000
1a0016ca:	f503 2370 	add.w	r3, r3, #983040	; 0xf0000
1a0016ce:	5499      	strb	r1, [r3, r2]

   return ret_val;
1a0016d0:	2001      	movs	r0, #1
}
1a0016d2:	b004      	add	sp, #16
1a0016d4:	bd10      	pop	{r4, pc}
	  return FALSE;
1a0016d6:	2000      	movs	r0, #0
1a0016d8:	4770      	bx	lr
	  return FALSE;
1a0016da:	2000      	movs	r0, #0
}
1a0016dc:	4770      	bx	lr

1a0016de <gpioRead>:
}


bool_t gpioRead( gpioMap_t pin )
{
   if( pin == VCC ){
1a0016de:	f110 0f02 	cmn.w	r0, #2
1a0016e2:	d02c      	beq.n	1a00173e <gpioRead+0x60>
      return TRUE;
   }
   if( pin == GND ){
1a0016e4:	f1b0 3fff 	cmp.w	r0, #4294967295
1a0016e8:	d02b      	beq.n	1a001742 <gpioRead+0x64>
{
1a0016ea:	b500      	push	{lr}
1a0016ec:	b085      	sub	sp, #20
      return FALSE;
   }

   bool_t ret_val     = OFF;

   int8_t pinNamePort = 0;
1a0016ee:	2300      	movs	r3, #0
1a0016f0:	f88d 300f 	strb.w	r3, [sp, #15]
   int8_t pinNamePin  = 0;
1a0016f4:	f88d 300e 	strb.w	r3, [sp, #14]

   int8_t func        = 0;
1a0016f8:	f88d 300d 	strb.w	r3, [sp, #13]

   int8_t gpioPort    = 0;
1a0016fc:	f88d 300c 	strb.w	r3, [sp, #12]
   int8_t gpioPin     = 0;
1a001700:	f88d 300b 	strb.w	r3, [sp, #11]

   gpioObtainPinInit( pin, &pinNamePort, &pinNamePin, &func,
1a001704:	f10d 030b 	add.w	r3, sp, #11
1a001708:	9301      	str	r3, [sp, #4]
1a00170a:	ab03      	add	r3, sp, #12
1a00170c:	9300      	str	r3, [sp, #0]
1a00170e:	f10d 030d 	add.w	r3, sp, #13
1a001712:	f10d 020e 	add.w	r2, sp, #14
1a001716:	f10d 010f 	add.w	r1, sp, #15
1a00171a:	f7ff febb 	bl	1a001494 <gpioObtainPinInit>
                      &gpioPort, &gpioPin );

   ret_val = (bool_t) Chip_GPIO_ReadPortBit( LPC_GPIO_PORT, gpioPort, gpioPin );
1a00171e:	f99d 300c 	ldrsb.w	r3, [sp, #12]
1a001722:	f89d 200b 	ldrb.w	r2, [sp, #11]
	return (bool) pGPIO->B[port][pin];
1a001726:	015b      	lsls	r3, r3, #5
1a001728:	f103 2340 	add.w	r3, r3, #1073758208	; 0x40004000
1a00172c:	f503 2370 	add.w	r3, r3, #983040	; 0xf0000
1a001730:	5c98      	ldrb	r0, [r3, r2]
1a001732:	3000      	adds	r0, #0
1a001734:	bf18      	it	ne
1a001736:	2001      	movne	r0, #1

   return ret_val;
}
1a001738:	b005      	add	sp, #20
1a00173a:	f85d fb04 	ldr.w	pc, [sp], #4
      return TRUE;
1a00173e:	2001      	movs	r0, #1
1a001740:	4770      	bx	lr
      return FALSE;
1a001742:	2000      	movs	r0, #0
}
1a001744:	4770      	bx	lr
1a001746:	Address 0x1a001746 is out of bounds.


1a001748 <adcInit>:
 * @brief:  enable/disable the ADC and DAC peripheral
 * @param:  ADC_ENABLE, ADC_DISABLE
 * @return: none
*/
void adcInit( adcInit_t config )
{
1a001748:	b530      	push	{r4, r5, lr}
1a00174a:	b083      	sub	sp, #12
   T_FIL3  ---- 7   ADC0_0 (ANALOG_SEL)
   T_COL1  ---- 132 ADC0_4 (ANALOG_SEL)
   ENET_MDC --- 140 ADC1_6 (ANALOG_SEL)
   */
   
   switch(config) {
1a00174c:	b118      	cbz	r0, 1a001756 <adcInit+0xe>
1a00174e:	2801      	cmp	r0, #1
1a001750:	d04a      	beq.n	1a0017e8 <adcInit+0xa0>
         /* Disable ADC peripheral */
         Chip_ADC_DeInit( LPC_ADC0 );
         break;
      }

}
1a001752:	b003      	add	sp, #12
1a001754:	bd30      	pop	{r4, r5, pc}
         ADC_CLOCK_SETUP_T ADCSetup = {
1a001756:	4b26      	ldr	r3, [pc, #152]	; (1a0017f0 <adcInit+0xa8>)
1a001758:	466d      	mov	r5, sp
1a00175a:	e893 0003 	ldmia.w	r3, {r0, r1}
1a00175e:	e885 0003 	stmia.w	r5, {r0, r1}
         Chip_ADC_Init( LPC_ADC0, &ADCSetup );
1a001762:	4c24      	ldr	r4, [pc, #144]	; (1a0017f4 <adcInit+0xac>)
1a001764:	4629      	mov	r1, r5
1a001766:	4620      	mov	r0, r4
1a001768:	f7ff fa02 	bl	1a000b70 <Chip_ADC_Init>
         Chip_ADC_SetBurstCmd( LPC_ADC0, DISABLE );
1a00176c:	2100      	movs	r1, #0
1a00176e:	4620      	mov	r0, r4
1a001770:	f7ff fa9d 	bl	1a000cae <Chip_ADC_SetBurstCmd>
         Chip_ADC_SetSampleRate( LPC_ADC0, &ADCSetup, ADC_MAX_SAMPLE_RATE/2 );
1a001774:	4a20      	ldr	r2, [pc, #128]	; (1a0017f8 <adcInit+0xb0>)
1a001776:	4629      	mov	r1, r5
1a001778:	4620      	mov	r0, r4
1a00177a:	f7ff fa64 	bl	1a000c46 <Chip_ADC_SetSampleRate>
         Chip_ADC_EnableChannel( LPC_ADC0, ADC_CH1, DISABLE );
1a00177e:	2200      	movs	r2, #0
1a001780:	2101      	movs	r1, #1
1a001782:	4620      	mov	r0, r4
1a001784:	f7ff fa7e 	bl	1a000c84 <Chip_ADC_EnableChannel>
         Chip_ADC_Int_SetChannelCmd( LPC_ADC0, ADC_CH1, DISABLE );
1a001788:	2200      	movs	r2, #0
1a00178a:	2101      	movs	r1, #1
1a00178c:	4620      	mov	r0, r4
1a00178e:	f7ff fa39 	bl	1a000c04 <Chip_ADC_Int_SetChannelCmd>
         Chip_ADC_EnableChannel( LPC_ADC0, ADC_CH2, DISABLE );
1a001792:	2200      	movs	r2, #0
1a001794:	2102      	movs	r1, #2
1a001796:	4620      	mov	r0, r4
1a001798:	f7ff fa74 	bl	1a000c84 <Chip_ADC_EnableChannel>
         Chip_ADC_Int_SetChannelCmd( LPC_ADC0, ADC_CH2, DISABLE );
1a00179c:	2200      	movs	r2, #0
1a00179e:	2102      	movs	r1, #2
1a0017a0:	4620      	mov	r0, r4
1a0017a2:	f7ff fa2f 	bl	1a000c04 <Chip_ADC_Int_SetChannelCmd>
         Chip_ADC_EnableChannel( LPC_ADC0, ADC_CH3, DISABLE );
1a0017a6:	2200      	movs	r2, #0
1a0017a8:	2103      	movs	r1, #3
1a0017aa:	4620      	mov	r0, r4
1a0017ac:	f7ff fa6a 	bl	1a000c84 <Chip_ADC_EnableChannel>
         Chip_ADC_Int_SetChannelCmd( LPC_ADC0, ADC_CH3, DISABLE );
1a0017b0:	2200      	movs	r2, #0
1a0017b2:	2103      	movs	r1, #3
1a0017b4:	4620      	mov	r0, r4
1a0017b6:	f7ff fa25 	bl	1a000c04 <Chip_ADC_Int_SetChannelCmd>
         Chip_ADC_EnableChannel( LPC_ADC0, ADC_CH4, DISABLE );
1a0017ba:	2200      	movs	r2, #0
1a0017bc:	2104      	movs	r1, #4
1a0017be:	4620      	mov	r0, r4
1a0017c0:	f7ff fa60 	bl	1a000c84 <Chip_ADC_EnableChannel>
         Chip_ADC_Int_SetChannelCmd( LPC_ADC0, ADC_CH4, DISABLE );
1a0017c4:	2200      	movs	r2, #0
1a0017c6:	2104      	movs	r1, #4
1a0017c8:	4620      	mov	r0, r4
1a0017ca:	f7ff fa1b 	bl	1a000c04 <Chip_ADC_Int_SetChannelCmd>
	LPC_SCU->ENAIO[ADC_ID] |= 1UL << channel;
1a0017ce:	4a0b      	ldr	r2, [pc, #44]	; (1a0017fc <adcInit+0xb4>)
1a0017d0:	f8d2 3c88 	ldr.w	r3, [r2, #3208]	; 0xc88
1a0017d4:	f043 0310 	orr.w	r3, r3, #16
1a0017d8:	f8c2 3c88 	str.w	r3, [r2, #3208]	; 0xc88
         Chip_ADC_Int_SetChannelCmd( LPC_ADC0, ADC_CH5, DISABLE ); // Revisar codigo
1a0017dc:	2200      	movs	r2, #0
1a0017de:	2105      	movs	r1, #5
1a0017e0:	4620      	mov	r0, r4
1a0017e2:	f7ff fa0f 	bl	1a000c04 <Chip_ADC_Int_SetChannelCmd>
      break;
1a0017e6:	e7b4      	b.n	1a001752 <adcInit+0xa>
         Chip_ADC_DeInit( LPC_ADC0 );
1a0017e8:	4802      	ldr	r0, [pc, #8]	; (1a0017f4 <adcInit+0xac>)
1a0017ea:	f7ff f9e1 	bl	1a000bb0 <Chip_ADC_DeInit>
}
1a0017ee:	e7b0      	b.n	1a001752 <adcInit+0xa>
1a0017f0:	1a0036ac 	.word	0x1a0036ac
1a0017f4:	400e3000 	.word	0x400e3000
1a0017f8:	00030d40 	.word	0x00030d40
1a0017fc:	40086000 	.word	0x40086000

1a001800 <adcRead>:
 * @brief   Get the value of one ADC channel. Mode: BLOCKING
 * @param   AI0 ... AIn
 * @return  analog value
 */
uint16_t adcRead( adcMap_t analogInput )
{
1a001800:	b570      	push	{r4, r5, r6, lr}
1a001802:	b082      	sub	sp, #8
   uint8_t lpcAdcChannel = analogInput + 1;
1a001804:	3001      	adds	r0, #1
1a001806:	b2c4      	uxtb	r4, r0
   uint16_t analogValue = 0;
1a001808:	2600      	movs	r6, #0
1a00180a:	f8ad 6006 	strh.w	r6, [sp, #6]

   // Enable channel
   Chip_ADC_EnableChannel(LPC_ADC0, lpcAdcChannel, ENABLE);
1a00180e:	4d11      	ldr	r5, [pc, #68]	; (1a001854 <adcRead+0x54>)
1a001810:	2201      	movs	r2, #1
1a001812:	4621      	mov	r1, r4
1a001814:	4628      	mov	r0, r5
1a001816:	f7ff fa35 	bl	1a000c84 <Chip_ADC_EnableChannel>

   // Start conversion
   Chip_ADC_SetStartMode(LPC_ADC0, ADC_START_NOW, ADC_TRIGGERMODE_RISING);
1a00181a:	4632      	mov	r2, r6
1a00181c:	2101      	movs	r1, #1
1a00181e:	4628      	mov	r0, r5
1a001820:	f7ff fa01 	bl	1a000c26 <Chip_ADC_SetStartMode>

   // Wait for conversion complete
   while(
      (Chip_ADC_ReadStatus(LPC_ADC0, lpcAdcChannel, ADC_DR_DONE_STAT) != SET)
1a001824:	2200      	movs	r2, #0
1a001826:	4621      	mov	r1, r4
1a001828:	480a      	ldr	r0, [pc, #40]	; (1a001854 <adcRead+0x54>)
1a00182a:	f7ff f9d0 	bl	1a000bce <Chip_ADC_ReadStatus>
   while(
1a00182e:	2801      	cmp	r0, #1
1a001830:	d1f8      	bne.n	1a001824 <adcRead+0x24>
   );

   // Enable Read value
   Chip_ADC_ReadValue( LPC_ADC0, lpcAdcChannel, &analogValue );
1a001832:	4d08      	ldr	r5, [pc, #32]	; (1a001854 <adcRead+0x54>)
1a001834:	f10d 0206 	add.w	r2, sp, #6
1a001838:	4621      	mov	r1, r4
1a00183a:	4628      	mov	r0, r5
1a00183c:	f7ff f9c3 	bl	1a000bc6 <Chip_ADC_ReadValue>

   // Disable channel
   Chip_ADC_EnableChannel( LPC_ADC0, lpcAdcChannel, DISABLE );
1a001840:	2200      	movs	r2, #0
1a001842:	4621      	mov	r1, r4
1a001844:	4628      	mov	r0, r5
1a001846:	f7ff fa1d 	bl	1a000c84 <Chip_ADC_EnableChannel>

   return analogValue;
}
1a00184a:	f8bd 0006 	ldrh.w	r0, [sp, #6]
1a00184e:	b002      	add	sp, #8
1a001850:	bd70      	pop	{r4, r5, r6, pc}
1a001852:	bf00      	nop
1a001854:	400e3000 	.word	0x400e3000

1a001858 <tickRead>:
   #ifdef USE_FREERTOS
      return xTaskGetTickCount();
   #else
      return tickCounter;
   #endif
}
1a001858:	4b01      	ldr	r3, [pc, #4]	; (1a001860 <tickRead+0x8>)
1a00185a:	e9d3 0100 	ldrd	r0, r1, [r3]
1a00185e:	4770      	bx	lr
1a001860:	100000c0 	.word	0x100000c0

1a001864 <tickPowerSet>:
void tickPowerSet( bool_t power )
{
   #ifdef USE_FREERTOS
      uartWriteString( UART_USB, "Use of tickPowerSet() in a program with freeRTOS has no effect\r\n" );
   #else
      if( power ) {
1a001864:	b118      	cbz	r0, 1a00186e <tickPowerSet+0xa>
         // Enable SysTick IRQ and SysTick Timer
         SysTick->CTRL = SysTick_CTRL_CLKSOURCE_Msk |
1a001866:	4b04      	ldr	r3, [pc, #16]	; (1a001878 <tickPowerSet+0x14>)
1a001868:	2207      	movs	r2, #7
1a00186a:	601a      	str	r2, [r3, #0]
1a00186c:	4770      	bx	lr
                         SysTick_CTRL_TICKINT_Msk   |
                         SysTick_CTRL_ENABLE_Msk;
      } else {
         // Disable SysTick IRQ and SysTick Timer
         SysTick->CTRL = 0x0000000;
1a00186e:	4b02      	ldr	r3, [pc, #8]	; (1a001878 <tickPowerSet+0x14>)
1a001870:	2200      	movs	r2, #0
1a001872:	601a      	str	r2, [r3, #0]
      }
   #endif
}
1a001874:	4770      	bx	lr
1a001876:	bf00      	nop
1a001878:	e000e010 	.word	0xe000e010

1a00187c <tickInit>:
{
1a00187c:	b538      	push	{r3, r4, r5, lr}
      if( tickRateMSvalue == 0 ) {
1a00187e:	ea50 0401 	orrs.w	r4, r0, r1
1a001882:	d02a      	beq.n	1a0018da <tickInit+0x5e>
         if( (tickRateMSvalue >= 1) && (tickRateMSvalue <= 50) ) {
1a001884:	f110 32ff 	adds.w	r2, r0, #4294967295
1a001888:	f141 33ff 	adc.w	r3, r1, #4294967295
1a00188c:	2b00      	cmp	r3, #0
1a00188e:	bf08      	it	eq
1a001890:	2a32      	cmpeq	r2, #50	; 0x32
1a001892:	d227      	bcs.n	1a0018e4 <tickInit+0x68>
            tickRateMS = tickRateMSvalue;
1a001894:	4b14      	ldr	r3, [pc, #80]	; (1a0018e8 <tickInit+0x6c>)
1a001896:	e9c3 0100 	strd	r0, r1, [r3]
            SysTick_Config( SystemCoreClock * tickRateMSvalue / 1000 );
1a00189a:	4b14      	ldr	r3, [pc, #80]	; (1a0018ec <tickInit+0x70>)
1a00189c:	681b      	ldr	r3, [r3, #0]
1a00189e:	fba3 4500 	umull	r4, r5, r3, r0
1a0018a2:	fb03 5501 	mla	r5, r3, r1, r5
1a0018a6:	f44f 727a 	mov.w	r2, #1000	; 0x3e8
1a0018aa:	2300      	movs	r3, #0
1a0018ac:	4620      	mov	r0, r4
1a0018ae:	4629      	mov	r1, r5
1a0018b0:	f000 fa4a 	bl	1a001d48 <__aeabi_uldivmod>
           function <b>SysTick_Config</b> is not included. In this case, the file <b><i>device</i>.h</b>
           must contain a vendor-specific implementation of this function.
 */
__STATIC_INLINE uint32_t SysTick_Config(uint32_t ticks)
{
  if ((ticks - 1UL) > SysTick_LOAD_RELOAD_Msk)
1a0018b4:	3801      	subs	r0, #1
1a0018b6:	f1b0 7f80 	cmp.w	r0, #16777216	; 0x1000000
1a0018ba:	d209      	bcs.n	1a0018d0 <tickInit+0x54>
  {
    return (1UL);                                                   /* Reload value impossible */
  }

  SysTick->LOAD  = (uint32_t)(ticks - 1UL);                         /* set reload register */
1a0018bc:	4b0c      	ldr	r3, [pc, #48]	; (1a0018f0 <tickInit+0x74>)
1a0018be:	6058      	str	r0, [r3, #4]
    SCB->SHP[(((uint32_t)IRQn) & 0xFUL)-4UL] = (uint8_t)((priority << (8U - __NVIC_PRIO_BITS)) & (uint32_t)0xFFUL);
1a0018c0:	4a0c      	ldr	r2, [pc, #48]	; (1a0018f4 <tickInit+0x78>)
1a0018c2:	21e0      	movs	r1, #224	; 0xe0
1a0018c4:	f882 1023 	strb.w	r1, [r2, #35]	; 0x23
  NVIC_SetPriority (SysTick_IRQn, (1UL << __NVIC_PRIO_BITS) - 1UL); /* set Priority for Systick Interrupt */
  SysTick->VAL   = 0UL;                                             /* Load the SysTick Counter Value */
1a0018c8:	2200      	movs	r2, #0
1a0018ca:	609a      	str	r2, [r3, #8]
  SysTick->CTRL  = SysTick_CTRL_CLKSOURCE_Msk |
1a0018cc:	2207      	movs	r2, #7
1a0018ce:	601a      	str	r2, [r3, #0]
            tickPowerSet( ON );
1a0018d0:	2001      	movs	r0, #1
1a0018d2:	f7ff ffc7 	bl	1a001864 <tickPowerSet>
      bool_t ret_val = 1;
1a0018d6:	2001      	movs	r0, #1
}
1a0018d8:	bd38      	pop	{r3, r4, r5, pc}
         tickPowerSet( OFF );
1a0018da:	2000      	movs	r0, #0
1a0018dc:	f7ff ffc2 	bl	1a001864 <tickPowerSet>
         ret_val = 0;
1a0018e0:	2000      	movs	r0, #0
1a0018e2:	e7f9      	b.n	1a0018d8 <tickInit+0x5c>
            ret_val = 0;
1a0018e4:	2000      	movs	r0, #0
1a0018e6:	e7f7      	b.n	1a0018d8 <tickInit+0x5c>
1a0018e8:	10000040 	.word	0x10000040
1a0018ec:	1000022c 	.word	0x1000022c
1a0018f0:	e000e010 	.word	0xe000e010
1a0018f4:	e000ed00 	.word	0xe000ed00

1a0018f8 <SysTick_Handler>:

//__attribute__ ((section(".after_vectors")))

// SysTick Timer ISR Handler
void tickerCallback( void )   // Before SysTick_Handler
{
1a0018f8:	b508      	push	{r3, lr}
   // Increment Tick counters
   tickCounter++;
1a0018fa:	4a07      	ldr	r2, [pc, #28]	; (1a001918 <SysTick_Handler+0x20>)
1a0018fc:	6813      	ldr	r3, [r2, #0]
1a0018fe:	6851      	ldr	r1, [r2, #4]
1a001900:	3301      	adds	r3, #1
1a001902:	f141 0100 	adc.w	r1, r1, #0
1a001906:	6013      	str	r3, [r2, #0]
1a001908:	6051      	str	r1, [r2, #4]
   // Execute Tick Hook function if pointer is not NULL
   if( (tickHookFunction != NULL) ) {
1a00190a:	4b04      	ldr	r3, [pc, #16]	; (1a00191c <SysTick_Handler+0x24>)
1a00190c:	681b      	ldr	r3, [r3, #0]
1a00190e:	b113      	cbz	r3, 1a001916 <SysTick_Handler+0x1e>
      (* tickHookFunction )( callBackFuncParams );
1a001910:	4a03      	ldr	r2, [pc, #12]	; (1a001920 <SysTick_Handler+0x28>)
1a001912:	6810      	ldr	r0, [r2, #0]
1a001914:	4798      	blx	r3
   }
}
1a001916:	bd08      	pop	{r3, pc}
1a001918:	100000c0 	.word	0x100000c0
1a00191c:	100000c8 	.word	0x100000c8
1a001920:	100000bc 	.word	0x100000bc

1a001924 <uartInit>:

//-------------------------------------------------------------

// UART Initialization
void uartInit( uartMap_t uart, uint32_t baudRate )
{
1a001924:	e92d 43f8 	stmdb	sp!, {r3, r4, r5, r6, r7, r8, r9, lr}
1a001928:	4680      	mov	r8, r0
1a00192a:	4689      	mov	r9, r1
   // Initialize UART
   Chip_UART_Init( lpcUarts[uart].uartAddr );
1a00192c:	4c19      	ldr	r4, [pc, #100]	; (1a001994 <uartInit+0x70>)
1a00192e:	0045      	lsls	r5, r0, #1
1a001930:	182a      	adds	r2, r5, r0
1a001932:	0093      	lsls	r3, r2, #2
1a001934:	18e6      	adds	r6, r4, r3
1a001936:	58e7      	ldr	r7, [r4, r3]
1a001938:	4638      	mov	r0, r7
1a00193a:	f7ff fcc9 	bl	1a0012d0 <Chip_UART_Init>
   // Set Baud rate
   Chip_UART_SetBaud( lpcUarts[uart].uartAddr, baudRate );
1a00193e:	4649      	mov	r1, r9
1a001940:	4638      	mov	r0, r7
1a001942:	f7ff fcef 	bl	1a001324 <Chip_UART_SetBaud>
	pUART->FCR = fcr;
1a001946:	2307      	movs	r3, #7
1a001948:	60bb      	str	r3, [r7, #8]
	return (uint8_t) (pUART->RBR & UART_RBR_MASKBIT);
1a00194a:	683b      	ldr	r3, [r7, #0]
    pUART->TER2 = UART_TER2_TXEN;
1a00194c:	2301      	movs	r3, #1
1a00194e:	65fb      	str	r3, [r7, #92]	; 0x5c
   
   // Enable UART Transmission
   Chip_UART_TXEnable( lpcUarts[uart].uartAddr );
   
   // Configure SCU UARTn_TXD pin
   Chip_SCU_PinMux( lpcUarts[uart].txPin.lpcScuPort,
1a001950:	7930      	ldrb	r0, [r6, #4]
1a001952:	7973      	ldrb	r3, [r6, #5]
1a001954:	79b2      	ldrb	r2, [r6, #6]
	LPC_SCU->SFSP[port][pin] = modefunc;
1a001956:	f042 0218 	orr.w	r2, r2, #24
1a00195a:	490f      	ldr	r1, [pc, #60]	; (1a001998 <uartInit+0x74>)
1a00195c:	eb03 1340 	add.w	r3, r3, r0, lsl #5
1a001960:	f841 2023 	str.w	r2, [r1, r3, lsl #2]
                    lpcUarts[uart].txPin.lpcScuPin,
                    MD_PDN,
                    lpcUarts[uart].txPin.lpcScuFunc );
                    
   // Configure SCU UARTn_RXD pin
   Chip_SCU_PinMux( lpcUarts[uart].rxPin.lpcScuPort,
1a001964:	79f0      	ldrb	r0, [r6, #7]
1a001966:	7a33      	ldrb	r3, [r6, #8]
1a001968:	7a72      	ldrb	r2, [r6, #9]
1a00196a:	f042 02d0 	orr.w	r2, r2, #208	; 0xd0
1a00196e:	eb03 1340 	add.w	r3, r3, r0, lsl #5
1a001972:	f841 2023 	str.w	r2, [r1, r3, lsl #2]
                    lpcUarts[uart].rxPin.lpcScuPin,
                    MD_PLN | MD_EZI | MD_ZI,
                    lpcUarts[uart].rxPin.lpcScuFunc );

   // Specific configurations for RS485
   if( uart == UART_485 ) {
1a001976:	f1b8 0f01 	cmp.w	r8, #1
1a00197a:	d001      	beq.n	1a001980 <uartInit+0x5c>
      Chip_SCU_PinMux( lpcUart485DirPin.lpcScuPort,
                       lpcUart485DirPin.lpcScuPin,
                       MD_PDN,
                       lpcUart485DirPin.lpcScuFunc );
   }
}
1a00197c:	e8bd 83f8 	ldmia.w	sp!, {r3, r4, r5, r6, r7, r8, r9, pc}
 * @note	Use an Or'ed value of UART_RS485CTRL_* definitions with this
 *			call to set specific options.
 */
STATIC INLINE void Chip_UART_SetRS485Flags(LPC_USART_T *pUART, uint32_t ctrl)
{
	pUART->RS485CTRL |= ctrl;
1a001980:	4a06      	ldr	r2, [pc, #24]	; (1a00199c <uartInit+0x78>)
1a001982:	6cd3      	ldr	r3, [r2, #76]	; 0x4c
1a001984:	f043 0330 	orr.w	r3, r3, #48	; 0x30
1a001988:	64d3      	str	r3, [r2, #76]	; 0x4c
1a00198a:	221a      	movs	r2, #26
1a00198c:	f8c1 2308 	str.w	r2, [r1, #776]	; 0x308
1a001990:	e7f4      	b.n	1a00197c <uartInit+0x58>
1a001992:	bf00      	nop
1a001994:	1a0036b4 	.word	0x1a0036b4
1a001998:	40086000 	.word	0x40086000
1a00199c:	40081000 	.word	0x40081000

1a0019a0 <USB0_IRQHandler>:
/**
 * @brief   Handle interrupt from USB
 * @return  Nothing
 */
#ifndef USB_HOST_ONLY // Parche para envitar conflictos con biblioteca host
void USB_IRQHandler(void){
1a0019a0:	b508      	push	{r3, lr}
   USBD_API->hw->ISR(g_hUsb);
1a0019a2:	4b04      	ldr	r3, [pc, #16]	; (1a0019b4 <USB0_IRQHandler+0x14>)
1a0019a4:	681b      	ldr	r3, [r3, #0]
1a0019a6:	681b      	ldr	r3, [r3, #0]
1a0019a8:	68db      	ldr	r3, [r3, #12]
1a0019aa:	4a03      	ldr	r2, [pc, #12]	; (1a0019b8 <USB0_IRQHandler+0x18>)
1a0019ac:	6810      	ldr	r0, [r2, #0]
1a0019ae:	4798      	blx	r3
}
1a0019b0:	bd08      	pop	{r3, pc}
1a0019b2:	bf00      	nop
1a0019b4:	10000230 	.word	0x10000230
1a0019b8:	100000cc 	.word	0x100000cc

1a0019bc <boardInit>:

/*==================[external functions definition]==========================*/

/* Set up and initialize board hardware */
void boardInit(void)
{
1a0019bc:	b508      	push	{r3, lr}
   // Read clock settings and update SystemCoreClock variable
   SystemCoreClockUpdate();
1a0019be:	f7ff f987 	bl	1a000cd0 <SystemCoreClockUpdate>

   cyclesCounterInit( SystemCoreClock );
1a0019c2:	4b1a      	ldr	r3, [pc, #104]	; (1a001a2c <boardInit+0x70>)
1a0019c4:	6818      	ldr	r0, [r3, #0]
1a0019c6:	f7ff fd57 	bl	1a001478 <cyclesCounterInit>

   // Inicializar el conteo de Ticks con resolucion de 1ms (si no se usa freeRTOS)
   #ifndef USE_FREERTOS
      tickInit( 1 );
1a0019ca:	2001      	movs	r0, #1
1a0019cc:	2100      	movs	r1, #0
1a0019ce:	f7ff ff55 	bl	1a00187c <tickInit>
      //#error CIAA-NXP

   #elif BOARD==edu_ciaa_nxp

      // Inicializar GPIOs
      gpioInit( 0, GPIO_ENABLE );
1a0019d2:	2105      	movs	r1, #5
1a0019d4:	2000      	movs	r0, #0
1a0019d6:	f7ff fd77 	bl	1a0014c8 <gpioInit>

      // Configuracion de pines de entrada para Teclas de la EDU-CIAA-NXP
      gpioInit( TEC1, GPIO_INPUT );
1a0019da:	2101      	movs	r1, #1
1a0019dc:	2024      	movs	r0, #36	; 0x24
1a0019de:	f7ff fd73 	bl	1a0014c8 <gpioInit>
      gpioInit( TEC2, GPIO_INPUT );
1a0019e2:	2101      	movs	r1, #1
1a0019e4:	2025      	movs	r0, #37	; 0x25
1a0019e6:	f7ff fd6f 	bl	1a0014c8 <gpioInit>
      gpioInit( TEC3, GPIO_INPUT );
1a0019ea:	2101      	movs	r1, #1
1a0019ec:	2026      	movs	r0, #38	; 0x26
1a0019ee:	f7ff fd6b 	bl	1a0014c8 <gpioInit>
      gpioInit( TEC4, GPIO_INPUT );
1a0019f2:	2101      	movs	r1, #1
1a0019f4:	2027      	movs	r0, #39	; 0x27
1a0019f6:	f7ff fd67 	bl	1a0014c8 <gpioInit>

      // Configuracion de pines de salida para Leds de la EDU-CIAA-NXP
      gpioInit( LEDR, GPIO_OUTPUT );
1a0019fa:	2100      	movs	r1, #0
1a0019fc:	2028      	movs	r0, #40	; 0x28
1a0019fe:	f7ff fd63 	bl	1a0014c8 <gpioInit>
      gpioInit( LEDG, GPIO_OUTPUT );
1a001a02:	2100      	movs	r1, #0
1a001a04:	2029      	movs	r0, #41	; 0x29
1a001a06:	f7ff fd5f 	bl	1a0014c8 <gpioInit>
      gpioInit( LEDB, GPIO_OUTPUT );
1a001a0a:	2100      	movs	r1, #0
1a001a0c:	202a      	movs	r0, #42	; 0x2a
1a001a0e:	f7ff fd5b 	bl	1a0014c8 <gpioInit>
      gpioInit( LED1, GPIO_OUTPUT );
1a001a12:	2100      	movs	r1, #0
1a001a14:	202b      	movs	r0, #43	; 0x2b
1a001a16:	f7ff fd57 	bl	1a0014c8 <gpioInit>
      gpioInit( LED2, GPIO_OUTPUT );
1a001a1a:	2100      	movs	r1, #0
1a001a1c:	202c      	movs	r0, #44	; 0x2c
1a001a1e:	f7ff fd53 	bl	1a0014c8 <gpioInit>
      gpioInit( LED3, GPIO_OUTPUT );
1a001a22:	2100      	movs	r1, #0
1a001a24:	202d      	movs	r0, #45	; 0x2d
1a001a26:	f7ff fd4f 	bl	1a0014c8 <gpioInit>
   #else
      #error BOARD compile variable must be defined

   #endif

}
1a001a2a:	bd08      	pop	{r3, pc}
1a001a2c:	1000022c 	.word	0x1000022c

1a001a30 <delayInaccurateMs>:
/*==================[external functions definition]==========================*/

/* ---- Inaccurate Blocking Delay ---- */

void delayInaccurateMs(tick_t delay_ms)
{
1a001a30:	b4f0      	push	{r4, r5, r6, r7}
1a001a32:	b084      	sub	sp, #16
   volatile tick_t i;
   volatile tick_t delay;
   delay = INACCURATE_TO_MS * delay_ms;
1a001a34:	ea4f 0c81 	mov.w	ip, r1, lsl #2
1a001a38:	0083      	lsls	r3, r0, #2
1a001a3a:	ea4c 7290 	orr.w	r2, ip, r0, lsr #30
1a001a3e:	181b      	adds	r3, r3, r0
1a001a40:	eb41 0202 	adc.w	r2, r1, r2
1a001a44:	0211      	lsls	r1, r2, #8
1a001a46:	ea41 6113 	orr.w	r1, r1, r3, lsr #24
1a001a4a:	0218      	lsls	r0, r3, #8
1a001a4c:	1ac6      	subs	r6, r0, r3
1a001a4e:	eb61 0702 	sbc.w	r7, r1, r2
1a001a52:	013b      	lsls	r3, r7, #4
1a001a54:	ea43 7316 	orr.w	r3, r3, r6, lsr #28
1a001a58:	0132      	lsls	r2, r6, #4
1a001a5a:	4616      	mov	r6, r2
1a001a5c:	461f      	mov	r7, r3
1a001a5e:	e9cd 6700 	strd	r6, r7, [sp]
   for( i=delay; i>0; i-- );
1a001a62:	e9dd 2300 	ldrd	r2, r3, [sp]
1a001a66:	e9cd 2302 	strd	r2, r3, [sp, #8]
1a001a6a:	e9dd 2302 	ldrd	r2, r3, [sp, #8]
1a001a6e:	4313      	orrs	r3, r2
1a001a70:	d008      	beq.n	1a001a84 <delayInaccurateMs+0x54>
1a001a72:	e9dd 2302 	ldrd	r2, r3, [sp, #8]
1a001a76:	f112 34ff 	adds.w	r4, r2, #4294967295
1a001a7a:	f143 35ff 	adc.w	r5, r3, #4294967295
1a001a7e:	e9cd 4502 	strd	r4, r5, [sp, #8]
1a001a82:	e7f2      	b.n	1a001a6a <delayInaccurateMs+0x3a>
}
1a001a84:	b004      	add	sp, #16
1a001a86:	bcf0      	pop	{r4, r5, r6, r7}
1a001a88:	4770      	bx	lr
1a001a8a:	Address 0x1a001a8a is out of bounds.


1a001a8c <delay>:
/* ---- Blocking Delay ---- */

// delay( 1, DELAY_US );

void delay( tick_t duration_ms )
{
1a001a8c:	e92d 43f8 	stmdb	sp!, {r3, r4, r5, r6, r7, r8, r9, lr}
1a001a90:	4680      	mov	r8, r0
1a001a92:	4689      	mov	r9, r1
   tick_t startTime = tickRead();
1a001a94:	f7ff fee0 	bl	1a001858 <tickRead>
1a001a98:	4606      	mov	r6, r0
1a001a9a:	460f      	mov	r7, r1
   while ( (tick_t)(tickRead() - startTime) < duration_ms/tickRateMS );
1a001a9c:	f7ff fedc 	bl	1a001858 <tickRead>
1a001aa0:	1b84      	subs	r4, r0, r6
1a001aa2:	eb61 0507 	sbc.w	r5, r1, r7
1a001aa6:	4b06      	ldr	r3, [pc, #24]	; (1a001ac0 <delay+0x34>)
1a001aa8:	e9d3 2300 	ldrd	r2, r3, [r3]
1a001aac:	4640      	mov	r0, r8
1a001aae:	4649      	mov	r1, r9
1a001ab0:	f000 f94a 	bl	1a001d48 <__aeabi_uldivmod>
1a001ab4:	428d      	cmp	r5, r1
1a001ab6:	bf08      	it	eq
1a001ab8:	4284      	cmpeq	r4, r0
1a001aba:	d3ef      	bcc.n	1a001a9c <delay+0x10>
}
1a001abc:	e8bd 83f8 	ldmia.w	sp!, {r3, r4, r5, r6, r7, r8, r9, pc}
1a001ac0:	10000040 	.word	0x10000040

1a001ac4 <dht11_TimeOutReset>:

uint32_t dht11_timeout;
uint32_t dht11_timeout_max;
static void dht11_TimeOutReset(uint32_t max)
{
   if(0 < max) {
1a001ac4:	b130      	cbz	r0, 1a001ad4 <dht11_TimeOutReset+0x10>
      dht11_timeout_max = max;
1a001ac6:	4a06      	ldr	r2, [pc, #24]	; (1a001ae0 <dht11_TimeOutReset+0x1c>)
1a001ac8:	6010      	str	r0, [r2, #0]
   } else {
      dht11_timeout_max = DHT11_TIMEOUT_MAX;
   }
   dht11_timeout = dht11_timeout_max;
1a001aca:	4b05      	ldr	r3, [pc, #20]	; (1a001ae0 <dht11_TimeOutReset+0x1c>)
1a001acc:	681a      	ldr	r2, [r3, #0]
1a001ace:	4b05      	ldr	r3, [pc, #20]	; (1a001ae4 <dht11_TimeOutReset+0x20>)
1a001ad0:	601a      	str	r2, [r3, #0]
}
1a001ad2:	4770      	bx	lr
      dht11_timeout_max = DHT11_TIMEOUT_MAX;
1a001ad4:	4b02      	ldr	r3, [pc, #8]	; (1a001ae0 <dht11_TimeOutReset+0x1c>)
1a001ad6:	f44f 727a 	mov.w	r2, #1000	; 0x3e8
1a001ada:	601a      	str	r2, [r3, #0]
1a001adc:	e7f5      	b.n	1a001aca <dht11_TimeOutReset+0x6>
1a001ade:	bf00      	nop
1a001ae0:	10000238 	.word	0x10000238
1a001ae4:	10000234 	.word	0x10000234

1a001ae8 <dht11_TimeOutCheck>:

static bool_t dht11_TimeOutCheck(void)
{
1a001ae8:	b508      	push	{r3, lr}
   if(0 < dht11_timeout) {
1a001aea:	4b06      	ldr	r3, [pc, #24]	; (1a001b04 <dht11_TimeOutCheck+0x1c>)
1a001aec:	681b      	ldr	r3, [r3, #0]
1a001aee:	b123      	cbz	r3, 1a001afa <dht11_TimeOutCheck+0x12>
      dht11_timeout--;
1a001af0:	3b01      	subs	r3, #1
1a001af2:	4a04      	ldr	r2, [pc, #16]	; (1a001b04 <dht11_TimeOutCheck+0x1c>)
1a001af4:	6013      	str	r3, [r2, #0]
      return TRUE;
1a001af6:	2001      	movs	r0, #1
   }
   dht11_TimeOutReset(0);
   return FALSE;
}
1a001af8:	bd08      	pop	{r3, pc}
   dht11_TimeOutReset(0);
1a001afa:	2000      	movs	r0, #0
1a001afc:	f7ff ffe2 	bl	1a001ac4 <dht11_TimeOutReset>
   return FALSE;
1a001b00:	2000      	movs	r0, #0
1a001b02:	e7f9      	b.n	1a001af8 <dht11_TimeOutCheck+0x10>
1a001b04:	10000234 	.word	0x10000234

1a001b08 <dht11_ProcessData>:
static bool_t dht11_ProcessData(void)
{
   int i, i_i, i_f, j;
   uint32_t valf, valt;

   valf = dht11_ticks_array[0];
1a001b08:	4b25      	ldr	r3, [pc, #148]	; (1a001ba0 <dht11_ProcessData+0x98>)
1a001b0a:	6819      	ldr	r1, [r3, #0]
   valt = dht11_ticks_array[1];
1a001b0c:	6858      	ldr	r0, [r3, #4]
   for(i = 2; i < 81; i++) {
1a001b0e:	2302      	movs	r3, #2
1a001b10:	e000      	b.n	1a001b14 <dht11_ProcessData+0xc>
1a001b12:	3301      	adds	r3, #1
1a001b14:	2b50      	cmp	r3, #80	; 0x50
1a001b16:	dc08      	bgt.n	1a001b2a <dht11_ProcessData+0x22>
      if((valf <= dht11_ticks_array[i]) || (valt <= dht11_ticks_array[i])) {
1a001b18:	4a21      	ldr	r2, [pc, #132]	; (1a001ba0 <dht11_ProcessData+0x98>)
1a001b1a:	f852 2023 	ldr.w	r2, [r2, r3, lsl #2]
1a001b1e:	428a      	cmp	r2, r1
1a001b20:	d239      	bcs.n	1a001b96 <dht11_ProcessData+0x8e>
1a001b22:	4282      	cmp	r2, r0
1a001b24:	d3f5      	bcc.n	1a001b12 <dht11_ProcessData+0xa>
         return FALSE;
1a001b26:	2000      	movs	r0, #0
   if(crc != dht11_byte[4]) {
      return FALSE;
   }

   return TRUE;
}
1a001b28:	4770      	bx	lr
{
1a001b2a:	b470      	push	{r4, r5, r6}
   for(j = 0; j < DHT11_LEN_dht11_byte; j++) {
1a001b2c:	2100      	movs	r1, #0
   i_i = 2;
1a001b2e:	2602      	movs	r6, #2
1a001b30:	e017      	b.n	1a001b62 <dht11_ProcessData+0x5a>
            dht11_byte[j] = (dht11_byte[j] << 1) | 0x01;
1a001b32:	481c      	ldr	r0, [pc, #112]	; (1a001ba4 <dht11_ProcessData+0x9c>)
1a001b34:	5c42      	ldrb	r2, [r0, r1]
1a001b36:	0052      	lsls	r2, r2, #1
1a001b38:	f042 0201 	orr.w	r2, r2, #1
1a001b3c:	5442      	strb	r2, [r0, r1]
      for(i = i_i; i < i_f; i = i + 2) {
1a001b3e:	3302      	adds	r3, #2
1a001b40:	42ab      	cmp	r3, r5
1a001b42:	da0c      	bge.n	1a001b5e <dht11_ProcessData+0x56>
         valf = dht11_ticks_array[i];
1a001b44:	4a16      	ldr	r2, [pc, #88]	; (1a001ba0 <dht11_ProcessData+0x98>)
1a001b46:	f852 0023 	ldr.w	r0, [r2, r3, lsl #2]
         valt = dht11_ticks_array[i+1];
1a001b4a:	1c5c      	adds	r4, r3, #1
1a001b4c:	f852 2024 	ldr.w	r2, [r2, r4, lsl #2]
         if(valt < valf) {
1a001b50:	4290      	cmp	r0, r2
1a001b52:	d9ee      	bls.n	1a001b32 <dht11_ProcessData+0x2a>
            dht11_byte[j] = (dht11_byte[j] << 1);
1a001b54:	4813      	ldr	r0, [pc, #76]	; (1a001ba4 <dht11_ProcessData+0x9c>)
1a001b56:	5c42      	ldrb	r2, [r0, r1]
1a001b58:	0052      	lsls	r2, r2, #1
1a001b5a:	5442      	strb	r2, [r0, r1]
1a001b5c:	e7ef      	b.n	1a001b3e <dht11_ProcessData+0x36>
      i_i = i_f + 1;
1a001b5e:	3610      	adds	r6, #16
   for(j = 0; j < DHT11_LEN_dht11_byte; j++) {
1a001b60:	3101      	adds	r1, #1
1a001b62:	2904      	cmp	r1, #4
1a001b64:	dc06      	bgt.n	1a001b74 <dht11_ProcessData+0x6c>
      dht11_byte[j] = 0x00;
1a001b66:	4b0f      	ldr	r3, [pc, #60]	; (1a001ba4 <dht11_ProcessData+0x9c>)
1a001b68:	2200      	movs	r2, #0
1a001b6a:	545a      	strb	r2, [r3, r1]
      i_f = i_i + 8 * 2 - 1;
1a001b6c:	f106 050f 	add.w	r5, r6, #15
      for(i = i_i; i < i_f; i = i + 2) {
1a001b70:	4633      	mov	r3, r6
1a001b72:	e7e5      	b.n	1a001b40 <dht11_ProcessData+0x38>
   crc = dht11_byte[0] + dht11_byte[1] + dht11_byte[2] + dht11_byte[3];
1a001b74:	4a0b      	ldr	r2, [pc, #44]	; (1a001ba4 <dht11_ProcessData+0x9c>)
1a001b76:	7813      	ldrb	r3, [r2, #0]
1a001b78:	7851      	ldrb	r1, [r2, #1]
1a001b7a:	440b      	add	r3, r1
1a001b7c:	7891      	ldrb	r1, [r2, #2]
1a001b7e:	fa51 f383 	uxtab	r3, r1, r3
1a001b82:	78d1      	ldrb	r1, [r2, #3]
1a001b84:	fa51 f383 	uxtab	r3, r1, r3
1a001b88:	b2db      	uxtb	r3, r3
   if(crc != dht11_byte[4]) {
1a001b8a:	7912      	ldrb	r2, [r2, #4]
1a001b8c:	429a      	cmp	r2, r3
1a001b8e:	d104      	bne.n	1a001b9a <dht11_ProcessData+0x92>
   return TRUE;
1a001b90:	2001      	movs	r0, #1
}
1a001b92:	bc70      	pop	{r4, r5, r6}
1a001b94:	4770      	bx	lr
         return FALSE;
1a001b96:	2000      	movs	r0, #0
1a001b98:	4770      	bx	lr
      return FALSE;
1a001b9a:	2000      	movs	r0, #0
1a001b9c:	e7f9      	b.n	1a001b92 <dht11_ProcessData+0x8a>
1a001b9e:	bf00      	nop
1a001ba0:	100000dc 	.word	0x100000dc
1a001ba4:	100000d4 	.word	0x100000d4

1a001ba8 <dht11_GPIO_High>:
{
1a001ba8:	b508      	push	{r3, lr}
   gpioInit( dht11Pin, GPIO_INPUT_PULLUP );
1a001baa:	2102      	movs	r1, #2
1a001bac:	4b02      	ldr	r3, [pc, #8]	; (1a001bb8 <dht11_GPIO_High+0x10>)
1a001bae:	f993 0000 	ldrsb.w	r0, [r3]
1a001bb2:	f7ff fc89 	bl	1a0014c8 <gpioInit>
}
1a001bb6:	bd08      	pop	{r3, pc}
1a001bb8:	100000d0 	.word	0x100000d0

1a001bbc <dht11_GPIO_Low>:
{
1a001bbc:	b510      	push	{r4, lr}
   gpioInit( dht11Pin, GPIO_OUTPUT );
1a001bbe:	4c06      	ldr	r4, [pc, #24]	; (1a001bd8 <dht11_GPIO_Low+0x1c>)
1a001bc0:	2100      	movs	r1, #0
1a001bc2:	f994 0000 	ldrsb.w	r0, [r4]
1a001bc6:	f7ff fc7f 	bl	1a0014c8 <gpioInit>
   gpioWrite( dht11Pin, FALSE);
1a001bca:	2100      	movs	r1, #0
1a001bcc:	f994 0000 	ldrsb.w	r0, [r4]
1a001bd0:	f7ff fd50 	bl	1a001674 <gpioWrite>
}
1a001bd4:	bd10      	pop	{r4, pc}
1a001bd6:	bf00      	nop
1a001bd8:	100000d0 	.word	0x100000d0

1a001bdc <dht11_GPIO_Read>:
{
1a001bdc:	b508      	push	{r3, lr}
   return gpioRead( dht11Pin );
1a001bde:	4b03      	ldr	r3, [pc, #12]	; (1a001bec <dht11_GPIO_Read+0x10>)
1a001be0:	f993 0000 	ldrsb.w	r0, [r3]
1a001be4:	f7ff fd7b 	bl	1a0016de <gpioRead>
}
1a001be8:	bd08      	pop	{r3, pc}
1a001bea:	bf00      	nop
1a001bec:	100000d0 	.word	0x100000d0

1a001bf0 <dht11_StartRead>:
{
1a001bf0:	b5f8      	push	{r3, r4, r5, r6, r7, lr}
   dht11_GPIO_Low();
1a001bf2:	f7ff ffe3 	bl	1a001bbc <dht11_GPIO_Low>
   delayInaccurateMs(20);
1a001bf6:	2014      	movs	r0, #20
1a001bf8:	2100      	movs	r1, #0
1a001bfa:	f7ff ff19 	bl	1a001a30 <delayInaccurateMs>
   dht11_GPIO_High();
1a001bfe:	f7ff ffd3 	bl	1a001ba8 <dht11_GPIO_High>
   uint32_t n_bit          = 0;
1a001c02:	2600      	movs	r6, #0
   uint32_t n_tick         = 0;
1a001c04:	4635      	mov	r5, r6
   bool_t   flag_loop_end	= FALSE;
1a001c06:	4637      	mov	r7, r6
   uint8_t  state          = dht11_state_start;
1a001c08:	4634      	mov	r4, r6
   while(FALSE == flag_loop_end) {
1a001c0a:	e042      	b.n	1a001c92 <dht11_StartRead+0xa2>
         state = dht11_state_end;
1a001c0c:	2405      	movs	r4, #5
1a001c0e:	e03d      	b.n	1a001c8c <dht11_StartRead+0x9c>
         dht11_TimeOutReset(DHT11_TIMEOUT_MAX);
1a001c10:	f44f 707a 	mov.w	r0, #1000	; 0x3e8
1a001c14:	f7ff ff56 	bl	1a001ac4 <dht11_TimeOutReset>
         while(dht11_state_start == state) {
1a001c18:	e003      	b.n	1a001c22 <dht11_StartRead+0x32>
            if(!dht11_TimeOutCheck()) {
1a001c1a:	f7ff ff65 	bl	1a001ae8 <dht11_TimeOutCheck>
1a001c1e:	2800      	cmp	r0, #0
1a001c20:	d04a      	beq.n	1a001cb8 <dht11_StartRead+0xc8>
         while(dht11_state_start == state) {
1a001c22:	bb9c      	cbnz	r4, 1a001c8c <dht11_StartRead+0x9c>
            if(dht11_GPIO_Read() == FALSE) {
1a001c24:	f7ff ffda 	bl	1a001bdc <dht11_GPIO_Read>
1a001c28:	2800      	cmp	r0, #0
1a001c2a:	d1f6      	bne.n	1a001c1a <dht11_StartRead+0x2a>
               state = dht11_state_low;
1a001c2c:	2401      	movs	r4, #1
1a001c2e:	e7f4      	b.n	1a001c1a <dht11_StartRead+0x2a>
         dht11_TimeOutReset(0);
1a001c30:	2000      	movs	r0, #0
1a001c32:	f7ff ff47 	bl	1a001ac4 <dht11_TimeOutReset>
         while(dht11_state_low == state) {
1a001c36:	2c01      	cmp	r4, #1
1a001c38:	d128      	bne.n	1a001c8c <dht11_StartRead+0x9c>
            n_tick++;
1a001c3a:	3501      	adds	r5, #1
            if(dht11_GPIO_Read() == TRUE) {
1a001c3c:	f7ff ffce 	bl	1a001bdc <dht11_GPIO_Read>
1a001c40:	2801      	cmp	r0, #1
1a001c42:	d005      	beq.n	1a001c50 <dht11_StartRead+0x60>
            if(!dht11_TimeOutCheck()) {
1a001c44:	f7ff ff50 	bl	1a001ae8 <dht11_TimeOutCheck>
1a001c48:	2800      	cmp	r0, #0
1a001c4a:	d1f4      	bne.n	1a001c36 <dht11_StartRead+0x46>
               state = dht11_state_timeout;
1a001c4c:	2403      	movs	r4, #3
1a001c4e:	e7f2      	b.n	1a001c36 <dht11_StartRead+0x46>
               dht11_ticks_array[n_bit] = n_tick;
1a001c50:	4b1d      	ldr	r3, [pc, #116]	; (1a001cc8 <dht11_StartRead+0xd8>)
1a001c52:	f843 5026 	str.w	r5, [r3, r6, lsl #2]
               n_bit++;
1a001c56:	3601      	adds	r6, #1
               n_tick = 0;
1a001c58:	2500      	movs	r5, #0
               state = dht11_state_high;
1a001c5a:	2402      	movs	r4, #2
1a001c5c:	e7f2      	b.n	1a001c44 <dht11_StartRead+0x54>
         dht11_TimeOutReset(0);
1a001c5e:	2000      	movs	r0, #0
1a001c60:	f7ff ff30 	bl	1a001ac4 <dht11_TimeOutReset>
         while(dht11_state_high == state) {
1a001c64:	e003      	b.n	1a001c6e <dht11_StartRead+0x7e>
            if(!dht11_TimeOutCheck()) {
1a001c66:	f7ff ff3f 	bl	1a001ae8 <dht11_TimeOutCheck>
1a001c6a:	b900      	cbnz	r0, 1a001c6e <dht11_StartRead+0x7e>
               state = dht11_state_timeout;
1a001c6c:	2403      	movs	r4, #3
         while(dht11_state_high == state) {
1a001c6e:	2c02      	cmp	r4, #2
1a001c70:	d10c      	bne.n	1a001c8c <dht11_StartRead+0x9c>
            n_tick++;
1a001c72:	3501      	adds	r5, #1
            if(dht11_GPIO_Read() == FALSE) {
1a001c74:	f7ff ffb2 	bl	1a001bdc <dht11_GPIO_Read>
1a001c78:	2800      	cmp	r0, #0
1a001c7a:	d1f4      	bne.n	1a001c66 <dht11_StartRead+0x76>
               dht11_ticks_array[n_bit] = n_tick;
1a001c7c:	4b12      	ldr	r3, [pc, #72]	; (1a001cc8 <dht11_StartRead+0xd8>)
1a001c7e:	f843 5026 	str.w	r5, [r3, r6, lsl #2]
               n_bit++;
1a001c82:	3601      	adds	r6, #1
               n_tick = 0;
1a001c84:	2500      	movs	r5, #0
               state = dht11_state_low;
1a001c86:	2401      	movs	r4, #1
1a001c88:	e7ed      	b.n	1a001c66 <dht11_StartRead+0x76>
         flag_loop_end = TRUE;
1a001c8a:	2701      	movs	r7, #1
      if(DHT11_LEN_dht11_ticks_array <= n_bit) {
1a001c8c:	2e51      	cmp	r6, #81	; 0x51
1a001c8e:	d900      	bls.n	1a001c92 <dht11_StartRead+0xa2>
         state = dht11_state_end;
1a001c90:	2405      	movs	r4, #5
   while(FALSE == flag_loop_end) {
1a001c92:	b99f      	cbnz	r7, 1a001cbc <dht11_StartRead+0xcc>
      switch(state) {
1a001c94:	2c05      	cmp	r4, #5
1a001c96:	d8b9      	bhi.n	1a001c0c <dht11_StartRead+0x1c>
1a001c98:	a301      	add	r3, pc, #4	; (adr r3, 1a001ca0 <dht11_StartRead+0xb0>)
1a001c9a:	f853 f024 	ldr.w	pc, [r3, r4, lsl #2]
1a001c9e:	bf00      	nop
1a001ca0:	1a001c11 	.word	0x1a001c11
1a001ca4:	1a001c31 	.word	0x1a001c31
1a001ca8:	1a001c5f 	.word	0x1a001c5f
1a001cac:	1a001c0d 	.word	0x1a001c0d
1a001cb0:	1a001c0d 	.word	0x1a001c0d
1a001cb4:	1a001c8b 	.word	0x1a001c8b
               state = dht11_state_timeout;
1a001cb8:	2403      	movs	r4, #3
1a001cba:	e7e7      	b.n	1a001c8c <dht11_StartRead+0x9c>
   if(82 == n_bit) {
1a001cbc:	2e52      	cmp	r6, #82	; 0x52
1a001cbe:	d000      	beq.n	1a001cc2 <dht11_StartRead+0xd2>
   return FALSE;
1a001cc0:	2700      	movs	r7, #0
}
1a001cc2:	4638      	mov	r0, r7
1a001cc4:	bdf8      	pop	{r3, r4, r5, r6, r7, pc}
1a001cc6:	bf00      	nop
1a001cc8:	100000dc 	.word	0x100000dc

1a001ccc <dht11Init>:
	pos++;
	dst[pos] = '\0';
}

void dht11Init( int32_t gpio )
{
1a001ccc:	b508      	push	{r3, lr}
   dht11Pin = (int32_t)gpio;
1a001cce:	4b02      	ldr	r3, [pc, #8]	; (1a001cd8 <dht11Init+0xc>)
1a001cd0:	6018      	str	r0, [r3, #0]
   dht11_GPIO_High();
1a001cd2:	f7ff ff69 	bl	1a001ba8 <dht11_GPIO_High>
}
1a001cd6:	bd08      	pop	{r3, pc}
1a001cd8:	100000d0 	.word	0x100000d0

1a001cdc <dht11Read>:

bool_t dht11Read( float *phum, float *ptemp )
{
1a001cdc:	b538      	push	{r3, r4, r5, lr}
1a001cde:	4605      	mov	r5, r0
1a001ce0:	460c      	mov	r4, r1
   if(TRUE == dht11_StartRead()) {
1a001ce2:	f7ff ff85 	bl	1a001bf0 <dht11_StartRead>
1a001ce6:	2801      	cmp	r0, #1
1a001ce8:	d001      	beq.n	1a001cee <dht11Read+0x12>
         *phum 	= ((float)dht11_byte[0]) + ((float)dht11_byte[1])/10;
         *ptemp 	= ((float)dht11_byte[2]) + ((float)dht11_byte[3])/10;
         return TRUE;
      }
   }
   return FALSE;
1a001cea:	2000      	movs	r0, #0
}
1a001cec:	bd38      	pop	{r3, r4, r5, pc}
      if(TRUE == dht11_ProcessData()) {
1a001cee:	f7ff ff0b 	bl	1a001b08 <dht11_ProcessData>
1a001cf2:	2801      	cmp	r0, #1
1a001cf4:	d001      	beq.n	1a001cfa <dht11Read+0x1e>
   return FALSE;
1a001cf6:	2000      	movs	r0, #0
1a001cf8:	e7f8      	b.n	1a001cec <dht11Read+0x10>
         *phum 	= ((float)dht11_byte[0]) + ((float)dht11_byte[1])/10;
1a001cfa:	4b12      	ldr	r3, [pc, #72]	; (1a001d44 <dht11Read+0x68>)
1a001cfc:	781a      	ldrb	r2, [r3, #0]
1a001cfe:	ee07 2a90 	vmov	s15, r2
1a001d02:	eef8 7a67 	vcvt.f32.u32	s15, s15
1a001d06:	785a      	ldrb	r2, [r3, #1]
1a001d08:	ee07 2a10 	vmov	s14, r2
1a001d0c:	eeb8 7a47 	vcvt.f32.u32	s14, s14
1a001d10:	eef2 6a04 	vmov.f32	s13, #36	; 0x41200000  10.0
1a001d14:	ee87 6a26 	vdiv.f32	s12, s14, s13
1a001d18:	ee77 7a86 	vadd.f32	s15, s15, s12
1a001d1c:	edc5 7a00 	vstr	s15, [r5]
         *ptemp 	= ((float)dht11_byte[2]) + ((float)dht11_byte[3])/10;
1a001d20:	789a      	ldrb	r2, [r3, #2]
1a001d22:	ee07 2a90 	vmov	s15, r2
1a001d26:	eef8 7a67 	vcvt.f32.u32	s15, s15
1a001d2a:	78db      	ldrb	r3, [r3, #3]
1a001d2c:	ee07 3a10 	vmov	s14, r3
1a001d30:	eeb8 7a47 	vcvt.f32.u32	s14, s14
1a001d34:	ee87 6a26 	vdiv.f32	s12, s14, s13
1a001d38:	ee77 7a86 	vadd.f32	s15, s15, s12
1a001d3c:	edc4 7a00 	vstr	s15, [r4]
         return TRUE;
1a001d40:	e7d4      	b.n	1a001cec <dht11Read+0x10>
1a001d42:	bf00      	nop
1a001d44:	100000d4 	.word	0x100000d4

1a001d48 <__aeabi_uldivmod>:
1a001d48:	b953      	cbnz	r3, 1a001d60 <__aeabi_uldivmod+0x18>
1a001d4a:	b94a      	cbnz	r2, 1a001d60 <__aeabi_uldivmod+0x18>
1a001d4c:	2900      	cmp	r1, #0
1a001d4e:	bf08      	it	eq
1a001d50:	2800      	cmpeq	r0, #0
1a001d52:	bf1c      	itt	ne
1a001d54:	f04f 31ff 	movne.w	r1, #4294967295
1a001d58:	f04f 30ff 	movne.w	r0, #4294967295
1a001d5c:	f000 b974 	b.w	1a002048 <__aeabi_idiv0>
1a001d60:	f1ad 0c08 	sub.w	ip, sp, #8
1a001d64:	e96d ce04 	strd	ip, lr, [sp, #-16]!
1a001d68:	f000 f806 	bl	1a001d78 <__udivmoddi4>
1a001d6c:	f8dd e004 	ldr.w	lr, [sp, #4]
1a001d70:	e9dd 2302 	ldrd	r2, r3, [sp, #8]
1a001d74:	b004      	add	sp, #16
1a001d76:	4770      	bx	lr

1a001d78 <__udivmoddi4>:
1a001d78:	e92d 47f0 	stmdb	sp!, {r4, r5, r6, r7, r8, r9, sl, lr}
1a001d7c:	9e08      	ldr	r6, [sp, #32]
1a001d7e:	4604      	mov	r4, r0
1a001d80:	4688      	mov	r8, r1
1a001d82:	2b00      	cmp	r3, #0
1a001d84:	f040 8085 	bne.w	1a001e92 <__udivmoddi4+0x11a>
1a001d88:	428a      	cmp	r2, r1
1a001d8a:	4615      	mov	r5, r2
1a001d8c:	d948      	bls.n	1a001e20 <__udivmoddi4+0xa8>
1a001d8e:	fab2 f282 	clz	r2, r2
1a001d92:	b14a      	cbz	r2, 1a001da8 <__udivmoddi4+0x30>
1a001d94:	f1c2 0720 	rsb	r7, r2, #32
1a001d98:	fa01 f302 	lsl.w	r3, r1, r2
1a001d9c:	fa20 f707 	lsr.w	r7, r0, r7
1a001da0:	4095      	lsls	r5, r2
1a001da2:	ea47 0803 	orr.w	r8, r7, r3
1a001da6:	4094      	lsls	r4, r2
1a001da8:	ea4f 4e15 	mov.w	lr, r5, lsr #16
1a001dac:	0c23      	lsrs	r3, r4, #16
1a001dae:	fbb8 f7fe 	udiv	r7, r8, lr
1a001db2:	fa1f fc85 	uxth.w	ip, r5
1a001db6:	fb0e 8817 	mls	r8, lr, r7, r8
1a001dba:	ea43 4308 	orr.w	r3, r3, r8, lsl #16
1a001dbe:	fb07 f10c 	mul.w	r1, r7, ip
1a001dc2:	4299      	cmp	r1, r3
1a001dc4:	d909      	bls.n	1a001dda <__udivmoddi4+0x62>
1a001dc6:	18eb      	adds	r3, r5, r3
1a001dc8:	f107 30ff 	add.w	r0, r7, #4294967295
1a001dcc:	f080 80e3 	bcs.w	1a001f96 <__udivmoddi4+0x21e>
1a001dd0:	4299      	cmp	r1, r3
1a001dd2:	f240 80e0 	bls.w	1a001f96 <__udivmoddi4+0x21e>
1a001dd6:	3f02      	subs	r7, #2
1a001dd8:	442b      	add	r3, r5
1a001dda:	1a5b      	subs	r3, r3, r1
1a001ddc:	b2a4      	uxth	r4, r4
1a001dde:	fbb3 f0fe 	udiv	r0, r3, lr
1a001de2:	fb0e 3310 	mls	r3, lr, r0, r3
1a001de6:	ea44 4403 	orr.w	r4, r4, r3, lsl #16
1a001dea:	fb00 fc0c 	mul.w	ip, r0, ip
1a001dee:	45a4      	cmp	ip, r4
1a001df0:	d909      	bls.n	1a001e06 <__udivmoddi4+0x8e>
1a001df2:	192c      	adds	r4, r5, r4
1a001df4:	f100 33ff 	add.w	r3, r0, #4294967295
1a001df8:	f080 80cb 	bcs.w	1a001f92 <__udivmoddi4+0x21a>
1a001dfc:	45a4      	cmp	ip, r4
1a001dfe:	f240 80c8 	bls.w	1a001f92 <__udivmoddi4+0x21a>
1a001e02:	3802      	subs	r0, #2
1a001e04:	442c      	add	r4, r5
1a001e06:	ea40 4007 	orr.w	r0, r0, r7, lsl #16
1a001e0a:	eba4 040c 	sub.w	r4, r4, ip
1a001e0e:	2700      	movs	r7, #0
1a001e10:	b11e      	cbz	r6, 1a001e1a <__udivmoddi4+0xa2>
1a001e12:	40d4      	lsrs	r4, r2
1a001e14:	2300      	movs	r3, #0
1a001e16:	e9c6 4300 	strd	r4, r3, [r6]
1a001e1a:	4639      	mov	r1, r7
1a001e1c:	e8bd 87f0 	ldmia.w	sp!, {r4, r5, r6, r7, r8, r9, sl, pc}
1a001e20:	2a00      	cmp	r2, #0
1a001e22:	d053      	beq.n	1a001ecc <__udivmoddi4+0x154>
1a001e24:	fab2 f282 	clz	r2, r2
1a001e28:	2a00      	cmp	r2, #0
1a001e2a:	f040 80b6 	bne.w	1a001f9a <__udivmoddi4+0x222>
1a001e2e:	1b49      	subs	r1, r1, r5
1a001e30:	ea4f 4e15 	mov.w	lr, r5, lsr #16
1a001e34:	fa1f f885 	uxth.w	r8, r5
1a001e38:	2701      	movs	r7, #1
1a001e3a:	fbb1 fcfe 	udiv	ip, r1, lr
1a001e3e:	0c23      	lsrs	r3, r4, #16
1a001e40:	fb0e 111c 	mls	r1, lr, ip, r1
1a001e44:	ea43 4301 	orr.w	r3, r3, r1, lsl #16
1a001e48:	fb08 f10c 	mul.w	r1, r8, ip
1a001e4c:	4299      	cmp	r1, r3
1a001e4e:	d907      	bls.n	1a001e60 <__udivmoddi4+0xe8>
1a001e50:	18eb      	adds	r3, r5, r3
1a001e52:	f10c 30ff 	add.w	r0, ip, #4294967295
1a001e56:	d202      	bcs.n	1a001e5e <__udivmoddi4+0xe6>
1a001e58:	4299      	cmp	r1, r3
1a001e5a:	f200 80ec 	bhi.w	1a002036 <__udivmoddi4+0x2be>
1a001e5e:	4684      	mov	ip, r0
1a001e60:	1a59      	subs	r1, r3, r1
1a001e62:	b2a3      	uxth	r3, r4
1a001e64:	fbb1 f0fe 	udiv	r0, r1, lr
1a001e68:	fb0e 1410 	mls	r4, lr, r0, r1
1a001e6c:	ea43 4404 	orr.w	r4, r3, r4, lsl #16
1a001e70:	fb08 f800 	mul.w	r8, r8, r0
1a001e74:	45a0      	cmp	r8, r4
1a001e76:	d907      	bls.n	1a001e88 <__udivmoddi4+0x110>
1a001e78:	192c      	adds	r4, r5, r4
1a001e7a:	f100 33ff 	add.w	r3, r0, #4294967295
1a001e7e:	d202      	bcs.n	1a001e86 <__udivmoddi4+0x10e>
1a001e80:	45a0      	cmp	r8, r4
1a001e82:	f200 80dc 	bhi.w	1a00203e <__udivmoddi4+0x2c6>
1a001e86:	4618      	mov	r0, r3
1a001e88:	eba4 0408 	sub.w	r4, r4, r8
1a001e8c:	ea40 400c 	orr.w	r0, r0, ip, lsl #16
1a001e90:	e7be      	b.n	1a001e10 <__udivmoddi4+0x98>
1a001e92:	428b      	cmp	r3, r1
1a001e94:	d908      	bls.n	1a001ea8 <__udivmoddi4+0x130>
1a001e96:	2e00      	cmp	r6, #0
1a001e98:	d078      	beq.n	1a001f8c <__udivmoddi4+0x214>
1a001e9a:	2700      	movs	r7, #0
1a001e9c:	e9c6 0100 	strd	r0, r1, [r6]
1a001ea0:	4638      	mov	r0, r7
1a001ea2:	4639      	mov	r1, r7
1a001ea4:	e8bd 87f0 	ldmia.w	sp!, {r4, r5, r6, r7, r8, r9, sl, pc}
1a001ea8:	fab3 f783 	clz	r7, r3
1a001eac:	b97f      	cbnz	r7, 1a001ece <__udivmoddi4+0x156>
1a001eae:	428b      	cmp	r3, r1
1a001eb0:	d302      	bcc.n	1a001eb8 <__udivmoddi4+0x140>
1a001eb2:	4282      	cmp	r2, r0
1a001eb4:	f200 80bd 	bhi.w	1a002032 <__udivmoddi4+0x2ba>
1a001eb8:	1a84      	subs	r4, r0, r2
1a001eba:	eb61 0303 	sbc.w	r3, r1, r3
1a001ebe:	2001      	movs	r0, #1
1a001ec0:	4698      	mov	r8, r3
1a001ec2:	2e00      	cmp	r6, #0
1a001ec4:	d0a9      	beq.n	1a001e1a <__udivmoddi4+0xa2>
1a001ec6:	e9c6 4800 	strd	r4, r8, [r6]
1a001eca:	e7a6      	b.n	1a001e1a <__udivmoddi4+0xa2>
1a001ecc:	deff      	udf	#255	; 0xff
1a001ece:	f1c7 0520 	rsb	r5, r7, #32
1a001ed2:	40bb      	lsls	r3, r7
1a001ed4:	fa22 fc05 	lsr.w	ip, r2, r5
1a001ed8:	ea4c 0c03 	orr.w	ip, ip, r3
1a001edc:	fa01 f407 	lsl.w	r4, r1, r7
1a001ee0:	fa20 f805 	lsr.w	r8, r0, r5
1a001ee4:	fa21 f305 	lsr.w	r3, r1, r5
1a001ee8:	ea4f 4e1c 	mov.w	lr, ip, lsr #16
1a001eec:	ea48 0404 	orr.w	r4, r8, r4
1a001ef0:	fbb3 f9fe 	udiv	r9, r3, lr
1a001ef4:	0c21      	lsrs	r1, r4, #16
1a001ef6:	fb0e 3319 	mls	r3, lr, r9, r3
1a001efa:	fa1f f88c 	uxth.w	r8, ip
1a001efe:	ea41 4303 	orr.w	r3, r1, r3, lsl #16
1a001f02:	fb09 fa08 	mul.w	sl, r9, r8
1a001f06:	459a      	cmp	sl, r3
1a001f08:	fa02 f207 	lsl.w	r2, r2, r7
1a001f0c:	fa00 f107 	lsl.w	r1, r0, r7
1a001f10:	d90b      	bls.n	1a001f2a <__udivmoddi4+0x1b2>
1a001f12:	eb1c 0303 	adds.w	r3, ip, r3
1a001f16:	f109 30ff 	add.w	r0, r9, #4294967295
1a001f1a:	f080 8088 	bcs.w	1a00202e <__udivmoddi4+0x2b6>
1a001f1e:	459a      	cmp	sl, r3
1a001f20:	f240 8085 	bls.w	1a00202e <__udivmoddi4+0x2b6>
1a001f24:	f1a9 0902 	sub.w	r9, r9, #2
1a001f28:	4463      	add	r3, ip
1a001f2a:	eba3 030a 	sub.w	r3, r3, sl
1a001f2e:	b2a4      	uxth	r4, r4
1a001f30:	fbb3 f0fe 	udiv	r0, r3, lr
1a001f34:	fb0e 3310 	mls	r3, lr, r0, r3
1a001f38:	ea44 4403 	orr.w	r4, r4, r3, lsl #16
1a001f3c:	fb00 f808 	mul.w	r8, r0, r8
1a001f40:	45a0      	cmp	r8, r4
1a001f42:	d908      	bls.n	1a001f56 <__udivmoddi4+0x1de>
1a001f44:	eb1c 0404 	adds.w	r4, ip, r4
1a001f48:	f100 33ff 	add.w	r3, r0, #4294967295
1a001f4c:	d26b      	bcs.n	1a002026 <__udivmoddi4+0x2ae>
1a001f4e:	45a0      	cmp	r8, r4
1a001f50:	d969      	bls.n	1a002026 <__udivmoddi4+0x2ae>
1a001f52:	3802      	subs	r0, #2
1a001f54:	4464      	add	r4, ip
1a001f56:	ea40 4009 	orr.w	r0, r0, r9, lsl #16
1a001f5a:	eba4 0408 	sub.w	r4, r4, r8
1a001f5e:	fba0 8902 	umull	r8, r9, r0, r2
1a001f62:	454c      	cmp	r4, r9
1a001f64:	46c6      	mov	lr, r8
1a001f66:	464b      	mov	r3, r9
1a001f68:	d354      	bcc.n	1a002014 <__udivmoddi4+0x29c>
1a001f6a:	d051      	beq.n	1a002010 <__udivmoddi4+0x298>
1a001f6c:	2e00      	cmp	r6, #0
1a001f6e:	d069      	beq.n	1a002044 <__udivmoddi4+0x2cc>
1a001f70:	ebb1 020e 	subs.w	r2, r1, lr
1a001f74:	eb64 0403 	sbc.w	r4, r4, r3
1a001f78:	fa04 f505 	lsl.w	r5, r4, r5
1a001f7c:	fa22 f307 	lsr.w	r3, r2, r7
1a001f80:	40fc      	lsrs	r4, r7
1a001f82:	431d      	orrs	r5, r3
1a001f84:	e9c6 5400 	strd	r5, r4, [r6]
1a001f88:	2700      	movs	r7, #0
1a001f8a:	e746      	b.n	1a001e1a <__udivmoddi4+0xa2>
1a001f8c:	4637      	mov	r7, r6
1a001f8e:	4630      	mov	r0, r6
1a001f90:	e743      	b.n	1a001e1a <__udivmoddi4+0xa2>
1a001f92:	4618      	mov	r0, r3
1a001f94:	e737      	b.n	1a001e06 <__udivmoddi4+0x8e>
1a001f96:	4607      	mov	r7, r0
1a001f98:	e71f      	b.n	1a001dda <__udivmoddi4+0x62>
1a001f9a:	f1c2 0320 	rsb	r3, r2, #32
1a001f9e:	fa20 f703 	lsr.w	r7, r0, r3
1a001fa2:	4095      	lsls	r5, r2
1a001fa4:	fa01 f002 	lsl.w	r0, r1, r2
1a001fa8:	fa21 f303 	lsr.w	r3, r1, r3
1a001fac:	ea4f 4e15 	mov.w	lr, r5, lsr #16
1a001fb0:	4338      	orrs	r0, r7
1a001fb2:	0c01      	lsrs	r1, r0, #16
1a001fb4:	fbb3 f7fe 	udiv	r7, r3, lr
1a001fb8:	fa1f f885 	uxth.w	r8, r5
1a001fbc:	fb0e 3317 	mls	r3, lr, r7, r3
1a001fc0:	ea41 4103 	orr.w	r1, r1, r3, lsl #16
1a001fc4:	fb07 f308 	mul.w	r3, r7, r8
1a001fc8:	428b      	cmp	r3, r1
1a001fca:	fa04 f402 	lsl.w	r4, r4, r2
1a001fce:	d907      	bls.n	1a001fe0 <__udivmoddi4+0x268>
1a001fd0:	1869      	adds	r1, r5, r1
1a001fd2:	f107 3cff 	add.w	ip, r7, #4294967295
1a001fd6:	d228      	bcs.n	1a00202a <__udivmoddi4+0x2b2>
1a001fd8:	428b      	cmp	r3, r1
1a001fda:	d926      	bls.n	1a00202a <__udivmoddi4+0x2b2>
1a001fdc:	3f02      	subs	r7, #2
1a001fde:	4429      	add	r1, r5
1a001fe0:	1acb      	subs	r3, r1, r3
1a001fe2:	b281      	uxth	r1, r0
1a001fe4:	fbb3 f0fe 	udiv	r0, r3, lr
1a001fe8:	fb0e 3310 	mls	r3, lr, r0, r3
1a001fec:	ea41 4103 	orr.w	r1, r1, r3, lsl #16
1a001ff0:	fb00 f308 	mul.w	r3, r0, r8
1a001ff4:	428b      	cmp	r3, r1
1a001ff6:	d907      	bls.n	1a002008 <__udivmoddi4+0x290>
1a001ff8:	1869      	adds	r1, r5, r1
1a001ffa:	f100 3cff 	add.w	ip, r0, #4294967295
1a001ffe:	d210      	bcs.n	1a002022 <__udivmoddi4+0x2aa>
1a002000:	428b      	cmp	r3, r1
1a002002:	d90e      	bls.n	1a002022 <__udivmoddi4+0x2aa>
1a002004:	3802      	subs	r0, #2
1a002006:	4429      	add	r1, r5
1a002008:	1ac9      	subs	r1, r1, r3
1a00200a:	ea40 4707 	orr.w	r7, r0, r7, lsl #16
1a00200e:	e714      	b.n	1a001e3a <__udivmoddi4+0xc2>
1a002010:	4541      	cmp	r1, r8
1a002012:	d2ab      	bcs.n	1a001f6c <__udivmoddi4+0x1f4>
1a002014:	ebb8 0e02 	subs.w	lr, r8, r2
1a002018:	eb69 020c 	sbc.w	r2, r9, ip
1a00201c:	3801      	subs	r0, #1
1a00201e:	4613      	mov	r3, r2
1a002020:	e7a4      	b.n	1a001f6c <__udivmoddi4+0x1f4>
1a002022:	4660      	mov	r0, ip
1a002024:	e7f0      	b.n	1a002008 <__udivmoddi4+0x290>
1a002026:	4618      	mov	r0, r3
1a002028:	e795      	b.n	1a001f56 <__udivmoddi4+0x1de>
1a00202a:	4667      	mov	r7, ip
1a00202c:	e7d8      	b.n	1a001fe0 <__udivmoddi4+0x268>
1a00202e:	4681      	mov	r9, r0
1a002030:	e77b      	b.n	1a001f2a <__udivmoddi4+0x1b2>
1a002032:	4638      	mov	r0, r7
1a002034:	e745      	b.n	1a001ec2 <__udivmoddi4+0x14a>
1a002036:	f1ac 0c02 	sub.w	ip, ip, #2
1a00203a:	442b      	add	r3, r5
1a00203c:	e710      	b.n	1a001e60 <__udivmoddi4+0xe8>
1a00203e:	3802      	subs	r0, #2
1a002040:	442c      	add	r4, r5
1a002042:	e721      	b.n	1a001e88 <__udivmoddi4+0x110>
1a002044:	4637      	mov	r7, r6
1a002046:	e6e8      	b.n	1a001e1a <__udivmoddi4+0xa2>

1a002048 <__aeabi_idiv0>:
1a002048:	4770      	bx	lr
1a00204a:	bf00      	nop

1a00204c <__sflush_r>:
1a00204c:	898a      	ldrh	r2, [r1, #12]
1a00204e:	e92d 41f0 	stmdb	sp!, {r4, r5, r6, r7, r8, lr}
1a002052:	4605      	mov	r5, r0
1a002054:	0710      	lsls	r0, r2, #28
1a002056:	460c      	mov	r4, r1
1a002058:	d458      	bmi.n	1a00210c <__sflush_r+0xc0>
1a00205a:	684b      	ldr	r3, [r1, #4]
1a00205c:	2b00      	cmp	r3, #0
1a00205e:	dc05      	bgt.n	1a00206c <__sflush_r+0x20>
1a002060:	6c0b      	ldr	r3, [r1, #64]	; 0x40
1a002062:	2b00      	cmp	r3, #0
1a002064:	dc02      	bgt.n	1a00206c <__sflush_r+0x20>
1a002066:	2000      	movs	r0, #0
1a002068:	e8bd 81f0 	ldmia.w	sp!, {r4, r5, r6, r7, r8, pc}
1a00206c:	6ae6      	ldr	r6, [r4, #44]	; 0x2c
1a00206e:	2e00      	cmp	r6, #0
1a002070:	d0f9      	beq.n	1a002066 <__sflush_r+0x1a>
1a002072:	2300      	movs	r3, #0
1a002074:	f412 5280 	ands.w	r2, r2, #4096	; 0x1000
1a002078:	682f      	ldr	r7, [r5, #0]
1a00207a:	602b      	str	r3, [r5, #0]
1a00207c:	d032      	beq.n	1a0020e4 <__sflush_r+0x98>
1a00207e:	6d60      	ldr	r0, [r4, #84]	; 0x54
1a002080:	89a3      	ldrh	r3, [r4, #12]
1a002082:	075a      	lsls	r2, r3, #29
1a002084:	d505      	bpl.n	1a002092 <__sflush_r+0x46>
1a002086:	6863      	ldr	r3, [r4, #4]
1a002088:	1ac0      	subs	r0, r0, r3
1a00208a:	6b63      	ldr	r3, [r4, #52]	; 0x34
1a00208c:	b10b      	cbz	r3, 1a002092 <__sflush_r+0x46>
1a00208e:	6c23      	ldr	r3, [r4, #64]	; 0x40
1a002090:	1ac0      	subs	r0, r0, r3
1a002092:	2300      	movs	r3, #0
1a002094:	4602      	mov	r2, r0
1a002096:	6ae6      	ldr	r6, [r4, #44]	; 0x2c
1a002098:	6a21      	ldr	r1, [r4, #32]
1a00209a:	4628      	mov	r0, r5
1a00209c:	47b0      	blx	r6
1a00209e:	1c43      	adds	r3, r0, #1
1a0020a0:	89a3      	ldrh	r3, [r4, #12]
1a0020a2:	d106      	bne.n	1a0020b2 <__sflush_r+0x66>
1a0020a4:	6829      	ldr	r1, [r5, #0]
1a0020a6:	291d      	cmp	r1, #29
1a0020a8:	d849      	bhi.n	1a00213e <__sflush_r+0xf2>
1a0020aa:	4a2a      	ldr	r2, [pc, #168]	; (1a002154 <__sflush_r+0x108>)
1a0020ac:	40ca      	lsrs	r2, r1
1a0020ae:	07d6      	lsls	r6, r2, #31
1a0020b0:	d545      	bpl.n	1a00213e <__sflush_r+0xf2>
1a0020b2:	2200      	movs	r2, #0
1a0020b4:	6062      	str	r2, [r4, #4]
1a0020b6:	04d9      	lsls	r1, r3, #19
1a0020b8:	6922      	ldr	r2, [r4, #16]
1a0020ba:	6022      	str	r2, [r4, #0]
1a0020bc:	d504      	bpl.n	1a0020c8 <__sflush_r+0x7c>
1a0020be:	1c42      	adds	r2, r0, #1
1a0020c0:	d101      	bne.n	1a0020c6 <__sflush_r+0x7a>
1a0020c2:	682b      	ldr	r3, [r5, #0]
1a0020c4:	b903      	cbnz	r3, 1a0020c8 <__sflush_r+0x7c>
1a0020c6:	6560      	str	r0, [r4, #84]	; 0x54
1a0020c8:	6b61      	ldr	r1, [r4, #52]	; 0x34
1a0020ca:	602f      	str	r7, [r5, #0]
1a0020cc:	2900      	cmp	r1, #0
1a0020ce:	d0ca      	beq.n	1a002066 <__sflush_r+0x1a>
1a0020d0:	f104 0344 	add.w	r3, r4, #68	; 0x44
1a0020d4:	4299      	cmp	r1, r3
1a0020d6:	d002      	beq.n	1a0020de <__sflush_r+0x92>
1a0020d8:	4628      	mov	r0, r5
1a0020da:	f000 f9ab 	bl	1a002434 <_free_r>
1a0020de:	2000      	movs	r0, #0
1a0020e0:	6360      	str	r0, [r4, #52]	; 0x34
1a0020e2:	e7c1      	b.n	1a002068 <__sflush_r+0x1c>
1a0020e4:	6a21      	ldr	r1, [r4, #32]
1a0020e6:	2301      	movs	r3, #1
1a0020e8:	4628      	mov	r0, r5
1a0020ea:	47b0      	blx	r6
1a0020ec:	1c41      	adds	r1, r0, #1
1a0020ee:	d1c7      	bne.n	1a002080 <__sflush_r+0x34>
1a0020f0:	682b      	ldr	r3, [r5, #0]
1a0020f2:	2b00      	cmp	r3, #0
1a0020f4:	d0c4      	beq.n	1a002080 <__sflush_r+0x34>
1a0020f6:	2b1d      	cmp	r3, #29
1a0020f8:	d001      	beq.n	1a0020fe <__sflush_r+0xb2>
1a0020fa:	2b16      	cmp	r3, #22
1a0020fc:	d101      	bne.n	1a002102 <__sflush_r+0xb6>
1a0020fe:	602f      	str	r7, [r5, #0]
1a002100:	e7b1      	b.n	1a002066 <__sflush_r+0x1a>
1a002102:	89a3      	ldrh	r3, [r4, #12]
1a002104:	f043 0340 	orr.w	r3, r3, #64	; 0x40
1a002108:	81a3      	strh	r3, [r4, #12]
1a00210a:	e7ad      	b.n	1a002068 <__sflush_r+0x1c>
1a00210c:	690f      	ldr	r7, [r1, #16]
1a00210e:	2f00      	cmp	r7, #0
1a002110:	d0a9      	beq.n	1a002066 <__sflush_r+0x1a>
1a002112:	0793      	lsls	r3, r2, #30
1a002114:	680e      	ldr	r6, [r1, #0]
1a002116:	bf08      	it	eq
1a002118:	694b      	ldreq	r3, [r1, #20]
1a00211a:	600f      	str	r7, [r1, #0]
1a00211c:	bf18      	it	ne
1a00211e:	2300      	movne	r3, #0
1a002120:	eba6 0807 	sub.w	r8, r6, r7
1a002124:	608b      	str	r3, [r1, #8]
1a002126:	f1b8 0f00 	cmp.w	r8, #0
1a00212a:	dd9c      	ble.n	1a002066 <__sflush_r+0x1a>
1a00212c:	4643      	mov	r3, r8
1a00212e:	463a      	mov	r2, r7
1a002130:	6a21      	ldr	r1, [r4, #32]
1a002132:	6aa6      	ldr	r6, [r4, #40]	; 0x28
1a002134:	4628      	mov	r0, r5
1a002136:	47b0      	blx	r6
1a002138:	2800      	cmp	r0, #0
1a00213a:	dc06      	bgt.n	1a00214a <__sflush_r+0xfe>
1a00213c:	89a3      	ldrh	r3, [r4, #12]
1a00213e:	f043 0340 	orr.w	r3, r3, #64	; 0x40
1a002142:	81a3      	strh	r3, [r4, #12]
1a002144:	f04f 30ff 	mov.w	r0, #4294967295
1a002148:	e78e      	b.n	1a002068 <__sflush_r+0x1c>
1a00214a:	4407      	add	r7, r0
1a00214c:	eba8 0800 	sub.w	r8, r8, r0
1a002150:	e7e9      	b.n	1a002126 <__sflush_r+0xda>
1a002152:	bf00      	nop
1a002154:	20400001 	.word	0x20400001

1a002158 <_fflush_r>:
1a002158:	b538      	push	{r3, r4, r5, lr}
1a00215a:	690b      	ldr	r3, [r1, #16]
1a00215c:	4605      	mov	r5, r0
1a00215e:	460c      	mov	r4, r1
1a002160:	b913      	cbnz	r3, 1a002168 <_fflush_r+0x10>
1a002162:	2500      	movs	r5, #0
1a002164:	4628      	mov	r0, r5
1a002166:	bd38      	pop	{r3, r4, r5, pc}
1a002168:	b118      	cbz	r0, 1a002172 <_fflush_r+0x1a>
1a00216a:	6983      	ldr	r3, [r0, #24]
1a00216c:	b90b      	cbnz	r3, 1a002172 <_fflush_r+0x1a>
1a00216e:	f000 f887 	bl	1a002280 <__sinit>
1a002172:	4b14      	ldr	r3, [pc, #80]	; (1a0021c4 <_fflush_r+0x6c>)
1a002174:	429c      	cmp	r4, r3
1a002176:	d11b      	bne.n	1a0021b0 <_fflush_r+0x58>
1a002178:	686c      	ldr	r4, [r5, #4]
1a00217a:	f9b4 300c 	ldrsh.w	r3, [r4, #12]
1a00217e:	2b00      	cmp	r3, #0
1a002180:	d0ef      	beq.n	1a002162 <_fflush_r+0xa>
1a002182:	6e62      	ldr	r2, [r4, #100]	; 0x64
1a002184:	07d0      	lsls	r0, r2, #31
1a002186:	d404      	bmi.n	1a002192 <_fflush_r+0x3a>
1a002188:	0599      	lsls	r1, r3, #22
1a00218a:	d402      	bmi.n	1a002192 <_fflush_r+0x3a>
1a00218c:	6da0      	ldr	r0, [r4, #88]	; 0x58
1a00218e:	f000 f938 	bl	1a002402 <__retarget_lock_acquire_recursive>
1a002192:	4628      	mov	r0, r5
1a002194:	4621      	mov	r1, r4
1a002196:	f7ff ff59 	bl	1a00204c <__sflush_r>
1a00219a:	6e63      	ldr	r3, [r4, #100]	; 0x64
1a00219c:	07da      	lsls	r2, r3, #31
1a00219e:	4605      	mov	r5, r0
1a0021a0:	d4e0      	bmi.n	1a002164 <_fflush_r+0xc>
1a0021a2:	89a3      	ldrh	r3, [r4, #12]
1a0021a4:	059b      	lsls	r3, r3, #22
1a0021a6:	d4dd      	bmi.n	1a002164 <_fflush_r+0xc>
1a0021a8:	6da0      	ldr	r0, [r4, #88]	; 0x58
1a0021aa:	f000 f92b 	bl	1a002404 <__retarget_lock_release_recursive>
1a0021ae:	e7d9      	b.n	1a002164 <_fflush_r+0xc>
1a0021b0:	4b05      	ldr	r3, [pc, #20]	; (1a0021c8 <_fflush_r+0x70>)
1a0021b2:	429c      	cmp	r4, r3
1a0021b4:	d101      	bne.n	1a0021ba <_fflush_r+0x62>
1a0021b6:	68ac      	ldr	r4, [r5, #8]
1a0021b8:	e7df      	b.n	1a00217a <_fflush_r+0x22>
1a0021ba:	4b04      	ldr	r3, [pc, #16]	; (1a0021cc <_fflush_r+0x74>)
1a0021bc:	429c      	cmp	r4, r3
1a0021be:	bf08      	it	eq
1a0021c0:	68ec      	ldreq	r4, [r5, #12]
1a0021c2:	e7da      	b.n	1a00217a <_fflush_r+0x22>
1a0021c4:	1a00371c 	.word	0x1a00371c
1a0021c8:	1a00373c 	.word	0x1a00373c
1a0021cc:	1a0036fc 	.word	0x1a0036fc

1a0021d0 <std>:
1a0021d0:	2300      	movs	r3, #0
1a0021d2:	b510      	push	{r4, lr}
1a0021d4:	4604      	mov	r4, r0
1a0021d6:	e9c0 3300 	strd	r3, r3, [r0]
1a0021da:	6083      	str	r3, [r0, #8]
1a0021dc:	8181      	strh	r1, [r0, #12]
1a0021de:	6643      	str	r3, [r0, #100]	; 0x64
1a0021e0:	81c2      	strh	r2, [r0, #14]
1a0021e2:	e9c0 3304 	strd	r3, r3, [r0, #16]
1a0021e6:	6183      	str	r3, [r0, #24]
1a0021e8:	4619      	mov	r1, r3
1a0021ea:	2208      	movs	r2, #8
1a0021ec:	305c      	adds	r0, #92	; 0x5c
1a0021ee:	f000 f918 	bl	1a002422 <memset>
1a0021f2:	4b05      	ldr	r3, [pc, #20]	; (1a002208 <std+0x38>)
1a0021f4:	6263      	str	r3, [r4, #36]	; 0x24
1a0021f6:	4b05      	ldr	r3, [pc, #20]	; (1a00220c <std+0x3c>)
1a0021f8:	62a3      	str	r3, [r4, #40]	; 0x28
1a0021fa:	4b05      	ldr	r3, [pc, #20]	; (1a002210 <std+0x40>)
1a0021fc:	62e3      	str	r3, [r4, #44]	; 0x2c
1a0021fe:	4b05      	ldr	r3, [pc, #20]	; (1a002214 <std+0x44>)
1a002200:	6224      	str	r4, [r4, #32]
1a002202:	6323      	str	r3, [r4, #48]	; 0x30
1a002204:	bd10      	pop	{r4, pc}
1a002206:	bf00      	nop
1a002208:	1a002c99 	.word	0x1a002c99
1a00220c:	1a002cbb 	.word	0x1a002cbb
1a002210:	1a002cf3 	.word	0x1a002cf3
1a002214:	1a002d17 	.word	0x1a002d17

1a002218 <_cleanup_r>:
1a002218:	4901      	ldr	r1, [pc, #4]	; (1a002220 <_cleanup_r+0x8>)
1a00221a:	f000 b8af 	b.w	1a00237c <_fwalk_reent>
1a00221e:	bf00      	nop
1a002220:	1a002159 	.word	0x1a002159

1a002224 <__sfmoreglue>:
1a002224:	b570      	push	{r4, r5, r6, lr}
1a002226:	1e4a      	subs	r2, r1, #1
1a002228:	2568      	movs	r5, #104	; 0x68
1a00222a:	4355      	muls	r5, r2
1a00222c:	460e      	mov	r6, r1
1a00222e:	f105 0174 	add.w	r1, r5, #116	; 0x74
1a002232:	f000 f94d 	bl	1a0024d0 <_malloc_r>
1a002236:	4604      	mov	r4, r0
1a002238:	b140      	cbz	r0, 1a00224c <__sfmoreglue+0x28>
1a00223a:	2100      	movs	r1, #0
1a00223c:	e9c0 1600 	strd	r1, r6, [r0]
1a002240:	300c      	adds	r0, #12
1a002242:	60a0      	str	r0, [r4, #8]
1a002244:	f105 0268 	add.w	r2, r5, #104	; 0x68
1a002248:	f000 f8eb 	bl	1a002422 <memset>
1a00224c:	4620      	mov	r0, r4
1a00224e:	bd70      	pop	{r4, r5, r6, pc}

1a002250 <__sfp_lock_acquire>:
1a002250:	4801      	ldr	r0, [pc, #4]	; (1a002258 <__sfp_lock_acquire+0x8>)
1a002252:	f000 b8d6 	b.w	1a002402 <__retarget_lock_acquire_recursive>
1a002256:	bf00      	nop
1a002258:	10000244 	.word	0x10000244

1a00225c <__sfp_lock_release>:
1a00225c:	4801      	ldr	r0, [pc, #4]	; (1a002264 <__sfp_lock_release+0x8>)
1a00225e:	f000 b8d1 	b.w	1a002404 <__retarget_lock_release_recursive>
1a002262:	bf00      	nop
1a002264:	10000244 	.word	0x10000244

1a002268 <__sinit_lock_acquire>:
1a002268:	4801      	ldr	r0, [pc, #4]	; (1a002270 <__sinit_lock_acquire+0x8>)
1a00226a:	f000 b8ca 	b.w	1a002402 <__retarget_lock_acquire_recursive>
1a00226e:	bf00      	nop
1a002270:	1000023f 	.word	0x1000023f

1a002274 <__sinit_lock_release>:
1a002274:	4801      	ldr	r0, [pc, #4]	; (1a00227c <__sinit_lock_release+0x8>)
1a002276:	f000 b8c5 	b.w	1a002404 <__retarget_lock_release_recursive>
1a00227a:	bf00      	nop
1a00227c:	1000023f 	.word	0x1000023f

1a002280 <__sinit>:
1a002280:	b510      	push	{r4, lr}
1a002282:	4604      	mov	r4, r0
1a002284:	f7ff fff0 	bl	1a002268 <__sinit_lock_acquire>
1a002288:	69a3      	ldr	r3, [r4, #24]
1a00228a:	b11b      	cbz	r3, 1a002294 <__sinit+0x14>
1a00228c:	e8bd 4010 	ldmia.w	sp!, {r4, lr}
1a002290:	f7ff bff0 	b.w	1a002274 <__sinit_lock_release>
1a002294:	e9c4 3312 	strd	r3, r3, [r4, #72]	; 0x48
1a002298:	6523      	str	r3, [r4, #80]	; 0x50
1a00229a:	4b13      	ldr	r3, [pc, #76]	; (1a0022e8 <__sinit+0x68>)
1a00229c:	4a13      	ldr	r2, [pc, #76]	; (1a0022ec <__sinit+0x6c>)
1a00229e:	681b      	ldr	r3, [r3, #0]
1a0022a0:	62a2      	str	r2, [r4, #40]	; 0x28
1a0022a2:	42a3      	cmp	r3, r4
1a0022a4:	bf04      	itt	eq
1a0022a6:	2301      	moveq	r3, #1
1a0022a8:	61a3      	streq	r3, [r4, #24]
1a0022aa:	4620      	mov	r0, r4
1a0022ac:	f000 f820 	bl	1a0022f0 <__sfp>
1a0022b0:	6060      	str	r0, [r4, #4]
1a0022b2:	4620      	mov	r0, r4
1a0022b4:	f000 f81c 	bl	1a0022f0 <__sfp>
1a0022b8:	60a0      	str	r0, [r4, #8]
1a0022ba:	4620      	mov	r0, r4
1a0022bc:	f000 f818 	bl	1a0022f0 <__sfp>
1a0022c0:	2200      	movs	r2, #0
1a0022c2:	60e0      	str	r0, [r4, #12]
1a0022c4:	2104      	movs	r1, #4
1a0022c6:	6860      	ldr	r0, [r4, #4]
1a0022c8:	f7ff ff82 	bl	1a0021d0 <std>
1a0022cc:	2201      	movs	r2, #1
1a0022ce:	2109      	movs	r1, #9
1a0022d0:	68a0      	ldr	r0, [r4, #8]
1a0022d2:	f7ff ff7d 	bl	1a0021d0 <std>
1a0022d6:	2202      	movs	r2, #2
1a0022d8:	2112      	movs	r1, #18
1a0022da:	68e0      	ldr	r0, [r4, #12]
1a0022dc:	f7ff ff78 	bl	1a0021d0 <std>
1a0022e0:	2301      	movs	r3, #1
1a0022e2:	61a3      	str	r3, [r4, #24]
1a0022e4:	e7d2      	b.n	1a00228c <__sinit+0xc>
1a0022e6:	bf00      	nop
1a0022e8:	1a00375c 	.word	0x1a00375c
1a0022ec:	1a002219 	.word	0x1a002219

1a0022f0 <__sfp>:
1a0022f0:	b5f8      	push	{r3, r4, r5, r6, r7, lr}
1a0022f2:	4607      	mov	r7, r0
1a0022f4:	f7ff ffac 	bl	1a002250 <__sfp_lock_acquire>
1a0022f8:	4b1e      	ldr	r3, [pc, #120]	; (1a002374 <__sfp+0x84>)
1a0022fa:	681e      	ldr	r6, [r3, #0]
1a0022fc:	69b3      	ldr	r3, [r6, #24]
1a0022fe:	b913      	cbnz	r3, 1a002306 <__sfp+0x16>
1a002300:	4630      	mov	r0, r6
1a002302:	f7ff ffbd 	bl	1a002280 <__sinit>
1a002306:	3648      	adds	r6, #72	; 0x48
1a002308:	e9d6 3401 	ldrd	r3, r4, [r6, #4]
1a00230c:	3b01      	subs	r3, #1
1a00230e:	d503      	bpl.n	1a002318 <__sfp+0x28>
1a002310:	6833      	ldr	r3, [r6, #0]
1a002312:	b30b      	cbz	r3, 1a002358 <__sfp+0x68>
1a002314:	6836      	ldr	r6, [r6, #0]
1a002316:	e7f7      	b.n	1a002308 <__sfp+0x18>
1a002318:	f9b4 500c 	ldrsh.w	r5, [r4, #12]
1a00231c:	b9d5      	cbnz	r5, 1a002354 <__sfp+0x64>
1a00231e:	4b16      	ldr	r3, [pc, #88]	; (1a002378 <__sfp+0x88>)
1a002320:	60e3      	str	r3, [r4, #12]
1a002322:	f104 0058 	add.w	r0, r4, #88	; 0x58
1a002326:	6665      	str	r5, [r4, #100]	; 0x64
1a002328:	f000 f86a 	bl	1a002400 <__retarget_lock_init_recursive>
1a00232c:	f7ff ff96 	bl	1a00225c <__sfp_lock_release>
1a002330:	6025      	str	r5, [r4, #0]
1a002332:	e9c4 5501 	strd	r5, r5, [r4, #4]
1a002336:	e9c4 5504 	strd	r5, r5, [r4, #16]
1a00233a:	61a5      	str	r5, [r4, #24]
1a00233c:	2208      	movs	r2, #8
1a00233e:	4629      	mov	r1, r5
1a002340:	f104 005c 	add.w	r0, r4, #92	; 0x5c
1a002344:	f000 f86d 	bl	1a002422 <memset>
1a002348:	e9c4 550d 	strd	r5, r5, [r4, #52]	; 0x34
1a00234c:	e9c4 5512 	strd	r5, r5, [r4, #72]	; 0x48
1a002350:	4620      	mov	r0, r4
1a002352:	bdf8      	pop	{r3, r4, r5, r6, r7, pc}
1a002354:	3468      	adds	r4, #104	; 0x68
1a002356:	e7d9      	b.n	1a00230c <__sfp+0x1c>
1a002358:	2104      	movs	r1, #4
1a00235a:	4638      	mov	r0, r7
1a00235c:	f7ff ff62 	bl	1a002224 <__sfmoreglue>
1a002360:	4604      	mov	r4, r0
1a002362:	6030      	str	r0, [r6, #0]
1a002364:	2800      	cmp	r0, #0
1a002366:	d1d5      	bne.n	1a002314 <__sfp+0x24>
1a002368:	f7ff ff78 	bl	1a00225c <__sfp_lock_release>
1a00236c:	230c      	movs	r3, #12
1a00236e:	603b      	str	r3, [r7, #0]
1a002370:	e7ee      	b.n	1a002350 <__sfp+0x60>
1a002372:	bf00      	nop
1a002374:	1a00375c 	.word	0x1a00375c
1a002378:	ffff0001 	.word	0xffff0001

1a00237c <_fwalk_reent>:
1a00237c:	e92d 43f8 	stmdb	sp!, {r3, r4, r5, r6, r7, r8, r9, lr}
1a002380:	4680      	mov	r8, r0
1a002382:	4689      	mov	r9, r1
1a002384:	f100 0448 	add.w	r4, r0, #72	; 0x48
1a002388:	2600      	movs	r6, #0
1a00238a:	b914      	cbnz	r4, 1a002392 <_fwalk_reent+0x16>
1a00238c:	4630      	mov	r0, r6
1a00238e:	e8bd 83f8 	ldmia.w	sp!, {r3, r4, r5, r6, r7, r8, r9, pc}
1a002392:	e9d4 7501 	ldrd	r7, r5, [r4, #4]
1a002396:	3f01      	subs	r7, #1
1a002398:	d501      	bpl.n	1a00239e <_fwalk_reent+0x22>
1a00239a:	6824      	ldr	r4, [r4, #0]
1a00239c:	e7f5      	b.n	1a00238a <_fwalk_reent+0xe>
1a00239e:	89ab      	ldrh	r3, [r5, #12]
1a0023a0:	2b01      	cmp	r3, #1
1a0023a2:	d907      	bls.n	1a0023b4 <_fwalk_reent+0x38>
1a0023a4:	f9b5 300e 	ldrsh.w	r3, [r5, #14]
1a0023a8:	3301      	adds	r3, #1
1a0023aa:	d003      	beq.n	1a0023b4 <_fwalk_reent+0x38>
1a0023ac:	4629      	mov	r1, r5
1a0023ae:	4640      	mov	r0, r8
1a0023b0:	47c8      	blx	r9
1a0023b2:	4306      	orrs	r6, r0
1a0023b4:	3568      	adds	r5, #104	; 0x68
1a0023b6:	e7ee      	b.n	1a002396 <_fwalk_reent+0x1a>

1a0023b8 <__libc_init_array>:
1a0023b8:	b570      	push	{r4, r5, r6, lr}
1a0023ba:	4d0d      	ldr	r5, [pc, #52]	; (1a0023f0 <__libc_init_array+0x38>)
1a0023bc:	4c0d      	ldr	r4, [pc, #52]	; (1a0023f4 <__libc_init_array+0x3c>)
1a0023be:	1b64      	subs	r4, r4, r5
1a0023c0:	10a4      	asrs	r4, r4, #2
1a0023c2:	2600      	movs	r6, #0
1a0023c4:	42a6      	cmp	r6, r4
1a0023c6:	d109      	bne.n	1a0023dc <__libc_init_array+0x24>
1a0023c8:	4d0b      	ldr	r5, [pc, #44]	; (1a0023f8 <__libc_init_array+0x40>)
1a0023ca:	4c0c      	ldr	r4, [pc, #48]	; (1a0023fc <__libc_init_array+0x44>)
1a0023cc:	f7fe f89f 	bl	1a00050e <_init>
1a0023d0:	1b64      	subs	r4, r4, r5
1a0023d2:	10a4      	asrs	r4, r4, #2
1a0023d4:	2600      	movs	r6, #0
1a0023d6:	42a6      	cmp	r6, r4
1a0023d8:	d105      	bne.n	1a0023e6 <__libc_init_array+0x2e>
1a0023da:	bd70      	pop	{r4, r5, r6, pc}
1a0023dc:	f855 3b04 	ldr.w	r3, [r5], #4
1a0023e0:	4798      	blx	r3
1a0023e2:	3601      	adds	r6, #1
1a0023e4:	e7ee      	b.n	1a0023c4 <__libc_init_array+0xc>
1a0023e6:	f855 3b04 	ldr.w	r3, [r5], #4
1a0023ea:	4798      	blx	r3
1a0023ec:	3601      	adds	r6, #1
1a0023ee:	e7f2      	b.n	1a0023d6 <__libc_init_array+0x1e>
1a0023f0:	1a003794 	.word	0x1a003794
1a0023f4:	1a003794 	.word	0x1a003794
1a0023f8:	1a003794 	.word	0x1a003794
1a0023fc:	1a003798 	.word	0x1a003798

1a002400 <__retarget_lock_init_recursive>:
1a002400:	4770      	bx	lr

1a002402 <__retarget_lock_acquire_recursive>:
1a002402:	4770      	bx	lr

1a002404 <__retarget_lock_release_recursive>:
1a002404:	4770      	bx	lr

1a002406 <memcpy>:
1a002406:	440a      	add	r2, r1
1a002408:	4291      	cmp	r1, r2
1a00240a:	f100 33ff 	add.w	r3, r0, #4294967295
1a00240e:	d100      	bne.n	1a002412 <memcpy+0xc>
1a002410:	4770      	bx	lr
1a002412:	b510      	push	{r4, lr}
1a002414:	f811 4b01 	ldrb.w	r4, [r1], #1
1a002418:	f803 4f01 	strb.w	r4, [r3, #1]!
1a00241c:	4291      	cmp	r1, r2
1a00241e:	d1f9      	bne.n	1a002414 <memcpy+0xe>
1a002420:	bd10      	pop	{r4, pc}

1a002422 <memset>:
1a002422:	4402      	add	r2, r0
1a002424:	4603      	mov	r3, r0
1a002426:	4293      	cmp	r3, r2
1a002428:	d100      	bne.n	1a00242c <memset+0xa>
1a00242a:	4770      	bx	lr
1a00242c:	f803 1b01 	strb.w	r1, [r3], #1
1a002430:	e7f9      	b.n	1a002426 <memset+0x4>
1a002432:	Address 0x1a002432 is out of bounds.


1a002434 <_free_r>:
1a002434:	b538      	push	{r3, r4, r5, lr}
1a002436:	4605      	mov	r5, r0
1a002438:	2900      	cmp	r1, #0
1a00243a:	d045      	beq.n	1a0024c8 <_free_r+0x94>
1a00243c:	f851 3c04 	ldr.w	r3, [r1, #-4]
1a002440:	1f0c      	subs	r4, r1, #4
1a002442:	2b00      	cmp	r3, #0
1a002444:	bfb8      	it	lt
1a002446:	18e4      	addlt	r4, r4, r3
1a002448:	f000 fdfc 	bl	1a003044 <__malloc_lock>
1a00244c:	4a1f      	ldr	r2, [pc, #124]	; (1a0024cc <_free_r+0x98>)
1a00244e:	6813      	ldr	r3, [r2, #0]
1a002450:	4610      	mov	r0, r2
1a002452:	b933      	cbnz	r3, 1a002462 <_free_r+0x2e>
1a002454:	6063      	str	r3, [r4, #4]
1a002456:	6014      	str	r4, [r2, #0]
1a002458:	4628      	mov	r0, r5
1a00245a:	e8bd 4038 	ldmia.w	sp!, {r3, r4, r5, lr}
1a00245e:	f000 bdf7 	b.w	1a003050 <__malloc_unlock>
1a002462:	42a3      	cmp	r3, r4
1a002464:	d90c      	bls.n	1a002480 <_free_r+0x4c>
1a002466:	6821      	ldr	r1, [r4, #0]
1a002468:	1862      	adds	r2, r4, r1
1a00246a:	4293      	cmp	r3, r2
1a00246c:	bf04      	itt	eq
1a00246e:	681a      	ldreq	r2, [r3, #0]
1a002470:	685b      	ldreq	r3, [r3, #4]
1a002472:	6063      	str	r3, [r4, #4]
1a002474:	bf04      	itt	eq
1a002476:	1852      	addeq	r2, r2, r1
1a002478:	6022      	streq	r2, [r4, #0]
1a00247a:	6004      	str	r4, [r0, #0]
1a00247c:	e7ec      	b.n	1a002458 <_free_r+0x24>
1a00247e:	4613      	mov	r3, r2
1a002480:	685a      	ldr	r2, [r3, #4]
1a002482:	b10a      	cbz	r2, 1a002488 <_free_r+0x54>
1a002484:	42a2      	cmp	r2, r4
1a002486:	d9fa      	bls.n	1a00247e <_free_r+0x4a>
1a002488:	6819      	ldr	r1, [r3, #0]
1a00248a:	1858      	adds	r0, r3, r1
1a00248c:	42a0      	cmp	r0, r4
1a00248e:	d10b      	bne.n	1a0024a8 <_free_r+0x74>
1a002490:	6820      	ldr	r0, [r4, #0]
1a002492:	4401      	add	r1, r0
1a002494:	1858      	adds	r0, r3, r1
1a002496:	4282      	cmp	r2, r0
1a002498:	6019      	str	r1, [r3, #0]
1a00249a:	d1dd      	bne.n	1a002458 <_free_r+0x24>
1a00249c:	6810      	ldr	r0, [r2, #0]
1a00249e:	6852      	ldr	r2, [r2, #4]
1a0024a0:	605a      	str	r2, [r3, #4]
1a0024a2:	4401      	add	r1, r0
1a0024a4:	6019      	str	r1, [r3, #0]
1a0024a6:	e7d7      	b.n	1a002458 <_free_r+0x24>
1a0024a8:	d902      	bls.n	1a0024b0 <_free_r+0x7c>
1a0024aa:	230c      	movs	r3, #12
1a0024ac:	602b      	str	r3, [r5, #0]
1a0024ae:	e7d3      	b.n	1a002458 <_free_r+0x24>
1a0024b0:	6820      	ldr	r0, [r4, #0]
1a0024b2:	1821      	adds	r1, r4, r0
1a0024b4:	428a      	cmp	r2, r1
1a0024b6:	bf04      	itt	eq
1a0024b8:	6811      	ldreq	r1, [r2, #0]
1a0024ba:	6852      	ldreq	r2, [r2, #4]
1a0024bc:	6062      	str	r2, [r4, #4]
1a0024be:	bf04      	itt	eq
1a0024c0:	1809      	addeq	r1, r1, r0
1a0024c2:	6021      	streq	r1, [r4, #0]
1a0024c4:	605c      	str	r4, [r3, #4]
1a0024c6:	e7c7      	b.n	1a002458 <_free_r+0x24>
1a0024c8:	bd38      	pop	{r3, r4, r5, pc}
1a0024ca:	bf00      	nop
1a0024cc:	10000224 	.word	0x10000224

1a0024d0 <_malloc_r>:
1a0024d0:	b5f8      	push	{r3, r4, r5, r6, r7, lr}
1a0024d2:	1ccd      	adds	r5, r1, #3
1a0024d4:	f025 0503 	bic.w	r5, r5, #3
1a0024d8:	3508      	adds	r5, #8
1a0024da:	2d0c      	cmp	r5, #12
1a0024dc:	bf38      	it	cc
1a0024de:	250c      	movcc	r5, #12
1a0024e0:	2d00      	cmp	r5, #0
1a0024e2:	4606      	mov	r6, r0
1a0024e4:	db01      	blt.n	1a0024ea <_malloc_r+0x1a>
1a0024e6:	42a9      	cmp	r1, r5
1a0024e8:	d903      	bls.n	1a0024f2 <_malloc_r+0x22>
1a0024ea:	230c      	movs	r3, #12
1a0024ec:	6033      	str	r3, [r6, #0]
1a0024ee:	2000      	movs	r0, #0
1a0024f0:	bdf8      	pop	{r3, r4, r5, r6, r7, pc}
1a0024f2:	f000 fda7 	bl	1a003044 <__malloc_lock>
1a0024f6:	4921      	ldr	r1, [pc, #132]	; (1a00257c <_malloc_r+0xac>)
1a0024f8:	680a      	ldr	r2, [r1, #0]
1a0024fa:	4614      	mov	r4, r2
1a0024fc:	b99c      	cbnz	r4, 1a002526 <_malloc_r+0x56>
1a0024fe:	4f20      	ldr	r7, [pc, #128]	; (1a002580 <_malloc_r+0xb0>)
1a002500:	683b      	ldr	r3, [r7, #0]
1a002502:	b923      	cbnz	r3, 1a00250e <_malloc_r+0x3e>
1a002504:	4621      	mov	r1, r4
1a002506:	4630      	mov	r0, r6
1a002508:	f7fe f856 	bl	1a0005b8 <_sbrk_r>
1a00250c:	6038      	str	r0, [r7, #0]
1a00250e:	4629      	mov	r1, r5
1a002510:	4630      	mov	r0, r6
1a002512:	f7fe f851 	bl	1a0005b8 <_sbrk_r>
1a002516:	1c43      	adds	r3, r0, #1
1a002518:	d123      	bne.n	1a002562 <_malloc_r+0x92>
1a00251a:	230c      	movs	r3, #12
1a00251c:	6033      	str	r3, [r6, #0]
1a00251e:	4630      	mov	r0, r6
1a002520:	f000 fd96 	bl	1a003050 <__malloc_unlock>
1a002524:	e7e3      	b.n	1a0024ee <_malloc_r+0x1e>
1a002526:	6823      	ldr	r3, [r4, #0]
1a002528:	1b5b      	subs	r3, r3, r5
1a00252a:	d417      	bmi.n	1a00255c <_malloc_r+0x8c>
1a00252c:	2b0b      	cmp	r3, #11
1a00252e:	d903      	bls.n	1a002538 <_malloc_r+0x68>
1a002530:	6023      	str	r3, [r4, #0]
1a002532:	441c      	add	r4, r3
1a002534:	6025      	str	r5, [r4, #0]
1a002536:	e004      	b.n	1a002542 <_malloc_r+0x72>
1a002538:	6863      	ldr	r3, [r4, #4]
1a00253a:	42a2      	cmp	r2, r4
1a00253c:	bf0c      	ite	eq
1a00253e:	600b      	streq	r3, [r1, #0]
1a002540:	6053      	strne	r3, [r2, #4]
1a002542:	4630      	mov	r0, r6
1a002544:	f000 fd84 	bl	1a003050 <__malloc_unlock>
1a002548:	f104 000b 	add.w	r0, r4, #11
1a00254c:	1d23      	adds	r3, r4, #4
1a00254e:	f020 0007 	bic.w	r0, r0, #7
1a002552:	1ac2      	subs	r2, r0, r3
1a002554:	d0cc      	beq.n	1a0024f0 <_malloc_r+0x20>
1a002556:	1a1b      	subs	r3, r3, r0
1a002558:	50a3      	str	r3, [r4, r2]
1a00255a:	e7c9      	b.n	1a0024f0 <_malloc_r+0x20>
1a00255c:	4622      	mov	r2, r4
1a00255e:	6864      	ldr	r4, [r4, #4]
1a002560:	e7cc      	b.n	1a0024fc <_malloc_r+0x2c>
1a002562:	1cc4      	adds	r4, r0, #3
1a002564:	f024 0403 	bic.w	r4, r4, #3
1a002568:	42a0      	cmp	r0, r4
1a00256a:	d0e3      	beq.n	1a002534 <_malloc_r+0x64>
1a00256c:	1a21      	subs	r1, r4, r0
1a00256e:	4630      	mov	r0, r6
1a002570:	f7fe f822 	bl	1a0005b8 <_sbrk_r>
1a002574:	3001      	adds	r0, #1
1a002576:	d1dd      	bne.n	1a002534 <_malloc_r+0x64>
1a002578:	e7cf      	b.n	1a00251a <_malloc_r+0x4a>
1a00257a:	bf00      	nop
1a00257c:	10000224 	.word	0x10000224
1a002580:	10000228 	.word	0x10000228

1a002584 <__sfputc_r>:
1a002584:	6893      	ldr	r3, [r2, #8]
1a002586:	3b01      	subs	r3, #1
1a002588:	2b00      	cmp	r3, #0
1a00258a:	b410      	push	{r4}
1a00258c:	6093      	str	r3, [r2, #8]
1a00258e:	da08      	bge.n	1a0025a2 <__sfputc_r+0x1e>
1a002590:	6994      	ldr	r4, [r2, #24]
1a002592:	42a3      	cmp	r3, r4
1a002594:	db01      	blt.n	1a00259a <__sfputc_r+0x16>
1a002596:	290a      	cmp	r1, #10
1a002598:	d103      	bne.n	1a0025a2 <__sfputc_r+0x1e>
1a00259a:	f85d 4b04 	ldr.w	r4, [sp], #4
1a00259e:	f000 bbbf 	b.w	1a002d20 <__swbuf_r>
1a0025a2:	6813      	ldr	r3, [r2, #0]
1a0025a4:	1c58      	adds	r0, r3, #1
1a0025a6:	6010      	str	r0, [r2, #0]
1a0025a8:	7019      	strb	r1, [r3, #0]
1a0025aa:	4608      	mov	r0, r1
1a0025ac:	f85d 4b04 	ldr.w	r4, [sp], #4
1a0025b0:	4770      	bx	lr

1a0025b2 <__sfputs_r>:
1a0025b2:	b5f8      	push	{r3, r4, r5, r6, r7, lr}
1a0025b4:	4606      	mov	r6, r0
1a0025b6:	460f      	mov	r7, r1
1a0025b8:	4614      	mov	r4, r2
1a0025ba:	18d5      	adds	r5, r2, r3
1a0025bc:	42ac      	cmp	r4, r5
1a0025be:	d101      	bne.n	1a0025c4 <__sfputs_r+0x12>
1a0025c0:	2000      	movs	r0, #0
1a0025c2:	e007      	b.n	1a0025d4 <__sfputs_r+0x22>
1a0025c4:	463a      	mov	r2, r7
1a0025c6:	f814 1b01 	ldrb.w	r1, [r4], #1
1a0025ca:	4630      	mov	r0, r6
1a0025cc:	f7ff ffda 	bl	1a002584 <__sfputc_r>
1a0025d0:	1c43      	adds	r3, r0, #1
1a0025d2:	d1f3      	bne.n	1a0025bc <__sfputs_r+0xa>
1a0025d4:	bdf8      	pop	{r3, r4, r5, r6, r7, pc}
1a0025d6:	Address 0x1a0025d6 is out of bounds.


1a0025d8 <_vfiprintf_r>:
1a0025d8:	e92d 4ff0 	stmdb	sp!, {r4, r5, r6, r7, r8, r9, sl, fp, lr}
1a0025dc:	460d      	mov	r5, r1
1a0025de:	b09d      	sub	sp, #116	; 0x74
1a0025e0:	4614      	mov	r4, r2
1a0025e2:	461e      	mov	r6, r3
1a0025e4:	4607      	mov	r7, r0
1a0025e6:	b118      	cbz	r0, 1a0025f0 <_vfiprintf_r+0x18>
1a0025e8:	6983      	ldr	r3, [r0, #24]
1a0025ea:	b90b      	cbnz	r3, 1a0025f0 <_vfiprintf_r+0x18>
1a0025ec:	f7ff fe48 	bl	1a002280 <__sinit>
1a0025f0:	4b85      	ldr	r3, [pc, #532]	; (1a002808 <_vfiprintf_r+0x230>)
1a0025f2:	429d      	cmp	r5, r3
1a0025f4:	d11b      	bne.n	1a00262e <_vfiprintf_r+0x56>
1a0025f6:	687d      	ldr	r5, [r7, #4]
1a0025f8:	6e6b      	ldr	r3, [r5, #100]	; 0x64
1a0025fa:	07d9      	lsls	r1, r3, #31
1a0025fc:	d405      	bmi.n	1a00260a <_vfiprintf_r+0x32>
1a0025fe:	89ab      	ldrh	r3, [r5, #12]
1a002600:	059a      	lsls	r2, r3, #22
1a002602:	d402      	bmi.n	1a00260a <_vfiprintf_r+0x32>
1a002604:	6da8      	ldr	r0, [r5, #88]	; 0x58
1a002606:	f7ff fefc 	bl	1a002402 <__retarget_lock_acquire_recursive>
1a00260a:	89ab      	ldrh	r3, [r5, #12]
1a00260c:	071b      	lsls	r3, r3, #28
1a00260e:	d501      	bpl.n	1a002614 <_vfiprintf_r+0x3c>
1a002610:	692b      	ldr	r3, [r5, #16]
1a002612:	b9eb      	cbnz	r3, 1a002650 <_vfiprintf_r+0x78>
1a002614:	4629      	mov	r1, r5
1a002616:	4638      	mov	r0, r7
1a002618:	f000 fbd4 	bl	1a002dc4 <__swsetup_r>
1a00261c:	b1c0      	cbz	r0, 1a002650 <_vfiprintf_r+0x78>
1a00261e:	6e6b      	ldr	r3, [r5, #100]	; 0x64
1a002620:	07d8      	lsls	r0, r3, #31
1a002622:	d50e      	bpl.n	1a002642 <_vfiprintf_r+0x6a>
1a002624:	f04f 30ff 	mov.w	r0, #4294967295
1a002628:	b01d      	add	sp, #116	; 0x74
1a00262a:	e8bd 8ff0 	ldmia.w	sp!, {r4, r5, r6, r7, r8, r9, sl, fp, pc}
1a00262e:	4b77      	ldr	r3, [pc, #476]	; (1a00280c <_vfiprintf_r+0x234>)
1a002630:	429d      	cmp	r5, r3
1a002632:	d101      	bne.n	1a002638 <_vfiprintf_r+0x60>
1a002634:	68bd      	ldr	r5, [r7, #8]
1a002636:	e7df      	b.n	1a0025f8 <_vfiprintf_r+0x20>
1a002638:	4b75      	ldr	r3, [pc, #468]	; (1a002810 <_vfiprintf_r+0x238>)
1a00263a:	429d      	cmp	r5, r3
1a00263c:	bf08      	it	eq
1a00263e:	68fd      	ldreq	r5, [r7, #12]
1a002640:	e7da      	b.n	1a0025f8 <_vfiprintf_r+0x20>
1a002642:	89ab      	ldrh	r3, [r5, #12]
1a002644:	0599      	lsls	r1, r3, #22
1a002646:	d4ed      	bmi.n	1a002624 <_vfiprintf_r+0x4c>
1a002648:	6da8      	ldr	r0, [r5, #88]	; 0x58
1a00264a:	f7ff fedb 	bl	1a002404 <__retarget_lock_release_recursive>
1a00264e:	e7e9      	b.n	1a002624 <_vfiprintf_r+0x4c>
1a002650:	2300      	movs	r3, #0
1a002652:	9309      	str	r3, [sp, #36]	; 0x24
1a002654:	2320      	movs	r3, #32
1a002656:	f88d 3029 	strb.w	r3, [sp, #41]	; 0x29
1a00265a:	f8df 91b8 	ldr.w	r9, [pc, #440]	; 1a002814 <_vfiprintf_r+0x23c>
1a00265e:	9603      	str	r6, [sp, #12]
1a002660:	2330      	movs	r3, #48	; 0x30
1a002662:	f88d 302a 	strb.w	r3, [sp, #42]	; 0x2a
1a002666:	f04f 0a01 	mov.w	sl, #1
1a00266a:	4623      	mov	r3, r4
1a00266c:	461e      	mov	r6, r3
1a00266e:	f813 2b01 	ldrb.w	r2, [r3], #1
1a002672:	b10a      	cbz	r2, 1a002678 <_vfiprintf_r+0xa0>
1a002674:	2a25      	cmp	r2, #37	; 0x25
1a002676:	d1f9      	bne.n	1a00266c <_vfiprintf_r+0x94>
1a002678:	ebb6 0b04 	subs.w	fp, r6, r4
1a00267c:	d00b      	beq.n	1a002696 <_vfiprintf_r+0xbe>
1a00267e:	465b      	mov	r3, fp
1a002680:	4622      	mov	r2, r4
1a002682:	4629      	mov	r1, r5
1a002684:	4638      	mov	r0, r7
1a002686:	f7ff ff94 	bl	1a0025b2 <__sfputs_r>
1a00268a:	3001      	adds	r0, #1
1a00268c:	f000 80a3 	beq.w	1a0027d6 <_vfiprintf_r+0x1fe>
1a002690:	9b09      	ldr	r3, [sp, #36]	; 0x24
1a002692:	445b      	add	r3, fp
1a002694:	9309      	str	r3, [sp, #36]	; 0x24
1a002696:	7833      	ldrb	r3, [r6, #0]
1a002698:	2b00      	cmp	r3, #0
1a00269a:	f000 809c 	beq.w	1a0027d6 <_vfiprintf_r+0x1fe>
1a00269e:	2300      	movs	r3, #0
1a0026a0:	f04f 32ff 	mov.w	r2, #4294967295
1a0026a4:	e9cd 2305 	strd	r2, r3, [sp, #20]
1a0026a8:	3601      	adds	r6, #1
1a0026aa:	9304      	str	r3, [sp, #16]
1a0026ac:	9307      	str	r3, [sp, #28]
1a0026ae:	f88d 3053 	strb.w	r3, [sp, #83]	; 0x53
1a0026b2:	931a      	str	r3, [sp, #104]	; 0x68
1a0026b4:	4634      	mov	r4, r6
1a0026b6:	2205      	movs	r2, #5
1a0026b8:	f814 1b01 	ldrb.w	r1, [r4], #1
1a0026bc:	4855      	ldr	r0, [pc, #340]	; (1a002814 <_vfiprintf_r+0x23c>)
1a0026be:	f000 fc57 	bl	1a002f70 <memchr>
1a0026c2:	9b04      	ldr	r3, [sp, #16]
1a0026c4:	b9c0      	cbnz	r0, 1a0026f8 <_vfiprintf_r+0x120>
1a0026c6:	06da      	lsls	r2, r3, #27
1a0026c8:	bf44      	itt	mi
1a0026ca:	2220      	movmi	r2, #32
1a0026cc:	f88d 2053 	strbmi.w	r2, [sp, #83]	; 0x53
1a0026d0:	0718      	lsls	r0, r3, #28
1a0026d2:	bf44      	itt	mi
1a0026d4:	222b      	movmi	r2, #43	; 0x2b
1a0026d6:	f88d 2053 	strbmi.w	r2, [sp, #83]	; 0x53
1a0026da:	7832      	ldrb	r2, [r6, #0]
1a0026dc:	2a2a      	cmp	r2, #42	; 0x2a
1a0026de:	d013      	beq.n	1a002708 <_vfiprintf_r+0x130>
1a0026e0:	9a07      	ldr	r2, [sp, #28]
1a0026e2:	4634      	mov	r4, r6
1a0026e4:	2000      	movs	r0, #0
1a0026e6:	260a      	movs	r6, #10
1a0026e8:	4621      	mov	r1, r4
1a0026ea:	f811 3b01 	ldrb.w	r3, [r1], #1
1a0026ee:	3b30      	subs	r3, #48	; 0x30
1a0026f0:	2b09      	cmp	r3, #9
1a0026f2:	d94b      	bls.n	1a00278c <_vfiprintf_r+0x1b4>
1a0026f4:	b970      	cbnz	r0, 1a002714 <_vfiprintf_r+0x13c>
1a0026f6:	e014      	b.n	1a002722 <_vfiprintf_r+0x14a>
1a0026f8:	eba0 0009 	sub.w	r0, r0, r9
1a0026fc:	fa0a f000 	lsl.w	r0, sl, r0
1a002700:	4318      	orrs	r0, r3
1a002702:	9004      	str	r0, [sp, #16]
1a002704:	4626      	mov	r6, r4
1a002706:	e7d5      	b.n	1a0026b4 <_vfiprintf_r+0xdc>
1a002708:	9a03      	ldr	r2, [sp, #12]
1a00270a:	1d11      	adds	r1, r2, #4
1a00270c:	6812      	ldr	r2, [r2, #0]
1a00270e:	9103      	str	r1, [sp, #12]
1a002710:	2a00      	cmp	r2, #0
1a002712:	db01      	blt.n	1a002718 <_vfiprintf_r+0x140>
1a002714:	9207      	str	r2, [sp, #28]
1a002716:	e004      	b.n	1a002722 <_vfiprintf_r+0x14a>
1a002718:	4252      	negs	r2, r2
1a00271a:	f043 0302 	orr.w	r3, r3, #2
1a00271e:	9207      	str	r2, [sp, #28]
1a002720:	9304      	str	r3, [sp, #16]
1a002722:	7823      	ldrb	r3, [r4, #0]
1a002724:	2b2e      	cmp	r3, #46	; 0x2e
1a002726:	d10c      	bne.n	1a002742 <_vfiprintf_r+0x16a>
1a002728:	7863      	ldrb	r3, [r4, #1]
1a00272a:	2b2a      	cmp	r3, #42	; 0x2a
1a00272c:	d133      	bne.n	1a002796 <_vfiprintf_r+0x1be>
1a00272e:	9b03      	ldr	r3, [sp, #12]
1a002730:	1d1a      	adds	r2, r3, #4
1a002732:	681b      	ldr	r3, [r3, #0]
1a002734:	9203      	str	r2, [sp, #12]
1a002736:	2b00      	cmp	r3, #0
1a002738:	bfb8      	it	lt
1a00273a:	f04f 33ff 	movlt.w	r3, #4294967295
1a00273e:	3402      	adds	r4, #2
1a002740:	9305      	str	r3, [sp, #20]
1a002742:	4e35      	ldr	r6, [pc, #212]	; (1a002818 <_vfiprintf_r+0x240>)
1a002744:	7821      	ldrb	r1, [r4, #0]
1a002746:	2203      	movs	r2, #3
1a002748:	4630      	mov	r0, r6
1a00274a:	f000 fc11 	bl	1a002f70 <memchr>
1a00274e:	b138      	cbz	r0, 1a002760 <_vfiprintf_r+0x188>
1a002750:	2340      	movs	r3, #64	; 0x40
1a002752:	1b80      	subs	r0, r0, r6
1a002754:	fa03 f000 	lsl.w	r0, r3, r0
1a002758:	9b04      	ldr	r3, [sp, #16]
1a00275a:	4303      	orrs	r3, r0
1a00275c:	3401      	adds	r4, #1
1a00275e:	9304      	str	r3, [sp, #16]
1a002760:	f814 1b01 	ldrb.w	r1, [r4], #1
1a002764:	482d      	ldr	r0, [pc, #180]	; (1a00281c <_vfiprintf_r+0x244>)
1a002766:	f88d 1028 	strb.w	r1, [sp, #40]	; 0x28
1a00276a:	2206      	movs	r2, #6
1a00276c:	f000 fc00 	bl	1a002f70 <memchr>
1a002770:	2800      	cmp	r0, #0
1a002772:	d03f      	beq.n	1a0027f4 <_vfiprintf_r+0x21c>
1a002774:	4b2a      	ldr	r3, [pc, #168]	; (1a002820 <_vfiprintf_r+0x248>)
1a002776:	bb13      	cbnz	r3, 1a0027be <_vfiprintf_r+0x1e6>
1a002778:	9b03      	ldr	r3, [sp, #12]
1a00277a:	3307      	adds	r3, #7
1a00277c:	f023 0307 	bic.w	r3, r3, #7
1a002780:	3308      	adds	r3, #8
1a002782:	9303      	str	r3, [sp, #12]
1a002784:	9b09      	ldr	r3, [sp, #36]	; 0x24
1a002786:	4443      	add	r3, r8
1a002788:	9309      	str	r3, [sp, #36]	; 0x24
1a00278a:	e76e      	b.n	1a00266a <_vfiprintf_r+0x92>
1a00278c:	fb06 3202 	mla	r2, r6, r2, r3
1a002790:	2001      	movs	r0, #1
1a002792:	460c      	mov	r4, r1
1a002794:	e7a8      	b.n	1a0026e8 <_vfiprintf_r+0x110>
1a002796:	2300      	movs	r3, #0
1a002798:	3401      	adds	r4, #1
1a00279a:	9305      	str	r3, [sp, #20]
1a00279c:	4619      	mov	r1, r3
1a00279e:	260a      	movs	r6, #10
1a0027a0:	4620      	mov	r0, r4
1a0027a2:	f810 2b01 	ldrb.w	r2, [r0], #1
1a0027a6:	3a30      	subs	r2, #48	; 0x30
1a0027a8:	2a09      	cmp	r2, #9
1a0027aa:	d903      	bls.n	1a0027b4 <_vfiprintf_r+0x1dc>
1a0027ac:	2b00      	cmp	r3, #0
1a0027ae:	d0c8      	beq.n	1a002742 <_vfiprintf_r+0x16a>
1a0027b0:	9105      	str	r1, [sp, #20]
1a0027b2:	e7c6      	b.n	1a002742 <_vfiprintf_r+0x16a>
1a0027b4:	fb06 2101 	mla	r1, r6, r1, r2
1a0027b8:	2301      	movs	r3, #1
1a0027ba:	4604      	mov	r4, r0
1a0027bc:	e7f0      	b.n	1a0027a0 <_vfiprintf_r+0x1c8>
1a0027be:	ab03      	add	r3, sp, #12
1a0027c0:	9300      	str	r3, [sp, #0]
1a0027c2:	462a      	mov	r2, r5
1a0027c4:	4b17      	ldr	r3, [pc, #92]	; (1a002824 <_vfiprintf_r+0x24c>)
1a0027c6:	a904      	add	r1, sp, #16
1a0027c8:	4638      	mov	r0, r7
1a0027ca:	f3af 8000 	nop.w
1a0027ce:	f1b0 3fff 	cmp.w	r0, #4294967295
1a0027d2:	4680      	mov	r8, r0
1a0027d4:	d1d6      	bne.n	1a002784 <_vfiprintf_r+0x1ac>
1a0027d6:	6e6b      	ldr	r3, [r5, #100]	; 0x64
1a0027d8:	07d9      	lsls	r1, r3, #31
1a0027da:	d405      	bmi.n	1a0027e8 <_vfiprintf_r+0x210>
1a0027dc:	89ab      	ldrh	r3, [r5, #12]
1a0027de:	059a      	lsls	r2, r3, #22
1a0027e0:	d402      	bmi.n	1a0027e8 <_vfiprintf_r+0x210>
1a0027e2:	6da8      	ldr	r0, [r5, #88]	; 0x58
1a0027e4:	f7ff fe0e 	bl	1a002404 <__retarget_lock_release_recursive>
1a0027e8:	89ab      	ldrh	r3, [r5, #12]
1a0027ea:	065b      	lsls	r3, r3, #25
1a0027ec:	f53f af1a 	bmi.w	1a002624 <_vfiprintf_r+0x4c>
1a0027f0:	9809      	ldr	r0, [sp, #36]	; 0x24
1a0027f2:	e719      	b.n	1a002628 <_vfiprintf_r+0x50>
1a0027f4:	ab03      	add	r3, sp, #12
1a0027f6:	9300      	str	r3, [sp, #0]
1a0027f8:	462a      	mov	r2, r5
1a0027fa:	4b0a      	ldr	r3, [pc, #40]	; (1a002824 <_vfiprintf_r+0x24c>)
1a0027fc:	a904      	add	r1, sp, #16
1a0027fe:	4638      	mov	r0, r7
1a002800:	f000 f888 	bl	1a002914 <_printf_i>
1a002804:	e7e3      	b.n	1a0027ce <_vfiprintf_r+0x1f6>
1a002806:	bf00      	nop
1a002808:	1a00371c 	.word	0x1a00371c
1a00280c:	1a00373c 	.word	0x1a00373c
1a002810:	1a0036fc 	.word	0x1a0036fc
1a002814:	1a003760 	.word	0x1a003760
1a002818:	1a003766 	.word	0x1a003766
1a00281c:	1a00376a 	.word	0x1a00376a
1a002820:	00000000 	.word	0x00000000
1a002824:	1a0025b3 	.word	0x1a0025b3

1a002828 <_printf_common>:
1a002828:	e92d 47f0 	stmdb	sp!, {r4, r5, r6, r7, r8, r9, sl, lr}
1a00282c:	4691      	mov	r9, r2
1a00282e:	461f      	mov	r7, r3
1a002830:	688a      	ldr	r2, [r1, #8]
1a002832:	690b      	ldr	r3, [r1, #16]
1a002834:	f8dd 8020 	ldr.w	r8, [sp, #32]
1a002838:	4293      	cmp	r3, r2
1a00283a:	bfb8      	it	lt
1a00283c:	4613      	movlt	r3, r2
1a00283e:	f8c9 3000 	str.w	r3, [r9]
1a002842:	f891 2043 	ldrb.w	r2, [r1, #67]	; 0x43
1a002846:	4606      	mov	r6, r0
1a002848:	460c      	mov	r4, r1
1a00284a:	b112      	cbz	r2, 1a002852 <_printf_common+0x2a>
1a00284c:	3301      	adds	r3, #1
1a00284e:	f8c9 3000 	str.w	r3, [r9]
1a002852:	6823      	ldr	r3, [r4, #0]
1a002854:	0699      	lsls	r1, r3, #26
1a002856:	bf42      	ittt	mi
1a002858:	f8d9 3000 	ldrmi.w	r3, [r9]
1a00285c:	3302      	addmi	r3, #2
1a00285e:	f8c9 3000 	strmi.w	r3, [r9]
1a002862:	6825      	ldr	r5, [r4, #0]
1a002864:	f015 0506 	ands.w	r5, r5, #6
1a002868:	d107      	bne.n	1a00287a <_printf_common+0x52>
1a00286a:	f104 0a19 	add.w	sl, r4, #25
1a00286e:	68e3      	ldr	r3, [r4, #12]
1a002870:	f8d9 2000 	ldr.w	r2, [r9]
1a002874:	1a9b      	subs	r3, r3, r2
1a002876:	42ab      	cmp	r3, r5
1a002878:	dc28      	bgt.n	1a0028cc <_printf_common+0xa4>
1a00287a:	f894 3043 	ldrb.w	r3, [r4, #67]	; 0x43
1a00287e:	6822      	ldr	r2, [r4, #0]
1a002880:	3300      	adds	r3, #0
1a002882:	bf18      	it	ne
1a002884:	2301      	movne	r3, #1
1a002886:	0692      	lsls	r2, r2, #26
1a002888:	d42d      	bmi.n	1a0028e6 <_printf_common+0xbe>
1a00288a:	f104 0243 	add.w	r2, r4, #67	; 0x43
1a00288e:	4639      	mov	r1, r7
1a002890:	4630      	mov	r0, r6
1a002892:	47c0      	blx	r8
1a002894:	3001      	adds	r0, #1
1a002896:	d020      	beq.n	1a0028da <_printf_common+0xb2>
1a002898:	6823      	ldr	r3, [r4, #0]
1a00289a:	68e5      	ldr	r5, [r4, #12]
1a00289c:	f8d9 2000 	ldr.w	r2, [r9]
1a0028a0:	f003 0306 	and.w	r3, r3, #6
1a0028a4:	2b04      	cmp	r3, #4
1a0028a6:	bf08      	it	eq
1a0028a8:	1aad      	subeq	r5, r5, r2
1a0028aa:	68a3      	ldr	r3, [r4, #8]
1a0028ac:	6922      	ldr	r2, [r4, #16]
1a0028ae:	bf0c      	ite	eq
1a0028b0:	ea25 75e5 	biceq.w	r5, r5, r5, asr #31
1a0028b4:	2500      	movne	r5, #0
1a0028b6:	4293      	cmp	r3, r2
1a0028b8:	bfc4      	itt	gt
1a0028ba:	1a9b      	subgt	r3, r3, r2
1a0028bc:	18ed      	addgt	r5, r5, r3
1a0028be:	f04f 0900 	mov.w	r9, #0
1a0028c2:	341a      	adds	r4, #26
1a0028c4:	454d      	cmp	r5, r9
1a0028c6:	d11a      	bne.n	1a0028fe <_printf_common+0xd6>
1a0028c8:	2000      	movs	r0, #0
1a0028ca:	e008      	b.n	1a0028de <_printf_common+0xb6>
1a0028cc:	2301      	movs	r3, #1
1a0028ce:	4652      	mov	r2, sl
1a0028d0:	4639      	mov	r1, r7
1a0028d2:	4630      	mov	r0, r6
1a0028d4:	47c0      	blx	r8
1a0028d6:	3001      	adds	r0, #1
1a0028d8:	d103      	bne.n	1a0028e2 <_printf_common+0xba>
1a0028da:	f04f 30ff 	mov.w	r0, #4294967295
1a0028de:	e8bd 87f0 	ldmia.w	sp!, {r4, r5, r6, r7, r8, r9, sl, pc}
1a0028e2:	3501      	adds	r5, #1
1a0028e4:	e7c3      	b.n	1a00286e <_printf_common+0x46>
1a0028e6:	18e1      	adds	r1, r4, r3
1a0028e8:	1c5a      	adds	r2, r3, #1
1a0028ea:	2030      	movs	r0, #48	; 0x30
1a0028ec:	f881 0043 	strb.w	r0, [r1, #67]	; 0x43
1a0028f0:	4422      	add	r2, r4
1a0028f2:	f894 1045 	ldrb.w	r1, [r4, #69]	; 0x45
1a0028f6:	f882 1043 	strb.w	r1, [r2, #67]	; 0x43
1a0028fa:	3302      	adds	r3, #2
1a0028fc:	e7c5      	b.n	1a00288a <_printf_common+0x62>
1a0028fe:	2301      	movs	r3, #1
1a002900:	4622      	mov	r2, r4
1a002902:	4639      	mov	r1, r7
1a002904:	4630      	mov	r0, r6
1a002906:	47c0      	blx	r8
1a002908:	3001      	adds	r0, #1
1a00290a:	d0e6      	beq.n	1a0028da <_printf_common+0xb2>
1a00290c:	f109 0901 	add.w	r9, r9, #1
1a002910:	e7d8      	b.n	1a0028c4 <_printf_common+0x9c>
1a002912:	Address 0x1a002912 is out of bounds.


1a002914 <_printf_i>:
1a002914:	e92d 43f0 	stmdb	sp!, {r4, r5, r6, r7, r8, r9, lr}
1a002918:	4606      	mov	r6, r0
1a00291a:	460c      	mov	r4, r1
1a00291c:	f101 0043 	add.w	r0, r1, #67	; 0x43
1a002920:	7e09      	ldrb	r1, [r1, #24]
1a002922:	b085      	sub	sp, #20
1a002924:	296e      	cmp	r1, #110	; 0x6e
1a002926:	4698      	mov	r8, r3
1a002928:	4617      	mov	r7, r2
1a00292a:	9b0c      	ldr	r3, [sp, #48]	; 0x30
1a00292c:	f000 80ba 	beq.w	1a002aa4 <_printf_i+0x190>
1a002930:	d824      	bhi.n	1a00297c <_printf_i+0x68>
1a002932:	2963      	cmp	r1, #99	; 0x63
1a002934:	d039      	beq.n	1a0029aa <_printf_i+0x96>
1a002936:	d80a      	bhi.n	1a00294e <_printf_i+0x3a>
1a002938:	2900      	cmp	r1, #0
1a00293a:	f000 80c3 	beq.w	1a002ac4 <_printf_i+0x1b0>
1a00293e:	2958      	cmp	r1, #88	; 0x58
1a002940:	f000 8091 	beq.w	1a002a66 <_printf_i+0x152>
1a002944:	f104 0542 	add.w	r5, r4, #66	; 0x42
1a002948:	f884 1042 	strb.w	r1, [r4, #66]	; 0x42
1a00294c:	e035      	b.n	1a0029ba <_printf_i+0xa6>
1a00294e:	2964      	cmp	r1, #100	; 0x64
1a002950:	d001      	beq.n	1a002956 <_printf_i+0x42>
1a002952:	2969      	cmp	r1, #105	; 0x69
1a002954:	d1f6      	bne.n	1a002944 <_printf_i+0x30>
1a002956:	6825      	ldr	r5, [r4, #0]
1a002958:	681a      	ldr	r2, [r3, #0]
1a00295a:	f015 0f80 	tst.w	r5, #128	; 0x80
1a00295e:	f102 0104 	add.w	r1, r2, #4
1a002962:	d02c      	beq.n	1a0029be <_printf_i+0xaa>
1a002964:	6812      	ldr	r2, [r2, #0]
1a002966:	6019      	str	r1, [r3, #0]
1a002968:	2a00      	cmp	r2, #0
1a00296a:	da03      	bge.n	1a002974 <_printf_i+0x60>
1a00296c:	232d      	movs	r3, #45	; 0x2d
1a00296e:	4252      	negs	r2, r2
1a002970:	f884 3043 	strb.w	r3, [r4, #67]	; 0x43
1a002974:	f8df c1bc 	ldr.w	ip, [pc, #444]	; 1a002b34 <_printf_i+0x220>
1a002978:	230a      	movs	r3, #10
1a00297a:	e03f      	b.n	1a0029fc <_printf_i+0xe8>
1a00297c:	2973      	cmp	r1, #115	; 0x73
1a00297e:	f000 80a5 	beq.w	1a002acc <_printf_i+0x1b8>
1a002982:	d808      	bhi.n	1a002996 <_printf_i+0x82>
1a002984:	296f      	cmp	r1, #111	; 0x6f
1a002986:	d021      	beq.n	1a0029cc <_printf_i+0xb8>
1a002988:	2970      	cmp	r1, #112	; 0x70
1a00298a:	d1db      	bne.n	1a002944 <_printf_i+0x30>
1a00298c:	6822      	ldr	r2, [r4, #0]
1a00298e:	f042 0220 	orr.w	r2, r2, #32
1a002992:	6022      	str	r2, [r4, #0]
1a002994:	e003      	b.n	1a00299e <_printf_i+0x8a>
1a002996:	2975      	cmp	r1, #117	; 0x75
1a002998:	d018      	beq.n	1a0029cc <_printf_i+0xb8>
1a00299a:	2978      	cmp	r1, #120	; 0x78
1a00299c:	d1d2      	bne.n	1a002944 <_printf_i+0x30>
1a00299e:	2278      	movs	r2, #120	; 0x78
1a0029a0:	f884 2045 	strb.w	r2, [r4, #69]	; 0x45
1a0029a4:	f8df c190 	ldr.w	ip, [pc, #400]	; 1a002b38 <_printf_i+0x224>
1a0029a8:	e061      	b.n	1a002a6e <_printf_i+0x15a>
1a0029aa:	681a      	ldr	r2, [r3, #0]
1a0029ac:	1d11      	adds	r1, r2, #4
1a0029ae:	6019      	str	r1, [r3, #0]
1a0029b0:	6813      	ldr	r3, [r2, #0]
1a0029b2:	f884 3042 	strb.w	r3, [r4, #66]	; 0x42
1a0029b6:	f104 0542 	add.w	r5, r4, #66	; 0x42
1a0029ba:	2301      	movs	r3, #1
1a0029bc:	e093      	b.n	1a002ae6 <_printf_i+0x1d2>
1a0029be:	6812      	ldr	r2, [r2, #0]
1a0029c0:	6019      	str	r1, [r3, #0]
1a0029c2:	f015 0f40 	tst.w	r5, #64	; 0x40
1a0029c6:	bf18      	it	ne
1a0029c8:	b212      	sxthne	r2, r2
1a0029ca:	e7cd      	b.n	1a002968 <_printf_i+0x54>
1a0029cc:	f8d4 c000 	ldr.w	ip, [r4]
1a0029d0:	681a      	ldr	r2, [r3, #0]
1a0029d2:	f01c 0f80 	tst.w	ip, #128	; 0x80
1a0029d6:	f102 0504 	add.w	r5, r2, #4
1a0029da:	601d      	str	r5, [r3, #0]
1a0029dc:	d001      	beq.n	1a0029e2 <_printf_i+0xce>
1a0029de:	6812      	ldr	r2, [r2, #0]
1a0029e0:	e003      	b.n	1a0029ea <_printf_i+0xd6>
1a0029e2:	f01c 0f40 	tst.w	ip, #64	; 0x40
1a0029e6:	d0fa      	beq.n	1a0029de <_printf_i+0xca>
1a0029e8:	8812      	ldrh	r2, [r2, #0]
1a0029ea:	f8df c148 	ldr.w	ip, [pc, #328]	; 1a002b34 <_printf_i+0x220>
1a0029ee:	296f      	cmp	r1, #111	; 0x6f
1a0029f0:	bf0c      	ite	eq
1a0029f2:	2308      	moveq	r3, #8
1a0029f4:	230a      	movne	r3, #10
1a0029f6:	2100      	movs	r1, #0
1a0029f8:	f884 1043 	strb.w	r1, [r4, #67]	; 0x43
1a0029fc:	6865      	ldr	r5, [r4, #4]
1a0029fe:	60a5      	str	r5, [r4, #8]
1a002a00:	2d00      	cmp	r5, #0
1a002a02:	bfa2      	ittt	ge
1a002a04:	6821      	ldrge	r1, [r4, #0]
1a002a06:	f021 0104 	bicge.w	r1, r1, #4
1a002a0a:	6021      	strge	r1, [r4, #0]
1a002a0c:	b90a      	cbnz	r2, 1a002a12 <_printf_i+0xfe>
1a002a0e:	2d00      	cmp	r5, #0
1a002a10:	d046      	beq.n	1a002aa0 <_printf_i+0x18c>
1a002a12:	4605      	mov	r5, r0
1a002a14:	fbb2 f1f3 	udiv	r1, r2, r3
1a002a18:	fb03 2e11 	mls	lr, r3, r1, r2
1a002a1c:	4293      	cmp	r3, r2
1a002a1e:	f81c e00e 	ldrb.w	lr, [ip, lr]
1a002a22:	f805 ed01 	strb.w	lr, [r5, #-1]!
1a002a26:	d939      	bls.n	1a002a9c <_printf_i+0x188>
1a002a28:	2b08      	cmp	r3, #8
1a002a2a:	d10b      	bne.n	1a002a44 <_printf_i+0x130>
1a002a2c:	6823      	ldr	r3, [r4, #0]
1a002a2e:	07da      	lsls	r2, r3, #31
1a002a30:	d508      	bpl.n	1a002a44 <_printf_i+0x130>
1a002a32:	6923      	ldr	r3, [r4, #16]
1a002a34:	6862      	ldr	r2, [r4, #4]
1a002a36:	429a      	cmp	r2, r3
1a002a38:	bfde      	ittt	le
1a002a3a:	2330      	movle	r3, #48	; 0x30
1a002a3c:	f805 3c01 	strble.w	r3, [r5, #-1]
1a002a40:	f105 35ff 	addle.w	r5, r5, #4294967295
1a002a44:	1b40      	subs	r0, r0, r5
1a002a46:	6120      	str	r0, [r4, #16]
1a002a48:	f8cd 8000 	str.w	r8, [sp]
1a002a4c:	463b      	mov	r3, r7
1a002a4e:	aa03      	add	r2, sp, #12
1a002a50:	4621      	mov	r1, r4
1a002a52:	4630      	mov	r0, r6
1a002a54:	f7ff fee8 	bl	1a002828 <_printf_common>
1a002a58:	3001      	adds	r0, #1
1a002a5a:	d149      	bne.n	1a002af0 <_printf_i+0x1dc>
1a002a5c:	f04f 30ff 	mov.w	r0, #4294967295
1a002a60:	b005      	add	sp, #20
1a002a62:	e8bd 83f0 	ldmia.w	sp!, {r4, r5, r6, r7, r8, r9, pc}
1a002a66:	f8df c0cc 	ldr.w	ip, [pc, #204]	; 1a002b34 <_printf_i+0x220>
1a002a6a:	f884 1045 	strb.w	r1, [r4, #69]	; 0x45
1a002a6e:	681d      	ldr	r5, [r3, #0]
1a002a70:	6821      	ldr	r1, [r4, #0]
1a002a72:	f855 2b04 	ldr.w	r2, [r5], #4
1a002a76:	601d      	str	r5, [r3, #0]
1a002a78:	060d      	lsls	r5, r1, #24
1a002a7a:	d50b      	bpl.n	1a002a94 <_printf_i+0x180>
1a002a7c:	07cd      	lsls	r5, r1, #31
1a002a7e:	bf44      	itt	mi
1a002a80:	f041 0120 	orrmi.w	r1, r1, #32
1a002a84:	6021      	strmi	r1, [r4, #0]
1a002a86:	b91a      	cbnz	r2, 1a002a90 <_printf_i+0x17c>
1a002a88:	6823      	ldr	r3, [r4, #0]
1a002a8a:	f023 0320 	bic.w	r3, r3, #32
1a002a8e:	6023      	str	r3, [r4, #0]
1a002a90:	2310      	movs	r3, #16
1a002a92:	e7b0      	b.n	1a0029f6 <_printf_i+0xe2>
1a002a94:	064b      	lsls	r3, r1, #25
1a002a96:	bf48      	it	mi
1a002a98:	b292      	uxthmi	r2, r2
1a002a9a:	e7ef      	b.n	1a002a7c <_printf_i+0x168>
1a002a9c:	460a      	mov	r2, r1
1a002a9e:	e7b9      	b.n	1a002a14 <_printf_i+0x100>
1a002aa0:	4605      	mov	r5, r0
1a002aa2:	e7c1      	b.n	1a002a28 <_printf_i+0x114>
1a002aa4:	681a      	ldr	r2, [r3, #0]
1a002aa6:	f8d4 c000 	ldr.w	ip, [r4]
1a002aaa:	6961      	ldr	r1, [r4, #20]
1a002aac:	1d15      	adds	r5, r2, #4
1a002aae:	601d      	str	r5, [r3, #0]
1a002ab0:	f01c 0f80 	tst.w	ip, #128	; 0x80
1a002ab4:	6813      	ldr	r3, [r2, #0]
1a002ab6:	d001      	beq.n	1a002abc <_printf_i+0x1a8>
1a002ab8:	6019      	str	r1, [r3, #0]
1a002aba:	e003      	b.n	1a002ac4 <_printf_i+0x1b0>
1a002abc:	f01c 0f40 	tst.w	ip, #64	; 0x40
1a002ac0:	d0fa      	beq.n	1a002ab8 <_printf_i+0x1a4>
1a002ac2:	8019      	strh	r1, [r3, #0]
1a002ac4:	2300      	movs	r3, #0
1a002ac6:	6123      	str	r3, [r4, #16]
1a002ac8:	4605      	mov	r5, r0
1a002aca:	e7bd      	b.n	1a002a48 <_printf_i+0x134>
1a002acc:	681a      	ldr	r2, [r3, #0]
1a002ace:	1d11      	adds	r1, r2, #4
1a002ad0:	6019      	str	r1, [r3, #0]
1a002ad2:	6815      	ldr	r5, [r2, #0]
1a002ad4:	6862      	ldr	r2, [r4, #4]
1a002ad6:	2100      	movs	r1, #0
1a002ad8:	4628      	mov	r0, r5
1a002ada:	f000 fa49 	bl	1a002f70 <memchr>
1a002ade:	b108      	cbz	r0, 1a002ae4 <_printf_i+0x1d0>
1a002ae0:	1b40      	subs	r0, r0, r5
1a002ae2:	6060      	str	r0, [r4, #4]
1a002ae4:	6863      	ldr	r3, [r4, #4]
1a002ae6:	6123      	str	r3, [r4, #16]
1a002ae8:	2300      	movs	r3, #0
1a002aea:	f884 3043 	strb.w	r3, [r4, #67]	; 0x43
1a002aee:	e7ab      	b.n	1a002a48 <_printf_i+0x134>
1a002af0:	6923      	ldr	r3, [r4, #16]
1a002af2:	462a      	mov	r2, r5
1a002af4:	4639      	mov	r1, r7
1a002af6:	4630      	mov	r0, r6
1a002af8:	47c0      	blx	r8
1a002afa:	3001      	adds	r0, #1
1a002afc:	d0ae      	beq.n	1a002a5c <_printf_i+0x148>
1a002afe:	6823      	ldr	r3, [r4, #0]
1a002b00:	079b      	lsls	r3, r3, #30
1a002b02:	d413      	bmi.n	1a002b2c <_printf_i+0x218>
1a002b04:	68e0      	ldr	r0, [r4, #12]
1a002b06:	9b03      	ldr	r3, [sp, #12]
1a002b08:	4298      	cmp	r0, r3
1a002b0a:	bfb8      	it	lt
1a002b0c:	4618      	movlt	r0, r3
1a002b0e:	e7a7      	b.n	1a002a60 <_printf_i+0x14c>
1a002b10:	2301      	movs	r3, #1
1a002b12:	464a      	mov	r2, r9
1a002b14:	4639      	mov	r1, r7
1a002b16:	4630      	mov	r0, r6
1a002b18:	47c0      	blx	r8
1a002b1a:	3001      	adds	r0, #1
1a002b1c:	d09e      	beq.n	1a002a5c <_printf_i+0x148>
1a002b1e:	3501      	adds	r5, #1
1a002b20:	68e3      	ldr	r3, [r4, #12]
1a002b22:	9a03      	ldr	r2, [sp, #12]
1a002b24:	1a9b      	subs	r3, r3, r2
1a002b26:	42ab      	cmp	r3, r5
1a002b28:	dcf2      	bgt.n	1a002b10 <_printf_i+0x1fc>
1a002b2a:	e7eb      	b.n	1a002b04 <_printf_i+0x1f0>
1a002b2c:	2500      	movs	r5, #0
1a002b2e:	f104 0919 	add.w	r9, r4, #25
1a002b32:	e7f5      	b.n	1a002b20 <_printf_i+0x20c>
1a002b34:	1a003771 	.word	0x1a003771
1a002b38:	1a003782 	.word	0x1a003782

1a002b3c <iprintf>:
1a002b3c:	b40f      	push	{r0, r1, r2, r3}
1a002b3e:	4b0a      	ldr	r3, [pc, #40]	; (1a002b68 <iprintf+0x2c>)
1a002b40:	b513      	push	{r0, r1, r4, lr}
1a002b42:	681c      	ldr	r4, [r3, #0]
1a002b44:	b124      	cbz	r4, 1a002b50 <iprintf+0x14>
1a002b46:	69a3      	ldr	r3, [r4, #24]
1a002b48:	b913      	cbnz	r3, 1a002b50 <iprintf+0x14>
1a002b4a:	4620      	mov	r0, r4
1a002b4c:	f7ff fb98 	bl	1a002280 <__sinit>
1a002b50:	ab05      	add	r3, sp, #20
1a002b52:	9a04      	ldr	r2, [sp, #16]
1a002b54:	68a1      	ldr	r1, [r4, #8]
1a002b56:	9301      	str	r3, [sp, #4]
1a002b58:	4620      	mov	r0, r4
1a002b5a:	f7ff fd3d 	bl	1a0025d8 <_vfiprintf_r>
1a002b5e:	b002      	add	sp, #8
1a002b60:	e8bd 4010 	ldmia.w	sp!, {r4, lr}
1a002b64:	b004      	add	sp, #16
1a002b66:	4770      	bx	lr
1a002b68:	10000048 	.word	0x10000048

1a002b6c <_puts_r>:
1a002b6c:	b570      	push	{r4, r5, r6, lr}
1a002b6e:	460e      	mov	r6, r1
1a002b70:	4605      	mov	r5, r0
1a002b72:	b118      	cbz	r0, 1a002b7c <_puts_r+0x10>
1a002b74:	6983      	ldr	r3, [r0, #24]
1a002b76:	b90b      	cbnz	r3, 1a002b7c <_puts_r+0x10>
1a002b78:	f7ff fb82 	bl	1a002280 <__sinit>
1a002b7c:	69ab      	ldr	r3, [r5, #24]
1a002b7e:	68ac      	ldr	r4, [r5, #8]
1a002b80:	b913      	cbnz	r3, 1a002b88 <_puts_r+0x1c>
1a002b82:	4628      	mov	r0, r5
1a002b84:	f7ff fb7c 	bl	1a002280 <__sinit>
1a002b88:	4b2c      	ldr	r3, [pc, #176]	; (1a002c3c <_puts_r+0xd0>)
1a002b8a:	429c      	cmp	r4, r3
1a002b8c:	d120      	bne.n	1a002bd0 <_puts_r+0x64>
1a002b8e:	686c      	ldr	r4, [r5, #4]
1a002b90:	6e63      	ldr	r3, [r4, #100]	; 0x64
1a002b92:	07db      	lsls	r3, r3, #31
1a002b94:	d405      	bmi.n	1a002ba2 <_puts_r+0x36>
1a002b96:	89a3      	ldrh	r3, [r4, #12]
1a002b98:	0598      	lsls	r0, r3, #22
1a002b9a:	d402      	bmi.n	1a002ba2 <_puts_r+0x36>
1a002b9c:	6da0      	ldr	r0, [r4, #88]	; 0x58
1a002b9e:	f7ff fc30 	bl	1a002402 <__retarget_lock_acquire_recursive>
1a002ba2:	89a3      	ldrh	r3, [r4, #12]
1a002ba4:	0719      	lsls	r1, r3, #28
1a002ba6:	d51d      	bpl.n	1a002be4 <_puts_r+0x78>
1a002ba8:	6923      	ldr	r3, [r4, #16]
1a002baa:	b1db      	cbz	r3, 1a002be4 <_puts_r+0x78>
1a002bac:	3e01      	subs	r6, #1
1a002bae:	68a3      	ldr	r3, [r4, #8]
1a002bb0:	f816 1f01 	ldrb.w	r1, [r6, #1]!
1a002bb4:	3b01      	subs	r3, #1
1a002bb6:	60a3      	str	r3, [r4, #8]
1a002bb8:	bb39      	cbnz	r1, 1a002c0a <_puts_r+0x9e>
1a002bba:	2b00      	cmp	r3, #0
1a002bbc:	da38      	bge.n	1a002c30 <_puts_r+0xc4>
1a002bbe:	4622      	mov	r2, r4
1a002bc0:	210a      	movs	r1, #10
1a002bc2:	4628      	mov	r0, r5
1a002bc4:	f000 f8ac 	bl	1a002d20 <__swbuf_r>
1a002bc8:	3001      	adds	r0, #1
1a002bca:	d011      	beq.n	1a002bf0 <_puts_r+0x84>
1a002bcc:	250a      	movs	r5, #10
1a002bce:	e011      	b.n	1a002bf4 <_puts_r+0x88>
1a002bd0:	4b1b      	ldr	r3, [pc, #108]	; (1a002c40 <_puts_r+0xd4>)
1a002bd2:	429c      	cmp	r4, r3
1a002bd4:	d101      	bne.n	1a002bda <_puts_r+0x6e>
1a002bd6:	68ac      	ldr	r4, [r5, #8]
1a002bd8:	e7da      	b.n	1a002b90 <_puts_r+0x24>
1a002bda:	4b1a      	ldr	r3, [pc, #104]	; (1a002c44 <_puts_r+0xd8>)
1a002bdc:	429c      	cmp	r4, r3
1a002bde:	bf08      	it	eq
1a002be0:	68ec      	ldreq	r4, [r5, #12]
1a002be2:	e7d5      	b.n	1a002b90 <_puts_r+0x24>
1a002be4:	4621      	mov	r1, r4
1a002be6:	4628      	mov	r0, r5
1a002be8:	f000 f8ec 	bl	1a002dc4 <__swsetup_r>
1a002bec:	2800      	cmp	r0, #0
1a002bee:	d0dd      	beq.n	1a002bac <_puts_r+0x40>
1a002bf0:	f04f 35ff 	mov.w	r5, #4294967295
1a002bf4:	6e63      	ldr	r3, [r4, #100]	; 0x64
1a002bf6:	07da      	lsls	r2, r3, #31
1a002bf8:	d405      	bmi.n	1a002c06 <_puts_r+0x9a>
1a002bfa:	89a3      	ldrh	r3, [r4, #12]
1a002bfc:	059b      	lsls	r3, r3, #22
1a002bfe:	d402      	bmi.n	1a002c06 <_puts_r+0x9a>
1a002c00:	6da0      	ldr	r0, [r4, #88]	; 0x58
1a002c02:	f7ff fbff 	bl	1a002404 <__retarget_lock_release_recursive>
1a002c06:	4628      	mov	r0, r5
1a002c08:	bd70      	pop	{r4, r5, r6, pc}
1a002c0a:	2b00      	cmp	r3, #0
1a002c0c:	da04      	bge.n	1a002c18 <_puts_r+0xac>
1a002c0e:	69a2      	ldr	r2, [r4, #24]
1a002c10:	429a      	cmp	r2, r3
1a002c12:	dc06      	bgt.n	1a002c22 <_puts_r+0xb6>
1a002c14:	290a      	cmp	r1, #10
1a002c16:	d004      	beq.n	1a002c22 <_puts_r+0xb6>
1a002c18:	6823      	ldr	r3, [r4, #0]
1a002c1a:	1c5a      	adds	r2, r3, #1
1a002c1c:	6022      	str	r2, [r4, #0]
1a002c1e:	7019      	strb	r1, [r3, #0]
1a002c20:	e7c5      	b.n	1a002bae <_puts_r+0x42>
1a002c22:	4622      	mov	r2, r4
1a002c24:	4628      	mov	r0, r5
1a002c26:	f000 f87b 	bl	1a002d20 <__swbuf_r>
1a002c2a:	3001      	adds	r0, #1
1a002c2c:	d1bf      	bne.n	1a002bae <_puts_r+0x42>
1a002c2e:	e7df      	b.n	1a002bf0 <_puts_r+0x84>
1a002c30:	6823      	ldr	r3, [r4, #0]
1a002c32:	250a      	movs	r5, #10
1a002c34:	1c5a      	adds	r2, r3, #1
1a002c36:	6022      	str	r2, [r4, #0]
1a002c38:	701d      	strb	r5, [r3, #0]
1a002c3a:	e7db      	b.n	1a002bf4 <_puts_r+0x88>
1a002c3c:	1a00371c 	.word	0x1a00371c
1a002c40:	1a00373c 	.word	0x1a00373c
1a002c44:	1a0036fc 	.word	0x1a0036fc

1a002c48 <puts>:
1a002c48:	4b02      	ldr	r3, [pc, #8]	; (1a002c54 <puts+0xc>)
1a002c4a:	4601      	mov	r1, r0
1a002c4c:	6818      	ldr	r0, [r3, #0]
1a002c4e:	f7ff bf8d 	b.w	1a002b6c <_puts_r>
1a002c52:	bf00      	nop
1a002c54:	10000048 	.word	0x10000048

1a002c58 <siprintf>:
1a002c58:	b40e      	push	{r1, r2, r3}
1a002c5a:	b500      	push	{lr}
1a002c5c:	b09c      	sub	sp, #112	; 0x70
1a002c5e:	ab1d      	add	r3, sp, #116	; 0x74
1a002c60:	9002      	str	r0, [sp, #8]
1a002c62:	9006      	str	r0, [sp, #24]
1a002c64:	f06f 4100 	mvn.w	r1, #2147483648	; 0x80000000
1a002c68:	4809      	ldr	r0, [pc, #36]	; (1a002c90 <siprintf+0x38>)
1a002c6a:	9107      	str	r1, [sp, #28]
1a002c6c:	9104      	str	r1, [sp, #16]
1a002c6e:	4909      	ldr	r1, [pc, #36]	; (1a002c94 <siprintf+0x3c>)
1a002c70:	f853 2b04 	ldr.w	r2, [r3], #4
1a002c74:	9105      	str	r1, [sp, #20]
1a002c76:	6800      	ldr	r0, [r0, #0]
1a002c78:	9301      	str	r3, [sp, #4]
1a002c7a:	a902      	add	r1, sp, #8
1a002c7c:	f000 fa70 	bl	1a003160 <_svfiprintf_r>
1a002c80:	9b02      	ldr	r3, [sp, #8]
1a002c82:	2200      	movs	r2, #0
1a002c84:	701a      	strb	r2, [r3, #0]
1a002c86:	b01c      	add	sp, #112	; 0x70
1a002c88:	f85d eb04 	ldr.w	lr, [sp], #4
1a002c8c:	b003      	add	sp, #12
1a002c8e:	4770      	bx	lr
1a002c90:	10000048 	.word	0x10000048
1a002c94:	ffff0208 	.word	0xffff0208

1a002c98 <__sread>:
1a002c98:	b510      	push	{r4, lr}
1a002c9a:	460c      	mov	r4, r1
1a002c9c:	f9b1 100e 	ldrsh.w	r1, [r1, #14]
1a002ca0:	f7fd fc4e 	bl	1a000540 <_read_r>
1a002ca4:	2800      	cmp	r0, #0
1a002ca6:	bfab      	itete	ge
1a002ca8:	6d63      	ldrge	r3, [r4, #84]	; 0x54
1a002caa:	89a3      	ldrhlt	r3, [r4, #12]
1a002cac:	181b      	addge	r3, r3, r0
1a002cae:	f423 5380 	biclt.w	r3, r3, #4096	; 0x1000
1a002cb2:	bfac      	ite	ge
1a002cb4:	6563      	strge	r3, [r4, #84]	; 0x54
1a002cb6:	81a3      	strhlt	r3, [r4, #12]
1a002cb8:	bd10      	pop	{r4, pc}

1a002cba <__swrite>:
1a002cba:	e92d 41f0 	stmdb	sp!, {r4, r5, r6, r7, r8, lr}
1a002cbe:	461f      	mov	r7, r3
1a002cc0:	898b      	ldrh	r3, [r1, #12]
1a002cc2:	05db      	lsls	r3, r3, #23
1a002cc4:	4605      	mov	r5, r0
1a002cc6:	460c      	mov	r4, r1
1a002cc8:	4616      	mov	r6, r2
1a002cca:	d505      	bpl.n	1a002cd8 <__swrite+0x1e>
1a002ccc:	2302      	movs	r3, #2
1a002cce:	2200      	movs	r2, #0
1a002cd0:	f9b1 100e 	ldrsh.w	r1, [r1, #14]
1a002cd4:	f7fd fc2f 	bl	1a000536 <_lseek_r>
1a002cd8:	89a3      	ldrh	r3, [r4, #12]
1a002cda:	f9b4 100e 	ldrsh.w	r1, [r4, #14]
1a002cde:	f423 5380 	bic.w	r3, r3, #4096	; 0x1000
1a002ce2:	81a3      	strh	r3, [r4, #12]
1a002ce4:	4632      	mov	r2, r6
1a002ce6:	463b      	mov	r3, r7
1a002ce8:	4628      	mov	r0, r5
1a002cea:	e8bd 41f0 	ldmia.w	sp!, {r4, r5, r6, r7, r8, lr}
1a002cee:	f7fd bc4e 	b.w	1a00058e <_write_r>

1a002cf2 <__sseek>:
1a002cf2:	b510      	push	{r4, lr}
1a002cf4:	460c      	mov	r4, r1
1a002cf6:	f9b1 100e 	ldrsh.w	r1, [r1, #14]
1a002cfa:	f7fd fc1c 	bl	1a000536 <_lseek_r>
1a002cfe:	1c43      	adds	r3, r0, #1
1a002d00:	89a3      	ldrh	r3, [r4, #12]
1a002d02:	bf15      	itete	ne
1a002d04:	6560      	strne	r0, [r4, #84]	; 0x54
1a002d06:	f423 5380 	biceq.w	r3, r3, #4096	; 0x1000
1a002d0a:	f443 5380 	orrne.w	r3, r3, #4096	; 0x1000
1a002d0e:	81a3      	strheq	r3, [r4, #12]
1a002d10:	bf18      	it	ne
1a002d12:	81a3      	strhne	r3, [r4, #12]
1a002d14:	bd10      	pop	{r4, pc}

1a002d16 <__sclose>:
1a002d16:	f9b1 100e 	ldrsh.w	r1, [r1, #14]
1a002d1a:	f7fd bbf9 	b.w	1a000510 <_close_r>
1a002d1e:	Address 0x1a002d1e is out of bounds.


1a002d20 <__swbuf_r>:
1a002d20:	b5f8      	push	{r3, r4, r5, r6, r7, lr}
1a002d22:	460e      	mov	r6, r1
1a002d24:	4614      	mov	r4, r2
1a002d26:	4605      	mov	r5, r0
1a002d28:	b118      	cbz	r0, 1a002d32 <__swbuf_r+0x12>
1a002d2a:	6983      	ldr	r3, [r0, #24]
1a002d2c:	b90b      	cbnz	r3, 1a002d32 <__swbuf_r+0x12>
1a002d2e:	f7ff faa7 	bl	1a002280 <__sinit>
1a002d32:	4b21      	ldr	r3, [pc, #132]	; (1a002db8 <__swbuf_r+0x98>)
1a002d34:	429c      	cmp	r4, r3
1a002d36:	d12b      	bne.n	1a002d90 <__swbuf_r+0x70>
1a002d38:	686c      	ldr	r4, [r5, #4]
1a002d3a:	69a3      	ldr	r3, [r4, #24]
1a002d3c:	60a3      	str	r3, [r4, #8]
1a002d3e:	89a3      	ldrh	r3, [r4, #12]
1a002d40:	071a      	lsls	r2, r3, #28
1a002d42:	d52f      	bpl.n	1a002da4 <__swbuf_r+0x84>
1a002d44:	6923      	ldr	r3, [r4, #16]
1a002d46:	b36b      	cbz	r3, 1a002da4 <__swbuf_r+0x84>
1a002d48:	6923      	ldr	r3, [r4, #16]
1a002d4a:	6820      	ldr	r0, [r4, #0]
1a002d4c:	1ac0      	subs	r0, r0, r3
1a002d4e:	6963      	ldr	r3, [r4, #20]
1a002d50:	b2f6      	uxtb	r6, r6
1a002d52:	4283      	cmp	r3, r0
1a002d54:	4637      	mov	r7, r6
1a002d56:	dc04      	bgt.n	1a002d62 <__swbuf_r+0x42>
1a002d58:	4621      	mov	r1, r4
1a002d5a:	4628      	mov	r0, r5
1a002d5c:	f7ff f9fc 	bl	1a002158 <_fflush_r>
1a002d60:	bb30      	cbnz	r0, 1a002db0 <__swbuf_r+0x90>
1a002d62:	68a3      	ldr	r3, [r4, #8]
1a002d64:	3b01      	subs	r3, #1
1a002d66:	60a3      	str	r3, [r4, #8]
1a002d68:	6823      	ldr	r3, [r4, #0]
1a002d6a:	1c5a      	adds	r2, r3, #1
1a002d6c:	6022      	str	r2, [r4, #0]
1a002d6e:	701e      	strb	r6, [r3, #0]
1a002d70:	6963      	ldr	r3, [r4, #20]
1a002d72:	3001      	adds	r0, #1
1a002d74:	4283      	cmp	r3, r0
1a002d76:	d004      	beq.n	1a002d82 <__swbuf_r+0x62>
1a002d78:	89a3      	ldrh	r3, [r4, #12]
1a002d7a:	07db      	lsls	r3, r3, #31
1a002d7c:	d506      	bpl.n	1a002d8c <__swbuf_r+0x6c>
1a002d7e:	2e0a      	cmp	r6, #10
1a002d80:	d104      	bne.n	1a002d8c <__swbuf_r+0x6c>
1a002d82:	4621      	mov	r1, r4
1a002d84:	4628      	mov	r0, r5
1a002d86:	f7ff f9e7 	bl	1a002158 <_fflush_r>
1a002d8a:	b988      	cbnz	r0, 1a002db0 <__swbuf_r+0x90>
1a002d8c:	4638      	mov	r0, r7
1a002d8e:	bdf8      	pop	{r3, r4, r5, r6, r7, pc}
1a002d90:	4b0a      	ldr	r3, [pc, #40]	; (1a002dbc <__swbuf_r+0x9c>)
1a002d92:	429c      	cmp	r4, r3
1a002d94:	d101      	bne.n	1a002d9a <__swbuf_r+0x7a>
1a002d96:	68ac      	ldr	r4, [r5, #8]
1a002d98:	e7cf      	b.n	1a002d3a <__swbuf_r+0x1a>
1a002d9a:	4b09      	ldr	r3, [pc, #36]	; (1a002dc0 <__swbuf_r+0xa0>)
1a002d9c:	429c      	cmp	r4, r3
1a002d9e:	bf08      	it	eq
1a002da0:	68ec      	ldreq	r4, [r5, #12]
1a002da2:	e7ca      	b.n	1a002d3a <__swbuf_r+0x1a>
1a002da4:	4621      	mov	r1, r4
1a002da6:	4628      	mov	r0, r5
1a002da8:	f000 f80c 	bl	1a002dc4 <__swsetup_r>
1a002dac:	2800      	cmp	r0, #0
1a002dae:	d0cb      	beq.n	1a002d48 <__swbuf_r+0x28>
1a002db0:	f04f 37ff 	mov.w	r7, #4294967295
1a002db4:	e7ea      	b.n	1a002d8c <__swbuf_r+0x6c>
1a002db6:	bf00      	nop
1a002db8:	1a00371c 	.word	0x1a00371c
1a002dbc:	1a00373c 	.word	0x1a00373c
1a002dc0:	1a0036fc 	.word	0x1a0036fc

1a002dc4 <__swsetup_r>:
1a002dc4:	4b32      	ldr	r3, [pc, #200]	; (1a002e90 <__swsetup_r+0xcc>)
1a002dc6:	b570      	push	{r4, r5, r6, lr}
1a002dc8:	681d      	ldr	r5, [r3, #0]
1a002dca:	4606      	mov	r6, r0
1a002dcc:	460c      	mov	r4, r1
1a002dce:	b125      	cbz	r5, 1a002dda <__swsetup_r+0x16>
1a002dd0:	69ab      	ldr	r3, [r5, #24]
1a002dd2:	b913      	cbnz	r3, 1a002dda <__swsetup_r+0x16>
1a002dd4:	4628      	mov	r0, r5
1a002dd6:	f7ff fa53 	bl	1a002280 <__sinit>
1a002dda:	4b2e      	ldr	r3, [pc, #184]	; (1a002e94 <__swsetup_r+0xd0>)
1a002ddc:	429c      	cmp	r4, r3
1a002dde:	d10f      	bne.n	1a002e00 <__swsetup_r+0x3c>
1a002de0:	686c      	ldr	r4, [r5, #4]
1a002de2:	f9b4 300c 	ldrsh.w	r3, [r4, #12]
1a002de6:	b29a      	uxth	r2, r3
1a002de8:	0715      	lsls	r5, r2, #28
1a002dea:	d42c      	bmi.n	1a002e46 <__swsetup_r+0x82>
1a002dec:	06d0      	lsls	r0, r2, #27
1a002dee:	d411      	bmi.n	1a002e14 <__swsetup_r+0x50>
1a002df0:	2209      	movs	r2, #9
1a002df2:	6032      	str	r2, [r6, #0]
1a002df4:	f043 0340 	orr.w	r3, r3, #64	; 0x40
1a002df8:	81a3      	strh	r3, [r4, #12]
1a002dfa:	f04f 30ff 	mov.w	r0, #4294967295
1a002dfe:	e03e      	b.n	1a002e7e <__swsetup_r+0xba>
1a002e00:	4b25      	ldr	r3, [pc, #148]	; (1a002e98 <__swsetup_r+0xd4>)
1a002e02:	429c      	cmp	r4, r3
1a002e04:	d101      	bne.n	1a002e0a <__swsetup_r+0x46>
1a002e06:	68ac      	ldr	r4, [r5, #8]
1a002e08:	e7eb      	b.n	1a002de2 <__swsetup_r+0x1e>
1a002e0a:	4b24      	ldr	r3, [pc, #144]	; (1a002e9c <__swsetup_r+0xd8>)
1a002e0c:	429c      	cmp	r4, r3
1a002e0e:	bf08      	it	eq
1a002e10:	68ec      	ldreq	r4, [r5, #12]
1a002e12:	e7e6      	b.n	1a002de2 <__swsetup_r+0x1e>
1a002e14:	0751      	lsls	r1, r2, #29
1a002e16:	d512      	bpl.n	1a002e3e <__swsetup_r+0x7a>
1a002e18:	6b61      	ldr	r1, [r4, #52]	; 0x34
1a002e1a:	b141      	cbz	r1, 1a002e2e <__swsetup_r+0x6a>
1a002e1c:	f104 0344 	add.w	r3, r4, #68	; 0x44
1a002e20:	4299      	cmp	r1, r3
1a002e22:	d002      	beq.n	1a002e2a <__swsetup_r+0x66>
1a002e24:	4630      	mov	r0, r6
1a002e26:	f7ff fb05 	bl	1a002434 <_free_r>
1a002e2a:	2300      	movs	r3, #0
1a002e2c:	6363      	str	r3, [r4, #52]	; 0x34
1a002e2e:	89a3      	ldrh	r3, [r4, #12]
1a002e30:	f023 0324 	bic.w	r3, r3, #36	; 0x24
1a002e34:	81a3      	strh	r3, [r4, #12]
1a002e36:	2300      	movs	r3, #0
1a002e38:	6063      	str	r3, [r4, #4]
1a002e3a:	6923      	ldr	r3, [r4, #16]
1a002e3c:	6023      	str	r3, [r4, #0]
1a002e3e:	89a3      	ldrh	r3, [r4, #12]
1a002e40:	f043 0308 	orr.w	r3, r3, #8
1a002e44:	81a3      	strh	r3, [r4, #12]
1a002e46:	6923      	ldr	r3, [r4, #16]
1a002e48:	b94b      	cbnz	r3, 1a002e5e <__swsetup_r+0x9a>
1a002e4a:	89a3      	ldrh	r3, [r4, #12]
1a002e4c:	f403 7320 	and.w	r3, r3, #640	; 0x280
1a002e50:	f5b3 7f00 	cmp.w	r3, #512	; 0x200
1a002e54:	d003      	beq.n	1a002e5e <__swsetup_r+0x9a>
1a002e56:	4621      	mov	r1, r4
1a002e58:	4630      	mov	r0, r6
1a002e5a:	f000 f845 	bl	1a002ee8 <__smakebuf_r>
1a002e5e:	89a2      	ldrh	r2, [r4, #12]
1a002e60:	f012 0301 	ands.w	r3, r2, #1
1a002e64:	d00c      	beq.n	1a002e80 <__swsetup_r+0xbc>
1a002e66:	2300      	movs	r3, #0
1a002e68:	60a3      	str	r3, [r4, #8]
1a002e6a:	6963      	ldr	r3, [r4, #20]
1a002e6c:	425b      	negs	r3, r3
1a002e6e:	61a3      	str	r3, [r4, #24]
1a002e70:	6923      	ldr	r3, [r4, #16]
1a002e72:	b953      	cbnz	r3, 1a002e8a <__swsetup_r+0xc6>
1a002e74:	f9b4 300c 	ldrsh.w	r3, [r4, #12]
1a002e78:	f013 0080 	ands.w	r0, r3, #128	; 0x80
1a002e7c:	d1ba      	bne.n	1a002df4 <__swsetup_r+0x30>
1a002e7e:	bd70      	pop	{r4, r5, r6, pc}
1a002e80:	0792      	lsls	r2, r2, #30
1a002e82:	bf58      	it	pl
1a002e84:	6963      	ldrpl	r3, [r4, #20]
1a002e86:	60a3      	str	r3, [r4, #8]
1a002e88:	e7f2      	b.n	1a002e70 <__swsetup_r+0xac>
1a002e8a:	2000      	movs	r0, #0
1a002e8c:	e7f7      	b.n	1a002e7e <__swsetup_r+0xba>
1a002e8e:	bf00      	nop
1a002e90:	10000048 	.word	0x10000048
1a002e94:	1a00371c 	.word	0x1a00371c
1a002e98:	1a00373c 	.word	0x1a00373c
1a002e9c:	1a0036fc 	.word	0x1a0036fc

1a002ea0 <__swhatbuf_r>:
1a002ea0:	b570      	push	{r4, r5, r6, lr}
1a002ea2:	460e      	mov	r6, r1
1a002ea4:	f9b1 100e 	ldrsh.w	r1, [r1, #14]
1a002ea8:	2900      	cmp	r1, #0
1a002eaa:	b096      	sub	sp, #88	; 0x58
1a002eac:	4614      	mov	r4, r2
1a002eae:	461d      	mov	r5, r3
1a002eb0:	da07      	bge.n	1a002ec2 <__swhatbuf_r+0x22>
1a002eb2:	2300      	movs	r3, #0
1a002eb4:	602b      	str	r3, [r5, #0]
1a002eb6:	89b3      	ldrh	r3, [r6, #12]
1a002eb8:	061a      	lsls	r2, r3, #24
1a002eba:	d410      	bmi.n	1a002ede <__swhatbuf_r+0x3e>
1a002ebc:	f44f 6380 	mov.w	r3, #1024	; 0x400
1a002ec0:	e00e      	b.n	1a002ee0 <__swhatbuf_r+0x40>
1a002ec2:	466a      	mov	r2, sp
1a002ec4:	f7fd fb29 	bl	1a00051a <_fstat_r>
1a002ec8:	2800      	cmp	r0, #0
1a002eca:	dbf2      	blt.n	1a002eb2 <__swhatbuf_r+0x12>
1a002ecc:	9a01      	ldr	r2, [sp, #4]
1a002ece:	f402 4270 	and.w	r2, r2, #61440	; 0xf000
1a002ed2:	f5a2 5300 	sub.w	r3, r2, #8192	; 0x2000
1a002ed6:	425a      	negs	r2, r3
1a002ed8:	415a      	adcs	r2, r3
1a002eda:	602a      	str	r2, [r5, #0]
1a002edc:	e7ee      	b.n	1a002ebc <__swhatbuf_r+0x1c>
1a002ede:	2340      	movs	r3, #64	; 0x40
1a002ee0:	2000      	movs	r0, #0
1a002ee2:	6023      	str	r3, [r4, #0]
1a002ee4:	b016      	add	sp, #88	; 0x58
1a002ee6:	bd70      	pop	{r4, r5, r6, pc}

1a002ee8 <__smakebuf_r>:
1a002ee8:	898b      	ldrh	r3, [r1, #12]
1a002eea:	b573      	push	{r0, r1, r4, r5, r6, lr}
1a002eec:	079d      	lsls	r5, r3, #30
1a002eee:	4606      	mov	r6, r0
1a002ef0:	460c      	mov	r4, r1
1a002ef2:	d507      	bpl.n	1a002f04 <__smakebuf_r+0x1c>
1a002ef4:	f104 0347 	add.w	r3, r4, #71	; 0x47
1a002ef8:	6023      	str	r3, [r4, #0]
1a002efa:	6123      	str	r3, [r4, #16]
1a002efc:	2301      	movs	r3, #1
1a002efe:	6163      	str	r3, [r4, #20]
1a002f00:	b002      	add	sp, #8
1a002f02:	bd70      	pop	{r4, r5, r6, pc}
1a002f04:	ab01      	add	r3, sp, #4
1a002f06:	466a      	mov	r2, sp
1a002f08:	f7ff ffca 	bl	1a002ea0 <__swhatbuf_r>
1a002f0c:	9900      	ldr	r1, [sp, #0]
1a002f0e:	4605      	mov	r5, r0
1a002f10:	4630      	mov	r0, r6
1a002f12:	f7ff fadd 	bl	1a0024d0 <_malloc_r>
1a002f16:	b948      	cbnz	r0, 1a002f2c <__smakebuf_r+0x44>
1a002f18:	f9b4 300c 	ldrsh.w	r3, [r4, #12]
1a002f1c:	059a      	lsls	r2, r3, #22
1a002f1e:	d4ef      	bmi.n	1a002f00 <__smakebuf_r+0x18>
1a002f20:	f023 0303 	bic.w	r3, r3, #3
1a002f24:	f043 0302 	orr.w	r3, r3, #2
1a002f28:	81a3      	strh	r3, [r4, #12]
1a002f2a:	e7e3      	b.n	1a002ef4 <__smakebuf_r+0xc>
1a002f2c:	4b0d      	ldr	r3, [pc, #52]	; (1a002f64 <__smakebuf_r+0x7c>)
1a002f2e:	62b3      	str	r3, [r6, #40]	; 0x28
1a002f30:	89a3      	ldrh	r3, [r4, #12]
1a002f32:	6020      	str	r0, [r4, #0]
1a002f34:	f043 0380 	orr.w	r3, r3, #128	; 0x80
1a002f38:	81a3      	strh	r3, [r4, #12]
1a002f3a:	9b00      	ldr	r3, [sp, #0]
1a002f3c:	6163      	str	r3, [r4, #20]
1a002f3e:	9b01      	ldr	r3, [sp, #4]
1a002f40:	6120      	str	r0, [r4, #16]
1a002f42:	b15b      	cbz	r3, 1a002f5c <__smakebuf_r+0x74>
1a002f44:	f9b4 100e 	ldrsh.w	r1, [r4, #14]
1a002f48:	4630      	mov	r0, r6
1a002f4a:	f7fd faeb 	bl	1a000524 <_isatty_r>
1a002f4e:	b128      	cbz	r0, 1a002f5c <__smakebuf_r+0x74>
1a002f50:	89a3      	ldrh	r3, [r4, #12]
1a002f52:	f023 0303 	bic.w	r3, r3, #3
1a002f56:	f043 0301 	orr.w	r3, r3, #1
1a002f5a:	81a3      	strh	r3, [r4, #12]
1a002f5c:	89a3      	ldrh	r3, [r4, #12]
1a002f5e:	431d      	orrs	r5, r3
1a002f60:	81a5      	strh	r5, [r4, #12]
1a002f62:	e7cd      	b.n	1a002f00 <__smakebuf_r+0x18>
1a002f64:	1a002219 	.word	0x1a002219
1a002f68:	ffffffff 	.word	0xffffffff
1a002f6c:	ffffffff 	.word	0xffffffff

1a002f70 <memchr>:
1a002f70:	f001 01ff 	and.w	r1, r1, #255	; 0xff
1a002f74:	2a10      	cmp	r2, #16
1a002f76:	db2b      	blt.n	1a002fd0 <memchr+0x60>
1a002f78:	f010 0f07 	tst.w	r0, #7
1a002f7c:	d008      	beq.n	1a002f90 <memchr+0x20>
1a002f7e:	f810 3b01 	ldrb.w	r3, [r0], #1
1a002f82:	3a01      	subs	r2, #1
1a002f84:	428b      	cmp	r3, r1
1a002f86:	d02d      	beq.n	1a002fe4 <memchr+0x74>
1a002f88:	f010 0f07 	tst.w	r0, #7
1a002f8c:	b342      	cbz	r2, 1a002fe0 <memchr+0x70>
1a002f8e:	d1f6      	bne.n	1a002f7e <memchr+0xe>
1a002f90:	b4f0      	push	{r4, r5, r6, r7}
1a002f92:	ea41 2101 	orr.w	r1, r1, r1, lsl #8
1a002f96:	ea41 4101 	orr.w	r1, r1, r1, lsl #16
1a002f9a:	f022 0407 	bic.w	r4, r2, #7
1a002f9e:	f07f 0700 	mvns.w	r7, #0
1a002fa2:	2300      	movs	r3, #0
1a002fa4:	e8f0 5602 	ldrd	r5, r6, [r0], #8
1a002fa8:	3c08      	subs	r4, #8
1a002faa:	ea85 0501 	eor.w	r5, r5, r1
1a002fae:	ea86 0601 	eor.w	r6, r6, r1
1a002fb2:	fa85 f547 	uadd8	r5, r5, r7
1a002fb6:	faa3 f587 	sel	r5, r3, r7
1a002fba:	fa86 f647 	uadd8	r6, r6, r7
1a002fbe:	faa5 f687 	sel	r6, r5, r7
1a002fc2:	b98e      	cbnz	r6, 1a002fe8 <memchr+0x78>
1a002fc4:	d1ee      	bne.n	1a002fa4 <memchr+0x34>
1a002fc6:	bcf0      	pop	{r4, r5, r6, r7}
1a002fc8:	f001 01ff 	and.w	r1, r1, #255	; 0xff
1a002fcc:	f002 0207 	and.w	r2, r2, #7
1a002fd0:	b132      	cbz	r2, 1a002fe0 <memchr+0x70>
1a002fd2:	f810 3b01 	ldrb.w	r3, [r0], #1
1a002fd6:	3a01      	subs	r2, #1
1a002fd8:	ea83 0301 	eor.w	r3, r3, r1
1a002fdc:	b113      	cbz	r3, 1a002fe4 <memchr+0x74>
1a002fde:	d1f8      	bne.n	1a002fd2 <memchr+0x62>
1a002fe0:	2000      	movs	r0, #0
1a002fe2:	4770      	bx	lr
1a002fe4:	3801      	subs	r0, #1
1a002fe6:	4770      	bx	lr
1a002fe8:	2d00      	cmp	r5, #0
1a002fea:	bf06      	itte	eq
1a002fec:	4635      	moveq	r5, r6
1a002fee:	3803      	subeq	r0, #3
1a002ff0:	3807      	subne	r0, #7
1a002ff2:	f015 0f01 	tst.w	r5, #1
1a002ff6:	d107      	bne.n	1a003008 <memchr+0x98>
1a002ff8:	3001      	adds	r0, #1
1a002ffa:	f415 7f80 	tst.w	r5, #256	; 0x100
1a002ffe:	bf02      	ittt	eq
1a003000:	3001      	addeq	r0, #1
1a003002:	f415 3fc0 	tsteq.w	r5, #98304	; 0x18000
1a003006:	3001      	addeq	r0, #1
1a003008:	bcf0      	pop	{r4, r5, r6, r7}
1a00300a:	3801      	subs	r0, #1
1a00300c:	4770      	bx	lr
1a00300e:	bf00      	nop

1a003010 <memmove>:
1a003010:	4288      	cmp	r0, r1
1a003012:	b510      	push	{r4, lr}
1a003014:	eb01 0302 	add.w	r3, r1, r2
1a003018:	d902      	bls.n	1a003020 <memmove+0x10>
1a00301a:	4283      	cmp	r3, r0
1a00301c:	461c      	mov	r4, r3
1a00301e:	d807      	bhi.n	1a003030 <memmove+0x20>
1a003020:	1e42      	subs	r2, r0, #1
1a003022:	4299      	cmp	r1, r3
1a003024:	d008      	beq.n	1a003038 <memmove+0x28>
1a003026:	f811 4b01 	ldrb.w	r4, [r1], #1
1a00302a:	f802 4f01 	strb.w	r4, [r2, #1]!
1a00302e:	e7f8      	b.n	1a003022 <memmove+0x12>
1a003030:	1883      	adds	r3, r0, r2
1a003032:	1a9a      	subs	r2, r3, r2
1a003034:	429a      	cmp	r2, r3
1a003036:	d100      	bne.n	1a00303a <memmove+0x2a>
1a003038:	bd10      	pop	{r4, pc}
1a00303a:	f814 1d01 	ldrb.w	r1, [r4, #-1]!
1a00303e:	f803 1d01 	strb.w	r1, [r3, #-1]!
1a003042:	e7f7      	b.n	1a003034 <memmove+0x24>

1a003044 <__malloc_lock>:
1a003044:	4801      	ldr	r0, [pc, #4]	; (1a00304c <__malloc_lock+0x8>)
1a003046:	f7ff b9dc 	b.w	1a002402 <__retarget_lock_acquire_recursive>
1a00304a:	bf00      	nop
1a00304c:	10000240 	.word	0x10000240

1a003050 <__malloc_unlock>:
1a003050:	4801      	ldr	r0, [pc, #4]	; (1a003058 <__malloc_unlock+0x8>)
1a003052:	f7ff b9d7 	b.w	1a002404 <__retarget_lock_release_recursive>
1a003056:	bf00      	nop
1a003058:	10000240 	.word	0x10000240

1a00305c <_realloc_r>:
1a00305c:	b5f8      	push	{r3, r4, r5, r6, r7, lr}
1a00305e:	4607      	mov	r7, r0
1a003060:	4614      	mov	r4, r2
1a003062:	460e      	mov	r6, r1
1a003064:	b921      	cbnz	r1, 1a003070 <_realloc_r+0x14>
1a003066:	4611      	mov	r1, r2
1a003068:	e8bd 40f8 	ldmia.w	sp!, {r3, r4, r5, r6, r7, lr}
1a00306c:	f7ff ba30 	b.w	1a0024d0 <_malloc_r>
1a003070:	b922      	cbnz	r2, 1a00307c <_realloc_r+0x20>
1a003072:	f7ff f9df 	bl	1a002434 <_free_r>
1a003076:	4625      	mov	r5, r4
1a003078:	4628      	mov	r0, r5
1a00307a:	bdf8      	pop	{r3, r4, r5, r6, r7, pc}
1a00307c:	f000 f968 	bl	1a003350 <_malloc_usable_size_r>
1a003080:	42a0      	cmp	r0, r4
1a003082:	d20f      	bcs.n	1a0030a4 <_realloc_r+0x48>
1a003084:	4621      	mov	r1, r4
1a003086:	4638      	mov	r0, r7
1a003088:	f7ff fa22 	bl	1a0024d0 <_malloc_r>
1a00308c:	4605      	mov	r5, r0
1a00308e:	2800      	cmp	r0, #0
1a003090:	d0f2      	beq.n	1a003078 <_realloc_r+0x1c>
1a003092:	4631      	mov	r1, r6
1a003094:	4622      	mov	r2, r4
1a003096:	f7ff f9b6 	bl	1a002406 <memcpy>
1a00309a:	4631      	mov	r1, r6
1a00309c:	4638      	mov	r0, r7
1a00309e:	f7ff f9c9 	bl	1a002434 <_free_r>
1a0030a2:	e7e9      	b.n	1a003078 <_realloc_r+0x1c>
1a0030a4:	4635      	mov	r5, r6
1a0030a6:	e7e7      	b.n	1a003078 <_realloc_r+0x1c>

1a0030a8 <__ssputs_r>:
1a0030a8:	e92d 47f0 	stmdb	sp!, {r4, r5, r6, r7, r8, r9, sl, lr}
1a0030ac:	688e      	ldr	r6, [r1, #8]
1a0030ae:	429e      	cmp	r6, r3
1a0030b0:	4682      	mov	sl, r0
1a0030b2:	460c      	mov	r4, r1
1a0030b4:	4691      	mov	r9, r2
1a0030b6:	4698      	mov	r8, r3
1a0030b8:	d838      	bhi.n	1a00312c <__ssputs_r+0x84>
1a0030ba:	f8b1 c00c 	ldrh.w	ip, [r1, #12]
1a0030be:	f41c 6f90 	tst.w	ip, #1152	; 0x480
1a0030c2:	d031      	beq.n	1a003128 <__ssputs_r+0x80>
1a0030c4:	6962      	ldr	r2, [r4, #20]
1a0030c6:	6825      	ldr	r5, [r4, #0]
1a0030c8:	6909      	ldr	r1, [r1, #16]
1a0030ca:	eb02 0242 	add.w	r2, r2, r2, lsl #1
1a0030ce:	1a6f      	subs	r7, r5, r1
1a0030d0:	eb02 72d2 	add.w	r2, r2, r2, lsr #31
1a0030d4:	3301      	adds	r3, #1
1a0030d6:	1055      	asrs	r5, r2, #1
1a0030d8:	443b      	add	r3, r7
1a0030da:	429d      	cmp	r5, r3
1a0030dc:	bf38      	it	cc
1a0030de:	461d      	movcc	r5, r3
1a0030e0:	f41c 6f80 	tst.w	ip, #1024	; 0x400
1a0030e4:	d030      	beq.n	1a003148 <__ssputs_r+0xa0>
1a0030e6:	4629      	mov	r1, r5
1a0030e8:	f7ff f9f2 	bl	1a0024d0 <_malloc_r>
1a0030ec:	4606      	mov	r6, r0
1a0030ee:	b950      	cbnz	r0, 1a003106 <__ssputs_r+0x5e>
1a0030f0:	230c      	movs	r3, #12
1a0030f2:	f8ca 3000 	str.w	r3, [sl]
1a0030f6:	89a3      	ldrh	r3, [r4, #12]
1a0030f8:	f043 0340 	orr.w	r3, r3, #64	; 0x40
1a0030fc:	81a3      	strh	r3, [r4, #12]
1a0030fe:	f04f 30ff 	mov.w	r0, #4294967295
1a003102:	e8bd 87f0 	ldmia.w	sp!, {r4, r5, r6, r7, r8, r9, sl, pc}
1a003106:	463a      	mov	r2, r7
1a003108:	6921      	ldr	r1, [r4, #16]
1a00310a:	f7ff f97c 	bl	1a002406 <memcpy>
1a00310e:	89a3      	ldrh	r3, [r4, #12]
1a003110:	f423 6390 	bic.w	r3, r3, #1152	; 0x480
1a003114:	f043 0380 	orr.w	r3, r3, #128	; 0x80
1a003118:	81a3      	strh	r3, [r4, #12]
1a00311a:	6126      	str	r6, [r4, #16]
1a00311c:	6165      	str	r5, [r4, #20]
1a00311e:	443e      	add	r6, r7
1a003120:	1bed      	subs	r5, r5, r7
1a003122:	6026      	str	r6, [r4, #0]
1a003124:	60a5      	str	r5, [r4, #8]
1a003126:	4646      	mov	r6, r8
1a003128:	4546      	cmp	r6, r8
1a00312a:	d900      	bls.n	1a00312e <__ssputs_r+0x86>
1a00312c:	4646      	mov	r6, r8
1a00312e:	4632      	mov	r2, r6
1a003130:	4649      	mov	r1, r9
1a003132:	6820      	ldr	r0, [r4, #0]
1a003134:	f7ff ff6c 	bl	1a003010 <memmove>
1a003138:	68a3      	ldr	r3, [r4, #8]
1a00313a:	1b9b      	subs	r3, r3, r6
1a00313c:	60a3      	str	r3, [r4, #8]
1a00313e:	6823      	ldr	r3, [r4, #0]
1a003140:	441e      	add	r6, r3
1a003142:	6026      	str	r6, [r4, #0]
1a003144:	2000      	movs	r0, #0
1a003146:	e7dc      	b.n	1a003102 <__ssputs_r+0x5a>
1a003148:	462a      	mov	r2, r5
1a00314a:	f7ff ff87 	bl	1a00305c <_realloc_r>
1a00314e:	4606      	mov	r6, r0
1a003150:	2800      	cmp	r0, #0
1a003152:	d1e2      	bne.n	1a00311a <__ssputs_r+0x72>
1a003154:	6921      	ldr	r1, [r4, #16]
1a003156:	4650      	mov	r0, sl
1a003158:	f7ff f96c 	bl	1a002434 <_free_r>
1a00315c:	e7c8      	b.n	1a0030f0 <__ssputs_r+0x48>
1a00315e:	Address 0x1a00315e is out of bounds.


1a003160 <_svfiprintf_r>:
1a003160:	e92d 4ff0 	stmdb	sp!, {r4, r5, r6, r7, r8, r9, sl, fp, lr}
1a003164:	461e      	mov	r6, r3
1a003166:	898b      	ldrh	r3, [r1, #12]
1a003168:	061b      	lsls	r3, r3, #24
1a00316a:	b09d      	sub	sp, #116	; 0x74
1a00316c:	4607      	mov	r7, r0
1a00316e:	460d      	mov	r5, r1
1a003170:	4614      	mov	r4, r2
1a003172:	d50e      	bpl.n	1a003192 <_svfiprintf_r+0x32>
1a003174:	690b      	ldr	r3, [r1, #16]
1a003176:	b963      	cbnz	r3, 1a003192 <_svfiprintf_r+0x32>
1a003178:	2140      	movs	r1, #64	; 0x40
1a00317a:	f7ff f9a9 	bl	1a0024d0 <_malloc_r>
1a00317e:	6028      	str	r0, [r5, #0]
1a003180:	6128      	str	r0, [r5, #16]
1a003182:	b920      	cbnz	r0, 1a00318e <_svfiprintf_r+0x2e>
1a003184:	230c      	movs	r3, #12
1a003186:	603b      	str	r3, [r7, #0]
1a003188:	f04f 30ff 	mov.w	r0, #4294967295
1a00318c:	e0c9      	b.n	1a003322 <_svfiprintf_r+0x1c2>
1a00318e:	2340      	movs	r3, #64	; 0x40
1a003190:	616b      	str	r3, [r5, #20]
1a003192:	2300      	movs	r3, #0
1a003194:	9309      	str	r3, [sp, #36]	; 0x24
1a003196:	2320      	movs	r3, #32
1a003198:	f88d 3029 	strb.w	r3, [sp, #41]	; 0x29
1a00319c:	f8df 919c 	ldr.w	r9, [pc, #412]	; 1a00333c <_svfiprintf_r+0x1dc>
1a0031a0:	9603      	str	r6, [sp, #12]
1a0031a2:	2330      	movs	r3, #48	; 0x30
1a0031a4:	f88d 302a 	strb.w	r3, [sp, #42]	; 0x2a
1a0031a8:	f04f 0a01 	mov.w	sl, #1
1a0031ac:	4623      	mov	r3, r4
1a0031ae:	461e      	mov	r6, r3
1a0031b0:	f813 2b01 	ldrb.w	r2, [r3], #1
1a0031b4:	b10a      	cbz	r2, 1a0031ba <_svfiprintf_r+0x5a>
1a0031b6:	2a25      	cmp	r2, #37	; 0x25
1a0031b8:	d1f9      	bne.n	1a0031ae <_svfiprintf_r+0x4e>
1a0031ba:	ebb6 0b04 	subs.w	fp, r6, r4
1a0031be:	d00b      	beq.n	1a0031d8 <_svfiprintf_r+0x78>
1a0031c0:	465b      	mov	r3, fp
1a0031c2:	4622      	mov	r2, r4
1a0031c4:	4629      	mov	r1, r5
1a0031c6:	4638      	mov	r0, r7
1a0031c8:	f7ff ff6e 	bl	1a0030a8 <__ssputs_r>
1a0031cc:	3001      	adds	r0, #1
1a0031ce:	f000 80a3 	beq.w	1a003318 <_svfiprintf_r+0x1b8>
1a0031d2:	9b09      	ldr	r3, [sp, #36]	; 0x24
1a0031d4:	445b      	add	r3, fp
1a0031d6:	9309      	str	r3, [sp, #36]	; 0x24
1a0031d8:	7833      	ldrb	r3, [r6, #0]
1a0031da:	2b00      	cmp	r3, #0
1a0031dc:	f000 809c 	beq.w	1a003318 <_svfiprintf_r+0x1b8>
1a0031e0:	2300      	movs	r3, #0
1a0031e2:	f04f 32ff 	mov.w	r2, #4294967295
1a0031e6:	e9cd 2305 	strd	r2, r3, [sp, #20]
1a0031ea:	3601      	adds	r6, #1
1a0031ec:	9304      	str	r3, [sp, #16]
1a0031ee:	9307      	str	r3, [sp, #28]
1a0031f0:	f88d 3053 	strb.w	r3, [sp, #83]	; 0x53
1a0031f4:	931a      	str	r3, [sp, #104]	; 0x68
1a0031f6:	4634      	mov	r4, r6
1a0031f8:	2205      	movs	r2, #5
1a0031fa:	f814 1b01 	ldrb.w	r1, [r4], #1
1a0031fe:	484f      	ldr	r0, [pc, #316]	; (1a00333c <_svfiprintf_r+0x1dc>)
1a003200:	f7ff feb6 	bl	1a002f70 <memchr>
1a003204:	9b04      	ldr	r3, [sp, #16]
1a003206:	b9c0      	cbnz	r0, 1a00323a <_svfiprintf_r+0xda>
1a003208:	06d9      	lsls	r1, r3, #27
1a00320a:	bf44      	itt	mi
1a00320c:	2220      	movmi	r2, #32
1a00320e:	f88d 2053 	strbmi.w	r2, [sp, #83]	; 0x53
1a003212:	071a      	lsls	r2, r3, #28
1a003214:	bf44      	itt	mi
1a003216:	222b      	movmi	r2, #43	; 0x2b
1a003218:	f88d 2053 	strbmi.w	r2, [sp, #83]	; 0x53
1a00321c:	7832      	ldrb	r2, [r6, #0]
1a00321e:	2a2a      	cmp	r2, #42	; 0x2a
1a003220:	d013      	beq.n	1a00324a <_svfiprintf_r+0xea>
1a003222:	9a07      	ldr	r2, [sp, #28]
1a003224:	4634      	mov	r4, r6
1a003226:	2000      	movs	r0, #0
1a003228:	260a      	movs	r6, #10
1a00322a:	4621      	mov	r1, r4
1a00322c:	f811 3b01 	ldrb.w	r3, [r1], #1
1a003230:	3b30      	subs	r3, #48	; 0x30
1a003232:	2b09      	cmp	r3, #9
1a003234:	d94b      	bls.n	1a0032ce <_svfiprintf_r+0x16e>
1a003236:	b970      	cbnz	r0, 1a003256 <_svfiprintf_r+0xf6>
1a003238:	e014      	b.n	1a003264 <_svfiprintf_r+0x104>
1a00323a:	eba0 0009 	sub.w	r0, r0, r9
1a00323e:	fa0a f000 	lsl.w	r0, sl, r0
1a003242:	4318      	orrs	r0, r3
1a003244:	9004      	str	r0, [sp, #16]
1a003246:	4626      	mov	r6, r4
1a003248:	e7d5      	b.n	1a0031f6 <_svfiprintf_r+0x96>
1a00324a:	9a03      	ldr	r2, [sp, #12]
1a00324c:	1d11      	adds	r1, r2, #4
1a00324e:	6812      	ldr	r2, [r2, #0]
1a003250:	9103      	str	r1, [sp, #12]
1a003252:	2a00      	cmp	r2, #0
1a003254:	db01      	blt.n	1a00325a <_svfiprintf_r+0xfa>
1a003256:	9207      	str	r2, [sp, #28]
1a003258:	e004      	b.n	1a003264 <_svfiprintf_r+0x104>
1a00325a:	4252      	negs	r2, r2
1a00325c:	f043 0302 	orr.w	r3, r3, #2
1a003260:	9207      	str	r2, [sp, #28]
1a003262:	9304      	str	r3, [sp, #16]
1a003264:	7823      	ldrb	r3, [r4, #0]
1a003266:	2b2e      	cmp	r3, #46	; 0x2e
1a003268:	d10c      	bne.n	1a003284 <_svfiprintf_r+0x124>
1a00326a:	7863      	ldrb	r3, [r4, #1]
1a00326c:	2b2a      	cmp	r3, #42	; 0x2a
1a00326e:	d133      	bne.n	1a0032d8 <_svfiprintf_r+0x178>
1a003270:	9b03      	ldr	r3, [sp, #12]
1a003272:	1d1a      	adds	r2, r3, #4
1a003274:	681b      	ldr	r3, [r3, #0]
1a003276:	9203      	str	r2, [sp, #12]
1a003278:	2b00      	cmp	r3, #0
1a00327a:	bfb8      	it	lt
1a00327c:	f04f 33ff 	movlt.w	r3, #4294967295
1a003280:	3402      	adds	r4, #2
1a003282:	9305      	str	r3, [sp, #20]
1a003284:	4e2e      	ldr	r6, [pc, #184]	; (1a003340 <_svfiprintf_r+0x1e0>)
1a003286:	7821      	ldrb	r1, [r4, #0]
1a003288:	2203      	movs	r2, #3
1a00328a:	4630      	mov	r0, r6
1a00328c:	f7ff fe70 	bl	1a002f70 <memchr>
1a003290:	b138      	cbz	r0, 1a0032a2 <_svfiprintf_r+0x142>
1a003292:	2340      	movs	r3, #64	; 0x40
1a003294:	1b80      	subs	r0, r0, r6
1a003296:	fa03 f000 	lsl.w	r0, r3, r0
1a00329a:	9b04      	ldr	r3, [sp, #16]
1a00329c:	4303      	orrs	r3, r0
1a00329e:	3401      	adds	r4, #1
1a0032a0:	9304      	str	r3, [sp, #16]
1a0032a2:	f814 1b01 	ldrb.w	r1, [r4], #1
1a0032a6:	4827      	ldr	r0, [pc, #156]	; (1a003344 <_svfiprintf_r+0x1e4>)
1a0032a8:	f88d 1028 	strb.w	r1, [sp, #40]	; 0x28
1a0032ac:	2206      	movs	r2, #6
1a0032ae:	f7ff fe5f 	bl	1a002f70 <memchr>
1a0032b2:	2800      	cmp	r0, #0
1a0032b4:	d038      	beq.n	1a003328 <_svfiprintf_r+0x1c8>
1a0032b6:	4b24      	ldr	r3, [pc, #144]	; (1a003348 <_svfiprintf_r+0x1e8>)
1a0032b8:	bb13      	cbnz	r3, 1a003300 <_svfiprintf_r+0x1a0>
1a0032ba:	9b03      	ldr	r3, [sp, #12]
1a0032bc:	3307      	adds	r3, #7
1a0032be:	f023 0307 	bic.w	r3, r3, #7
1a0032c2:	3308      	adds	r3, #8
1a0032c4:	9303      	str	r3, [sp, #12]
1a0032c6:	9b09      	ldr	r3, [sp, #36]	; 0x24
1a0032c8:	4443      	add	r3, r8
1a0032ca:	9309      	str	r3, [sp, #36]	; 0x24
1a0032cc:	e76e      	b.n	1a0031ac <_svfiprintf_r+0x4c>
1a0032ce:	fb06 3202 	mla	r2, r6, r2, r3
1a0032d2:	2001      	movs	r0, #1
1a0032d4:	460c      	mov	r4, r1
1a0032d6:	e7a8      	b.n	1a00322a <_svfiprintf_r+0xca>
1a0032d8:	2300      	movs	r3, #0
1a0032da:	3401      	adds	r4, #1
1a0032dc:	9305      	str	r3, [sp, #20]
1a0032de:	4619      	mov	r1, r3
1a0032e0:	260a      	movs	r6, #10
1a0032e2:	4620      	mov	r0, r4
1a0032e4:	f810 2b01 	ldrb.w	r2, [r0], #1
1a0032e8:	3a30      	subs	r2, #48	; 0x30
1a0032ea:	2a09      	cmp	r2, #9
1a0032ec:	d903      	bls.n	1a0032f6 <_svfiprintf_r+0x196>
1a0032ee:	2b00      	cmp	r3, #0
1a0032f0:	d0c8      	beq.n	1a003284 <_svfiprintf_r+0x124>
1a0032f2:	9105      	str	r1, [sp, #20]
1a0032f4:	e7c6      	b.n	1a003284 <_svfiprintf_r+0x124>
1a0032f6:	fb06 2101 	mla	r1, r6, r1, r2
1a0032fa:	2301      	movs	r3, #1
1a0032fc:	4604      	mov	r4, r0
1a0032fe:	e7f0      	b.n	1a0032e2 <_svfiprintf_r+0x182>
1a003300:	ab03      	add	r3, sp, #12
1a003302:	9300      	str	r3, [sp, #0]
1a003304:	462a      	mov	r2, r5
1a003306:	4b11      	ldr	r3, [pc, #68]	; (1a00334c <_svfiprintf_r+0x1ec>)
1a003308:	a904      	add	r1, sp, #16
1a00330a:	4638      	mov	r0, r7
1a00330c:	f3af 8000 	nop.w
1a003310:	f1b0 3fff 	cmp.w	r0, #4294967295
1a003314:	4680      	mov	r8, r0
1a003316:	d1d6      	bne.n	1a0032c6 <_svfiprintf_r+0x166>
1a003318:	89ab      	ldrh	r3, [r5, #12]
1a00331a:	065b      	lsls	r3, r3, #25
1a00331c:	f53f af34 	bmi.w	1a003188 <_svfiprintf_r+0x28>
1a003320:	9809      	ldr	r0, [sp, #36]	; 0x24
1a003322:	b01d      	add	sp, #116	; 0x74
1a003324:	e8bd 8ff0 	ldmia.w	sp!, {r4, r5, r6, r7, r8, r9, sl, fp, pc}
1a003328:	ab03      	add	r3, sp, #12
1a00332a:	9300      	str	r3, [sp, #0]
1a00332c:	462a      	mov	r2, r5
1a00332e:	4b07      	ldr	r3, [pc, #28]	; (1a00334c <_svfiprintf_r+0x1ec>)
1a003330:	a904      	add	r1, sp, #16
1a003332:	4638      	mov	r0, r7
1a003334:	f7ff faee 	bl	1a002914 <_printf_i>
1a003338:	e7ea      	b.n	1a003310 <_svfiprintf_r+0x1b0>
1a00333a:	bf00      	nop
1a00333c:	1a003760 	.word	0x1a003760
1a003340:	1a003766 	.word	0x1a003766
1a003344:	1a00376a 	.word	0x1a00376a
1a003348:	00000000 	.word	0x00000000
1a00334c:	1a0030a9 	.word	0x1a0030a9

1a003350 <_malloc_usable_size_r>:
1a003350:	f851 3c04 	ldr.w	r3, [r1, #-4]
1a003354:	1f18      	subs	r0, r3, #4
1a003356:	2b00      	cmp	r3, #0
1a003358:	bfbc      	itt	lt
1a00335a:	580b      	ldrlt	r3, [r1, r0]
1a00335c:	18c0      	addlt	r0, r0, r3
1a00335e:	4770      	bx	lr
1a003360:	3d3d3d0a 	.word	0x3d3d3d0a
1a003364:	55444520 	.word	0x55444520
1a003368:	4149432d 	.word	0x4149432d
1a00336c:	3e2d2041 	.word	0x3e2d2041
1a003370:	4c454820 	.word	0x4c454820
1a003374:	20434554 	.word	0x20434554
1a003378:	49504728 	.word	0x49504728
1a00337c:	7320314f 	.word	0x7320314f
1a003380:	7774666f 	.word	0x7774666f
1a003384:	20657261 	.word	0x20657261
1a003388:	54524155 	.word	0x54524155
1a00338c:	3d3d2029 	.word	0x3d3d2029
1a003390:	00000d3d 	.word	0x00000d3d
1a003394:	736e6553 	.word	0x736e6553
1a003398:	7365726f 	.word	0x7365726f
1a00339c:	754c203a 	.word	0x754c203a
1a0033a0:	4843287a 	.word	0x4843287a
1a0033a4:	202c2933 	.word	0x202c2933
1a0033a8:	536d7548 	.word	0x536d7548
1a0033ac:	6f6c6575 	.word	0x6f6c6575
1a0033b0:	32484328 	.word	0x32484328
1a0033b4:	44202c29 	.word	0x44202c29
1a0033b8:	31315448 	.word	0x31315448
1a0033bc:	49504728 	.word	0x49504728
1a0033c0:	0d29304f 	.word	0x0d29304f
1a0033c4:	00000000 	.word	0x00000000
1a0033c8:	69766e45 	.word	0x69766e45
1a0033cc:	6f646e61 	.word	0x6f646e61
1a0033d0:	74616420 	.word	0x74616420
1a0033d4:	6320736f 	.word	0x6320736f
1a0033d8:	20616461 	.word	0x20616461
1a0033dc:	73203033 	.word	0x73203033
1a0033e0:	6e756765 	.word	0x6e756765
1a0033e4:	2e736f64 	.word	0x2e736f64
1a0033e8:	0a0d2e2e 	.word	0x0a0d2e2e
1a0033ec:	00000000 	.word	0x00000000
1a0033f0:	6f727245 	.word	0x6f727245
1a0033f4:	656c2072 	.word	0x656c2072
1a0033f8:	646e6579 	.word	0x646e6579
1a0033fc:	4844206f 	.word	0x4844206f
1a003400:	20313154 	.word	0x20313154
1a003404:	47206e65 	.word	0x47206e65
1a003408:	374f4950 	.word	0x374f4950
1a00340c:	0000000d 	.word	0x0000000d
1a003410:	706d6574 	.word	0x706d6574
1a003414:	2c64253a 	.word	0x2c64253a
1a003418:	5f6d7568 	.word	0x5f6d7568
1a00341c:	3a726961 	.word	0x3a726961
1a003420:	6c2c6425 	.word	0x6c2c6425
1a003424:	253a7a75 	.word	0x253a7a75
1a003428:	75682c64 	.word	0x75682c64
1a00342c:	6f735f6d 	.word	0x6f735f6d
1a003430:	253a6c69 	.word	0x253a6c69
1a003434:	6f632c64 	.word	0x6f632c64
1a003438:	3a746e75 	.word	0x3a746e75
1a00343c:	000a6425 	.word	0x000a6425
1a003440:	2058545b 	.word	0x2058545b
1a003444:	205d6425 	.word	0x205d6425
1a003448:	ff007325 	.word	0xff007325

1a00344c <InitClkStates>:
1a00344c:	01010f01                                ....

1a003450 <pinmuxing>:
1a003450:	00440002 00440102 00440202 00400a02     ..D...D...D...@.
1a003460:	00400b02 00400c02 00500001 00500101     ..@...@...P...P.
1a003470:	00500201 00500601 00500106 00500406     ..P...P...P...P.
1a003480:	00500506 00540706 00540806 00500906     ..P...T...T...P.
1a003490:	00500a06 00500b06 00500c06 00f0040f     ..P...P...P.....
1a0034a0:	00d50301 00d50401 00160107 00560207     ..............V.
1a0034b0:	00520302 00520402 00520509 00570609     ..R...R...R...W.
1a0034c0:	00570206                                ..W.

1a0034c4 <ExtRateIn>:
1a0034c4:	00000000                                ....

1a0034c8 <GpioButtons>:
1a0034c8:	08000400 09010900                       ........

1a0034d0 <GpioLeds>:
1a0034d0:	01050005 0e000205 0c010b01              ............

1a0034dc <GpioPorts>:
1a0034dc:	03030003 0f050403 05031005 07030603     ................
1a0034ec:	ffff0802                                ....

1a0034f0 <OscRateIn>:
1a0034f0:	00b71b00                                ....

1a0034f4 <InitClkStates>:
1a0034f4:	00010100 00010909 0001090a 01010701     ................
1a003504:	00010902 00010906 0101090c 0001090d     ................
1a003514:	0001090e 0001090f 00010910 00010911     ................
1a003524:	00010912 00010913 00011114 00011119     ................
1a003534:	0001111a 0001111b 08040201 0f0f0f03     ................
1a003544:	000000ff                                ....

1a003548 <periph_to_base>:
1a003548:	00050000 0020000a 00090024 00400040     ...... .$...@.@.
1a003558:	00600005 000400a6 00c300c0 00e00002     ..`.............
1a003568:	000100e0 01000100 01200003 00060120     .......... . ...
1a003578:	01400140 0142000c 00190142 01620162     @.@...B.B...b.b.
1a003588:	01820013 00120182 01a201a2 01c20011     ................
1a003598:	001001c2 01e201e2 0202000f 000e0202     ................
1a0035a8:	02220222 0223000d 001c0223              "."...#.#...

1a0035b4 <UART_BClock>:
1a0035b4:	01a201c2 01620182                       ......b.

1a0035bc <UART_PClock>:
1a0035bc:	00820081 00a200a1                       ........

1a0035c4 <gpioPinsInit>:
1a0035c4:	02000104 00050701 05010d03 04080100     ................
1a0035d4:	02020002 02000304 00000403 04070002     ................
1a0035e4:	030c0300 09050402 05040103 04030208     ................
1a0035f4:	04020305 06040504 0802000c 03000b06     ................
1a003604:	00090607 07060503 060f0504 03030004     ................
1a003614:	02000404 00050404 06040502 04060200     ................
1a003624:	0c050408 05040a04 0003010e 14010a00     ................
1a003634:	010f0000 0d000012 00001101 0010010c     ................
1a003644:	07070300 000f0300 01000001 00000000     ................
1a003654:	000a0600 08060603 06100504 04030005     ................
1a003664:	03000106 04090400 04010d05 010b0000     ................
1a003674:	0200000f 00000001 00010104 02010800     ................
1a003684:	01090000 09010006 05040002 04010200     ................
1a003694:	02020105 02020504 0e00000a 01000b02     ................
1a0036a4:	000c020b ffff0c01 00061a80 0000000a     ................

1a0036b4 <lpcUarts>:
1a0036b4:	40081000 06020406 00180205 40081000     ...@...........@
1a0036c4:	09070509 00180706 40082000 00000000     ......... .@....
1a0036d4:	00190000 400c1000 07060107 001a0602     .......@........
1a0036e4:	400c1000 01010f01 001a0110 400c2000     ...@......... .@
1a0036f4:	02020302 001b0204                       ........

1a0036fc <__sf_fake_stderr>:
	...

1a00371c <__sf_fake_stdin>:
	...

1a00373c <__sf_fake_stdout>:
	...

1a00375c <_global_impure_ptr>:
1a00375c:	1000004c 2b302d23 6c680020 6665004c     L...#-0+ .hlL.ef
1a00376c:	47464567 32313000 36353433 41393837     gEFG.0123456789A
1a00377c:	45444342 31300046 35343332 39383736     BCDEF.0123456789
1a00378c:	64636261 ff006665                       abcdef..
